RuleID,RuleTitle,RuleCategory,RuleText,Country,Priority,Version
AML_00001,EDD Rule 1,EDD,Beneficial ownership verification is required for business accounts.,UK,Critical,v1.0
AML_00002,ONBOARDING Rule 2,ONBOARDING,Customers with incomplete documentation must be placed under manual review.,USA,Medium,v5.0
AML_00003,COUNTRY_RISK Rule 3,COUNTRY_RISK,Customers from Iran must undergo enhanced verification.,UK,Medium,v5.0
AML_00004,ONBOARDING Rule 4,ONBOARDING,Suspicious activity reports must be filed for unusual behavior.,Global,Low,v1.0
AML_00005,SANCTION Rule 5,SANCTION,Beneficial ownership verification is required for business accounts.,Global,Medium,v3.0
AML_00006,EDD Rule 6,EDD,Address proof must be verified during onboarding.,UK,Low,v4.0
AML_00007,COUNTRY_RISK Rule 7,COUNTRY_RISK,Customers from Myanmar must undergo enhanced verification.,USA,Critical,v2.0
AML_00008,ONBOARDING Rule 8,ONBOARDING,Beneficial ownership verification is required for business accounts.,UK,Critical,v1.0
AML_00009,COUNTRY_RISK Rule 9,COUNTRY_RISK,Customers from Myanmar must undergo enhanced verification.,India,Low,v5.0
AML_00010,SANCTION Rule 10,SANCTION,Customers appearing on sanctions lists must be rejected immediately.,India,High,v5.0
AML_00011,CDD Rule 11,CDD,Identity verification must be completed before account activation.,Global,Critical,v1.0
AML_00012,CDD Rule 12,CDD,Politically Exposed Persons (PEPs) must undergo Enhanced Due Diligence (EDD).,UK,Low,v1.0
AML_00013,ONBOARDING Rule 13,ONBOARDING,Customers from high-risk countries require additional verification.,UK,High,v3.0
AML_00014,COUNTRY_RISK Rule 14,COUNTRY_RISK,Customers from Afghanistan must undergo enhanced verification.,India,High,v1.0
AML_00015,ONBOARDING Rule 15,ONBOARDING,Transactions inconsistent with customer profile should trigger AML review.,India,Medium,v3.0
AML_00016,COUNTRY_RISK Rule 16,COUNTRY_RISK,Customers from Afghanistan must undergo enhanced verification.,India,Critical,v4.0
AML_00017,COUNTRY_RISK Rule 17,COUNTRY_RISK,Customers from Myanmar must undergo enhanced verification.,Global,Critical,v5.0
AML_00018,ONBOARDING Rule 18,ONBOARDING,Identity verification must be completed before account activation.,Global,Critical,v4.0
AML_00019,EDD Rule 19,EDD,Customers with incomplete documentation must be placed under manual review.,Global,Critical,v2.0
AML_00020,EDD Rule 20,EDD,Identity verification must be completed before account activation.,India,Critical,v1.0
AML_00021,AML Rule 21,AML,Beneficial ownership verification is required for business accounts.,UK,Low,v4.0
AML_00022,EDD Rule 22,EDD,Customers appearing on sanctions lists must be rejected immediately.,Global,Critical,v1.0
AML_00023,CDD Rule 23,CDD,Customers appearing on sanctions lists must be rejected immediately.,USA,High,v1.0
AML_00024,AML Rule 24,AML,Customers from high-risk countries require additional verification.,Global,Medium,v5.0
AML_00025,CDD Rule 25,CDD,Identity verification must be completed before account activation.,India,High,v2.0
AML_00026,AML Rule 26,AML,Source of funds verification is mandatory for high-value customers.,India,Low,v3.0
AML_00027,SANCTION Rule 27,SANCTION,Customers with incomplete documentation must be placed under manual review.,India,Medium,v5.0
AML_00028,EDD Rule 28,EDD,Suspicious activity reports must be filed for unusual behavior.,USA,High,v4.0
AML_00029,EDD Rule 29,EDD,Customers with incomplete documentation must be placed under manual review.,India,High,v3.0
AML_00030,AML Rule 30,AML,Address proof must be verified during onboarding.,USA,Medium,v1.0
AML_00031,PEP Rule 31,PEP,Politically Exposed Persons (PEPs) must undergo Enhanced Due Diligence (EDD).,India,Low,v5.0
AML_00032,PEP Rule 32,PEP,Identity verification must be completed before account activation.,USA,Low,v5.0
AML_00033,AML Rule 33,AML,Politically Exposed Persons (PEPs) must undergo Enhanced Due Diligence (EDD).,USA,High,v1.0
AML_00034,AML Rule 34,AML,Beneficial ownership verification is required for business accounts.,UK,Critical,v3.0
AML_00035,AML Rule 35,AML,Suspicious activity reports must be filed for unusual behavior.,India,Low,v3.0
AML_00036,ONBOARDING Rule 36,ONBOARDING,Customers with incomplete documentation must be placed under manual review.,UK,Low,v2.0
AML_00037,PEP Rule 37,PEP,Customers from high-risk countries require additional verification.,UK,Medium,v4.0
AML_00038,EDD Rule 38,EDD,Customers from high-risk countries require additional verification.,India,Low,v3.0
AML_00039,COUNTRY_RISK Rule 39,COUNTRY_RISK,Customers from Syria must undergo enhanced verification.,UK,Medium,v2.0
AML_00040,COUNTRY_RISK Rule 40,COUNTRY_RISK,Customers from Iran must undergo enhanced verification.,UK,Medium,v2.0
AML_00041,PEP Rule 41,PEP,Beneficial ownership verification is required for business accounts.,India,Low,v3.0
AML_00042,SANCTION Rule 42,SANCTION,Beneficial ownership verification is required for business accounts.,USA,Critical,v1.0
AML_00043,COUNTRY_RISK Rule 43,COUNTRY_RISK,Customers from Syria must undergo enhanced verification.,Global,Low,v1.0
AML_00044,PEP Rule 44,PEP,Politically Exposed Persons (PEPs) must undergo Enhanced Due Diligence (EDD).,India,Critical,v5.0
AML_00045,CDD Rule 45,CDD,Suspicious activity reports must be filed for unusual behavior.,India,Critical,v5.0
AML_00046,PEP Rule 46,PEP,Beneficial ownership verification is required for business accounts.,Global,Low,v5.0
AML_00047,PEP Rule 47,PEP,Suspicious activity reports must be filed for unusual behavior.,UK,Critical,v2.0
AML_00048,EDD Rule 48,EDD,Suspicious activity reports must be filed for unusual behavior.,Global,Critical,v2.0
AML_00049,SANCTION Rule 49,SANCTION,Customers with incomplete documentation must be placed under manual review.,UK,High,v1.0
AML_00050,PEP Rule 50,PEP,Source of funds verification is mandatory for high-value customers.,Global,Medium,v4.0
AML_00051,CDD Rule 51,CDD,Identity verification must be completed before account activation.,Global,High,v4.0
AML_00052,AML Rule 52,AML,Source of funds verification is mandatory for high-value customers.,UK,Low,v1.0
AML_00053,AML Rule 53,AML,Customers from high-risk countries require additional verification.,UK,Low,v5.0
AML_00054,ONBOARDING Rule 54,ONBOARDING,Customers with incomplete documentation must be placed under manual review.,USA,Critical,v1.0
AML_00055,AML Rule 55,AML,Beneficial ownership verification is required for business accounts.,India,High,v1.0
AML_00056,PEP Rule 56,PEP,Beneficial ownership verification is required for business accounts.,Global,Critical,v5.0
AML_00057,COUNTRY_RISK Rule 57,COUNTRY_RISK,Customers from North Korea must undergo enhanced verification.,UK,Critical,v2.0
AML_00058,SANCTION Rule 58,SANCTION,Customers from high-risk countries require additional verification.,UK,Low,v2.0
AML_00059,PEP Rule 59,PEP,Identity verification must be completed before account activation.,USA,Low,v2.0
AML_00060,SANCTION Rule 60,SANCTION,Suspicious activity reports must be filed for unusual behavior.,India,Low,v1.0
AML_00061,PEP Rule 61,PEP,Suspicious activity reports must be filed for unusual behavior.,USA,High,v4.0
AML_00062,PEP Rule 62,PEP,Beneficial ownership verification is required for business accounts.,Global,Critical,v5.0
AML_00063,ONBOARDING Rule 63,ONBOARDING,Suspicious activity reports must be filed for unusual behavior.,UK,Medium,v3.0
AML_00064,PEP Rule 64,PEP,Transactions inconsistent with customer profile should trigger AML review.,UK,Critical,v4.0
AML_00065,ONBOARDING Rule 65,ONBOARDING,Beneficial ownership verification is required for business accounts.,India,Medium,v3.0
AML_00066,ONBOARDING Rule 66,ONBOARDING,Politically Exposed Persons (PEPs) must undergo Enhanced Due Diligence (EDD).,India,High,v4.0
AML_00067,EDD Rule 67,EDD,Customers with incomplete documentation must be placed under manual review.,USA,High,v1.0
AML_00068,COUNTRY_RISK Rule 68,COUNTRY_RISK,Customers from Afghanistan must undergo enhanced verification.,India,Low,v1.0
AML_00069,CDD Rule 69,CDD,Customers appearing on sanctions lists must be rejected immediately.,Global,Critical,v5.0
AML_00070,EDD Rule 70,EDD,Customers appearing on sanctions lists must be rejected immediately.,Global,Medium,v5.0
AML_00071,ONBOARDING Rule 71,ONBOARDING,Source of funds verification is mandatory for high-value customers.,UK,Medium,v3.0
AML_00072,CDD Rule 72,CDD,Politically Exposed Persons (PEPs) must undergo Enhanced Due Diligence (EDD).,Global,Critical,v4.0
AML_00073,SANCTION Rule 73,SANCTION,Customers with incomplete documentation must be placed under manual review.,USA,High,v2.0
AML_00074,PEP Rule 74,PEP,Customers with incomplete documentation must be placed under manual review.,India,Low,v3.0
AML_00075,AML Rule 75,AML,Beneficial ownership verification is required for business accounts.,UK,Low,v3.0
AML_00076,COUNTRY_RISK Rule 76,COUNTRY_RISK,Customers from Syria must undergo enhanced verification.,India,Medium,v5.0
AML_00077,PEP Rule 77,PEP,Customers appearing on sanctions lists must be rejected immediately.,USA,Low,v4.0
AML_00078,CDD Rule 78,CDD,Politically Exposed Persons (PEPs) must undergo Enhanced Due Diligence (EDD).,India,High,v2.0
AML_00079,COUNTRY_RISK Rule 79,COUNTRY_RISK,Customers from Myanmar must undergo enhanced verification.,Global,Medium,v2.0
AML_00080,PEP Rule 80,PEP,Customers appearing on sanctions lists must be rejected immediately.,India,Critical,v3.0
AML_00081,SANCTION Rule 81,SANCTION,Customers appearing on sanctions lists must be rejected immediately.,UK,High,v5.0
AML_00082,SANCTION Rule 82,SANCTION,Customers from high-risk countries require additional verification.,UK,High,v1.0
AML_00083,CDD Rule 83,CDD,Politically Exposed Persons (PEPs) must undergo Enhanced Due Diligence (EDD).,USA,High,v2.0
AML_00084,PEP Rule 84,PEP,Address proof must be verified during onboarding.,UK,Critical,v5.0
AML_00085,ONBOARDING Rule 85,ONBOARDING,Transactions inconsistent with customer profile should trigger AML review.,Global,High,v2.0
AML_00086,EDD Rule 86,EDD,Source of funds verification is mandatory for high-value customers.,Global,Critical,v3.0
AML_00087,ONBOARDING Rule 87,ONBOARDING,Suspicious activity reports must be filed for unusual behavior.,UK,High,v5.0
AML_00088,ONBOARDING Rule 88,ONBOARDING,Transactions inconsistent with customer profile should trigger AML review.,Global,Low,v1.0
AML_00089,PEP Rule 89,PEP,Customers from high-risk countries require additional verification.,India,Medium,v4.0
AML_00090,COUNTRY_RISK Rule 90,COUNTRY_RISK,Customers from Syria must undergo enhanced verification.,USA,Critical,v2.0
AML_00091,COUNTRY_RISK Rule 91,COUNTRY_RISK,Customers from Syria must undergo enhanced verification.,India,Low,v1.0
AML_00092,SANCTION Rule 92,SANCTION,Customers appearing on sanctions lists must be rejected immediately.,UK,Medium,v2.0
AML_00093,EDD Rule 93,EDD,Transactions inconsistent with customer profile should trigger AML review.,India,Critical,v1.0
AML_00094,AML Rule 94,AML,Customers with incomplete documentation must be placed under manual review.,India,High,v1.0
AML_00095,AML Rule 95,AML,Transactions inconsistent with customer profile should trigger AML review.,India,Medium,v4.0
AML_00096,ONBOARDING Rule 96,ONBOARDING,Suspicious activity reports must be filed for unusual behavior.,India,Critical,v5.0
AML_00097,EDD Rule 97,EDD,Identity verification must be completed before account activation.,USA,Low,v3.0
AML_00098,PEP Rule 98,PEP,Address proof must be verified during onboarding.,USA,Medium,v1.0
AML_00099,ONBOARDING Rule 99,ONBOARDING,Beneficial ownership verification is required for business accounts.,Global,High,v4.0
AML_00100,EDD Rule 100,EDD,Customers from high-risk countries require additional verification.,Global,Medium,v1.0
AML_00101,CDD Rule 101,CDD,Suspicious activity reports must be filed for unusual behavior.,Global,Low,v1.0
AML_00102,AML Rule 102,AML,Customers from high-risk countries require additional verification.,USA,Low,v2.0
AML_00103,ONBOARDING Rule 103,ONBOARDING,Address proof must be verified during onboarding.,India,Critical,v4.0
AML_00104,AML Rule 104,AML,Address proof must be verified during onboarding.,Global,Medium,v5.0
AML_00105,AML Rule 105,AML,Suspicious activity reports must be filed for unusual behavior.,India,High,v5.0
AML_00106,EDD Rule 106,EDD,Politically Exposed Persons (PEPs) must undergo Enhanced Due Diligence (EDD).,Global,Critical,v4.0
AML_00107,SANCTION Rule 107,SANCTION,Customers with incomplete documentation must be placed under manual review.,India,Medium,v3.0
AML_00108,COUNTRY_RISK Rule 108,COUNTRY_RISK,Customers from North Korea must undergo enhanced verification.,Global,Medium,v2.0
AML_00109,PEP Rule 109,PEP,Address proof must be verified during onboarding.,UK,Low,v1.0
AML_00110,EDD Rule 110,EDD,Identity verification must be completed before account activation.,India,Low,v4.0
AML_00111,PEP Rule 111,PEP,Identity verification must be completed before account activation.,UK,High,v5.0
AML_00112,SANCTION Rule 112,SANCTION,Customers appearing on sanctions lists must be rejected immediately.,USA,Low,v5.0
AML_00113,PEP Rule 113,PEP,Identity verification must be completed before account activation.,UK,Low,v5.0
AML_00114,PEP Rule 114,PEP,Customers with incomplete documentation must be placed under manual review.,Global,Medium,v3.0
AML_00115,CDD Rule 115,CDD,Beneficial ownership verification is required for business accounts.,USA,Low,v2.0
AML_00116,COUNTRY_RISK Rule 116,COUNTRY_RISK,Customers from Syria must undergo enhanced verification.,India,Medium,v2.0
AML_00117,EDD Rule 117,EDD,Transactions inconsistent with customer profile should trigger AML review.,Global,Low,v5.0
AML_00118,EDD Rule 118,EDD,Source of funds verification is mandatory for high-value customers.,UK,Low,v5.0
AML_00119,ONBOARDING Rule 119,ONBOARDING,Address proof must be verified during onboarding.,Global,Low,v2.0
AML_00120,CDD Rule 120,CDD,Customers with incomplete documentation must be placed under manual review.,India,Medium,v5.0
AML_00121,SANCTION Rule 121,SANCTION,Identity verification must be completed before account activation.,UK,Low,v1.0
AML_00122,AML Rule 122,AML,Politically Exposed Persons (PEPs) must undergo Enhanced Due Diligence (EDD).,USA,High,v2.0
AML_00123,AML Rule 123,AML,Transactions inconsistent with customer profile should trigger AML review.,Global,Medium,v2.0
AML_00124,CDD Rule 124,CDD,Suspicious activity reports must be filed for unusual behavior.,UK,Low,v4.0
AML_00125,CDD Rule 125,CDD,Source of funds verification is mandatory for high-value customers.,USA,High,v3.0
AML_00126,PEP Rule 126,PEP,Transactions inconsistent with customer profile should trigger AML review.,India,Critical,v1.0
AML_00127,ONBOARDING Rule 127,ONBOARDING,Address proof must be verified during onboarding.,UK,Critical,v2.0
AML_00128,AML Rule 128,AML,Suspicious activity reports must be filed for unusual behavior.,UK,Low,v1.0
AML_00129,AML Rule 129,AML,Identity verification must be completed before account activation.,UK,High,v5.0
AML_00130,SANCTION Rule 130,SANCTION,Transactions inconsistent with customer profile should trigger AML review.,Global,Low,v5.0
AML_00131,ONBOARDING Rule 131,ONBOARDING,Suspicious activity reports must be filed for unusual behavior.,USA,High,v5.0
AML_00132,PEP Rule 132,PEP,Identity verification must be completed before account activation.,USA,Medium,v5.0
AML_00133,AML Rule 133,AML,Suspicious activity reports must be filed for unusual behavior.,India,Low,v4.0
AML_00134,PEP Rule 134,PEP,Customers from high-risk countries require additional verification.,USA,Medium,v5.0
AML_00135,ONBOARDING Rule 135,ONBOARDING,Politically Exposed Persons (PEPs) must undergo Enhanced Due Diligence (EDD).,USA,High,v5.0
AML_00136,AML Rule 136,AML,Source of funds verification is mandatory for high-value customers.,USA,Medium,v5.0
AML_00137,PEP Rule 137,PEP,Address proof must be verified during onboarding.,UK,Low,v5.0
AML_00138,SANCTION Rule 138,SANCTION,Politically Exposed Persons (PEPs) must undergo Enhanced Due Diligence (EDD).,UK,High,v2.0
AML_00139,SANCTION Rule 139,SANCTION,Customers appearing on sanctions lists must be rejected immediately.,USA,Medium,v1.0
AML_00140,COUNTRY_RISK Rule 140,COUNTRY_RISK,Customers from Myanmar must undergo enhanced verification.,India,Critical,v5.0
AML_00141,ONBOARDING Rule 141,ONBOARDING,Customers from high-risk countries require additional verification.,UK,High,v4.0
AML_00142,ONBOARDING Rule 142,ONBOARDING,Beneficial ownership verification is required for business accounts.,Global,High,v4.0
AML_00143,AML Rule 143,AML,Transactions inconsistent with customer profile should trigger AML review.,India,Critical,v3.0
AML_00144,PEP Rule 144,PEP,Source of funds verification is mandatory for high-value customers.,Global,Medium,v3.0
AML_00145,PEP Rule 145,PEP,Beneficial ownership verification is required for business accounts.,UK,Critical,v3.0
AML_00146,SANCTION Rule 146,SANCTION,Transactions inconsistent with customer profile should trigger AML review.,Global,Low,v3.0
AML_00147,EDD Rule 147,EDD,Transactions inconsistent with customer profile should trigger AML review.,Global,Low,v1.0
AML_00148,PEP Rule 148,PEP,Politically Exposed Persons (PEPs) must undergo Enhanced Due Diligence (EDD).,Global,High,v3.0
AML_00149,PEP Rule 149,PEP,Customers appearing on sanctions lists must be rejected immediately.,UK,High,v3.0
AML_00150,CDD Rule 150,CDD,Politically Exposed Persons (PEPs) must undergo Enhanced Due Diligence (EDD).,India,Medium,v5.0
AML_00151,AML Rule 151,AML,Address proof must be verified during onboarding.,India,High,v3.0
AML_00152,SANCTION Rule 152,SANCTION,Customers with incomplete documentation must be placed under manual review.,India,Low,v5.0
AML_00153,AML Rule 153,AML,Beneficial ownership verification is required for business accounts.,India,Medium,v5.0
AML_00154,EDD Rule 154,EDD,Politically Exposed Persons (PEPs) must undergo Enhanced Due Diligence (EDD).,UK,Critical,v5.0
AML_00155,SANCTION Rule 155,SANCTION,Beneficial ownership verification is required for business accounts.,USA,Medium,v3.0
AML_00156,SANCTION Rule 156,SANCTION,Customers from high-risk countries require additional verification.,UK,Critical,v1.0
AML_00157,AML Rule 157,AML,Politically Exposed Persons (PEPs) must undergo Enhanced Due Diligence (EDD).,Global,Low,v4.0
AML_00158,SANCTION Rule 158,SANCTION,Customers with incomplete documentation must be placed under manual review.,UK,High,v2.0
AML_00159,CDD Rule 159,CDD,Address proof must be verified during onboarding.,Global,Low,v5.0
AML_00160,PEP Rule 160,PEP,Customers with incomplete documentation must be placed under manual review.,UK,High,v1.0
AML_00161,SANCTION Rule 161,SANCTION,Source of funds verification is mandatory for high-value customers.,USA,Low,v3.0
AML_00162,AML Rule 162,AML,Beneficial ownership verification is required for business accounts.,Global,High,v2.0
AML_00163,ONBOARDING Rule 163,ONBOARDING,Transactions inconsistent with customer profile should trigger AML review.,India,Low,v3.0
AML_00164,AML Rule 164,AML,Politically Exposed Persons (PEPs) must undergo Enhanced Due Diligence (EDD).,USA,High,v2.0
AML_00165,PEP Rule 165,PEP,Beneficial ownership verification is required for business accounts.,Global,Medium,v2.0
AML_00166,AML Rule 166,AML,Customers appearing on sanctions lists must be rejected immediately.,India,High,v1.0
AML_00167,EDD Rule 167,EDD,Address proof must be verified during onboarding.,UK,Low,v2.0
AML_00168,AML Rule 168,AML,Identity verification must be completed before account activation.,UK,Critical,v1.0
AML_00169,CDD Rule 169,CDD,Politically Exposed Persons (PEPs) must undergo Enhanced Due Diligence (EDD).,Global,Medium,v5.0
AML_00170,SANCTION Rule 170,SANCTION,Suspicious activity reports must be filed for unusual behavior.,UK,Critical,v2.0
AML_00171,EDD Rule 171,EDD,Source of funds verification is mandatory for high-value customers.,India,Low,v3.0
AML_00172,PEP Rule 172,PEP,Identity verification must be completed before account activation.,USA,Critical,v5.0
AML_00173,CDD Rule 173,CDD,Address proof must be verified during onboarding.,India,Critical,v2.0
AML_00174,PEP Rule 174,PEP,Customers from high-risk countries require additional verification.,UK,Medium,v2.0
AML_00175,COUNTRY_RISK Rule 175,COUNTRY_RISK,Customers from Iran must undergo enhanced verification.,Global,Critical,v2.0
AML_00176,EDD Rule 176,EDD,Politically Exposed Persons (PEPs) must undergo Enhanced Due Diligence (EDD).,UK,Low,v5.0
AML_00177,COUNTRY_RISK Rule 177,COUNTRY_RISK,Customers from Iran must undergo enhanced verification.,India,Critical,v2.0
AML_00178,EDD Rule 178,EDD,Suspicious activity reports must be filed for unusual behavior.,UK,Medium,v5.0
AML_00179,AML Rule 179,AML,Identity verification must be completed before account activation.,UK,Medium,v4.0
AML_00180,PEP Rule 180,PEP,Politically Exposed Persons (PEPs) must undergo Enhanced Due Diligence (EDD).,India,Critical,v3.0
AML_00181,COUNTRY_RISK Rule 181,COUNTRY_RISK,Customers from North Korea must undergo enhanced verification.,UK,High,v3.0
AML_00182,ONBOARDING Rule 182,ONBOARDING,Customers with incomplete documentation must be placed under manual review.,Global,High,v4.0
AML_00183,CDD Rule 183,CDD,Transactions inconsistent with customer profile should trigger AML review.,USA,High,v3.0
AML_00184,COUNTRY_RISK Rule 184,COUNTRY_RISK,Customers from Afghanistan must undergo enhanced verification.,India,Medium,v4.0
AML_00185,EDD Rule 185,EDD,Customers from high-risk countries require additional verification.,USA,High,v2.0
AML_00186,COUNTRY_RISK Rule 186,COUNTRY_RISK,Customers from Syria must undergo enhanced verification.,UK,High,v2.0
AML_00187,COUNTRY_RISK Rule 187,COUNTRY_RISK,Customers from North Korea must undergo enhanced verification.,Global,Critical,v5.0
AML_00188,COUNTRY_RISK Rule 188,COUNTRY_RISK,Customers from North Korea must undergo enhanced verification.,Global,High,v4.0
AML_00189,ONBOARDING Rule 189,ONBOARDING,Customers with incomplete documentation must be placed under manual review.,UK,Medium,v4.0
AML_00190,PEP Rule 190,PEP,Identity verification must be completed before account activation.,India,High,v3.0
AML_00191,SANCTION Rule 191,SANCTION,Identity verification must be completed before account activation.,Global,High,v4.0
AML_00192,EDD Rule 192,EDD,Identity verification must be completed before account activation.,Global,Critical,v2.0
AML_00193,AML Rule 193,AML,Identity verification must be completed before account activation.,India,Medium,v2.0
AML_00194,AML Rule 194,AML,Transactions inconsistent with customer profile should trigger AML review.,Global,Critical,v4.0
AML_00195,AML Rule 195,AML,Customers from high-risk countries require additional verification.,USA,Critical,v5.0
AML_00196,SANCTION Rule 196,SANCTION,Transactions inconsistent with customer profile should trigger AML review.,Global,Low,v4.0
AML_00197,PEP Rule 197,PEP,Suspicious activity reports must be filed for unusual behavior.,USA,High,v4.0
AML_00198,EDD Rule 198,EDD,Suspicious activity reports must be filed for unusual behavior.,India,Critical,v4.0
AML_00199,ONBOARDING Rule 199,ONBOARDING,Customers with incomplete documentation must be placed under manual review.,UK,High,v2.0
AML_00200,EDD Rule 200,EDD,Beneficial ownership verification is required for business accounts.,USA,Low,v1.0
AML_00201,EDD Rule 201,EDD,Suspicious activity reports must be filed for unusual behavior.,India,Medium,v4.0
AML_00202,AML Rule 202,AML,Transactions inconsistent with customer profile should trigger AML review.,UK,Low,v2.0
AML_00203,EDD Rule 203,EDD,Address proof must be verified during onboarding.,India,Medium,v5.0
AML_00204,SANCTION Rule 204,SANCTION,Customers with incomplete documentation must be placed under manual review.,USA,Low,v5.0
AML_00205,EDD Rule 205,EDD,Customers with incomplete documentation must be placed under manual review.,USA,Critical,v4.0
AML_00206,EDD Rule 206,EDD,Address proof must be verified during onboarding.,UK,High,v2.0
AML_00207,ONBOARDING Rule 207,ONBOARDING,Transactions inconsistent with customer profile should trigger AML review.,Global,Medium,v2.0
AML_00208,PEP Rule 208,PEP,Customers from high-risk countries require additional verification.,Global,Medium,v5.0
AML_00209,EDD Rule 209,EDD,Customers from high-risk countries require additional verification.,India,High,v3.0
AML_00210,EDD Rule 210,EDD,Customers appearing on sanctions lists must be rejected immediately.,USA,Medium,v5.0
AML_00211,SANCTION Rule 211,SANCTION,Transactions inconsistent with customer profile should trigger AML review.,USA,High,v2.0
AML_00212,PEP Rule 212,PEP,Customers with incomplete documentation must be placed under manual review.,USA,High,v1.0
AML_00213,SANCTION Rule 213,SANCTION,Politically Exposed Persons (PEPs) must undergo Enhanced Due Diligence (EDD).,UK,Critical,v1.0
AML_00214,EDD Rule 214,EDD,Source of funds verification is mandatory for high-value customers.,USA,Medium,v3.0
AML_00215,CDD Rule 215,CDD,Customers with incomplete documentation must be placed under manual review.,UK,Critical,v3.0
AML_00216,AML Rule 216,AML,Transactions inconsistent with customer profile should trigger AML review.,UK,Critical,v3.0
AML_00217,ONBOARDING Rule 217,ONBOARDING,Customers from high-risk countries require additional verification.,USA,Low,v3.0
AML_00218,AML Rule 218,AML,Transactions inconsistent with customer profile should trigger AML review.,USA,Critical,v4.0
AML_00219,ONBOARDING Rule 219,ONBOARDING,Address proof must be verified during onboarding.,Global,High,v5.0
AML_00220,PEP Rule 220,PEP,Customers appearing on sanctions lists must be rejected immediately.,India,Medium,v1.0
AML_00221,CDD Rule 221,CDD,Politically Exposed Persons (PEPs) must undergo Enhanced Due Diligence (EDD).,Global,Low,v3.0
AML_00222,PEP Rule 222,PEP,Customers from high-risk countries require additional verification.,UK,Medium,v1.0
AML_00223,PEP Rule 223,PEP,Suspicious activity reports must be filed for unusual behavior.,Global,Low,v3.0
AML_00224,AML Rule 224,AML,Source of funds verification is mandatory for high-value customers.,UK,High,v5.0
AML_00225,PEP Rule 225,PEP,Identity verification must be completed before account activation.,USA,Medium,v2.0
AML_00226,PEP Rule 226,PEP,Customers from high-risk countries require additional verification.,India,Critical,v2.0
AML_00227,EDD Rule 227,EDD,Customers from high-risk countries require additional verification.,Global,Medium,v5.0
AML_00228,PEP Rule 228,PEP,Suspicious activity reports must be filed for unusual behavior.,India,Critical,v2.0
AML_00229,AML Rule 229,AML,Source of funds verification is mandatory for high-value customers.,Global,Medium,v5.0
AML_00230,EDD Rule 230,EDD,Customers from high-risk countries require additional verification.,India,Medium,v3.0
AML_00231,SANCTION Rule 231,SANCTION,Source of funds verification is mandatory for high-value customers.,UK,Medium,v2.0
AML_00232,COUNTRY_RISK Rule 232,COUNTRY_RISK,Customers from Iran must undergo enhanced verification.,USA,Medium,v5.0
AML_00233,COUNTRY_RISK Rule 233,COUNTRY_RISK,Customers from Afghanistan must undergo enhanced verification.,India,Critical,v2.0
AML_00234,AML Rule 234,AML,Customers appearing on sanctions lists must be rejected immediately.,Global,Critical,v4.0
AML_00235,COUNTRY_RISK Rule 235,COUNTRY_RISK,Customers from North Korea must undergo enhanced verification.,India,Medium,v2.0
AML_00236,ONBOARDING Rule 236,ONBOARDING,Customers appearing on sanctions lists must be rejected immediately.,UK,Medium,v5.0
AML_00237,ONBOARDING Rule 237,ONBOARDING,Customers with incomplete documentation must be placed under manual review.,India,Medium,v4.0
AML_00238,PEP Rule 238,PEP,Customers appearing on sanctions lists must be rejected immediately.,Global,Critical,v3.0
AML_00239,EDD Rule 239,EDD,Customers with incomplete documentation must be placed under manual review.,Global,Critical,v2.0
AML_00240,CDD Rule 240,CDD,Customers with incomplete documentation must be placed under manual review.,Global,High,v5.0
AML_00241,AML Rule 241,AML,Customers appearing on sanctions lists must be rejected immediately.,UK,High,v2.0
AML_00242,ONBOARDING Rule 242,ONBOARDING,Transactions inconsistent with customer profile should trigger AML review.,Global,Low,v2.0
AML_00243,PEP Rule 243,PEP,Customers from high-risk countries require additional verification.,UK,Medium,v2.0
AML_00244,CDD Rule 244,CDD,Identity verification must be completed before account activation.,UK,High,v4.0
AML_00245,EDD Rule 245,EDD,Source of funds verification is mandatory for high-value customers.,Global,High,v4.0
AML_00246,AML Rule 246,AML,Transactions inconsistent with customer profile should trigger AML review.,USA,Medium,v4.0
AML_00247,COUNTRY_RISK Rule 247,COUNTRY_RISK,Customers from North Korea must undergo enhanced verification.,India,Critical,v3.0
AML_00248,SANCTION Rule 248,SANCTION,Politically Exposed Persons (PEPs) must undergo Enhanced Due Diligence (EDD).,USA,Critical,v5.0
AML_00249,CDD Rule 249,CDD,Transactions inconsistent with customer profile should trigger AML review.,India,Medium,v1.0
AML_00250,AML Rule 250,AML,Customers with incomplete documentation must be placed under manual review.,India,High,v4.0
AML_00251,AML Rule 251,AML,Politically Exposed Persons (PEPs) must undergo Enhanced Due Diligence (EDD).,USA,Low,v2.0
AML_00252,CDD Rule 252,CDD,Customers appearing on sanctions lists must be rejected immediately.,Global,Critical,v2.0
AML_00253,CDD Rule 253,CDD,Identity verification must be completed before account activation.,UK,Medium,v5.0
AML_00254,COUNTRY_RISK Rule 254,COUNTRY_RISK,Customers from Iran must undergo enhanced verification.,Global,Medium,v1.0
AML_00255,ONBOARDING Rule 255,ONBOARDING,Address proof must be verified during onboarding.,India,Low,v2.0
AML_00256,PEP Rule 256,PEP,Customers appearing on sanctions lists must be rejected immediately.,Global,High,v3.0
AML_00257,ONBOARDING Rule 257,ONBOARDING,Politically Exposed Persons (PEPs) must undergo Enhanced Due Diligence (EDD).,USA,Medium,v3.0
AML_00258,PEP Rule 258,PEP,Beneficial ownership verification is required for business accounts.,UK,High,v2.0
AML_00259,EDD Rule 259,EDD,Customers with incomplete documentation must be placed under manual review.,UK,High,v5.0
AML_00260,COUNTRY_RISK Rule 260,COUNTRY_RISK,Customers from Iran must undergo enhanced verification.,UK,Medium,v3.0
AML_00261,ONBOARDING Rule 261,ONBOARDING,Address proof must be verified during onboarding.,USA,Medium,v3.0
AML_00262,COUNTRY_RISK Rule 262,COUNTRY_RISK,Customers from North Korea must undergo enhanced verification.,Global,High,v3.0
AML_00263,SANCTION Rule 263,SANCTION,Identity verification must be completed before account activation.,India,Critical,v5.0
AML_00264,ONBOARDING Rule 264,ONBOARDING,Customers with incomplete documentation must be placed under manual review.,India,High,v5.0
AML_00265,CDD Rule 265,CDD,Identity verification must be completed before account activation.,India,Medium,v2.0
AML_00266,COUNTRY_RISK Rule 266,COUNTRY_RISK,Customers from Afghanistan must undergo enhanced verification.,Global,Critical,v3.0
AML_00267,COUNTRY_RISK Rule 267,COUNTRY_RISK,Customers from Myanmar must undergo enhanced verification.,USA,Critical,v1.0
AML_00268,CDD Rule 268,CDD,Politically Exposed Persons (PEPs) must undergo Enhanced Due Diligence (EDD).,India,Low,v5.0
AML_00269,EDD Rule 269,EDD,Suspicious activity reports must be filed for unusual behavior.,Global,Critical,v4.0
AML_00270,ONBOARDING Rule 270,ONBOARDING,Customers from high-risk countries require additional verification.,USA,High,v4.0
AML_00271,SANCTION Rule 271,SANCTION,Customers with incomplete documentation must be placed under manual review.,Global,Critical,v4.0
AML_00272,EDD Rule 272,EDD,Suspicious activity reports must be filed for unusual behavior.,UK,Low,v4.0
AML_00273,CDD Rule 273,CDD,Address proof must be verified during onboarding.,UK,Low,v2.0
AML_00274,SANCTION Rule 274,SANCTION,Source of funds verification is mandatory for high-value customers.,UK,Medium,v2.0
AML_00275,ONBOARDING Rule 275,ONBOARDING,Customers with incomplete documentation must be placed under manual review.,USA,Low,v3.0
AML_00276,ONBOARDING Rule 276,ONBOARDING,Politically Exposed Persons (PEPs) must undergo Enhanced Due Diligence (EDD).,India,Critical,v4.0
AML_00277,AML Rule 277,AML,Source of funds verification is mandatory for high-value customers.,India,High,v5.0
AML_00278,ONBOARDING Rule 278,ONBOARDING,Customers appearing on sanctions lists must be rejected immediately.,India,Low,v5.0
AML_00279,AML Rule 279,AML,Politically Exposed Persons (PEPs) must undergo Enhanced Due Diligence (EDD).,USA,Low,v1.0
AML_00280,AML Rule 280,AML,Transactions inconsistent with customer profile should trigger AML review.,Global,High,v5.0
AML_00281,COUNTRY_RISK Rule 281,COUNTRY_RISK,Customers from North Korea must undergo enhanced verification.,Global,Critical,v1.0
AML_00282,SANCTION Rule 282,SANCTION,Transactions inconsistent with customer profile should trigger AML review.,UK,Medium,v5.0
AML_00283,CDD Rule 283,CDD,Customers with incomplete documentation must be placed under manual review.,UK,Critical,v2.0
AML_00284,EDD Rule 284,EDD,Identity verification must be completed before account activation.,USA,Critical,v4.0
AML_00285,EDD Rule 285,EDD,Customers from high-risk countries require additional verification.,UK,Critical,v4.0
AML_00286,COUNTRY_RISK Rule 286,COUNTRY_RISK,Customers from Iran must undergo enhanced verification.,USA,High,v1.0
AML_00287,PEP Rule 287,PEP,Beneficial ownership verification is required for business accounts.,UK,Critical,v5.0
AML_00288,CDD Rule 288,CDD,Transactions inconsistent with customer profile should trigger AML review.,Global,High,v3.0
AML_00289,CDD Rule 289,CDD,Transactions inconsistent with customer profile should trigger AML review.,USA,Critical,v1.0
AML_00290,EDD Rule 290,EDD,Suspicious activity reports must be filed for unusual behavior.,India,High,v1.0
AML_00291,SANCTION Rule 291,SANCTION,Customers from high-risk countries require additional verification.,USA,Low,v3.0
AML_00292,EDD Rule 292,EDD,Customers from high-risk countries require additional verification.,USA,Low,v3.0
AML_00293,COUNTRY_RISK Rule 293,COUNTRY_RISK,Customers from Myanmar must undergo enhanced verification.,Global,Low,v3.0
AML_00294,COUNTRY_RISK Rule 294,COUNTRY_RISK,Customers from Afghanistan must undergo enhanced verification.,USA,Medium,v2.0
AML_00295,SANCTION Rule 295,SANCTION,Source of funds verification is mandatory for high-value customers.,UK,Low,v3.0
AML_00296,ONBOARDING Rule 296,ONBOARDING,Beneficial ownership verification is required for business accounts.,USA,Medium,v1.0
AML_00297,PEP Rule 297,PEP,Source of funds verification is mandatory for high-value customers.,India,Low,v1.0
AML_00298,ONBOARDING Rule 298,ONBOARDING,Politically Exposed Persons (PEPs) must undergo Enhanced Due Diligence (EDD).,Global,Critical,v4.0
AML_00299,ONBOARDING Rule 299,ONBOARDING,Customers appearing on sanctions lists must be rejected immediately.,USA,Medium,v1.0
AML_00300,SANCTION Rule 300,SANCTION,Suspicious activity reports must be filed for unusual behavior.,USA,Medium,v2.0
AML_00301,COUNTRY_RISK Rule 301,COUNTRY_RISK,Customers from Syria must undergo enhanced verification.,USA,Medium,v4.0
AML_00302,PEP Rule 302,PEP,Customers with incomplete documentation must be placed under manual review.,India,Medium,v4.0
AML_00303,ONBOARDING Rule 303,ONBOARDING,Customers from high-risk countries require additional verification.,USA,High,v3.0
AML_00304,COUNTRY_RISK Rule 304,COUNTRY_RISK,Customers from North Korea must undergo enhanced verification.,USA,Medium,v2.0
AML_00305,ONBOARDING Rule 305,ONBOARDING,Transactions inconsistent with customer profile should trigger AML review.,USA,Low,v2.0
AML_00306,AML Rule 306,AML,Address proof must be verified during onboarding.,India,Medium,v2.0
AML_00307,AML Rule 307,AML,Customers from high-risk countries require additional verification.,UK,Critical,v1.0
AML_00308,EDD Rule 308,EDD,Transactions inconsistent with customer profile should trigger AML review.,USA,High,v4.0
AML_00309,AML Rule 309,AML,Address proof must be verified during onboarding.,USA,Critical,v4.0
AML_00310,SANCTION Rule 310,SANCTION,Customers with incomplete documentation must be placed under manual review.,India,Medium,v3.0
AML_00311,SANCTION Rule 311,SANCTION,Suspicious activity reports must be filed for unusual behavior.,Global,Low,v2.0
AML_00312,SANCTION Rule 312,SANCTION,Address proof must be verified during onboarding.,India,Low,v4.0
AML_00313,CDD Rule 313,CDD,Customers appearing on sanctions lists must be rejected immediately.,Global,Low,v4.0
AML_00314,AML Rule 314,AML,Customers appearing on sanctions lists must be rejected immediately.,Global,High,v1.0
AML_00315,CDD Rule 315,CDD,Customers with incomplete documentation must be placed under manual review.,UK,High,v3.0
AML_00316,CDD Rule 316,CDD,Transactions inconsistent with customer profile should trigger AML review.,Global,High,v2.0
AML_00317,CDD Rule 317,CDD,Address proof must be verified during onboarding.,USA,Low,v5.0
AML_00318,ONBOARDING Rule 318,ONBOARDING,Transactions inconsistent with customer profile should trigger AML review.,India,Low,v2.0
AML_00319,CDD Rule 319,CDD,Source of funds verification is mandatory for high-value customers.,Global,Low,v4.0
AML_00320,EDD Rule 320,EDD,Politically Exposed Persons (PEPs) must undergo Enhanced Due Diligence (EDD).,India,Medium,v5.0
AML_00321,CDD Rule 321,CDD,Transactions inconsistent with customer profile should trigger AML review.,UK,Low,v4.0
AML_00322,EDD Rule 322,EDD,Address proof must be verified during onboarding.,USA,High,v3.0
AML_00323,PEP Rule 323,PEP,Identity verification must be completed before account activation.,India,Medium,v2.0
AML_00324,COUNTRY_RISK Rule 324,COUNTRY_RISK,Customers from Syria must undergo enhanced verification.,UK,High,v5.0
AML_00325,AML Rule 325,AML,Transactions inconsistent with customer profile should trigger AML review.,Global,High,v5.0
AML_00326,COUNTRY_RISK Rule 326,COUNTRY_RISK,Customers from North Korea must undergo enhanced verification.,India,Low,v1.0
AML_00327,EDD Rule 327,EDD,Customers appearing on sanctions lists must be rejected immediately.,India,Critical,v1.0
AML_00328,COUNTRY_RISK Rule 328,COUNTRY_RISK,Customers from Afghanistan must undergo enhanced verification.,Global,Medium,v2.0
AML_00329,CDD Rule 329,CDD,Customers from high-risk countries require additional verification.,UK,High,v4.0
AML_00330,ONBOARDING Rule 330,ONBOARDING,Beneficial ownership verification is required for business accounts.,India,Low,v5.0
AML_00331,SANCTION Rule 331,SANCTION,Customers from high-risk countries require additional verification.,India,Medium,v4.0
AML_00332,SANCTION Rule 332,SANCTION,Address proof must be verified during onboarding.,Global,Low,v3.0
AML_00333,AML Rule 333,AML,Transactions inconsistent with customer profile should trigger AML review.,India,High,v1.0
AML_00334,ONBOARDING Rule 334,ONBOARDING,Customers from high-risk countries require additional verification.,USA,High,v1.0
AML_00335,SANCTION Rule 335,SANCTION,Beneficial ownership verification is required for business accounts.,USA,Critical,v3.0
AML_00336,COUNTRY_RISK Rule 336,COUNTRY_RISK,Customers from Myanmar must undergo enhanced verification.,USA,High,v3.0
AML_00337,CDD Rule 337,CDD,Address proof must be verified during onboarding.,UK,Low,v1.0
AML_00338,SANCTION Rule 338,SANCTION,Customers from high-risk countries require additional verification.,Global,Low,v5.0
AML_00339,PEP Rule 339,PEP,Customers with incomplete documentation must be placed under manual review.,Global,High,v4.0
AML_00340,COUNTRY_RISK Rule 340,COUNTRY_RISK,Customers from Myanmar must undergo enhanced verification.,India,High,v3.0
AML_00341,PEP Rule 341,PEP,Customers appearing on sanctions lists must be rejected immediately.,UK,Critical,v5.0
AML_00342,CDD Rule 342,CDD,Transactions inconsistent with customer profile should trigger AML review.,India,Medium,v5.0
AML_00343,SANCTION Rule 343,SANCTION,Address proof must be verified during onboarding.,UK,Critical,v5.0
AML_00344,ONBOARDING Rule 344,ONBOARDING,Politically Exposed Persons (PEPs) must undergo Enhanced Due Diligence (EDD).,India,Critical,v4.0
AML_00345,AML Rule 345,AML,Customers with incomplete documentation must be placed under manual review.,India,Low,v5.0
AML_00346,COUNTRY_RISK Rule 346,COUNTRY_RISK,Customers from North Korea must undergo enhanced verification.,Global,Medium,v1.0
AML_00347,PEP Rule 347,PEP,Customers appearing on sanctions lists must be rejected immediately.,USA,High,v2.0
AML_00348,ONBOARDING Rule 348,ONBOARDING,Customers from high-risk countries require additional verification.,UK,Critical,v2.0
AML_00349,ONBOARDING Rule 349,ONBOARDING,Identity verification must be completed before account activation.,USA,High,v2.0
AML_00350,CDD Rule 350,CDD,Source of funds verification is mandatory for high-value customers.,USA,Low,v5.0
AML_00351,COUNTRY_RISK Rule 351,COUNTRY_RISK,Customers from North Korea must undergo enhanced verification.,USA,High,v5.0
AML_00352,ONBOARDING Rule 352,ONBOARDING,Customers from high-risk countries require additional verification.,Global,High,v2.0
AML_00353,ONBOARDING Rule 353,ONBOARDING,Suspicious activity reports must be filed for unusual behavior.,UK,Critical,v4.0
AML_00354,EDD Rule 354,EDD,Customers from high-risk countries require additional verification.,USA,Low,v5.0
AML_00355,PEP Rule 355,PEP,Transactions inconsistent with customer profile should trigger AML review.,Global,Low,v2.0
AML_00356,PEP Rule 356,PEP,Suspicious activity reports must be filed for unusual behavior.,Global,High,v1.0
AML_00357,ONBOARDING Rule 357,ONBOARDING,Customers appearing on sanctions lists must be rejected immediately.,UK,Critical,v4.0
AML_00358,COUNTRY_RISK Rule 358,COUNTRY_RISK,Customers from North Korea must undergo enhanced verification.,USA,Critical,v1.0
AML_00359,COUNTRY_RISK Rule 359,COUNTRY_RISK,Customers from Afghanistan must undergo enhanced verification.,USA,High,v1.0
AML_00360,ONBOARDING Rule 360,ONBOARDING,Address proof must be verified during onboarding.,USA,High,v4.0
AML_00361,SANCTION Rule 361,SANCTION,Customers appearing on sanctions lists must be rejected immediately.,UK,High,v3.0
AML_00362,CDD Rule 362,CDD,Customers appearing on sanctions lists must be rejected immediately.,Global,Critical,v4.0
AML_00363,CDD Rule 363,CDD,Identity verification must be completed before account activation.,UK,Medium,v5.0
AML_00364,COUNTRY_RISK Rule 364,COUNTRY_RISK,Customers from Afghanistan must undergo enhanced verification.,Global,High,v3.0
AML_00365,COUNTRY_RISK Rule 365,COUNTRY_RISK,Customers from Syria must undergo enhanced verification.,Global,Medium,v5.0
AML_00366,SANCTION Rule 366,SANCTION,Transactions inconsistent with customer profile should trigger AML review.,UK,Critical,v5.0
AML_00367,COUNTRY_RISK Rule 367,COUNTRY_RISK,Customers from Myanmar must undergo enhanced verification.,India,Medium,v2.0
AML_00368,CDD Rule 368,CDD,Customers with incomplete documentation must be placed under manual review.,Global,Critical,v2.0
AML_00369,EDD Rule 369,EDD,Customers appearing on sanctions lists must be rejected immediately.,UK,Low,v3.0
AML_00370,SANCTION Rule 370,SANCTION,Beneficial ownership verification is required for business accounts.,Global,Medium,v5.0
AML_00371,ONBOARDING Rule 371,ONBOARDING,Suspicious activity reports must be filed for unusual behavior.,UK,Critical,v5.0
AML_00372,CDD Rule 372,CDD,Transactions inconsistent with customer profile should trigger AML review.,UK,Low,v2.0
AML_00373,CDD Rule 373,CDD,Beneficial ownership verification is required for business accounts.,USA,High,v1.0
AML_00374,EDD Rule 374,EDD,Identity verification must be completed before account activation.,UK,High,v2.0
AML_00375,CDD Rule 375,CDD,Customers appearing on sanctions lists must be rejected immediately.,Global,High,v2.0
AML_00376,EDD Rule 376,EDD,Transactions inconsistent with customer profile should trigger AML review.,Global,Critical,v3.0
AML_00377,SANCTION Rule 377,SANCTION,Identity verification must be completed before account activation.,India,High,v2.0
AML_00378,COUNTRY_RISK Rule 378,COUNTRY_RISK,Customers from Myanmar must undergo enhanced verification.,USA,Critical,v3.0
AML_00379,AML Rule 379,AML,Source of funds verification is mandatory for high-value customers.,UK,Medium,v3.0
AML_00380,SANCTION Rule 380,SANCTION,Beneficial ownership verification is required for business accounts.,USA,High,v3.0
AML_00381,SANCTION Rule 381,SANCTION,Customers appearing on sanctions lists must be rejected immediately.,India,Low,v1.0
AML_00382,SANCTION Rule 382,SANCTION,Source of funds verification is mandatory for high-value customers.,USA,High,v3.0
AML_00383,CDD Rule 383,CDD,Customers with incomplete documentation must be placed under manual review.,USA,High,v4.0
AML_00384,PEP Rule 384,PEP,Customers with incomplete documentation must be placed under manual review.,UK,Medium,v3.0
AML_00385,AML Rule 385,AML,Transactions inconsistent with customer profile should trigger AML review.,UK,Critical,v1.0
AML_00386,ONBOARDING Rule 386,ONBOARDING,Customers from high-risk countries require additional verification.,India,Medium,v1.0
AML_00387,CDD Rule 387,CDD,Address proof must be verified during onboarding.,India,Medium,v4.0
AML_00388,PEP Rule 388,PEP,Customers from high-risk countries require additional verification.,India,Critical,v3.0
AML_00389,SANCTION Rule 389,SANCTION,Customers from high-risk countries require additional verification.,UK,Low,v4.0
AML_00390,EDD Rule 390,EDD,Customers from high-risk countries require additional verification.,UK,Medium,v1.0
AML_00391,EDD Rule 391,EDD,Customers with incomplete documentation must be placed under manual review.,Global,Critical,v1.0
AML_00392,COUNTRY_RISK Rule 392,COUNTRY_RISK,Customers from Myanmar must undergo enhanced verification.,UK,High,v4.0
AML_00393,COUNTRY_RISK Rule 393,COUNTRY_RISK,Customers from Afghanistan must undergo enhanced verification.,USA,Critical,v2.0
AML_00394,SANCTION Rule 394,SANCTION,Customers from high-risk countries require additional verification.,UK,High,v5.0
AML_00395,PEP Rule 395,PEP,Source of funds verification is mandatory for high-value customers.,India,Low,v5.0
AML_00396,CDD Rule 396,CDD,Politically Exposed Persons (PEPs) must undergo Enhanced Due Diligence (EDD).,USA,Medium,v4.0
AML_00397,EDD Rule 397,EDD,Source of funds verification is mandatory for high-value customers.,India,Critical,v4.0
AML_00398,EDD Rule 398,EDD,Beneficial ownership verification is required for business accounts.,USA,Medium,v2.0
AML_00399,COUNTRY_RISK Rule 399,COUNTRY_RISK,Customers from North Korea must undergo enhanced verification.,India,Critical,v2.0
AML_00400,ONBOARDING Rule 400,ONBOARDING,Identity verification must be completed before account activation.,USA,Medium,v5.0
AML_00401,ONBOARDING Rule 401,ONBOARDING,Source of funds verification is mandatory for high-value customers.,Global,Medium,v4.0
AML_00402,AML Rule 402,AML,Beneficial ownership verification is required for business accounts.,Global,Medium,v4.0
AML_00403,SANCTION Rule 403,SANCTION,Customers with incomplete documentation must be placed under manual review.,Global,Critical,v5.0
AML_00404,AML Rule 404,AML,Beneficial ownership verification is required for business accounts.,USA,High,v5.0
AML_00405,EDD Rule 405,EDD,Suspicious activity reports must be filed for unusual behavior.,Global,High,v5.0
AML_00406,SANCTION Rule 406,SANCTION,Beneficial ownership verification is required for business accounts.,Global,High,v4.0
AML_00407,COUNTRY_RISK Rule 407,COUNTRY_RISK,Customers from Afghanistan must undergo enhanced verification.,Global,High,v2.0
AML_00408,ONBOARDING Rule 408,ONBOARDING,Politically Exposed Persons (PEPs) must undergo Enhanced Due Diligence (EDD).,UK,Low,v4.0
AML_00409,ONBOARDING Rule 409,ONBOARDING,Identity verification must be completed before account activation.,UK,Low,v2.0
AML_00410,CDD Rule 410,CDD,Beneficial ownership verification is required for business accounts.,UK,High,v1.0
AML_00411,COUNTRY_RISK Rule 411,COUNTRY_RISK,Customers from North Korea must undergo enhanced verification.,UK,High,v5.0
AML_00412,SANCTION Rule 412,SANCTION,Beneficial ownership verification is required for business accounts.,Global,Low,v1.0
AML_00413,PEP Rule 413,PEP,Address proof must be verified during onboarding.,India,Low,v5.0
AML_00414,PEP Rule 414,PEP,Identity verification must be completed before account activation.,India,High,v4.0
AML_00415,PEP Rule 415,PEP,Address proof must be verified during onboarding.,Global,Critical,v5.0
AML_00416,SANCTION Rule 416,SANCTION,Customers appearing on sanctions lists must be rejected immediately.,India,Medium,v4.0
AML_00417,CDD Rule 417,CDD,Customers from high-risk countries require additional verification.,Global,High,v4.0
AML_00418,SANCTION Rule 418,SANCTION,Source of funds verification is mandatory for high-value customers.,UK,High,v3.0
AML_00419,SANCTION Rule 419,SANCTION,Customers appearing on sanctions lists must be rejected immediately.,India,Critical,v3.0
AML_00420,CDD Rule 420,CDD,Customers appearing on sanctions lists must be rejected immediately.,Global,Medium,v5.0
AML_00421,COUNTRY_RISK Rule 421,COUNTRY_RISK,Customers from Iran must undergo enhanced verification.,Global,Medium,v3.0
AML_00422,ONBOARDING Rule 422,ONBOARDING,Suspicious activity reports must be filed for unusual behavior.,India,Critical,v3.0
AML_00423,PEP Rule 423,PEP,Customers with incomplete documentation must be placed under manual review.,USA,High,v3.0
AML_00424,ONBOARDING Rule 424,ONBOARDING,Customers from high-risk countries require additional verification.,UK,Medium,v5.0
AML_00425,SANCTION Rule 425,SANCTION,Identity verification must be completed before account activation.,USA,Medium,v1.0
AML_00426,PEP Rule 426,PEP,Customers appearing on sanctions lists must be rejected immediately.,Global,Medium,v5.0
AML_00427,COUNTRY_RISK Rule 427,COUNTRY_RISK,Customers from Myanmar must undergo enhanced verification.,USA,Critical,v2.0
AML_00428,COUNTRY_RISK Rule 428,COUNTRY_RISK,Customers from Syria must undergo enhanced verification.,Global,Critical,v5.0
AML_00429,ONBOARDING Rule 429,ONBOARDING,Beneficial ownership verification is required for business accounts.,UK,Critical,v1.0
AML_00430,ONBOARDING Rule 430,ONBOARDING,Transactions inconsistent with customer profile should trigger AML review.,UK,Low,v2.0
AML_00431,SANCTION Rule 431,SANCTION,Customers from high-risk countries require additional verification.,UK,Critical,v5.0
AML_00432,COUNTRY_RISK Rule 432,COUNTRY_RISK,Customers from North Korea must undergo enhanced verification.,Global,Low,v3.0
AML_00433,AML Rule 433,AML,Suspicious activity reports must be filed for unusual behavior.,Global,Critical,v3.0
AML_00434,PEP Rule 434,PEP,Source of funds verification is mandatory for high-value customers.,Global,High,v3.0
AML_00435,CDD Rule 435,CDD,Suspicious activity reports must be filed for unusual behavior.,UK,Critical,v4.0
AML_00436,PEP Rule 436,PEP,Customers with incomplete documentation must be placed under manual review.,USA,Low,v5.0
AML_00437,SANCTION Rule 437,SANCTION,Source of funds verification is mandatory for high-value customers.,UK,High,v3.0
AML_00438,EDD Rule 438,EDD,Customers with incomplete documentation must be placed under manual review.,India,Medium,v4.0
AML_00439,ONBOARDING Rule 439,ONBOARDING,Identity verification must be completed before account activation.,India,High,v4.0
AML_00440,ONBOARDING Rule 440,ONBOARDING,Source of funds verification is mandatory for high-value customers.,India,Medium,v3.0
AML_00441,PEP Rule 441,PEP,Transactions inconsistent with customer profile should trigger AML review.,UK,Medium,v4.0
AML_00442,AML Rule 442,AML,Beneficial ownership verification is required for business accounts.,Global,Critical,v1.0
AML_00443,PEP Rule 443,PEP,Customers with incomplete documentation must be placed under manual review.,UK,Medium,v2.0
AML_00444,AML Rule 444,AML,Customers appearing on sanctions lists must be rejected immediately.,India,Critical,v1.0
AML_00445,ONBOARDING Rule 445,ONBOARDING,Identity verification must be completed before account activation.,UK,Medium,v5.0
AML_00446,SANCTION Rule 446,SANCTION,Beneficial ownership verification is required for business accounts.,USA,Low,v5.0
AML_00447,SANCTION Rule 447,SANCTION,Address proof must be verified during onboarding.,Global,High,v2.0
AML_00448,CDD Rule 448,CDD,Beneficial ownership verification is required for business accounts.,India,Critical,v1.0
AML_00449,AML Rule 449,AML,Transactions inconsistent with customer profile should trigger AML review.,India,Critical,v1.0
AML_00450,AML Rule 450,AML,Identity verification must be completed before account activation.,USA,Medium,v5.0
AML_00451,SANCTION Rule 451,SANCTION,Identity verification must be completed before account activation.,India,Medium,v4.0
AML_00452,CDD Rule 452,CDD,Customers from high-risk countries require additional verification.,Global,High,v3.0
AML_00453,COUNTRY_RISK Rule 453,COUNTRY_RISK,Customers from North Korea must undergo enhanced verification.,USA,Critical,v1.0
AML_00454,ONBOARDING Rule 454,ONBOARDING,Customers from high-risk countries require additional verification.,Global,Medium,v5.0
AML_00455,ONBOARDING Rule 455,ONBOARDING,Customers with incomplete documentation must be placed under manual review.,UK,Low,v5.0
AML_00456,PEP Rule 456,PEP,Customers from high-risk countries require additional verification.,Global,Low,v5.0
AML_00457,CDD Rule 457,CDD,Transactions inconsistent with customer profile should trigger AML review.,UK,Low,v2.0
AML_00458,COUNTRY_RISK Rule 458,COUNTRY_RISK,Customers from Afghanistan must undergo enhanced verification.,India,High,v3.0
AML_00459,PEP Rule 459,PEP,Customers with incomplete documentation must be placed under manual review.,UK,Critical,v1.0
AML_00460,EDD Rule 460,EDD,Transactions inconsistent with customer profile should trigger AML review.,India,High,v1.0
AML_00461,COUNTRY_RISK Rule 461,COUNTRY_RISK,Customers from Myanmar must undergo enhanced verification.,India,Low,v4.0
AML_00462,COUNTRY_RISK Rule 462,COUNTRY_RISK,Customers from Syria must undergo enhanced verification.,India,Medium,v5.0
AML_00463,ONBOARDING Rule 463,ONBOARDING,Customers from high-risk countries require additional verification.,UK,High,v4.0
AML_00464,EDD Rule 464,EDD,Customers appearing on sanctions lists must be rejected immediately.,USA,Medium,v1.0
AML_00465,PEP Rule 465,PEP,Transactions inconsistent with customer profile should trigger AML review.,Global,High,v4.0
AML_00466,CDD Rule 466,CDD,Suspicious activity reports must be filed for unusual behavior.,India,Medium,v3.0
AML_00467,AML Rule 467,AML,Customers with incomplete documentation must be placed under manual review.,Global,Low,v1.0
AML_00468,CDD Rule 468,CDD,Beneficial ownership verification is required for business accounts.,Global,Medium,v5.0
AML_00469,AML Rule 469,AML,Transactions inconsistent with customer profile should trigger AML review.,USA,Low,v4.0
AML_00470,CDD Rule 470,CDD,Address proof must be verified during onboarding.,UK,Low,v5.0
AML_00471,AML Rule 471,AML,Customers from high-risk countries require additional verification.,USA,Low,v5.0
AML_00472,CDD Rule 472,CDD,Beneficial ownership verification is required for business accounts.,USA,High,v3.0
AML_00473,PEP Rule 473,PEP,Address proof must be verified during onboarding.,UK,Low,v2.0
AML_00474,SANCTION Rule 474,SANCTION,Customers from high-risk countries require additional verification.,Global,Critical,v2.0
AML_00475,AML Rule 475,AML,Identity verification must be completed before account activation.,UK,Critical,v4.0
AML_00476,COUNTRY_RISK Rule 476,COUNTRY_RISK,Customers from North Korea must undergo enhanced verification.,India,Medium,v4.0
AML_00477,COUNTRY_RISK Rule 477,COUNTRY_RISK,Customers from Myanmar must undergo enhanced verification.,India,High,v4.0
AML_00478,EDD Rule 478,EDD,Identity verification must be completed before account activation.,USA,High,v1.0
AML_00479,PEP Rule 479,PEP,Suspicious activity reports must be filed for unusual behavior.,USA,Low,v3.0
AML_00480,ONBOARDING Rule 480,ONBOARDING,Source of funds verification is mandatory for high-value customers.,Global,High,v3.0
AML_00481,SANCTION Rule 481,SANCTION,Customers with incomplete documentation must be placed under manual review.,UK,Medium,v1.0
AML_00482,SANCTION Rule 482,SANCTION,Customers from high-risk countries require additional verification.,USA,High,v1.0
AML_00483,ONBOARDING Rule 483,ONBOARDING,Identity verification must be completed before account activation.,Global,Low,v3.0
AML_00484,EDD Rule 484,EDD,Transactions inconsistent with customer profile should trigger AML review.,UK,High,v4.0
AML_00485,ONBOARDING Rule 485,ONBOARDING,Customers with incomplete documentation must be placed under manual review.,Global,Critical,v1.0
AML_00486,AML Rule 486,AML,Customers appearing on sanctions lists must be rejected immediately.,USA,Medium,v2.0
AML_00487,CDD Rule 487,CDD,Identity verification must be completed before account activation.,India,Critical,v5.0
AML_00488,ONBOARDING Rule 488,ONBOARDING,Beneficial ownership verification is required for business accounts.,India,High,v2.0
AML_00489,EDD Rule 489,EDD,Source of funds verification is mandatory for high-value customers.,UK,Medium,v4.0
AML_00490,CDD Rule 490,CDD,Customers with incomplete documentation must be placed under manual review.,USA,Low,v5.0
AML_00491,SANCTION Rule 491,SANCTION,Suspicious activity reports must be filed for unusual behavior.,Global,High,v2.0
AML_00492,COUNTRY_RISK Rule 492,COUNTRY_RISK,Customers from Myanmar must undergo enhanced verification.,UK,Critical,v5.0
AML_00493,AML Rule 493,AML,Customers with incomplete documentation must be placed under manual review.,USA,High,v3.0
AML_00494,EDD Rule 494,EDD,Customers appearing on sanctions lists must be rejected immediately.,UK,Low,v5.0
AML_00495,ONBOARDING Rule 495,ONBOARDING,Suspicious activity reports must be filed for unusual behavior.,USA,High,v5.0
AML_00496,PEP Rule 496,PEP,Source of funds verification is mandatory for high-value customers.,Global,Low,v1.0
AML_00497,CDD Rule 497,CDD,Politically Exposed Persons (PEPs) must undergo Enhanced Due Diligence (EDD).,Global,High,v3.0
AML_00498,EDD Rule 498,EDD,Transactions inconsistent with customer profile should trigger AML review.,UK,Medium,v1.0
AML_00499,EDD Rule 499,EDD,Suspicious activity reports must be filed for unusual behavior.,Global,High,v1.0
AML_00500,PEP Rule 500,PEP,Customers appearing on sanctions lists must be rejected immediately.,India,High,v5.0
AML_00501,EDD Rule 501,EDD,Transactions inconsistent with customer profile should trigger AML review.,Global,High,v5.0
AML_00502,CDD Rule 502,CDD,Customers from high-risk countries require additional verification.,UK,High,v4.0
AML_00503,AML Rule 503,AML,Beneficial ownership verification is required for business accounts.,UK,Critical,v2.0
AML_00504,CDD Rule 504,CDD,Politically Exposed Persons (PEPs) must undergo Enhanced Due Diligence (EDD).,Global,High,v5.0
AML_00505,CDD Rule 505,CDD,Address proof must be verified during onboarding.,Global,Medium,v1.0
AML_00506,PEP Rule 506,PEP,Customers from high-risk countries require additional verification.,USA,High,v3.0
AML_00507,AML Rule 507,AML,Customers from high-risk countries require additional verification.,UK,Medium,v1.0
AML_00508,CDD Rule 508,CDD,Customers with incomplete documentation must be placed under manual review.,USA,High,v5.0
AML_00509,AML Rule 509,AML,Beneficial ownership verification is required for business accounts.,India,Critical,v3.0
AML_00510,CDD Rule 510,CDD,Identity verification must be completed before account activation.,Global,High,v1.0
AML_00511,ONBOARDING Rule 511,ONBOARDING,Politically Exposed Persons (PEPs) must undergo Enhanced Due Diligence (EDD).,Global,Low,v4.0
AML_00512,EDD Rule 512,EDD,Source of funds verification is mandatory for high-value customers.,USA,Low,v5.0
AML_00513,EDD Rule 513,EDD,Customers appearing on sanctions lists must be rejected immediately.,Global,Medium,v1.0
AML_00514,ONBOARDING Rule 514,ONBOARDING,Address proof must be verified during onboarding.,USA,Medium,v4.0
AML_00515,ONBOARDING Rule 515,ONBOARDING,Beneficial ownership verification is required for business accounts.,India,High,v4.0
AML_00516,PEP Rule 516,PEP,Source of funds verification is mandatory for high-value customers.,Global,Low,v3.0
AML_00517,ONBOARDING Rule 517,ONBOARDING,Beneficial ownership verification is required for business accounts.,USA,Low,v2.0
AML_00518,PEP Rule 518,PEP,Source of funds verification is mandatory for high-value customers.,India,High,v4.0
AML_00519,CDD Rule 519,CDD,Suspicious activity reports must be filed for unusual behavior.,UK,Critical,v2.0
AML_00520,COUNTRY_RISK Rule 520,COUNTRY_RISK,Customers from North Korea must undergo enhanced verification.,India,High,v5.0
AML_00521,ONBOARDING Rule 521,ONBOARDING,Transactions inconsistent with customer profile should trigger AML review.,Global,Low,v5.0
AML_00522,COUNTRY_RISK Rule 522,COUNTRY_RISK,Customers from Myanmar must undergo enhanced verification.,India,Critical,v1.0
AML_00523,SANCTION Rule 523,SANCTION,Customers from high-risk countries require additional verification.,Global,Medium,v3.0
AML_00524,CDD Rule 524,CDD,Address proof must be verified during onboarding.,UK,Medium,v3.0
AML_00525,SANCTION Rule 525,SANCTION,Identity verification must be completed before account activation.,USA,Critical,v5.0
AML_00526,CDD Rule 526,CDD,Politically Exposed Persons (PEPs) must undergo Enhanced Due Diligence (EDD).,Global,Low,v2.0
AML_00527,COUNTRY_RISK Rule 527,COUNTRY_RISK,Customers from North Korea must undergo enhanced verification.,Global,Low,v1.0
AML_00528,PEP Rule 528,PEP,Identity verification must be completed before account activation.,Global,Low,v5.0
AML_00529,AML Rule 529,AML,Suspicious activity reports must be filed for unusual behavior.,USA,Medium,v4.0
AML_00530,CDD Rule 530,CDD,Customers from high-risk countries require additional verification.,UK,Low,v4.0
AML_00531,COUNTRY_RISK Rule 531,COUNTRY_RISK,Customers from Iran must undergo enhanced verification.,UK,Critical,v3.0
AML_00532,COUNTRY_RISK Rule 532,COUNTRY_RISK,Customers from Syria must undergo enhanced verification.,India,Low,v2.0
AML_00533,ONBOARDING Rule 533,ONBOARDING,Customers with incomplete documentation must be placed under manual review.,India,High,v2.0
AML_00534,CDD Rule 534,CDD,Source of funds verification is mandatory for high-value customers.,India,High,v5.0
AML_00535,CDD Rule 535,CDD,Transactions inconsistent with customer profile should trigger AML review.,Global,Critical,v5.0
AML_00536,PEP Rule 536,PEP,Identity verification must be completed before account activation.,UK,Critical,v4.0
AML_00537,EDD Rule 537,EDD,Address proof must be verified during onboarding.,India,High,v2.0
AML_00538,CDD Rule 538,CDD,Customers appearing on sanctions lists must be rejected immediately.,USA,Critical,v2.0
AML_00539,EDD Rule 539,EDD,Address proof must be verified during onboarding.,USA,Critical,v5.0
AML_00540,ONBOARDING Rule 540,ONBOARDING,Identity verification must be completed before account activation.,India,Medium,v4.0
AML_00541,SANCTION Rule 541,SANCTION,Customers from high-risk countries require additional verification.,USA,Medium,v3.0
AML_00542,COUNTRY_RISK Rule 542,COUNTRY_RISK,Customers from Myanmar must undergo enhanced verification.,India,Medium,v3.0
AML_00543,COUNTRY_RISK Rule 543,COUNTRY_RISK,Customers from North Korea must undergo enhanced verification.,India,Critical,v5.0
AML_00544,ONBOARDING Rule 544,ONBOARDING,Politically Exposed Persons (PEPs) must undergo Enhanced Due Diligence (EDD).,Global,Medium,v4.0
AML_00545,ONBOARDING Rule 545,ONBOARDING,Customers appearing on sanctions lists must be rejected immediately.,Global,High,v3.0
AML_00546,EDD Rule 546,EDD,Address proof must be verified during onboarding.,India,High,v4.0
AML_00547,SANCTION Rule 547,SANCTION,Address proof must be verified during onboarding.,UK,Low,v4.0
AML_00548,ONBOARDING Rule 548,ONBOARDING,Politically Exposed Persons (PEPs) must undergo Enhanced Due Diligence (EDD).,USA,High,v5.0
AML_00549,ONBOARDING Rule 549,ONBOARDING,Identity verification must be completed before account activation.,India,Medium,v3.0
AML_00550,CDD Rule 550,CDD,Politically Exposed Persons (PEPs) must undergo Enhanced Due Diligence (EDD).,USA,Critical,v5.0
AML_00551,SANCTION Rule 551,SANCTION,Suspicious activity reports must be filed for unusual behavior.,Global,Low,v5.0
AML_00552,CDD Rule 552,CDD,Customers with incomplete documentation must be placed under manual review.,USA,Critical,v3.0
AML_00553,SANCTION Rule 553,SANCTION,Customers appearing on sanctions lists must be rejected immediately.,India,Low,v2.0
AML_00554,AML Rule 554,AML,Suspicious activity reports must be filed for unusual behavior.,UK,Low,v3.0
AML_00555,AML Rule 555,AML,Address proof must be verified during onboarding.,UK,Medium,v1.0
AML_00556,SANCTION Rule 556,SANCTION,Address proof must be verified during onboarding.,UK,High,v2.0
AML_00557,AML Rule 557,AML,Politically Exposed Persons (PEPs) must undergo Enhanced Due Diligence (EDD).,USA,Low,v5.0
AML_00558,CDD Rule 558,CDD,Address proof must be verified during onboarding.,UK,Low,v5.0
AML_00559,ONBOARDING Rule 559,ONBOARDING,Customers with incomplete documentation must be placed under manual review.,India,Medium,v1.0
AML_00560,COUNTRY_RISK Rule 560,COUNTRY_RISK,Customers from Iran must undergo enhanced verification.,USA,Medium,v4.0
AML_00561,PEP Rule 561,PEP,Politically Exposed Persons (PEPs) must undergo Enhanced Due Diligence (EDD).,UK,Medium,v1.0
AML_00562,PEP Rule 562,PEP,Suspicious activity reports must be filed for unusual behavior.,UK,Low,v5.0
AML_00563,EDD Rule 563,EDD,Transactions inconsistent with customer profile should trigger AML review.,Global,Low,v1.0
AML_00564,COUNTRY_RISK Rule 564,COUNTRY_RISK,Customers from Iran must undergo enhanced verification.,Global,Critical,v2.0
AML_00565,ONBOARDING Rule 565,ONBOARDING,Beneficial ownership verification is required for business accounts.,USA,Low,v3.0
AML_00566,AML Rule 566,AML,Identity verification must be completed before account activation.,USA,Critical,v5.0
AML_00567,PEP Rule 567,PEP,Identity verification must be completed before account activation.,UK,Medium,v4.0
AML_00568,CDD Rule 568,CDD,Source of funds verification is mandatory for high-value customers.,India,High,v5.0
AML_00569,SANCTION Rule 569,SANCTION,Identity verification must be completed before account activation.,India,Medium,v2.0
AML_00570,COUNTRY_RISK Rule 570,COUNTRY_RISK,Customers from Afghanistan must undergo enhanced verification.,Global,High,v4.0
AML_00571,SANCTION Rule 571,SANCTION,Identity verification must be completed before account activation.,India,Critical,v5.0
AML_00572,SANCTION Rule 572,SANCTION,Customers from high-risk countries require additional verification.,USA,Low,v5.0
AML_00573,AML Rule 573,AML,Address proof must be verified during onboarding.,Global,Medium,v2.0
AML_00574,CDD Rule 574,CDD,Customers appearing on sanctions lists must be rejected immediately.,Global,High,v3.0
AML_00575,PEP Rule 575,PEP,Customers appearing on sanctions lists must be rejected immediately.,Global,Critical,v1.0
AML_00576,CDD Rule 576,CDD,Beneficial ownership verification is required for business accounts.,India,Medium,v4.0
AML_00577,ONBOARDING Rule 577,ONBOARDING,Beneficial ownership verification is required for business accounts.,Global,Critical,v4.0
AML_00578,CDD Rule 578,CDD,Beneficial ownership verification is required for business accounts.,USA,High,v2.0
AML_00579,AML Rule 579,AML,Source of funds verification is mandatory for high-value customers.,UK,High,v1.0
AML_00580,COUNTRY_RISK Rule 580,COUNTRY_RISK,Customers from Syria must undergo enhanced verification.,USA,High,v1.0
AML_00581,PEP Rule 581,PEP,Address proof must be verified during onboarding.,Global,High,v4.0
AML_00582,ONBOARDING Rule 582,ONBOARDING,Beneficial ownership verification is required for business accounts.,USA,Critical,v1.0
AML_00583,SANCTION Rule 583,SANCTION,Customers with incomplete documentation must be placed under manual review.,India,Medium,v2.0
AML_00584,EDD Rule 584,EDD,Transactions inconsistent with customer profile should trigger AML review.,Global,High,v2.0
AML_00585,COUNTRY_RISK Rule 585,COUNTRY_RISK,Customers from North Korea must undergo enhanced verification.,India,Medium,v3.0
AML_00586,EDD Rule 586,EDD,Politically Exposed Persons (PEPs) must undergo Enhanced Due Diligence (EDD).,Global,High,v3.0
AML_00587,CDD Rule 587,CDD,Beneficial ownership verification is required for business accounts.,UK,Critical,v4.0
AML_00588,COUNTRY_RISK Rule 588,COUNTRY_RISK,Customers from North Korea must undergo enhanced verification.,UK,Critical,v5.0
AML_00589,AML Rule 589,AML,Suspicious activity reports must be filed for unusual behavior.,India,Low,v2.0
AML_00590,CDD Rule 590,CDD,Suspicious activity reports must be filed for unusual behavior.,Global,High,v3.0
AML_00591,COUNTRY_RISK Rule 591,COUNTRY_RISK,Customers from North Korea must undergo enhanced verification.,Global,High,v5.0
AML_00592,EDD Rule 592,EDD,Address proof must be verified during onboarding.,Global,Critical,v3.0
AML_00593,COUNTRY_RISK Rule 593,COUNTRY_RISK,Customers from Afghanistan must undergo enhanced verification.,India,Low,v3.0
AML_00594,EDD Rule 594,EDD,Politically Exposed Persons (PEPs) must undergo Enhanced Due Diligence (EDD).,USA,Low,v1.0
AML_00595,CDD Rule 595,CDD,Customers appearing on sanctions lists must be rejected immediately.,USA,Critical,v2.0
AML_00596,EDD Rule 596,EDD,Customers from high-risk countries require additional verification.,Global,Critical,v4.0
AML_00597,PEP Rule 597,PEP,Customers appearing on sanctions lists must be rejected immediately.,Global,Low,v2.0
AML_00598,SANCTION Rule 598,SANCTION,Identity verification must be completed before account activation.,UK,High,v1.0
AML_00599,COUNTRY_RISK Rule 599,COUNTRY_RISK,Customers from Syria must undergo enhanced verification.,USA,Critical,v1.0
AML_00600,ONBOARDING Rule 600,ONBOARDING,Customers from high-risk countries require additional verification.,USA,High,v1.0
AML_00601,CDD Rule 601,CDD,Politically Exposed Persons (PEPs) must undergo Enhanced Due Diligence (EDD).,Global,Low,v3.0
AML_00602,PEP Rule 602,PEP,Address proof must be verified during onboarding.,USA,Medium,v1.0
AML_00603,EDD Rule 603,EDD,Address proof must be verified during onboarding.,Global,High,v3.0
AML_00604,AML Rule 604,AML,Beneficial ownership verification is required for business accounts.,UK,Low,v4.0
AML_00605,SANCTION Rule 605,SANCTION,Customers appearing on sanctions lists must be rejected immediately.,UK,Medium,v3.0
AML_00606,SANCTION Rule 606,SANCTION,Beneficial ownership verification is required for business accounts.,UK,Critical,v1.0
AML_00607,COUNTRY_RISK Rule 607,COUNTRY_RISK,Customers from Afghanistan must undergo enhanced verification.,India,Low,v5.0
AML_00608,SANCTION Rule 608,SANCTION,Address proof must be verified during onboarding.,India,Critical,v1.0
AML_00609,SANCTION Rule 609,SANCTION,Transactions inconsistent with customer profile should trigger AML review.,India,Medium,v1.0
AML_00610,ONBOARDING Rule 610,ONBOARDING,Source of funds verification is mandatory for high-value customers.,USA,Critical,v2.0
AML_00611,PEP Rule 611,PEP,Suspicious activity reports must be filed for unusual behavior.,India,Medium,v2.0
AML_00612,ONBOARDING Rule 612,ONBOARDING,Customers from high-risk countries require additional verification.,USA,High,v3.0
AML_00613,COUNTRY_RISK Rule 613,COUNTRY_RISK,Customers from Myanmar must undergo enhanced verification.,UK,Medium,v1.0
AML_00614,AML Rule 614,AML,Beneficial ownership verification is required for business accounts.,Global,Critical,v2.0
AML_00615,COUNTRY_RISK Rule 615,COUNTRY_RISK,Customers from Iran must undergo enhanced verification.,USA,High,v4.0
AML_00616,SANCTION Rule 616,SANCTION,Customers with incomplete documentation must be placed under manual review.,UK,Critical,v4.0
AML_00617,CDD Rule 617,CDD,Suspicious activity reports must be filed for unusual behavior.,India,Critical,v1.0
AML_00618,CDD Rule 618,CDD,Address proof must be verified during onboarding.,India,Medium,v3.0
AML_00619,ONBOARDING Rule 619,ONBOARDING,Transactions inconsistent with customer profile should trigger AML review.,USA,Medium,v2.0
AML_00620,SANCTION Rule 620,SANCTION,Source of funds verification is mandatory for high-value customers.,USA,Critical,v4.0
AML_00621,CDD Rule 621,CDD,Customers with incomplete documentation must be placed under manual review.,Global,Critical,v4.0
AML_00622,CDD Rule 622,CDD,Customers with incomplete documentation must be placed under manual review.,Global,Low,v4.0
AML_00623,EDD Rule 623,EDD,Customers appearing on sanctions lists must be rejected immediately.,UK,High,v1.0
AML_00624,PEP Rule 624,PEP,Politically Exposed Persons (PEPs) must undergo Enhanced Due Diligence (EDD).,UK,High,v4.0
AML_00625,COUNTRY_RISK Rule 625,COUNTRY_RISK,Customers from Myanmar must undergo enhanced verification.,India,Low,v5.0
AML_00626,ONBOARDING Rule 626,ONBOARDING,Beneficial ownership verification is required for business accounts.,India,Low,v5.0
AML_00627,EDD Rule 627,EDD,Source of funds verification is mandatory for high-value customers.,UK,Medium,v3.0
AML_00628,SANCTION Rule 628,SANCTION,Suspicious activity reports must be filed for unusual behavior.,UK,High,v4.0
AML_00629,CDD Rule 629,CDD,Suspicious activity reports must be filed for unusual behavior.,USA,High,v3.0
AML_00630,AML Rule 630,AML,Source of funds verification is mandatory for high-value customers.,Global,Critical,v2.0
AML_00631,COUNTRY_RISK Rule 631,COUNTRY_RISK,Customers from Syria must undergo enhanced verification.,UK,Low,v1.0
AML_00632,EDD Rule 632,EDD,Customers from high-risk countries require additional verification.,India,Critical,v2.0
AML_00633,PEP Rule 633,PEP,Transactions inconsistent with customer profile should trigger AML review.,UK,Critical,v2.0
AML_00634,EDD Rule 634,EDD,Suspicious activity reports must be filed for unusual behavior.,UK,Low,v4.0
AML_00635,COUNTRY_RISK Rule 635,COUNTRY_RISK,Customers from Iran must undergo enhanced verification.,USA,Medium,v5.0
AML_00636,AML Rule 636,AML,Politically Exposed Persons (PEPs) must undergo Enhanced Due Diligence (EDD).,Global,High,v1.0
AML_00637,ONBOARDING Rule 637,ONBOARDING,Source of funds verification is mandatory for high-value customers.,USA,High,v3.0
AML_00638,EDD Rule 638,EDD,Politically Exposed Persons (PEPs) must undergo Enhanced Due Diligence (EDD).,India,High,v2.0
AML_00639,PEP Rule 639,PEP,Customers from high-risk countries require additional verification.,India,Critical,v4.0
AML_00640,PEP Rule 640,PEP,Customers appearing on sanctions lists must be rejected immediately.,UK,Medium,v2.0
AML_00641,PEP Rule 641,PEP,Transactions inconsistent with customer profile should trigger AML review.,USA,Low,v2.0
AML_00642,SANCTION Rule 642,SANCTION,Customers from high-risk countries require additional verification.,USA,Critical,v1.0
AML_00643,CDD Rule 643,CDD,Politically Exposed Persons (PEPs) must undergo Enhanced Due Diligence (EDD).,USA,High,v4.0
AML_00644,AML Rule 644,AML,Transactions inconsistent with customer profile should trigger AML review.,Global,Low,v3.0
AML_00645,EDD Rule 645,EDD,Transactions inconsistent with customer profile should trigger AML review.,India,Critical,v5.0
AML_00646,CDD Rule 646,CDD,Beneficial ownership verification is required for business accounts.,UK,Critical,v1.0
AML_00647,CDD Rule 647,CDD,Politically Exposed Persons (PEPs) must undergo Enhanced Due Diligence (EDD).,India,High,v2.0
AML_00648,AML Rule 648,AML,Customers appearing on sanctions lists must be rejected immediately.,India,High,v4.0
AML_00649,COUNTRY_RISK Rule 649,COUNTRY_RISK,Customers from North Korea must undergo enhanced verification.,India,Medium,v3.0
AML_00650,CDD Rule 650,CDD,Customers from high-risk countries require additional verification.,Global,Low,v4.0
AML_00651,CDD Rule 651,CDD,Transactions inconsistent with customer profile should trigger AML review.,India,High,v1.0
AML_00652,ONBOARDING Rule 652,ONBOARDING,Source of funds verification is mandatory for high-value customers.,UK,High,v3.0
AML_00653,EDD Rule 653,EDD,Beneficial ownership verification is required for business accounts.,USA,Medium,v2.0
AML_00654,COUNTRY_RISK Rule 654,COUNTRY_RISK,Customers from Afghanistan must undergo enhanced verification.,USA,Critical,v3.0
AML_00655,COUNTRY_RISK Rule 655,COUNTRY_RISK,Customers from Syria must undergo enhanced verification.,Global,Critical,v5.0
AML_00656,SANCTION Rule 656,SANCTION,Suspicious activity reports must be filed for unusual behavior.,India,Medium,v1.0
AML_00657,EDD Rule 657,EDD,Customers from high-risk countries require additional verification.,India,High,v2.0
AML_00658,EDD Rule 658,EDD,Beneficial ownership verification is required for business accounts.,UK,Medium,v1.0
AML_00659,CDD Rule 659,CDD,Source of funds verification is mandatory for high-value customers.,UK,Low,v1.0
AML_00660,PEP Rule 660,PEP,Politically Exposed Persons (PEPs) must undergo Enhanced Due Diligence (EDD).,India,High,v2.0
AML_00661,SANCTION Rule 661,SANCTION,Source of funds verification is mandatory for high-value customers.,UK,Low,v4.0
AML_00662,SANCTION Rule 662,SANCTION,Customers from high-risk countries require additional verification.,UK,Critical,v1.0
AML_00663,ONBOARDING Rule 663,ONBOARDING,Identity verification must be completed before account activation.,USA,Critical,v3.0
AML_00664,COUNTRY_RISK Rule 664,COUNTRY_RISK,Customers from Myanmar must undergo enhanced verification.,India,High,v2.0
AML_00665,PEP Rule 665,PEP,Suspicious activity reports must be filed for unusual behavior.,UK,Medium,v4.0
AML_00666,CDD Rule 666,CDD,Customers appearing on sanctions lists must be rejected immediately.,Global,Medium,v1.0
AML_00667,EDD Rule 667,EDD,Beneficial ownership verification is required for business accounts.,UK,High,v5.0
AML_00668,CDD Rule 668,CDD,Identity verification must be completed before account activation.,USA,Critical,v2.0
AML_00669,COUNTRY_RISK Rule 669,COUNTRY_RISK,Customers from Iran must undergo enhanced verification.,India,Medium,v1.0
AML_00670,EDD Rule 670,EDD,Identity verification must be completed before account activation.,India,Low,v4.0
AML_00671,COUNTRY_RISK Rule 671,COUNTRY_RISK,Customers from Syria must undergo enhanced verification.,Global,Low,v1.0
AML_00672,AML Rule 672,AML,Suspicious activity reports must be filed for unusual behavior.,USA,Low,v5.0
AML_00673,COUNTRY_RISK Rule 673,COUNTRY_RISK,Customers from Iran must undergo enhanced verification.,UK,High,v5.0
AML_00674,CDD Rule 674,CDD,Customers from high-risk countries require additional verification.,UK,Low,v3.0
AML_00675,SANCTION Rule 675,SANCTION,Politically Exposed Persons (PEPs) must undergo Enhanced Due Diligence (EDD).,UK,Medium,v2.0
AML_00676,SANCTION Rule 676,SANCTION,Address proof must be verified during onboarding.,UK,High,v5.0
AML_00677,PEP Rule 677,PEP,Customers from high-risk countries require additional verification.,Global,High,v3.0
AML_00678,SANCTION Rule 678,SANCTION,Address proof must be verified during onboarding.,USA,High,v4.0
AML_00679,PEP Rule 679,PEP,Customers from high-risk countries require additional verification.,USA,High,v1.0
AML_00680,ONBOARDING Rule 680,ONBOARDING,Identity verification must be completed before account activation.,USA,Low,v5.0
AML_00681,EDD Rule 681,EDD,Identity verification must be completed before account activation.,USA,Medium,v4.0
AML_00682,EDD Rule 682,EDD,Beneficial ownership verification is required for business accounts.,Global,High,v4.0
AML_00683,ONBOARDING Rule 683,ONBOARDING,Customers appearing on sanctions lists must be rejected immediately.,Global,Critical,v2.0
AML_00684,AML Rule 684,AML,Source of funds verification is mandatory for high-value customers.,UK,Low,v2.0
AML_00685,PEP Rule 685,PEP,Customers appearing on sanctions lists must be rejected immediately.,UK,Low,v1.0
AML_00686,SANCTION Rule 686,SANCTION,Customers with incomplete documentation must be placed under manual review.,USA,Medium,v4.0
AML_00687,ONBOARDING Rule 687,ONBOARDING,Identity verification must be completed before account activation.,USA,High,v1.0
AML_00688,AML Rule 688,AML,Customers appearing on sanctions lists must be rejected immediately.,India,Medium,v2.0
AML_00689,SANCTION Rule 689,SANCTION,Suspicious activity reports must be filed for unusual behavior.,UK,Medium,v5.0
AML_00690,CDD Rule 690,CDD,Customers from high-risk countries require additional verification.,UK,High,v1.0
AML_00691,EDD Rule 691,EDD,Source of funds verification is mandatory for high-value customers.,UK,Critical,v1.0
AML_00692,COUNTRY_RISK Rule 692,COUNTRY_RISK,Customers from Afghanistan must undergo enhanced verification.,USA,Critical,v3.0
AML_00693,ONBOARDING Rule 693,ONBOARDING,Politically Exposed Persons (PEPs) must undergo Enhanced Due Diligence (EDD).,UK,Medium,v3.0
AML_00694,EDD Rule 694,EDD,Source of funds verification is mandatory for high-value customers.,India,Medium,v4.0
AML_00695,ONBOARDING Rule 695,ONBOARDING,Politically Exposed Persons (PEPs) must undergo Enhanced Due Diligence (EDD).,USA,Medium,v1.0
AML_00696,AML Rule 696,AML,Beneficial ownership verification is required for business accounts.,Global,High,v4.0
AML_00697,AML Rule 697,AML,Identity verification must be completed before account activation.,USA,High,v3.0
AML_00698,AML Rule 698,AML,Customers appearing on sanctions lists must be rejected immediately.,UK,Medium,v2.0
AML_00699,SANCTION Rule 699,SANCTION,Customers from high-risk countries require additional verification.,USA,Critical,v2.0
AML_00700,AML Rule 700,AML,Politically Exposed Persons (PEPs) must undergo Enhanced Due Diligence (EDD).,UK,Medium,v1.0
AML_00701,AML Rule 701,AML,Transactions inconsistent with customer profile should trigger AML review.,India,High,v5.0
AML_00702,AML Rule 702,AML,Address proof must be verified during onboarding.,USA,Medium,v1.0
AML_00703,EDD Rule 703,EDD,Source of funds verification is mandatory for high-value customers.,UK,High,v1.0
AML_00704,COUNTRY_RISK Rule 704,COUNTRY_RISK,Customers from Myanmar must undergo enhanced verification.,USA,Critical,v1.0
AML_00705,COUNTRY_RISK Rule 705,COUNTRY_RISK,Customers from Myanmar must undergo enhanced verification.,Global,Medium,v2.0
AML_00706,AML Rule 706,AML,Transactions inconsistent with customer profile should trigger AML review.,UK,High,v5.0
AML_00707,CDD Rule 707,CDD,Customers from high-risk countries require additional verification.,USA,Low,v3.0
AML_00708,CDD Rule 708,CDD,Suspicious activity reports must be filed for unusual behavior.,UK,Medium,v1.0
AML_00709,ONBOARDING Rule 709,ONBOARDING,Politically Exposed Persons (PEPs) must undergo Enhanced Due Diligence (EDD).,Global,Critical,v4.0
AML_00710,COUNTRY_RISK Rule 710,COUNTRY_RISK,Customers from Myanmar must undergo enhanced verification.,UK,Critical,v3.0
AML_00711,COUNTRY_RISK Rule 711,COUNTRY_RISK,Customers from Myanmar must undergo enhanced verification.,India,Medium,v4.0
AML_00712,ONBOARDING Rule 712,ONBOARDING,Transactions inconsistent with customer profile should trigger AML review.,USA,Critical,v4.0
AML_00713,AML Rule 713,AML,Address proof must be verified during onboarding.,India,Critical,v1.0
AML_00714,AML Rule 714,AML,Suspicious activity reports must be filed for unusual behavior.,UK,Medium,v4.0
AML_00715,AML Rule 715,AML,Suspicious activity reports must be filed for unusual behavior.,Global,Critical,v5.0
AML_00716,EDD Rule 716,EDD,Transactions inconsistent with customer profile should trigger AML review.,UK,Critical,v4.0
AML_00717,EDD Rule 717,EDD,Beneficial ownership verification is required for business accounts.,UK,Critical,v5.0
AML_00718,EDD Rule 718,EDD,Suspicious activity reports must be filed for unusual behavior.,Global,Low,v5.0
AML_00719,CDD Rule 719,CDD,Address proof must be verified during onboarding.,USA,Low,v5.0
AML_00720,COUNTRY_RISK Rule 720,COUNTRY_RISK,Customers from Afghanistan must undergo enhanced verification.,India,Critical,v2.0
AML_00721,PEP Rule 721,PEP,Source of funds verification is mandatory for high-value customers.,India,Critical,v1.0
AML_00722,ONBOARDING Rule 722,ONBOARDING,Suspicious activity reports must be filed for unusual behavior.,Global,Low,v5.0
AML_00723,ONBOARDING Rule 723,ONBOARDING,Customers appearing on sanctions lists must be rejected immediately.,Global,High,v4.0
AML_00724,ONBOARDING Rule 724,ONBOARDING,Suspicious activity reports must be filed for unusual behavior.,USA,Low,v4.0
AML_00725,CDD Rule 725,CDD,Address proof must be verified during onboarding.,USA,High,v4.0
AML_00726,SANCTION Rule 726,SANCTION,Transactions inconsistent with customer profile should trigger AML review.,Global,Critical,v2.0
AML_00727,ONBOARDING Rule 727,ONBOARDING,Customers from high-risk countries require additional verification.,Global,Critical,v5.0
AML_00728,EDD Rule 728,EDD,Address proof must be verified during onboarding.,Global,Medium,v2.0
AML_00729,SANCTION Rule 729,SANCTION,Politically Exposed Persons (PEPs) must undergo Enhanced Due Diligence (EDD).,UK,Critical,v3.0
AML_00730,CDD Rule 730,CDD,Customers appearing on sanctions lists must be rejected immediately.,India,Critical,v3.0
AML_00731,ONBOARDING Rule 731,ONBOARDING,Source of funds verification is mandatory for high-value customers.,India,High,v2.0
AML_00732,SANCTION Rule 732,SANCTION,Customers from high-risk countries require additional verification.,Global,Low,v2.0
AML_00733,ONBOARDING Rule 733,ONBOARDING,Transactions inconsistent with customer profile should trigger AML review.,India,Medium,v5.0
AML_00734,ONBOARDING Rule 734,ONBOARDING,Source of funds verification is mandatory for high-value customers.,Global,Low,v4.0
AML_00735,SANCTION Rule 735,SANCTION,Identity verification must be completed before account activation.,India,Critical,v1.0
AML_00736,ONBOARDING Rule 736,ONBOARDING,Customers with incomplete documentation must be placed under manual review.,UK,Low,v5.0
AML_00737,SANCTION Rule 737,SANCTION,Customers from high-risk countries require additional verification.,India,Critical,v1.0
AML_00738,PEP Rule 738,PEP,Address proof must be verified during onboarding.,UK,High,v4.0
AML_00739,AML Rule 739,AML,Politically Exposed Persons (PEPs) must undergo Enhanced Due Diligence (EDD).,Global,Medium,v4.0
AML_00740,SANCTION Rule 740,SANCTION,Suspicious activity reports must be filed for unusual behavior.,Global,High,v2.0
AML_00741,EDD Rule 741,EDD,Beneficial ownership verification is required for business accounts.,India,Medium,v5.0
AML_00742,SANCTION Rule 742,SANCTION,Beneficial ownership verification is required for business accounts.,Global,Low,v5.0
AML_00743,EDD Rule 743,EDD,Address proof must be verified during onboarding.,USA,Critical,v1.0
AML_00744,PEP Rule 744,PEP,Identity verification must be completed before account activation.,UK,Medium,v5.0
AML_00745,COUNTRY_RISK Rule 745,COUNTRY_RISK,Customers from Afghanistan must undergo enhanced verification.,UK,Medium,v3.0
AML_00746,COUNTRY_RISK Rule 746,COUNTRY_RISK,Customers from Syria must undergo enhanced verification.,UK,Critical,v2.0
AML_00747,PEP Rule 747,PEP,Source of funds verification is mandatory for high-value customers.,India,High,v4.0
AML_00748,CDD Rule 748,CDD,Transactions inconsistent with customer profile should trigger AML review.,UK,Critical,v4.0
AML_00749,CDD Rule 749,CDD,Customers appearing on sanctions lists must be rejected immediately.,India,Critical,v4.0
AML_00750,COUNTRY_RISK Rule 750,COUNTRY_RISK,Customers from Syria must undergo enhanced verification.,India,Medium,v2.0
AML_00751,EDD Rule 751,EDD,Address proof must be verified during onboarding.,India,High,v3.0
AML_00752,EDD Rule 752,EDD,Address proof must be verified during onboarding.,India,Low,v4.0
AML_00753,ONBOARDING Rule 753,ONBOARDING,Source of funds verification is mandatory for high-value customers.,UK,Medium,v2.0
AML_00754,COUNTRY_RISK Rule 754,COUNTRY_RISK,Customers from Afghanistan must undergo enhanced verification.,Global,High,v2.0
AML_00755,PEP Rule 755,PEP,Suspicious activity reports must be filed for unusual behavior.,Global,Low,v2.0
AML_00756,AML Rule 756,AML,Suspicious activity reports must be filed for unusual behavior.,India,Critical,v4.0
AML_00757,AML Rule 757,AML,Address proof must be verified during onboarding.,Global,Medium,v3.0
AML_00758,EDD Rule 758,EDD,Customers with incomplete documentation must be placed under manual review.,UK,Medium,v1.0
AML_00759,ONBOARDING Rule 759,ONBOARDING,Source of funds verification is mandatory for high-value customers.,Global,High,v2.0
AML_00760,CDD Rule 760,CDD,Customers appearing on sanctions lists must be rejected immediately.,India,Critical,v2.0
AML_00761,ONBOARDING Rule 761,ONBOARDING,Source of funds verification is mandatory for high-value customers.,UK,Critical,v5.0
AML_00762,PEP Rule 762,PEP,Address proof must be verified during onboarding.,UK,Low,v3.0
AML_00763,CDD Rule 763,CDD,Customers appearing on sanctions lists must be rejected immediately.,Global,Critical,v3.0
AML_00764,ONBOARDING Rule 764,ONBOARDING,Customers from high-risk countries require additional verification.,Global,High,v5.0
AML_00765,AML Rule 765,AML,Customers from high-risk countries require additional verification.,Global,High,v1.0
AML_00766,SANCTION Rule 766,SANCTION,Customers from high-risk countries require additional verification.,Global,Medium,v5.0
AML_00767,SANCTION Rule 767,SANCTION,Address proof must be verified during onboarding.,Global,Medium,v5.0
AML_00768,CDD Rule 768,CDD,Customers appearing on sanctions lists must be rejected immediately.,India,Low,v2.0
AML_00769,AML Rule 769,AML,Customers appearing on sanctions lists must be rejected immediately.,UK,Critical,v4.0
AML_00770,SANCTION Rule 770,SANCTION,Customers from high-risk countries require additional verification.,UK,High,v3.0
AML_00771,SANCTION Rule 771,SANCTION,Transactions inconsistent with customer profile should trigger AML review.,India,Medium,v1.0
AML_00772,CDD Rule 772,CDD,Source of funds verification is mandatory for high-value customers.,UK,Critical,v1.0
AML_00773,EDD Rule 773,EDD,Source of funds verification is mandatory for high-value customers.,Global,Low,v2.0
AML_00774,AML Rule 774,AML,Customers with incomplete documentation must be placed under manual review.,Global,Low,v4.0
AML_00775,PEP Rule 775,PEP,Address proof must be verified during onboarding.,Global,Medium,v2.0
AML_00776,EDD Rule 776,EDD,Address proof must be verified during onboarding.,UK,High,v4.0
AML_00777,AML Rule 777,AML,Source of funds verification is mandatory for high-value customers.,UK,Critical,v3.0
AML_00778,PEP Rule 778,PEP,Politically Exposed Persons (PEPs) must undergo Enhanced Due Diligence (EDD).,Global,High,v5.0
AML_00779,CDD Rule 779,CDD,Politically Exposed Persons (PEPs) must undergo Enhanced Due Diligence (EDD).,India,High,v4.0
AML_00780,SANCTION Rule 780,SANCTION,Customers appearing on sanctions lists must be rejected immediately.,UK,Critical,v1.0
AML_00781,AML Rule 781,AML,Address proof must be verified during onboarding.,Global,Low,v2.0
AML_00782,COUNTRY_RISK Rule 782,COUNTRY_RISK,Customers from Iran must undergo enhanced verification.,India,Medium,v2.0
AML_00783,SANCTION Rule 783,SANCTION,Customers with incomplete documentation must be placed under manual review.,UK,Medium,v1.0
AML_00784,COUNTRY_RISK Rule 784,COUNTRY_RISK,Customers from Syria must undergo enhanced verification.,India,Critical,v2.0
AML_00785,AML Rule 785,AML,Customers from high-risk countries require additional verification.,India,High,v3.0
AML_00786,CDD Rule 786,CDD,Suspicious activity reports must be filed for unusual behavior.,UK,Low,v1.0
AML_00787,ONBOARDING Rule 787,ONBOARDING,Customers with incomplete documentation must be placed under manual review.,India,Low,v1.0
AML_00788,PEP Rule 788,PEP,Source of funds verification is mandatory for high-value customers.,USA,High,v2.0
AML_00789,CDD Rule 789,CDD,Identity verification must be completed before account activation.,Global,Critical,v5.0
AML_00790,ONBOARDING Rule 790,ONBOARDING,Transactions inconsistent with customer profile should trigger AML review.,UK,Critical,v1.0
AML_00791,EDD Rule 791,EDD,Customers appearing on sanctions lists must be rejected immediately.,India,Critical,v3.0
AML_00792,COUNTRY_RISK Rule 792,COUNTRY_RISK,Customers from Iran must undergo enhanced verification.,India,Low,v5.0
AML_00793,ONBOARDING Rule 793,ONBOARDING,Customers appearing on sanctions lists must be rejected immediately.,Global,Critical,v4.0
AML_00794,CDD Rule 794,CDD,Identity verification must be completed before account activation.,India,High,v2.0
AML_00795,SANCTION Rule 795,SANCTION,Customers with incomplete documentation must be placed under manual review.,USA,Low,v2.0
AML_00796,PEP Rule 796,PEP,Suspicious activity reports must be filed for unusual behavior.,UK,Critical,v5.0
AML_00797,ONBOARDING Rule 797,ONBOARDING,Identity verification must be completed before account activation.,Global,Medium,v3.0
AML_00798,ONBOARDING Rule 798,ONBOARDING,Transactions inconsistent with customer profile should trigger AML review.,USA,Critical,v5.0
AML_00799,AML Rule 799,AML,Source of funds verification is mandatory for high-value customers.,USA,Critical,v2.0
AML_00800,COUNTRY_RISK Rule 800,COUNTRY_RISK,Customers from Iran must undergo enhanced verification.,Global,Critical,v4.0
AML_00801,EDD Rule 801,EDD,Customers with incomplete documentation must be placed under manual review.,UK,Medium,v3.0
AML_00802,CDD Rule 802,CDD,Address proof must be verified during onboarding.,USA,Critical,v2.0
AML_00803,EDD Rule 803,EDD,Source of funds verification is mandatory for high-value customers.,Global,Critical,v3.0
AML_00804,PEP Rule 804,PEP,Customers from high-risk countries require additional verification.,India,Critical,v2.0
AML_00805,COUNTRY_RISK Rule 805,COUNTRY_RISK,Customers from North Korea must undergo enhanced verification.,Global,Low,v4.0
AML_00806,PEP Rule 806,PEP,Transactions inconsistent with customer profile should trigger AML review.,India,Critical,v4.0
AML_00807,AML Rule 807,AML,Beneficial ownership verification is required for business accounts.,India,Critical,v3.0
AML_00808,ONBOARDING Rule 808,ONBOARDING,Source of funds verification is mandatory for high-value customers.,India,Medium,v3.0
AML_00809,COUNTRY_RISK Rule 809,COUNTRY_RISK,Customers from Syria must undergo enhanced verification.,UK,Low,v5.0
AML_00810,COUNTRY_RISK Rule 810,COUNTRY_RISK,Customers from Myanmar must undergo enhanced verification.,India,High,v2.0
AML_00811,EDD Rule 811,EDD,Customers with incomplete documentation must be placed under manual review.,USA,Critical,v5.0
AML_00812,COUNTRY_RISK Rule 812,COUNTRY_RISK,Customers from Syria must undergo enhanced verification.,USA,Critical,v3.0
AML_00813,ONBOARDING Rule 813,ONBOARDING,Source of funds verification is mandatory for high-value customers.,USA,Critical,v3.0
AML_00814,COUNTRY_RISK Rule 814,COUNTRY_RISK,Customers from Afghanistan must undergo enhanced verification.,Global,Low,v2.0
AML_00815,PEP Rule 815,PEP,Transactions inconsistent with customer profile should trigger AML review.,UK,Medium,v1.0
AML_00816,PEP Rule 816,PEP,Customers from high-risk countries require additional verification.,Global,High,v4.0
AML_00817,AML Rule 817,AML,Customers from high-risk countries require additional verification.,UK,Medium,v1.0
AML_00818,SANCTION Rule 818,SANCTION,Customers with incomplete documentation must be placed under manual review.,UK,High,v4.0
AML_00819,SANCTION Rule 819,SANCTION,Source of funds verification is mandatory for high-value customers.,India,Medium,v5.0
AML_00820,AML Rule 820,AML,Source of funds verification is mandatory for high-value customers.,USA,Low,v5.0
AML_00821,COUNTRY_RISK Rule 821,COUNTRY_RISK,Customers from Iran must undergo enhanced verification.,USA,Critical,v4.0
AML_00822,EDD Rule 822,EDD,Customers with incomplete documentation must be placed under manual review.,India,High,v4.0
AML_00823,COUNTRY_RISK Rule 823,COUNTRY_RISK,Customers from Myanmar must undergo enhanced verification.,UK,Critical,v4.0
AML_00824,CDD Rule 824,CDD,Customers appearing on sanctions lists must be rejected immediately.,UK,Low,v3.0
AML_00825,PEP Rule 825,PEP,Politically Exposed Persons (PEPs) must undergo Enhanced Due Diligence (EDD).,USA,High,v1.0
AML_00826,PEP Rule 826,PEP,Politically Exposed Persons (PEPs) must undergo Enhanced Due Diligence (EDD).,India,Medium,v4.0
AML_00827,CDD Rule 827,CDD,Transactions inconsistent with customer profile should trigger AML review.,UK,Critical,v5.0
AML_00828,ONBOARDING Rule 828,ONBOARDING,Identity verification must be completed before account activation.,Global,Critical,v4.0
AML_00829,ONBOARDING Rule 829,ONBOARDING,Suspicious activity reports must be filed for unusual behavior.,USA,Low,v3.0
AML_00830,PEP Rule 830,PEP,Address proof must be verified during onboarding.,USA,High,v1.0
AML_00831,SANCTION Rule 831,SANCTION,Customers with incomplete documentation must be placed under manual review.,UK,Medium,v4.0
AML_00832,ONBOARDING Rule 832,ONBOARDING,Customers appearing on sanctions lists must be rejected immediately.,Global,Low,v1.0
AML_00833,EDD Rule 833,EDD,Suspicious activity reports must be filed for unusual behavior.,USA,High,v1.0
AML_00834,ONBOARDING Rule 834,ONBOARDING,Customers with incomplete documentation must be placed under manual review.,USA,High,v2.0
AML_00835,PEP Rule 835,PEP,Suspicious activity reports must be filed for unusual behavior.,Global,High,v2.0
AML_00836,PEP Rule 836,PEP,Beneficial ownership verification is required for business accounts.,UK,Critical,v5.0
AML_00837,SANCTION Rule 837,SANCTION,Politically Exposed Persons (PEPs) must undergo Enhanced Due Diligence (EDD).,USA,Critical,v5.0
AML_00838,SANCTION Rule 838,SANCTION,Customers appearing on sanctions lists must be rejected immediately.,UK,Low,v3.0
AML_00839,COUNTRY_RISK Rule 839,COUNTRY_RISK,Customers from Syria must undergo enhanced verification.,UK,High,v3.0
AML_00840,SANCTION Rule 840,SANCTION,Customers from high-risk countries require additional verification.,India,Critical,v2.0
AML_00841,COUNTRY_RISK Rule 841,COUNTRY_RISK,Customers from Afghanistan must undergo enhanced verification.,USA,Critical,v4.0
AML_00842,COUNTRY_RISK Rule 842,COUNTRY_RISK,Customers from North Korea must undergo enhanced verification.,UK,High,v5.0
AML_00843,ONBOARDING Rule 843,ONBOARDING,Customers appearing on sanctions lists must be rejected immediately.,India,Critical,v2.0
AML_00844,EDD Rule 844,EDD,Transactions inconsistent with customer profile should trigger AML review.,Global,Critical,v5.0
AML_00845,ONBOARDING Rule 845,ONBOARDING,Identity verification must be completed before account activation.,USA,High,v2.0
AML_00846,EDD Rule 846,EDD,Beneficial ownership verification is required for business accounts.,Global,Low,v1.0
AML_00847,PEP Rule 847,PEP,Customers from high-risk countries require additional verification.,India,Critical,v5.0
AML_00848,EDD Rule 848,EDD,Identity verification must be completed before account activation.,UK,Critical,v1.0
AML_00849,AML Rule 849,AML,Customers from high-risk countries require additional verification.,USA,Low,v4.0
AML_00850,COUNTRY_RISK Rule 850,COUNTRY_RISK,Customers from North Korea must undergo enhanced verification.,Global,High,v1.0
AML_00851,ONBOARDING Rule 851,ONBOARDING,Customers appearing on sanctions lists must be rejected immediately.,India,Medium,v5.0
AML_00852,CDD Rule 852,CDD,Suspicious activity reports must be filed for unusual behavior.,USA,Low,v2.0
AML_00853,EDD Rule 853,EDD,Customers with incomplete documentation must be placed under manual review.,USA,Low,v2.0
AML_00854,SANCTION Rule 854,SANCTION,Suspicious activity reports must be filed for unusual behavior.,India,Low,v2.0
AML_00855,ONBOARDING Rule 855,ONBOARDING,Customers from high-risk countries require additional verification.,India,Critical,v3.0
AML_00856,AML Rule 856,AML,Politically Exposed Persons (PEPs) must undergo Enhanced Due Diligence (EDD).,USA,Medium,v5.0
AML_00857,SANCTION Rule 857,SANCTION,Customers appearing on sanctions lists must be rejected immediately.,India,Low,v1.0
AML_00858,PEP Rule 858,PEP,Address proof must be verified during onboarding.,Global,Medium,v5.0
AML_00859,SANCTION Rule 859,SANCTION,Customers with incomplete documentation must be placed under manual review.,UK,Low,v3.0
AML_00860,COUNTRY_RISK Rule 860,COUNTRY_RISK,Customers from Iran must undergo enhanced verification.,Global,High,v2.0
AML_00861,CDD Rule 861,CDD,Transactions inconsistent with customer profile should trigger AML review.,USA,Medium,v2.0
AML_00862,EDD Rule 862,EDD,Identity verification must be completed before account activation.,UK,Critical,v2.0
AML_00863,PEP Rule 863,PEP,Customers appearing on sanctions lists must be rejected immediately.,India,Critical,v5.0
AML_00864,COUNTRY_RISK Rule 864,COUNTRY_RISK,Customers from Myanmar must undergo enhanced verification.,UK,Medium,v5.0
AML_00865,COUNTRY_RISK Rule 865,COUNTRY_RISK,Customers from Afghanistan must undergo enhanced verification.,UK,Critical,v4.0
AML_00866,PEP Rule 866,PEP,Beneficial ownership verification is required for business accounts.,USA,Critical,v5.0
AML_00867,CDD Rule 867,CDD,Politically Exposed Persons (PEPs) must undergo Enhanced Due Diligence (EDD).,USA,High,v1.0
AML_00868,SANCTION Rule 868,SANCTION,Customers from high-risk countries require additional verification.,UK,Low,v2.0
AML_00869,SANCTION Rule 869,SANCTION,Beneficial ownership verification is required for business accounts.,Global,Critical,v4.0
AML_00870,ONBOARDING Rule 870,ONBOARDING,Source of funds verification is mandatory for high-value customers.,India,Medium,v1.0
AML_00871,CDD Rule 871,CDD,Source of funds verification is mandatory for high-value customers.,Global,Medium,v4.0
AML_00872,ONBOARDING Rule 872,ONBOARDING,Identity verification must be completed before account activation.,USA,Low,v2.0
AML_00873,COUNTRY_RISK Rule 873,COUNTRY_RISK,Customers from Syria must undergo enhanced verification.,USA,Medium,v3.0
AML_00874,COUNTRY_RISK Rule 874,COUNTRY_RISK,Customers from Syria must undergo enhanced verification.,India,Low,v1.0
AML_00875,COUNTRY_RISK Rule 875,COUNTRY_RISK,Customers from Syria must undergo enhanced verification.,Global,High,v2.0
AML_00876,CDD Rule 876,CDD,Transactions inconsistent with customer profile should trigger AML review.,UK,Medium,v1.0
AML_00877,PEP Rule 877,PEP,Customers appearing on sanctions lists must be rejected immediately.,UK,Critical,v1.0
AML_00878,COUNTRY_RISK Rule 878,COUNTRY_RISK,Customers from Iran must undergo enhanced verification.,USA,High,v5.0
AML_00879,ONBOARDING Rule 879,ONBOARDING,Customers with incomplete documentation must be placed under manual review.,UK,Low,v1.0
AML_00880,COUNTRY_RISK Rule 880,COUNTRY_RISK,Customers from North Korea must undergo enhanced verification.,USA,Critical,v4.0
AML_00881,SANCTION Rule 881,SANCTION,Identity verification must be completed before account activation.,USA,Critical,v1.0
AML_00882,ONBOARDING Rule 882,ONBOARDING,Transactions inconsistent with customer profile should trigger AML review.,UK,Medium,v4.0
AML_00883,EDD Rule 883,EDD,Identity verification must be completed before account activation.,India,Low,v3.0
AML_00884,CDD Rule 884,CDD,Address proof must be verified during onboarding.,Global,Low,v5.0
AML_00885,COUNTRY_RISK Rule 885,COUNTRY_RISK,Customers from Myanmar must undergo enhanced verification.,USA,Critical,v4.0
AML_00886,EDD Rule 886,EDD,Transactions inconsistent with customer profile should trigger AML review.,USA,Medium,v1.0
AML_00887,ONBOARDING Rule 887,ONBOARDING,Address proof must be verified during onboarding.,UK,Low,v4.0
AML_00888,EDD Rule 888,EDD,Identity verification must be completed before account activation.,Global,High,v1.0
AML_00889,COUNTRY_RISK Rule 889,COUNTRY_RISK,Customers from North Korea must undergo enhanced verification.,UK,Medium,v1.0
AML_00890,SANCTION Rule 890,SANCTION,Transactions inconsistent with customer profile should trigger AML review.,USA,Critical,v5.0
AML_00891,CDD Rule 891,CDD,Beneficial ownership verification is required for business accounts.,Global,High,v1.0
AML_00892,AML Rule 892,AML,Suspicious activity reports must be filed for unusual behavior.,USA,Low,v1.0
AML_00893,ONBOARDING Rule 893,ONBOARDING,Suspicious activity reports must be filed for unusual behavior.,Global,Low,v4.0
AML_00894,CDD Rule 894,CDD,Customers appearing on sanctions lists must be rejected immediately.,India,Critical,v2.0
AML_00895,CDD Rule 895,CDD,Identity verification must be completed before account activation.,UK,High,v2.0
AML_00896,EDD Rule 896,EDD,Address proof must be verified during onboarding.,Global,Low,v5.0
AML_00897,PEP Rule 897,PEP,Customers from high-risk countries require additional verification.,India,Medium,v5.0
AML_00898,CDD Rule 898,CDD,Transactions inconsistent with customer profile should trigger AML review.,USA,Critical,v2.0
AML_00899,PEP Rule 899,PEP,Source of funds verification is mandatory for high-value customers.,UK,Medium,v1.0
AML_00900,EDD Rule 900,EDD,Suspicious activity reports must be filed for unusual behavior.,India,High,v4.0
AML_00901,ONBOARDING Rule 901,ONBOARDING,Transactions inconsistent with customer profile should trigger AML review.,Global,Critical,v2.0
AML_00902,CDD Rule 902,CDD,Beneficial ownership verification is required for business accounts.,USA,High,v3.0
AML_00903,PEP Rule 903,PEP,Customers appearing on sanctions lists must be rejected immediately.,India,Low,v2.0
AML_00904,ONBOARDING Rule 904,ONBOARDING,Source of funds verification is mandatory for high-value customers.,UK,Low,v3.0
AML_00905,EDD Rule 905,EDD,Customers appearing on sanctions lists must be rejected immediately.,India,High,v5.0
AML_00906,AML Rule 906,AML,Source of funds verification is mandatory for high-value customers.,USA,Critical,v5.0
AML_00907,ONBOARDING Rule 907,ONBOARDING,Source of funds verification is mandatory for high-value customers.,USA,High,v1.0
AML_00908,EDD Rule 908,EDD,Suspicious activity reports must be filed for unusual behavior.,Global,Medium,v1.0
AML_00909,COUNTRY_RISK Rule 909,COUNTRY_RISK,Customers from Iran must undergo enhanced verification.,India,Medium,v5.0
AML_00910,COUNTRY_RISK Rule 910,COUNTRY_RISK,Customers from Afghanistan must undergo enhanced verification.,India,Low,v3.0
AML_00911,SANCTION Rule 911,SANCTION,Address proof must be verified during onboarding.,India,High,v5.0
AML_00912,CDD Rule 912,CDD,Transactions inconsistent with customer profile should trigger AML review.,India,Medium,v5.0
AML_00913,AML Rule 913,AML,Customers appearing on sanctions lists must be rejected immediately.,Global,Critical,v4.0
AML_00914,EDD Rule 914,EDD,Source of funds verification is mandatory for high-value customers.,India,High,v3.0
AML_00915,CDD Rule 915,CDD,Transactions inconsistent with customer profile should trigger AML review.,India,Critical,v4.0
AML_00916,EDD Rule 916,EDD,Customers from high-risk countries require additional verification.,USA,Critical,v2.0
AML_00917,COUNTRY_RISK Rule 917,COUNTRY_RISK,Customers from Syria must undergo enhanced verification.,UK,High,v1.0
AML_00918,ONBOARDING Rule 918,ONBOARDING,Customers from high-risk countries require additional verification.,UK,Medium,v3.0
AML_00919,CDD Rule 919,CDD,Source of funds verification is mandatory for high-value customers.,UK,Critical,v3.0
AML_00920,AML Rule 920,AML,Identity verification must be completed before account activation.,USA,High,v3.0
AML_00921,ONBOARDING Rule 921,ONBOARDING,Suspicious activity reports must be filed for unusual behavior.,Global,Medium,v5.0
AML_00922,ONBOARDING Rule 922,ONBOARDING,Suspicious activity reports must be filed for unusual behavior.,India,Medium,v4.0
AML_00923,SANCTION Rule 923,SANCTION,Beneficial ownership verification is required for business accounts.,USA,Low,v5.0
AML_00924,PEP Rule 924,PEP,Source of funds verification is mandatory for high-value customers.,USA,High,v1.0
AML_00925,COUNTRY_RISK Rule 925,COUNTRY_RISK,Customers from Iran must undergo enhanced verification.,UK,Low,v1.0
AML_00926,CDD Rule 926,CDD,Customers with incomplete documentation must be placed under manual review.,UK,Low,v3.0
AML_00927,COUNTRY_RISK Rule 927,COUNTRY_RISK,Customers from North Korea must undergo enhanced verification.,Global,Low,v4.0
AML_00928,EDD Rule 928,EDD,Beneficial ownership verification is required for business accounts.,USA,Medium,v2.0
AML_00929,ONBOARDING Rule 929,ONBOARDING,Suspicious activity reports must be filed for unusual behavior.,India,High,v4.0
AML_00930,CDD Rule 930,CDD,Source of funds verification is mandatory for high-value customers.,UK,Critical,v3.0
AML_00931,COUNTRY_RISK Rule 931,COUNTRY_RISK,Customers from Iran must undergo enhanced verification.,USA,Low,v4.0
AML_00932,CDD Rule 932,CDD,Source of funds verification is mandatory for high-value customers.,UK,Critical,v1.0
AML_00933,AML Rule 933,AML,Transactions inconsistent with customer profile should trigger AML review.,India,Critical,v2.0
AML_00934,AML Rule 934,AML,Transactions inconsistent with customer profile should trigger AML review.,Global,Medium,v4.0
AML_00935,CDD Rule 935,CDD,Address proof must be verified during onboarding.,India,Medium,v2.0
AML_00936,CDD Rule 936,CDD,Source of funds verification is mandatory for high-value customers.,India,Low,v2.0
AML_00937,ONBOARDING Rule 937,ONBOARDING,Suspicious activity reports must be filed for unusual behavior.,UK,High,v4.0
AML_00938,AML Rule 938,AML,Politically Exposed Persons (PEPs) must undergo Enhanced Due Diligence (EDD).,India,Low,v4.0
AML_00939,CDD Rule 939,CDD,Customers from high-risk countries require additional verification.,UK,High,v2.0
AML_00940,CDD Rule 940,CDD,Customers with incomplete documentation must be placed under manual review.,India,Medium,v1.0
AML_00941,PEP Rule 941,PEP,Transactions inconsistent with customer profile should trigger AML review.,Global,Low,v1.0
AML_00942,PEP Rule 942,PEP,Customers with incomplete documentation must be placed under manual review.,Global,High,v2.0
AML_00943,AML Rule 943,AML,Beneficial ownership verification is required for business accounts.,Global,Medium,v5.0
AML_00944,ONBOARDING Rule 944,ONBOARDING,Beneficial ownership verification is required for business accounts.,Global,Critical,v1.0
AML_00945,SANCTION Rule 945,SANCTION,Address proof must be verified during onboarding.,USA,Critical,v5.0
AML_00946,CDD Rule 946,CDD,Politically Exposed Persons (PEPs) must undergo Enhanced Due Diligence (EDD).,Global,Critical,v2.0
AML_00947,EDD Rule 947,EDD,Customers appearing on sanctions lists must be rejected immediately.,India,Medium,v3.0
AML_00948,SANCTION Rule 948,SANCTION,Source of funds verification is mandatory for high-value customers.,UK,High,v3.0
AML_00949,EDD Rule 949,EDD,Customers from high-risk countries require additional verification.,UK,Critical,v4.0
AML_00950,ONBOARDING Rule 950,ONBOARDING,Suspicious activity reports must be filed for unusual behavior.,Global,Critical,v1.0
AML_00951,EDD Rule 951,EDD,Customers from high-risk countries require additional verification.,USA,Medium,v5.0
AML_00952,EDD Rule 952,EDD,Suspicious activity reports must be filed for unusual behavior.,USA,High,v1.0
AML_00953,ONBOARDING Rule 953,ONBOARDING,Beneficial ownership verification is required for business accounts.,Global,Critical,v5.0
AML_00954,EDD Rule 954,EDD,Politically Exposed Persons (PEPs) must undergo Enhanced Due Diligence (EDD).,Global,High,v2.0
AML_00955,PEP Rule 955,PEP,Customers with incomplete documentation must be placed under manual review.,UK,High,v4.0
AML_00956,AML Rule 956,AML,Politically Exposed Persons (PEPs) must undergo Enhanced Due Diligence (EDD).,Global,High,v2.0
AML_00957,SANCTION Rule 957,SANCTION,Transactions inconsistent with customer profile should trigger AML review.,USA,Critical,v3.0
AML_00958,EDD Rule 958,EDD,Suspicious activity reports must be filed for unusual behavior.,USA,Critical,v4.0
AML_00959,EDD Rule 959,EDD,Customers with incomplete documentation must be placed under manual review.,Global,Low,v2.0
AML_00960,SANCTION Rule 960,SANCTION,Customers from high-risk countries require additional verification.,USA,Low,v5.0
AML_00961,PEP Rule 961,PEP,Customers with incomplete documentation must be placed under manual review.,Global,Critical,v2.0
AML_00962,COUNTRY_RISK Rule 962,COUNTRY_RISK,Customers from Afghanistan must undergo enhanced verification.,USA,Medium,v5.0
AML_00963,PEP Rule 963,PEP,Identity verification must be completed before account activation.,Global,Critical,v5.0
AML_00964,SANCTION Rule 964,SANCTION,Customers from high-risk countries require additional verification.,UK,Low,v4.0
AML_00965,EDD Rule 965,EDD,Politically Exposed Persons (PEPs) must undergo Enhanced Due Diligence (EDD).,India,High,v3.0
AML_00966,SANCTION Rule 966,SANCTION,Customers from high-risk countries require additional verification.,India,Medium,v5.0
AML_00967,COUNTRY_RISK Rule 967,COUNTRY_RISK,Customers from Iran must undergo enhanced verification.,UK,Medium,v1.0
AML_00968,COUNTRY_RISK Rule 968,COUNTRY_RISK,Customers from North Korea must undergo enhanced verification.,Global,High,v4.0
AML_00969,SANCTION Rule 969,SANCTION,Source of funds verification is mandatory for high-value customers.,UK,Critical,v2.0
AML_00970,COUNTRY_RISK Rule 970,COUNTRY_RISK,Customers from Syria must undergo enhanced verification.,UK,Low,v3.0
AML_00971,EDD Rule 971,EDD,Transactions inconsistent with customer profile should trigger AML review.,UK,High,v1.0
AML_00972,ONBOARDING Rule 972,ONBOARDING,Politically Exposed Persons (PEPs) must undergo Enhanced Due Diligence (EDD).,Global,Critical,v5.0
AML_00973,EDD Rule 973,EDD,Customers from high-risk countries require additional verification.,USA,Medium,v4.0
AML_00974,SANCTION Rule 974,SANCTION,Address proof must be verified during onboarding.,Global,Medium,v4.0
AML_00975,ONBOARDING Rule 975,ONBOARDING,Source of funds verification is mandatory for high-value customers.,Global,Low,v5.0
AML_00976,CDD Rule 976,CDD,Address proof must be verified during onboarding.,USA,Medium,v2.0
AML_00977,SANCTION Rule 977,SANCTION,Customers appearing on sanctions lists must be rejected immediately.,Global,High,v4.0
AML_00978,EDD Rule 978,EDD,Politically Exposed Persons (PEPs) must undergo Enhanced Due Diligence (EDD).,UK,Low,v5.0
AML_00979,EDD Rule 979,EDD,Identity verification must be completed before account activation.,UK,Medium,v4.0
AML_00980,PEP Rule 980,PEP,Address proof must be verified during onboarding.,UK,Critical,v5.0
AML_00981,PEP Rule 981,PEP,Politically Exposed Persons (PEPs) must undergo Enhanced Due Diligence (EDD).,India,Medium,v2.0
AML_00982,PEP Rule 982,PEP,Transactions inconsistent with customer profile should trigger AML review.,India,Medium,v5.0
AML_00983,EDD Rule 983,EDD,Beneficial ownership verification is required for business accounts.,Global,Low,v2.0
AML_00984,CDD Rule 984,CDD,Customers with incomplete documentation must be placed under manual review.,India,High,v4.0
AML_00985,CDD Rule 985,CDD,Suspicious activity reports must be filed for unusual behavior.,USA,Low,v5.0
AML_00986,PEP Rule 986,PEP,Customers with incomplete documentation must be placed under manual review.,Global,Medium,v2.0
AML_00987,CDD Rule 987,CDD,Transactions inconsistent with customer profile should trigger AML review.,UK,Critical,v4.0
AML_00988,EDD Rule 988,EDD,Address proof must be verified during onboarding.,UK,Medium,v1.0
AML_00989,AML Rule 989,AML,Identity verification must be completed before account activation.,Global,Critical,v2.0
AML_00990,ONBOARDING Rule 990,ONBOARDING,Suspicious activity reports must be filed for unusual behavior.,USA,Critical,v1.0
AML_00991,CDD Rule 991,CDD,Politically Exposed Persons (PEPs) must undergo Enhanced Due Diligence (EDD).,USA,Critical,v1.0
AML_00992,AML Rule 992,AML,Customers from high-risk countries require additional verification.,Global,High,v5.0
AML_00993,ONBOARDING Rule 993,ONBOARDING,Address proof must be verified during onboarding.,USA,Medium,v2.0
AML_00994,EDD Rule 994,EDD,Customers with incomplete documentation must be placed under manual review.,Global,High,v3.0
AML_00995,EDD Rule 995,EDD,Politically Exposed Persons (PEPs) must undergo Enhanced Due Diligence (EDD).,USA,High,v3.0
AML_00996,AML Rule 996,AML,Customers appearing on sanctions lists must be rejected immediately.,India,High,v1.0
AML_00997,AML Rule 997,AML,Beneficial ownership verification is required for business accounts.,USA,Critical,v1.0
AML_00998,SANCTION Rule 998,SANCTION,Customers appearing on sanctions lists must be rejected immediately.,USA,Low,v3.0
AML_00999,SANCTION Rule 999,SANCTION,Source of funds verification is mandatory for high-value customers.,USA,Critical,v1.0
AML_01000,PEP Rule 1000,PEP,Beneficial ownership verification is required for business accounts.,India,High,v3.0
AML_01001,EDD Rule 1001,EDD,Customers from high-risk countries require additional verification.,UK,Low,v3.0
AML_01002,COUNTRY_RISK Rule 1002,COUNTRY_RISK,Customers from Iran must undergo enhanced verification.,Global,Medium,v5.0
AML_01003,SANCTION Rule 1003,SANCTION,Source of funds verification is mandatory for high-value customers.,India,Low,v5.0
AML_01004,ONBOARDING Rule 1004,ONBOARDING,Suspicious activity reports must be filed for unusual behavior.,USA,Low,v1.0
AML_01005,COUNTRY_RISK Rule 1005,COUNTRY_RISK,Customers from Syria must undergo enhanced verification.,India,High,v3.0
AML_01006,SANCTION Rule 1006,SANCTION,Identity verification must be completed before account activation.,UK,Critical,v2.0
AML_01007,SANCTION Rule 1007,SANCTION,Beneficial ownership verification is required for business accounts.,India,Low,v4.0
AML_01008,PEP Rule 1008,PEP,Customers from high-risk countries require additional verification.,Global,Medium,v1.0
AML_01009,PEP Rule 1009,PEP,Customers with incomplete documentation must be placed under manual review.,Global,High,v5.0
AML_01010,COUNTRY_RISK Rule 1010,COUNTRY_RISK,Customers from Syria must undergo enhanced verification.,India,Medium,v3.0
AML_01011,COUNTRY_RISK Rule 1011,COUNTRY_RISK,Customers from Afghanistan must undergo enhanced verification.,Global,Critical,v1.0
AML_01012,SANCTION Rule 1012,SANCTION,Identity verification must be completed before account activation.,India,Critical,v3.0
AML_01013,ONBOARDING Rule 1013,ONBOARDING,Customers appearing on sanctions lists must be rejected immediately.,UK,Medium,v5.0
AML_01014,CDD Rule 1014,CDD,Source of funds verification is mandatory for high-value customers.,Global,Critical,v1.0
AML_01015,PEP Rule 1015,PEP,Identity verification must be completed before account activation.,India,Critical,v5.0
AML_01016,PEP Rule 1016,PEP,Customers appearing on sanctions lists must be rejected immediately.,UK,Medium,v5.0
AML_01017,SANCTION Rule 1017,SANCTION,Politically Exposed Persons (PEPs) must undergo Enhanced Due Diligence (EDD).,India,High,v3.0
AML_01018,COUNTRY_RISK Rule 1018,COUNTRY_RISK,Customers from North Korea must undergo enhanced verification.,UK,Critical,v4.0
AML_01019,AML Rule 1019,AML,Address proof must be verified during onboarding.,Global,High,v3.0
AML_01020,COUNTRY_RISK Rule 1020,COUNTRY_RISK,Customers from North Korea must undergo enhanced verification.,USA,Critical,v3.0
AML_01021,EDD Rule 1021,EDD,Source of funds verification is mandatory for high-value customers.,Global,Critical,v2.0
AML_01022,COUNTRY_RISK Rule 1022,COUNTRY_RISK,Customers from Iran must undergo enhanced verification.,USA,Low,v2.0
AML_01023,ONBOARDING Rule 1023,ONBOARDING,Source of funds verification is mandatory for high-value customers.,UK,Critical,v5.0
AML_01024,PEP Rule 1024,PEP,Address proof must be verified during onboarding.,UK,Low,v3.0
AML_01025,SANCTION Rule 1025,SANCTION,Beneficial ownership verification is required for business accounts.,India,High,v4.0
AML_01026,AML Rule 1026,AML,Customers appearing on sanctions lists must be rejected immediately.,USA,Low,v4.0
AML_01027,PEP Rule 1027,PEP,Address proof must be verified during onboarding.,Global,Critical,v2.0
AML_01028,CDD Rule 1028,CDD,Beneficial ownership verification is required for business accounts.,UK,Low,v1.0
AML_01029,ONBOARDING Rule 1029,ONBOARDING,Identity verification must be completed before account activation.,India,Low,v4.0
AML_01030,ONBOARDING Rule 1030,ONBOARDING,Customers with incomplete documentation must be placed under manual review.,India,Critical,v1.0
AML_01031,AML Rule 1031,AML,Transactions inconsistent with customer profile should trigger AML review.,USA,Medium,v5.0
AML_01032,ONBOARDING Rule 1032,ONBOARDING,Suspicious activity reports must be filed for unusual behavior.,India,Critical,v2.0
AML_01033,PEP Rule 1033,PEP,Customers with incomplete documentation must be placed under manual review.,USA,Medium,v3.0
AML_01034,ONBOARDING Rule 1034,ONBOARDING,Customers appearing on sanctions lists must be rejected immediately.,Global,Medium,v2.0
AML_01035,AML Rule 1035,AML,Beneficial ownership verification is required for business accounts.,USA,High,v1.0
AML_01036,SANCTION Rule 1036,SANCTION,Customers appearing on sanctions lists must be rejected immediately.,USA,Critical,v3.0
AML_01037,EDD Rule 1037,EDD,Customers from high-risk countries require additional verification.,USA,High,v4.0
AML_01038,CDD Rule 1038,CDD,Beneficial ownership verification is required for business accounts.,USA,High,v4.0
AML_01039,SANCTION Rule 1039,SANCTION,Transactions inconsistent with customer profile should trigger AML review.,Global,High,v5.0
AML_01040,ONBOARDING Rule 1040,ONBOARDING,Suspicious activity reports must be filed for unusual behavior.,UK,Low,v3.0
AML_01041,ONBOARDING Rule 1041,ONBOARDING,Transactions inconsistent with customer profile should trigger AML review.,India,Low,v1.0
AML_01042,EDD Rule 1042,EDD,Suspicious activity reports must be filed for unusual behavior.,Global,Low,v3.0
AML_01043,PEP Rule 1043,PEP,Customers appearing on sanctions lists must be rejected immediately.,Global,High,v2.0
AML_01044,ONBOARDING Rule 1044,ONBOARDING,Source of funds verification is mandatory for high-value customers.,Global,Medium,v3.0
AML_01045,CDD Rule 1045,CDD,Beneficial ownership verification is required for business accounts.,USA,Critical,v4.0
AML_01046,PEP Rule 1046,PEP,Customers with incomplete documentation must be placed under manual review.,India,Critical,v5.0
AML_01047,EDD Rule 1047,EDD,Address proof must be verified during onboarding.,UK,High,v3.0
AML_01048,COUNTRY_RISK Rule 1048,COUNTRY_RISK,Customers from Myanmar must undergo enhanced verification.,USA,High,v3.0
AML_01049,ONBOARDING Rule 1049,ONBOARDING,Suspicious activity reports must be filed for unusual behavior.,India,Low,v3.0
AML_01050,AML Rule 1050,AML,Beneficial ownership verification is required for business accounts.,UK,High,v1.0
AML_01051,EDD Rule 1051,EDD,Beneficial ownership verification is required for business accounts.,Global,Low,v1.0
AML_01052,CDD Rule 1052,CDD,Address proof must be verified during onboarding.,UK,Medium,v4.0
AML_01053,SANCTION Rule 1053,SANCTION,Suspicious activity reports must be filed for unusual behavior.,India,High,v5.0
AML_01054,COUNTRY_RISK Rule 1054,COUNTRY_RISK,Customers from Afghanistan must undergo enhanced verification.,India,Medium,v4.0
AML_01055,COUNTRY_RISK Rule 1055,COUNTRY_RISK,Customers from North Korea must undergo enhanced verification.,Global,Low,v4.0
AML_01056,SANCTION Rule 1056,SANCTION,Transactions inconsistent with customer profile should trigger AML review.,UK,High,v5.0
AML_01057,EDD Rule 1057,EDD,Transactions inconsistent with customer profile should trigger AML review.,India,Low,v3.0
AML_01058,AML Rule 1058,AML,Customers with incomplete documentation must be placed under manual review.,UK,Medium,v1.0
AML_01059,PEP Rule 1059,PEP,Politically Exposed Persons (PEPs) must undergo Enhanced Due Diligence (EDD).,Global,Low,v5.0
AML_01060,COUNTRY_RISK Rule 1060,COUNTRY_RISK,Customers from Iran must undergo enhanced verification.,USA,Critical,v5.0
AML_01061,COUNTRY_RISK Rule 1061,COUNTRY_RISK,Customers from Myanmar must undergo enhanced verification.,UK,Low,v5.0
AML_01062,AML Rule 1062,AML,Beneficial ownership verification is required for business accounts.,India,Low,v2.0
AML_01063,EDD Rule 1063,EDD,Source of funds verification is mandatory for high-value customers.,UK,Critical,v5.0
AML_01064,CDD Rule 1064,CDD,Customers appearing on sanctions lists must be rejected immediately.,Global,Medium,v2.0
AML_01065,AML Rule 1065,AML,Customers with incomplete documentation must be placed under manual review.,UK,Medium,v3.0
AML_01066,PEP Rule 1066,PEP,Address proof must be verified during onboarding.,Global,Critical,v5.0
AML_01067,ONBOARDING Rule 1067,ONBOARDING,Source of funds verification is mandatory for high-value customers.,UK,Medium,v3.0
AML_01068,SANCTION Rule 1068,SANCTION,Customers with incomplete documentation must be placed under manual review.,Global,Medium,v1.0
AML_01069,ONBOARDING Rule 1069,ONBOARDING,Politically Exposed Persons (PEPs) must undergo Enhanced Due Diligence (EDD).,Global,High,v1.0
AML_01070,EDD Rule 1070,EDD,Source of funds verification is mandatory for high-value customers.,Global,Low,v3.0
AML_01071,COUNTRY_RISK Rule 1071,COUNTRY_RISK,Customers from North Korea must undergo enhanced verification.,UK,High,v4.0
AML_01072,CDD Rule 1072,CDD,Beneficial ownership verification is required for business accounts.,Global,Critical,v5.0
AML_01073,SANCTION Rule 1073,SANCTION,Identity verification must be completed before account activation.,USA,High,v5.0
AML_01074,EDD Rule 1074,EDD,Transactions inconsistent with customer profile should trigger AML review.,UK,Critical,v2.0
AML_01075,ONBOARDING Rule 1075,ONBOARDING,Identity verification must be completed before account activation.,Global,Critical,v5.0
AML_01076,EDD Rule 1076,EDD,Politically Exposed Persons (PEPs) must undergo Enhanced Due Diligence (EDD).,Global,Medium,v2.0
AML_01077,EDD Rule 1077,EDD,Transactions inconsistent with customer profile should trigger AML review.,Global,Medium,v2.0
AML_01078,CDD Rule 1078,CDD,Beneficial ownership verification is required for business accounts.,India,Low,v4.0
AML_01079,AML Rule 1079,AML,Suspicious activity reports must be filed for unusual behavior.,UK,Medium,v1.0
AML_01080,PEP Rule 1080,PEP,Customers appearing on sanctions lists must be rejected immediately.,UK,Critical,v3.0
AML_01081,AML Rule 1081,AML,Customers with incomplete documentation must be placed under manual review.,USA,High,v3.0
AML_01082,CDD Rule 1082,CDD,Suspicious activity reports must be filed for unusual behavior.,UK,Critical,v4.0
AML_01083,CDD Rule 1083,CDD,Suspicious activity reports must be filed for unusual behavior.,USA,Low,v1.0
AML_01084,ONBOARDING Rule 1084,ONBOARDING,Identity verification must be completed before account activation.,Global,Low,v3.0
AML_01085,CDD Rule 1085,CDD,Politically Exposed Persons (PEPs) must undergo Enhanced Due Diligence (EDD).,USA,Low,v1.0
AML_01086,AML Rule 1086,AML,Beneficial ownership verification is required for business accounts.,India,Critical,v3.0
AML_01087,AML Rule 1087,AML,Transactions inconsistent with customer profile should trigger AML review.,India,Low,v4.0
AML_01088,PEP Rule 1088,PEP,Suspicious activity reports must be filed for unusual behavior.,USA,Critical,v2.0
AML_01089,AML Rule 1089,AML,Suspicious activity reports must be filed for unusual behavior.,India,Low,v3.0
AML_01090,COUNTRY_RISK Rule 1090,COUNTRY_RISK,Customers from Afghanistan must undergo enhanced verification.,India,Critical,v2.0
AML_01091,SANCTION Rule 1091,SANCTION,Politically Exposed Persons (PEPs) must undergo Enhanced Due Diligence (EDD).,USA,Critical,v4.0
AML_01092,EDD Rule 1092,EDD,Source of funds verification is mandatory for high-value customers.,UK,Low,v3.0
AML_01093,PEP Rule 1093,PEP,Transactions inconsistent with customer profile should trigger AML review.,UK,Critical,v5.0
AML_01094,ONBOARDING Rule 1094,ONBOARDING,Transactions inconsistent with customer profile should trigger AML review.,USA,Critical,v2.0
AML_01095,CDD Rule 1095,CDD,Beneficial ownership verification is required for business accounts.,USA,Low,v3.0
AML_01096,EDD Rule 1096,EDD,Source of funds verification is mandatory for high-value customers.,India,High,v2.0
AML_01097,EDD Rule 1097,EDD,Customers with incomplete documentation must be placed under manual review.,India,Critical,v5.0
AML_01098,SANCTION Rule 1098,SANCTION,Identity verification must be completed before account activation.,USA,Low,v4.0
AML_01099,SANCTION Rule 1099,SANCTION,Transactions inconsistent with customer profile should trigger AML review.,India,Medium,v5.0
AML_01100,EDD Rule 1100,EDD,Customers from high-risk countries require additional verification.,USA,Low,v4.0
AML_01101,SANCTION Rule 1101,SANCTION,Transactions inconsistent with customer profile should trigger AML review.,India,Medium,v5.0
AML_01102,AML Rule 1102,AML,Customers with incomplete documentation must be placed under manual review.,UK,Critical,v3.0
AML_01103,AML Rule 1103,AML,Transactions inconsistent with customer profile should trigger AML review.,UK,Critical,v5.0
AML_01104,COUNTRY_RISK Rule 1104,COUNTRY_RISK,Customers from Myanmar must undergo enhanced verification.,UK,Low,v5.0
AML_01105,CDD Rule 1105,CDD,Source of funds verification is mandatory for high-value customers.,India,High,v3.0
AML_01106,ONBOARDING Rule 1106,ONBOARDING,Identity verification must be completed before account activation.,USA,Medium,v5.0
AML_01107,CDD Rule 1107,CDD,Beneficial ownership verification is required for business accounts.,UK,Critical,v1.0
AML_01108,ONBOARDING Rule 1108,ONBOARDING,Beneficial ownership verification is required for business accounts.,UK,Low,v5.0
AML_01109,ONBOARDING Rule 1109,ONBOARDING,Transactions inconsistent with customer profile should trigger AML review.,Global,Critical,v1.0
AML_01110,CDD Rule 1110,CDD,Suspicious activity reports must be filed for unusual behavior.,India,Low,v1.0
AML_01111,ONBOARDING Rule 1111,ONBOARDING,Source of funds verification is mandatory for high-value customers.,UK,Medium,v1.0
AML_01112,ONBOARDING Rule 1112,ONBOARDING,Source of funds verification is mandatory for high-value customers.,Global,Critical,v3.0
AML_01113,AML Rule 1113,AML,Transactions inconsistent with customer profile should trigger AML review.,UK,Medium,v4.0
AML_01114,COUNTRY_RISK Rule 1114,COUNTRY_RISK,Customers from Iran must undergo enhanced verification.,India,Critical,v3.0
AML_01115,SANCTION Rule 1115,SANCTION,Beneficial ownership verification is required for business accounts.,USA,Critical,v4.0
AML_01116,COUNTRY_RISK Rule 1116,COUNTRY_RISK,Customers from Syria must undergo enhanced verification.,USA,Medium,v2.0
AML_01117,COUNTRY_RISK Rule 1117,COUNTRY_RISK,Customers from Syria must undergo enhanced verification.,UK,Low,v2.0
AML_01118,COUNTRY_RISK Rule 1118,COUNTRY_RISK,Customers from Afghanistan must undergo enhanced verification.,USA,High,v4.0
AML_01119,AML Rule 1119,AML,Suspicious activity reports must be filed for unusual behavior.,UK,High,v1.0
AML_01120,COUNTRY_RISK Rule 1120,COUNTRY_RISK,Customers from Syria must undergo enhanced verification.,UK,Medium,v5.0
AML_01121,CDD Rule 1121,CDD,Suspicious activity reports must be filed for unusual behavior.,USA,Critical,v2.0
AML_01122,ONBOARDING Rule 1122,ONBOARDING,Address proof must be verified during onboarding.,UK,High,v2.0
AML_01123,AML Rule 1123,AML,Customers with incomplete documentation must be placed under manual review.,Global,Critical,v5.0
AML_01124,AML Rule 1124,AML,Politically Exposed Persons (PEPs) must undergo Enhanced Due Diligence (EDD).,Global,High,v5.0
AML_01125,AML Rule 1125,AML,Address proof must be verified during onboarding.,Global,Medium,v3.0
AML_01126,AML Rule 1126,AML,Customers with incomplete documentation must be placed under manual review.,India,Low,v5.0
AML_01127,EDD Rule 1127,EDD,Customers appearing on sanctions lists must be rejected immediately.,Global,Low,v3.0
AML_01128,SANCTION Rule 1128,SANCTION,Customers appearing on sanctions lists must be rejected immediately.,India,High,v3.0
AML_01129,ONBOARDING Rule 1129,ONBOARDING,Customers with incomplete documentation must be placed under manual review.,UK,Low,v1.0
AML_01130,EDD Rule 1130,EDD,Suspicious activity reports must be filed for unusual behavior.,India,Low,v2.0
AML_01131,AML Rule 1131,AML,Customers with incomplete documentation must be placed under manual review.,UK,Critical,v3.0
AML_01132,ONBOARDING Rule 1132,ONBOARDING,Suspicious activity reports must be filed for unusual behavior.,USA,Medium,v5.0
AML_01133,EDD Rule 1133,EDD,Address proof must be verified during onboarding.,Global,Medium,v5.0
AML_01134,AML Rule 1134,AML,Politically Exposed Persons (PEPs) must undergo Enhanced Due Diligence (EDD).,UK,Medium,v1.0
AML_01135,AML Rule 1135,AML,Beneficial ownership verification is required for business accounts.,UK,Low,v2.0
AML_01136,ONBOARDING Rule 1136,ONBOARDING,Customers appearing on sanctions lists must be rejected immediately.,UK,Low,v3.0
AML_01137,SANCTION Rule 1137,SANCTION,Identity verification must be completed before account activation.,UK,Low,v5.0
AML_01138,ONBOARDING Rule 1138,ONBOARDING,Customers appearing on sanctions lists must be rejected immediately.,Global,Critical,v4.0
AML_01139,SANCTION Rule 1139,SANCTION,Suspicious activity reports must be filed for unusual behavior.,USA,Critical,v5.0
AML_01140,AML Rule 1140,AML,Address proof must be verified during onboarding.,UK,Low,v3.0
AML_01141,AML Rule 1141,AML,Identity verification must be completed before account activation.,USA,High,v2.0
AML_01142,PEP Rule 1142,PEP,Suspicious activity reports must be filed for unusual behavior.,India,Low,v2.0
AML_01143,EDD Rule 1143,EDD,Address proof must be verified during onboarding.,India,Critical,v1.0
AML_01144,EDD Rule 1144,EDD,Transactions inconsistent with customer profile should trigger AML review.,Global,Critical,v5.0
AML_01145,EDD Rule 1145,EDD,Address proof must be verified during onboarding.,UK,Medium,v4.0
AML_01146,EDD Rule 1146,EDD,Customers from high-risk countries require additional verification.,India,Low,v2.0
AML_01147,CDD Rule 1147,CDD,Customers from high-risk countries require additional verification.,UK,Critical,v4.0
AML_01148,COUNTRY_RISK Rule 1148,COUNTRY_RISK,Customers from Myanmar must undergo enhanced verification.,USA,Medium,v3.0
AML_01149,AML Rule 1149,AML,Customers from high-risk countries require additional verification.,USA,High,v2.0
AML_01150,COUNTRY_RISK Rule 1150,COUNTRY_RISK,Customers from Afghanistan must undergo enhanced verification.,USA,High,v5.0
AML_01151,EDD Rule 1151,EDD,Customers appearing on sanctions lists must be rejected immediately.,UK,Low,v3.0
AML_01152,AML Rule 1152,AML,Beneficial ownership verification is required for business accounts.,UK,High,v1.0
AML_01153,SANCTION Rule 1153,SANCTION,Transactions inconsistent with customer profile should trigger AML review.,India,Low,v5.0
AML_01154,COUNTRY_RISK Rule 1154,COUNTRY_RISK,Customers from Myanmar must undergo enhanced verification.,USA,High,v3.0
AML_01155,CDD Rule 1155,CDD,Transactions inconsistent with customer profile should trigger AML review.,USA,High,v2.0
AML_01156,COUNTRY_RISK Rule 1156,COUNTRY_RISK,Customers from Iran must undergo enhanced verification.,Global,Medium,v5.0
AML_01157,AML Rule 1157,AML,Politically Exposed Persons (PEPs) must undergo Enhanced Due Diligence (EDD).,Global,High,v3.0
AML_01158,ONBOARDING Rule 1158,ONBOARDING,Beneficial ownership verification is required for business accounts.,USA,Low,v3.0
AML_01159,SANCTION Rule 1159,SANCTION,Source of funds verification is mandatory for high-value customers.,USA,High,v4.0
AML_01160,ONBOARDING Rule 1160,ONBOARDING,Politically Exposed Persons (PEPs) must undergo Enhanced Due Diligence (EDD).,India,Medium,v2.0
AML_01161,CDD Rule 1161,CDD,Identity verification must be completed before account activation.,USA,Medium,v2.0
AML_01162,AML Rule 1162,AML,Customers with incomplete documentation must be placed under manual review.,Global,Low,v3.0
AML_01163,ONBOARDING Rule 1163,ONBOARDING,Customers with incomplete documentation must be placed under manual review.,USA,High,v2.0
AML_01164,ONBOARDING Rule 1164,ONBOARDING,Beneficial ownership verification is required for business accounts.,UK,High,v4.0
AML_01165,ONBOARDING Rule 1165,ONBOARDING,Identity verification must be completed before account activation.,India,Medium,v5.0
AML_01166,EDD Rule 1166,EDD,Address proof must be verified during onboarding.,India,Medium,v5.0
AML_01167,ONBOARDING Rule 1167,ONBOARDING,Customers from high-risk countries require additional verification.,Global,High,v4.0
AML_01168,SANCTION Rule 1168,SANCTION,Politically Exposed Persons (PEPs) must undergo Enhanced Due Diligence (EDD).,USA,Low,v1.0
AML_01169,CDD Rule 1169,CDD,Customers with incomplete documentation must be placed under manual review.,Global,High,v2.0
AML_01170,AML Rule 1170,AML,Beneficial ownership verification is required for business accounts.,USA,High,v1.0
AML_01171,ONBOARDING Rule 1171,ONBOARDING,Customers with incomplete documentation must be placed under manual review.,USA,Low,v5.0
AML_01172,COUNTRY_RISK Rule 1172,COUNTRY_RISK,Customers from Syria must undergo enhanced verification.,USA,Critical,v1.0
AML_01173,EDD Rule 1173,EDD,Customers appearing on sanctions lists must be rejected immediately.,Global,Low,v4.0
AML_01174,SANCTION Rule 1174,SANCTION,Source of funds verification is mandatory for high-value customers.,UK,Medium,v5.0
AML_01175,AML Rule 1175,AML,Beneficial ownership verification is required for business accounts.,India,Low,v5.0
AML_01176,SANCTION Rule 1176,SANCTION,Transactions inconsistent with customer profile should trigger AML review.,UK,High,v4.0
AML_01177,AML Rule 1177,AML,Customers appearing on sanctions lists must be rejected immediately.,USA,Medium,v3.0
AML_01178,PEP Rule 1178,PEP,Politically Exposed Persons (PEPs) must undergo Enhanced Due Diligence (EDD).,India,Low,v1.0
AML_01179,SANCTION Rule 1179,SANCTION,Address proof must be verified during onboarding.,Global,Low,v2.0
AML_01180,EDD Rule 1180,EDD,Beneficial ownership verification is required for business accounts.,UK,Low,v1.0
AML_01181,COUNTRY_RISK Rule 1181,COUNTRY_RISK,Customers from Myanmar must undergo enhanced verification.,India,Low,v5.0
AML_01182,PEP Rule 1182,PEP,Customers with incomplete documentation must be placed under manual review.,Global,Low,v5.0
AML_01183,CDD Rule 1183,CDD,Address proof must be verified during onboarding.,India,Medium,v2.0
AML_01184,ONBOARDING Rule 1184,ONBOARDING,Identity verification must be completed before account activation.,India,Low,v5.0
AML_01185,COUNTRY_RISK Rule 1185,COUNTRY_RISK,Customers from North Korea must undergo enhanced verification.,India,Critical,v3.0
AML_01186,PEP Rule 1186,PEP,Address proof must be verified during onboarding.,UK,Medium,v1.0
AML_01187,SANCTION Rule 1187,SANCTION,Identity verification must be completed before account activation.,Global,Critical,v2.0
AML_01188,COUNTRY_RISK Rule 1188,COUNTRY_RISK,Customers from Myanmar must undergo enhanced verification.,USA,Critical,v3.0
AML_01189,SANCTION Rule 1189,SANCTION,Identity verification must be completed before account activation.,India,Low,v2.0
AML_01190,SANCTION Rule 1190,SANCTION,Suspicious activity reports must be filed for unusual behavior.,India,High,v1.0
AML_01191,SANCTION Rule 1191,SANCTION,Transactions inconsistent with customer profile should trigger AML review.,UK,Low,v4.0
AML_01192,CDD Rule 1192,CDD,Customers from high-risk countries require additional verification.,USA,Medium,v5.0
AML_01193,SANCTION Rule 1193,SANCTION,Politically Exposed Persons (PEPs) must undergo Enhanced Due Diligence (EDD).,India,Low,v3.0
AML_01194,COUNTRY_RISK Rule 1194,COUNTRY_RISK,Customers from North Korea must undergo enhanced verification.,Global,High,v2.0
AML_01195,ONBOARDING Rule 1195,ONBOARDING,Politically Exposed Persons (PEPs) must undergo Enhanced Due Diligence (EDD).,UK,Critical,v2.0
AML_01196,CDD Rule 1196,CDD,Customers from high-risk countries require additional verification.,Global,Low,v5.0
AML_01197,SANCTION Rule 1197,SANCTION,Identity verification must be completed before account activation.,UK,High,v2.0
AML_01198,ONBOARDING Rule 1198,ONBOARDING,Customers appearing on sanctions lists must be rejected immediately.,India,Medium,v4.0
AML_01199,PEP Rule 1199,PEP,Source of funds verification is mandatory for high-value customers.,USA,Critical,v2.0
AML_01200,EDD Rule 1200,EDD,Address proof must be verified during onboarding.,USA,Medium,v3.0
AML_01201,EDD Rule 1201,EDD,Transactions inconsistent with customer profile should trigger AML review.,India,Low,v1.0
AML_01202,ONBOARDING Rule 1202,ONBOARDING,Identity verification must be completed before account activation.,India,Low,v1.0
AML_01203,PEP Rule 1203,PEP,Address proof must be verified during onboarding.,USA,High,v5.0
AML_01204,ONBOARDING Rule 1204,ONBOARDING,Customers from high-risk countries require additional verification.,India,High,v3.0
AML_01205,ONBOARDING Rule 1205,ONBOARDING,Customers appearing on sanctions lists must be rejected immediately.,USA,Low,v2.0
AML_01206,COUNTRY_RISK Rule 1206,COUNTRY_RISK,Customers from Afghanistan must undergo enhanced verification.,Global,Low,v3.0
AML_01207,COUNTRY_RISK Rule 1207,COUNTRY_RISK,Customers from Myanmar must undergo enhanced verification.,India,High,v4.0
AML_01208,AML Rule 1208,AML,Beneficial ownership verification is required for business accounts.,UK,Critical,v2.0
AML_01209,CDD Rule 1209,CDD,Politically Exposed Persons (PEPs) must undergo Enhanced Due Diligence (EDD).,UK,High,v3.0
AML_01210,CDD Rule 1210,CDD,Customers appearing on sanctions lists must be rejected immediately.,UK,Critical,v4.0
AML_01211,AML Rule 1211,AML,Address proof must be verified during onboarding.,Global,Low,v1.0
AML_01212,SANCTION Rule 1212,SANCTION,Source of funds verification is mandatory for high-value customers.,USA,High,v3.0
AML_01213,EDD Rule 1213,EDD,Source of funds verification is mandatory for high-value customers.,USA,Low,v4.0
AML_01214,ONBOARDING Rule 1214,ONBOARDING,Identity verification must be completed before account activation.,India,High,v1.0
AML_01215,ONBOARDING Rule 1215,ONBOARDING,Address proof must be verified during onboarding.,USA,Medium,v4.0
AML_01216,PEP Rule 1216,PEP,Beneficial ownership verification is required for business accounts.,UK,High,v3.0
AML_01217,SANCTION Rule 1217,SANCTION,Transactions inconsistent with customer profile should trigger AML review.,UK,Low,v5.0
AML_01218,SANCTION Rule 1218,SANCTION,Customers appearing on sanctions lists must be rejected immediately.,USA,Critical,v5.0
AML_01219,CDD Rule 1219,CDD,Transactions inconsistent with customer profile should trigger AML review.,USA,High,v5.0
AML_01220,CDD Rule 1220,CDD,Address proof must be verified during onboarding.,India,Low,v3.0
AML_01221,EDD Rule 1221,EDD,Customers appearing on sanctions lists must be rejected immediately.,UK,Low,v3.0
AML_01222,PEP Rule 1222,PEP,Customers with incomplete documentation must be placed under manual review.,India,Critical,v2.0
AML_01223,CDD Rule 1223,CDD,Customers with incomplete documentation must be placed under manual review.,USA,Low,v3.0
AML_01224,COUNTRY_RISK Rule 1224,COUNTRY_RISK,Customers from Myanmar must undergo enhanced verification.,Global,High,v5.0
AML_01225,AML Rule 1225,AML,Transactions inconsistent with customer profile should trigger AML review.,India,High,v3.0
AML_01226,CDD Rule 1226,CDD,Politically Exposed Persons (PEPs) must undergo Enhanced Due Diligence (EDD).,UK,Critical,v3.0
AML_01227,ONBOARDING Rule 1227,ONBOARDING,Beneficial ownership verification is required for business accounts.,USA,Low,v2.0
AML_01228,SANCTION Rule 1228,SANCTION,Suspicious activity reports must be filed for unusual behavior.,UK,Critical,v1.0
AML_01229,SANCTION Rule 1229,SANCTION,Customers with incomplete documentation must be placed under manual review.,UK,Medium,v1.0
AML_01230,COUNTRY_RISK Rule 1230,COUNTRY_RISK,Customers from North Korea must undergo enhanced verification.,USA,Medium,v1.0
AML_01231,PEP Rule 1231,PEP,Customers from high-risk countries require additional verification.,UK,High,v2.0
AML_01232,PEP Rule 1232,PEP,Identity verification must be completed before account activation.,USA,Low,v5.0
AML_01233,PEP Rule 1233,PEP,Address proof must be verified during onboarding.,Global,Critical,v2.0
AML_01234,AML Rule 1234,AML,Suspicious activity reports must be filed for unusual behavior.,USA,Critical,v2.0
AML_01235,SANCTION Rule 1235,SANCTION,Customers from high-risk countries require additional verification.,UK,Low,v1.0
AML_01236,CDD Rule 1236,CDD,Suspicious activity reports must be filed for unusual behavior.,UK,Critical,v3.0
AML_01237,SANCTION Rule 1237,SANCTION,Politically Exposed Persons (PEPs) must undergo Enhanced Due Diligence (EDD).,India,Low,v5.0
AML_01238,ONBOARDING Rule 1238,ONBOARDING,Source of funds verification is mandatory for high-value customers.,USA,Low,v5.0
AML_01239,ONBOARDING Rule 1239,ONBOARDING,Customers with incomplete documentation must be placed under manual review.,India,High,v2.0
AML_01240,SANCTION Rule 1240,SANCTION,Customers with incomplete documentation must be placed under manual review.,UK,Low,v2.0
AML_01241,EDD Rule 1241,EDD,Beneficial ownership verification is required for business accounts.,India,Low,v1.0
AML_01242,PEP Rule 1242,PEP,Address proof must be verified during onboarding.,USA,Medium,v5.0
AML_01243,EDD Rule 1243,EDD,Source of funds verification is mandatory for high-value customers.,USA,Low,v1.0
AML_01244,PEP Rule 1244,PEP,Beneficial ownership verification is required for business accounts.,India,Low,v5.0
AML_01245,EDD Rule 1245,EDD,Address proof must be verified during onboarding.,India,Medium,v3.0
AML_01246,AML Rule 1246,AML,Source of funds verification is mandatory for high-value customers.,USA,Critical,v5.0
AML_01247,ONBOARDING Rule 1247,ONBOARDING,Customers with incomplete documentation must be placed under manual review.,UK,Critical,v3.0
AML_01248,SANCTION Rule 1248,SANCTION,Transactions inconsistent with customer profile should trigger AML review.,Global,Medium,v2.0
AML_01249,AML Rule 1249,AML,Beneficial ownership verification is required for business accounts.,Global,Medium,v1.0
AML_01250,CDD Rule 1250,CDD,Identity verification must be completed before account activation.,UK,Critical,v1.0
AML_01251,PEP Rule 1251,PEP,Suspicious activity reports must be filed for unusual behavior.,UK,Medium,v4.0
AML_01252,AML Rule 1252,AML,Source of funds verification is mandatory for high-value customers.,Global,High,v2.0
AML_01253,CDD Rule 1253,CDD,Customers with incomplete documentation must be placed under manual review.,Global,Medium,v1.0
AML_01254,AML Rule 1254,AML,Customers with incomplete documentation must be placed under manual review.,India,Medium,v1.0
AML_01255,EDD Rule 1255,EDD,Transactions inconsistent with customer profile should trigger AML review.,UK,Low,v3.0
AML_01256,AML Rule 1256,AML,Transactions inconsistent with customer profile should trigger AML review.,India,Critical,v4.0
AML_01257,COUNTRY_RISK Rule 1257,COUNTRY_RISK,Customers from Iran must undergo enhanced verification.,Global,Low,v3.0
AML_01258,AML Rule 1258,AML,Customers appearing on sanctions lists must be rejected immediately.,India,Critical,v1.0
AML_01259,EDD Rule 1259,EDD,Identity verification must be completed before account activation.,UK,Low,v5.0
AML_01260,AML Rule 1260,AML,Transactions inconsistent with customer profile should trigger AML review.,UK,High,v3.0
AML_01261,CDD Rule 1261,CDD,Source of funds verification is mandatory for high-value customers.,India,Medium,v2.0
AML_01262,EDD Rule 1262,EDD,Suspicious activity reports must be filed for unusual behavior.,Global,Critical,v3.0
AML_01263,PEP Rule 1263,PEP,Source of funds verification is mandatory for high-value customers.,Global,Critical,v5.0
AML_01264,EDD Rule 1264,EDD,Address proof must be verified during onboarding.,UK,Medium,v2.0
AML_01265,AML Rule 1265,AML,Source of funds verification is mandatory for high-value customers.,India,Low,v5.0
AML_01266,EDD Rule 1266,EDD,Beneficial ownership verification is required for business accounts.,Global,Low,v5.0
AML_01267,PEP Rule 1267,PEP,Customers from high-risk countries require additional verification.,Global,Low,v1.0
AML_01268,PEP Rule 1268,PEP,Identity verification must be completed before account activation.,USA,Critical,v3.0
AML_01269,ONBOARDING Rule 1269,ONBOARDING,Customers with incomplete documentation must be placed under manual review.,Global,Critical,v5.0
AML_01270,SANCTION Rule 1270,SANCTION,Beneficial ownership verification is required for business accounts.,Global,Critical,v4.0
AML_01271,SANCTION Rule 1271,SANCTION,Customers appearing on sanctions lists must be rejected immediately.,USA,Critical,v5.0
AML_01272,EDD Rule 1272,EDD,Suspicious activity reports must be filed for unusual behavior.,USA,Medium,v4.0
AML_01273,AML Rule 1273,AML,Politically Exposed Persons (PEPs) must undergo Enhanced Due Diligence (EDD).,UK,Medium,v3.0
AML_01274,PEP Rule 1274,PEP,Identity verification must be completed before account activation.,USA,Low,v5.0
AML_01275,ONBOARDING Rule 1275,ONBOARDING,Customers appearing on sanctions lists must be rejected immediately.,Global,Low,v3.0
AML_01276,COUNTRY_RISK Rule 1276,COUNTRY_RISK,Customers from North Korea must undergo enhanced verification.,Global,Low,v3.0
AML_01277,PEP Rule 1277,PEP,Politically Exposed Persons (PEPs) must undergo Enhanced Due Diligence (EDD).,India,Low,v2.0
AML_01278,PEP Rule 1278,PEP,Customers appearing on sanctions lists must be rejected immediately.,India,Critical,v4.0
AML_01279,COUNTRY_RISK Rule 1279,COUNTRY_RISK,Customers from Afghanistan must undergo enhanced verification.,India,Critical,v1.0
AML_01280,EDD Rule 1280,EDD,Customers with incomplete documentation must be placed under manual review.,Global,Medium,v5.0
AML_01281,EDD Rule 1281,EDD,Customers appearing on sanctions lists must be rejected immediately.,Global,High,v3.0
AML_01282,ONBOARDING Rule 1282,ONBOARDING,Transactions inconsistent with customer profile should trigger AML review.,Global,Low,v4.0
AML_01283,ONBOARDING Rule 1283,ONBOARDING,Customers with incomplete documentation must be placed under manual review.,USA,Critical,v4.0
AML_01284,SANCTION Rule 1284,SANCTION,Identity verification must be completed before account activation.,India,Critical,v2.0
AML_01285,EDD Rule 1285,EDD,Politically Exposed Persons (PEPs) must undergo Enhanced Due Diligence (EDD).,USA,High,v1.0
AML_01286,ONBOARDING Rule 1286,ONBOARDING,Transactions inconsistent with customer profile should trigger AML review.,Global,Low,v3.0
AML_01287,AML Rule 1287,AML,Customers with incomplete documentation must be placed under manual review.,UK,Medium,v1.0
AML_01288,SANCTION Rule 1288,SANCTION,Customers from high-risk countries require additional verification.,India,High,v2.0
AML_01289,SANCTION Rule 1289,SANCTION,Suspicious activity reports must be filed for unusual behavior.,USA,Low,v3.0
AML_01290,ONBOARDING Rule 1290,ONBOARDING,Transactions inconsistent with customer profile should trigger AML review.,UK,High,v5.0
AML_01291,CDD Rule 1291,CDD,Customers from high-risk countries require additional verification.,India,Critical,v5.0
AML_01292,EDD Rule 1292,EDD,Politically Exposed Persons (PEPs) must undergo Enhanced Due Diligence (EDD).,USA,High,v5.0
AML_01293,EDD Rule 1293,EDD,Politically Exposed Persons (PEPs) must undergo Enhanced Due Diligence (EDD).,UK,Low,v1.0
AML_01294,AML Rule 1294,AML,Transactions inconsistent with customer profile should trigger AML review.,UK,Medium,v1.0
AML_01295,EDD Rule 1295,EDD,Customers with incomplete documentation must be placed under manual review.,USA,Medium,v4.0
AML_01296,COUNTRY_RISK Rule 1296,COUNTRY_RISK,Customers from North Korea must undergo enhanced verification.,Global,Medium,v4.0
AML_01297,EDD Rule 1297,EDD,Politically Exposed Persons (PEPs) must undergo Enhanced Due Diligence (EDD).,USA,High,v4.0
AML_01298,SANCTION Rule 1298,SANCTION,Source of funds verification is mandatory for high-value customers.,USA,Low,v1.0
AML_01299,PEP Rule 1299,PEP,Customers from high-risk countries require additional verification.,India,Medium,v5.0
AML_01300,AML Rule 1300,AML,Transactions inconsistent with customer profile should trigger AML review.,USA,High,v3.0
AML_01301,ONBOARDING Rule 1301,ONBOARDING,Suspicious activity reports must be filed for unusual behavior.,Global,Low,v5.0
AML_01302,SANCTION Rule 1302,SANCTION,Source of funds verification is mandatory for high-value customers.,UK,High,v1.0
AML_01303,CDD Rule 1303,CDD,Source of funds verification is mandatory for high-value customers.,USA,High,v3.0
AML_01304,CDD Rule 1304,CDD,Identity verification must be completed before account activation.,UK,Low,v1.0
AML_01305,AML Rule 1305,AML,Suspicious activity reports must be filed for unusual behavior.,India,Low,v4.0
AML_01306,ONBOARDING Rule 1306,ONBOARDING,Address proof must be verified during onboarding.,UK,High,v4.0
AML_01307,EDD Rule 1307,EDD,Politically Exposed Persons (PEPs) must undergo Enhanced Due Diligence (EDD).,Global,Critical,v2.0
AML_01308,AML Rule 1308,AML,Identity verification must be completed before account activation.,India,Medium,v2.0
AML_01309,COUNTRY_RISK Rule 1309,COUNTRY_RISK,Customers from Afghanistan must undergo enhanced verification.,USA,Critical,v4.0
AML_01310,EDD Rule 1310,EDD,Source of funds verification is mandatory for high-value customers.,India,Medium,v1.0
AML_01311,EDD Rule 1311,EDD,Address proof must be verified during onboarding.,Global,High,v1.0
AML_01312,AML Rule 1312,AML,Address proof must be verified during onboarding.,USA,Low,v4.0
AML_01313,PEP Rule 1313,PEP,Beneficial ownership verification is required for business accounts.,Global,High,v1.0
AML_01314,EDD Rule 1314,EDD,Beneficial ownership verification is required for business accounts.,India,Low,v5.0
AML_01315,EDD Rule 1315,EDD,Customers with incomplete documentation must be placed under manual review.,Global,Low,v1.0
AML_01316,SANCTION Rule 1316,SANCTION,Transactions inconsistent with customer profile should trigger AML review.,Global,Low,v1.0
AML_01317,CDD Rule 1317,CDD,Source of funds verification is mandatory for high-value customers.,USA,Critical,v1.0
AML_01318,COUNTRY_RISK Rule 1318,COUNTRY_RISK,Customers from Syria must undergo enhanced verification.,Global,Medium,v2.0
AML_01319,AML Rule 1319,AML,Identity verification must be completed before account activation.,USA,Critical,v3.0
AML_01320,PEP Rule 1320,PEP,Transactions inconsistent with customer profile should trigger AML review.,USA,High,v2.0
AML_01321,AML Rule 1321,AML,Politically Exposed Persons (PEPs) must undergo Enhanced Due Diligence (EDD).,UK,Critical,v5.0
AML_01322,CDD Rule 1322,CDD,Customers appearing on sanctions lists must be rejected immediately.,Global,Low,v5.0
AML_01323,ONBOARDING Rule 1323,ONBOARDING,Customers appearing on sanctions lists must be rejected immediately.,UK,Low,v1.0
AML_01324,PEP Rule 1324,PEP,Customers from high-risk countries require additional verification.,India,Medium,v4.0
AML_01325,AML Rule 1325,AML,Politically Exposed Persons (PEPs) must undergo Enhanced Due Diligence (EDD).,India,Critical,v5.0
AML_01326,AML Rule 1326,AML,Customers appearing on sanctions lists must be rejected immediately.,UK,Critical,v2.0
AML_01327,AML Rule 1327,AML,Identity verification must be completed before account activation.,USA,Low,v5.0
AML_01328,SANCTION Rule 1328,SANCTION,Beneficial ownership verification is required for business accounts.,UK,High,v4.0
AML_01329,AML Rule 1329,AML,Source of funds verification is mandatory for high-value customers.,India,Medium,v5.0
AML_01330,CDD Rule 1330,CDD,Customers with incomplete documentation must be placed under manual review.,UK,Critical,v5.0
AML_01331,PEP Rule 1331,PEP,Customers with incomplete documentation must be placed under manual review.,India,High,v1.0
AML_01332,EDD Rule 1332,EDD,Source of funds verification is mandatory for high-value customers.,India,Critical,v2.0
AML_01333,ONBOARDING Rule 1333,ONBOARDING,Politically Exposed Persons (PEPs) must undergo Enhanced Due Diligence (EDD).,Global,Low,v5.0
AML_01334,EDD Rule 1334,EDD,Customers appearing on sanctions lists must be rejected immediately.,India,Low,v1.0
AML_01335,CDD Rule 1335,CDD,Address proof must be verified during onboarding.,India,High,v1.0
AML_01336,COUNTRY_RISK Rule 1336,COUNTRY_RISK,Customers from Myanmar must undergo enhanced verification.,UK,Low,v1.0
AML_01337,ONBOARDING Rule 1337,ONBOARDING,Politically Exposed Persons (PEPs) must undergo Enhanced Due Diligence (EDD).,India,Medium,v3.0
AML_01338,EDD Rule 1338,EDD,Customers with incomplete documentation must be placed under manual review.,India,Medium,v5.0
AML_01339,EDD Rule 1339,EDD,Identity verification must be completed before account activation.,Global,Critical,v3.0
AML_01340,ONBOARDING Rule 1340,ONBOARDING,Beneficial ownership verification is required for business accounts.,Global,Critical,v2.0
AML_01341,COUNTRY_RISK Rule 1341,COUNTRY_RISK,Customers from Iran must undergo enhanced verification.,India,High,v4.0
AML_01342,EDD Rule 1342,EDD,Identity verification must be completed before account activation.,Global,Medium,v1.0
AML_01343,AML Rule 1343,AML,Source of funds verification is mandatory for high-value customers.,India,Critical,v4.0
AML_01344,ONBOARDING Rule 1344,ONBOARDING,Address proof must be verified during onboarding.,UK,High,v2.0
AML_01345,SANCTION Rule 1345,SANCTION,Politically Exposed Persons (PEPs) must undergo Enhanced Due Diligence (EDD).,USA,Critical,v1.0
AML_01346,AML Rule 1346,AML,Address proof must be verified during onboarding.,USA,Low,v4.0
AML_01347,CDD Rule 1347,CDD,Source of funds verification is mandatory for high-value customers.,UK,Low,v2.0
AML_01348,AML Rule 1348,AML,Beneficial ownership verification is required for business accounts.,UK,Medium,v3.0
AML_01349,ONBOARDING Rule 1349,ONBOARDING,Transactions inconsistent with customer profile should trigger AML review.,India,Low,v5.0
AML_01350,AML Rule 1350,AML,Beneficial ownership verification is required for business accounts.,Global,Low,v5.0
AML_01351,SANCTION Rule 1351,SANCTION,Transactions inconsistent with customer profile should trigger AML review.,India,High,v4.0
AML_01352,PEP Rule 1352,PEP,Beneficial ownership verification is required for business accounts.,UK,Medium,v3.0
AML_01353,PEP Rule 1353,PEP,Customers appearing on sanctions lists must be rejected immediately.,USA,Low,v3.0
AML_01354,COUNTRY_RISK Rule 1354,COUNTRY_RISK,Customers from North Korea must undergo enhanced verification.,UK,Medium,v4.0
AML_01355,CDD Rule 1355,CDD,Suspicious activity reports must be filed for unusual behavior.,UK,Low,v2.0
AML_01356,AML Rule 1356,AML,Identity verification must be completed before account activation.,USA,Medium,v1.0
AML_01357,CDD Rule 1357,CDD,Customers from high-risk countries require additional verification.,USA,High,v4.0
AML_01358,CDD Rule 1358,CDD,Customers from high-risk countries require additional verification.,Global,Medium,v1.0
AML_01359,AML Rule 1359,AML,Address proof must be verified during onboarding.,USA,Critical,v5.0
AML_01360,SANCTION Rule 1360,SANCTION,Address proof must be verified during onboarding.,Global,Medium,v3.0
AML_01361,CDD Rule 1361,CDD,Politically Exposed Persons (PEPs) must undergo Enhanced Due Diligence (EDD).,UK,Low,v2.0
AML_01362,AML Rule 1362,AML,Transactions inconsistent with customer profile should trigger AML review.,UK,Critical,v4.0
AML_01363,CDD Rule 1363,CDD,Beneficial ownership verification is required for business accounts.,India,Medium,v2.0
AML_01364,EDD Rule 1364,EDD,Customers from high-risk countries require additional verification.,Global,Medium,v2.0
AML_01365,PEP Rule 1365,PEP,Beneficial ownership verification is required for business accounts.,India,Medium,v3.0
AML_01366,AML Rule 1366,AML,Customers appearing on sanctions lists must be rejected immediately.,Global,Medium,v3.0
AML_01367,SANCTION Rule 1367,SANCTION,Identity verification must be completed before account activation.,Global,Critical,v5.0
AML_01368,ONBOARDING Rule 1368,ONBOARDING,Beneficial ownership verification is required for business accounts.,India,Low,v1.0
AML_01369,EDD Rule 1369,EDD,Beneficial ownership verification is required for business accounts.,UK,High,v1.0
AML_01370,COUNTRY_RISK Rule 1370,COUNTRY_RISK,Customers from Iran must undergo enhanced verification.,Global,High,v4.0
AML_01371,ONBOARDING Rule 1371,ONBOARDING,Beneficial ownership verification is required for business accounts.,India,Critical,v2.0
AML_01372,SANCTION Rule 1372,SANCTION,Beneficial ownership verification is required for business accounts.,UK,Medium,v1.0
AML_01373,AML Rule 1373,AML,Suspicious activity reports must be filed for unusual behavior.,India,Low,v5.0
AML_01374,SANCTION Rule 1374,SANCTION,Address proof must be verified during onboarding.,UK,Low,v4.0
AML_01375,PEP Rule 1375,PEP,Address proof must be verified during onboarding.,UK,Critical,v1.0
AML_01376,SANCTION Rule 1376,SANCTION,Beneficial ownership verification is required for business accounts.,India,Critical,v2.0
AML_01377,SANCTION Rule 1377,SANCTION,Customers with incomplete documentation must be placed under manual review.,India,High,v5.0
AML_01378,CDD Rule 1378,CDD,Transactions inconsistent with customer profile should trigger AML review.,UK,Medium,v5.0
AML_01379,PEP Rule 1379,PEP,Transactions inconsistent with customer profile should trigger AML review.,USA,Medium,v1.0
AML_01380,SANCTION Rule 1380,SANCTION,Beneficial ownership verification is required for business accounts.,USA,Medium,v5.0
AML_01381,ONBOARDING Rule 1381,ONBOARDING,Identity verification must be completed before account activation.,India,Medium,v3.0
AML_01382,CDD Rule 1382,CDD,Beneficial ownership verification is required for business accounts.,Global,High,v5.0
AML_01383,SANCTION Rule 1383,SANCTION,Customers from high-risk countries require additional verification.,USA,High,v3.0
AML_01384,SANCTION Rule 1384,SANCTION,Customers appearing on sanctions lists must be rejected immediately.,UK,Low,v2.0
AML_01385,SANCTION Rule 1385,SANCTION,Customers from high-risk countries require additional verification.,UK,Medium,v4.0
AML_01386,AML Rule 1386,AML,Politically Exposed Persons (PEPs) must undergo Enhanced Due Diligence (EDD).,UK,Medium,v3.0
AML_01387,COUNTRY_RISK Rule 1387,COUNTRY_RISK,Customers from Iran must undergo enhanced verification.,USA,Low,v3.0
AML_01388,PEP Rule 1388,PEP,Address proof must be verified during onboarding.,USA,Low,v5.0
AML_01389,SANCTION Rule 1389,SANCTION,Address proof must be verified during onboarding.,UK,Critical,v5.0
AML_01390,EDD Rule 1390,EDD,Beneficial ownership verification is required for business accounts.,USA,Medium,v2.0
AML_01391,SANCTION Rule 1391,SANCTION,Transactions inconsistent with customer profile should trigger AML review.,UK,Low,v5.0
AML_01392,PEP Rule 1392,PEP,Customers appearing on sanctions lists must be rejected immediately.,UK,Medium,v4.0
AML_01393,EDD Rule 1393,EDD,Customers with incomplete documentation must be placed under manual review.,USA,Critical,v4.0
AML_01394,PEP Rule 1394,PEP,Politically Exposed Persons (PEPs) must undergo Enhanced Due Diligence (EDD).,Global,Low,v5.0
AML_01395,AML Rule 1395,AML,Customers appearing on sanctions lists must be rejected immediately.,India,Medium,v5.0
AML_01396,EDD Rule 1396,EDD,Customers appearing on sanctions lists must be rejected immediately.,India,High,v3.0
AML_01397,COUNTRY_RISK Rule 1397,COUNTRY_RISK,Customers from Iran must undergo enhanced verification.,India,Low,v1.0
AML_01398,CDD Rule 1398,CDD,Suspicious activity reports must be filed for unusual behavior.,Global,Low,v2.0
AML_01399,AML Rule 1399,AML,Politically Exposed Persons (PEPs) must undergo Enhanced Due Diligence (EDD).,USA,Critical,v4.0
AML_01400,AML Rule 1400,AML,Customers with incomplete documentation must be placed under manual review.,Global,Low,v4.0
AML_01401,ONBOARDING Rule 1401,ONBOARDING,Address proof must be verified during onboarding.,USA,High,v2.0
AML_01402,SANCTION Rule 1402,SANCTION,Transactions inconsistent with customer profile should trigger AML review.,Global,Critical,v5.0
AML_01403,CDD Rule 1403,CDD,Identity verification must be completed before account activation.,India,Critical,v4.0
AML_01404,AML Rule 1404,AML,Address proof must be verified during onboarding.,USA,Medium,v5.0
AML_01405,EDD Rule 1405,EDD,Beneficial ownership verification is required for business accounts.,India,Medium,v3.0
AML_01406,CDD Rule 1406,CDD,Source of funds verification is mandatory for high-value customers.,Global,Medium,v3.0
AML_01407,CDD Rule 1407,CDD,Customers from high-risk countries require additional verification.,UK,High,v1.0
AML_01408,AML Rule 1408,AML,Source of funds verification is mandatory for high-value customers.,UK,Critical,v5.0
AML_01409,ONBOARDING Rule 1409,ONBOARDING,Identity verification must be completed before account activation.,USA,Low,v1.0
AML_01410,ONBOARDING Rule 1410,ONBOARDING,Address proof must be verified during onboarding.,India,Low,v4.0
AML_01411,PEP Rule 1411,PEP,Beneficial ownership verification is required for business accounts.,India,High,v3.0
AML_01412,ONBOARDING Rule 1412,ONBOARDING,Source of funds verification is mandatory for high-value customers.,Global,Medium,v4.0
AML_01413,EDD Rule 1413,EDD,Beneficial ownership verification is required for business accounts.,UK,Critical,v4.0
AML_01414,COUNTRY_RISK Rule 1414,COUNTRY_RISK,Customers from North Korea must undergo enhanced verification.,UK,Critical,v3.0
AML_01415,CDD Rule 1415,CDD,Transactions inconsistent with customer profile should trigger AML review.,USA,Low,v5.0
AML_01416,COUNTRY_RISK Rule 1416,COUNTRY_RISK,Customers from North Korea must undergo enhanced verification.,Global,Low,v2.0
AML_01417,EDD Rule 1417,EDD,Customers with incomplete documentation must be placed under manual review.,USA,Critical,v1.0
AML_01418,EDD Rule 1418,EDD,Transactions inconsistent with customer profile should trigger AML review.,USA,Medium,v3.0
AML_01419,AML Rule 1419,AML,Transactions inconsistent with customer profile should trigger AML review.,Global,Critical,v2.0
AML_01420,SANCTION Rule 1420,SANCTION,Beneficial ownership verification is required for business accounts.,UK,Low,v2.0
AML_01421,EDD Rule 1421,EDD,Identity verification must be completed before account activation.,India,Medium,v3.0
AML_01422,CDD Rule 1422,CDD,Customers from high-risk countries require additional verification.,USA,High,v5.0
AML_01423,SANCTION Rule 1423,SANCTION,Transactions inconsistent with customer profile should trigger AML review.,Global,Low,v2.0
AML_01424,CDD Rule 1424,CDD,Suspicious activity reports must be filed for unusual behavior.,Global,Critical,v1.0
AML_01425,PEP Rule 1425,PEP,Source of funds verification is mandatory for high-value customers.,India,Low,v1.0
AML_01426,SANCTION Rule 1426,SANCTION,Transactions inconsistent with customer profile should trigger AML review.,USA,Low,v5.0
AML_01427,CDD Rule 1427,CDD,Source of funds verification is mandatory for high-value customers.,India,High,v3.0
AML_01428,EDD Rule 1428,EDD,Source of funds verification is mandatory for high-value customers.,Global,Low,v1.0
AML_01429,SANCTION Rule 1429,SANCTION,Beneficial ownership verification is required for business accounts.,Global,Critical,v2.0
AML_01430,CDD Rule 1430,CDD,Customers with incomplete documentation must be placed under manual review.,UK,Medium,v2.0
AML_01431,EDD Rule 1431,EDD,Address proof must be verified during onboarding.,India,High,v3.0
AML_01432,CDD Rule 1432,CDD,Transactions inconsistent with customer profile should trigger AML review.,UK,High,v2.0
AML_01433,PEP Rule 1433,PEP,Politically Exposed Persons (PEPs) must undergo Enhanced Due Diligence (EDD).,India,Medium,v2.0
AML_01434,EDD Rule 1434,EDD,Customers appearing on sanctions lists must be rejected immediately.,Global,High,v2.0
AML_01435,SANCTION Rule 1435,SANCTION,Customers from high-risk countries require additional verification.,UK,Medium,v2.0
AML_01436,COUNTRY_RISK Rule 1436,COUNTRY_RISK,Customers from Iran must undergo enhanced verification.,India,Low,v3.0
AML_01437,AML Rule 1437,AML,Address proof must be verified during onboarding.,India,Medium,v1.0
AML_01438,PEP Rule 1438,PEP,Source of funds verification is mandatory for high-value customers.,India,Low,v1.0
AML_01439,COUNTRY_RISK Rule 1439,COUNTRY_RISK,Customers from North Korea must undergo enhanced verification.,UK,Low,v2.0
AML_01440,EDD Rule 1440,EDD,Suspicious activity reports must be filed for unusual behavior.,Global,High,v1.0
AML_01441,ONBOARDING Rule 1441,ONBOARDING,Suspicious activity reports must be filed for unusual behavior.,India,Medium,v4.0
AML_01442,AML Rule 1442,AML,Customers from high-risk countries require additional verification.,USA,Critical,v5.0
AML_01443,AML Rule 1443,AML,Suspicious activity reports must be filed for unusual behavior.,USA,Low,v5.0
AML_01444,COUNTRY_RISK Rule 1444,COUNTRY_RISK,Customers from North Korea must undergo enhanced verification.,USA,Low,v5.0
AML_01445,ONBOARDING Rule 1445,ONBOARDING,Politically Exposed Persons (PEPs) must undergo Enhanced Due Diligence (EDD).,UK,Medium,v5.0
AML_01446,SANCTION Rule 1446,SANCTION,Address proof must be verified during onboarding.,USA,Medium,v3.0
AML_01447,PEP Rule 1447,PEP,Suspicious activity reports must be filed for unusual behavior.,USA,High,v2.0
AML_01448,ONBOARDING Rule 1448,ONBOARDING,Customers from high-risk countries require additional verification.,UK,High,v1.0
AML_01449,ONBOARDING Rule 1449,ONBOARDING,Identity verification must be completed before account activation.,UK,Medium,v4.0
AML_01450,SANCTION Rule 1450,SANCTION,Address proof must be verified during onboarding.,India,High,v3.0
AML_01451,COUNTRY_RISK Rule 1451,COUNTRY_RISK,Customers from Syria must undergo enhanced verification.,UK,High,v2.0
AML_01452,AML Rule 1452,AML,Customers appearing on sanctions lists must be rejected immediately.,USA,High,v1.0
AML_01453,SANCTION Rule 1453,SANCTION,Politically Exposed Persons (PEPs) must undergo Enhanced Due Diligence (EDD).,Global,Critical,v3.0
AML_01454,COUNTRY_RISK Rule 1454,COUNTRY_RISK,Customers from Iran must undergo enhanced verification.,India,Critical,v2.0
AML_01455,PEP Rule 1455,PEP,Address proof must be verified during onboarding.,USA,High,v1.0
AML_01456,ONBOARDING Rule 1456,ONBOARDING,Customers appearing on sanctions lists must be rejected immediately.,UK,Critical,v2.0
AML_01457,CDD Rule 1457,CDD,Transactions inconsistent with customer profile should trigger AML review.,Global,Critical,v2.0
AML_01458,COUNTRY_RISK Rule 1458,COUNTRY_RISK,Customers from Syria must undergo enhanced verification.,India,Low,v5.0
AML_01459,PEP Rule 1459,PEP,Identity verification must be completed before account activation.,USA,Critical,v2.0
AML_01460,CDD Rule 1460,CDD,Customers from high-risk countries require additional verification.,India,Low,v5.0
AML_01461,COUNTRY_RISK Rule 1461,COUNTRY_RISK,Customers from Myanmar must undergo enhanced verification.,Global,High,v1.0
AML_01462,AML Rule 1462,AML,Suspicious activity reports must be filed for unusual behavior.,India,Low,v1.0
AML_01463,PEP Rule 1463,PEP,Source of funds verification is mandatory for high-value customers.,USA,Critical,v4.0
AML_01464,AML Rule 1464,AML,Customers from high-risk countries require additional verification.,UK,High,v4.0
AML_01465,ONBOARDING Rule 1465,ONBOARDING,Beneficial ownership verification is required for business accounts.,UK,Low,v4.0
AML_01466,EDD Rule 1466,EDD,Source of funds verification is mandatory for high-value customers.,UK,Medium,v3.0
AML_01467,EDD Rule 1467,EDD,Suspicious activity reports must be filed for unusual behavior.,UK,Medium,v5.0
AML_01468,COUNTRY_RISK Rule 1468,COUNTRY_RISK,Customers from Afghanistan must undergo enhanced verification.,India,Critical,v5.0
AML_01469,EDD Rule 1469,EDD,Address proof must be verified during onboarding.,UK,Critical,v2.0
AML_01470,CDD Rule 1470,CDD,Suspicious activity reports must be filed for unusual behavior.,UK,Medium,v2.0
AML_01471,ONBOARDING Rule 1471,ONBOARDING,Source of funds verification is mandatory for high-value customers.,India,Medium,v5.0
AML_01472,ONBOARDING Rule 1472,ONBOARDING,Customers with incomplete documentation must be placed under manual review.,India,Critical,v5.0
AML_01473,CDD Rule 1473,CDD,Beneficial ownership verification is required for business accounts.,Global,Low,v3.0
AML_01474,EDD Rule 1474,EDD,Politically Exposed Persons (PEPs) must undergo Enhanced Due Diligence (EDD).,India,Critical,v4.0
AML_01475,AML Rule 1475,AML,Suspicious activity reports must be filed for unusual behavior.,Global,Low,v3.0
AML_01476,EDD Rule 1476,EDD,Source of funds verification is mandatory for high-value customers.,Global,Critical,v5.0
AML_01477,AML Rule 1477,AML,Politically Exposed Persons (PEPs) must undergo Enhanced Due Diligence (EDD).,Global,High,v1.0
AML_01478,AML Rule 1478,AML,Politically Exposed Persons (PEPs) must undergo Enhanced Due Diligence (EDD).,Global,High,v3.0
AML_01479,EDD Rule 1479,EDD,Source of funds verification is mandatory for high-value customers.,India,Medium,v1.0
AML_01480,PEP Rule 1480,PEP,Politically Exposed Persons (PEPs) must undergo Enhanced Due Diligence (EDD).,UK,High,v2.0
AML_01481,PEP Rule 1481,PEP,Address proof must be verified during onboarding.,Global,Low,v5.0
AML_01482,PEP Rule 1482,PEP,Politically Exposed Persons (PEPs) must undergo Enhanced Due Diligence (EDD).,UK,Medium,v4.0
AML_01483,PEP Rule 1483,PEP,Source of funds verification is mandatory for high-value customers.,UK,Medium,v5.0
AML_01484,CDD Rule 1484,CDD,Source of funds verification is mandatory for high-value customers.,UK,Critical,v2.0
AML_01485,CDD Rule 1485,CDD,Customers appearing on sanctions lists must be rejected immediately.,India,Medium,v2.0
AML_01486,EDD Rule 1486,EDD,Identity verification must be completed before account activation.,India,High,v2.0
AML_01487,CDD Rule 1487,CDD,Beneficial ownership verification is required for business accounts.,USA,Medium,v1.0
AML_01488,SANCTION Rule 1488,SANCTION,Beneficial ownership verification is required for business accounts.,India,High,v3.0
AML_01489,COUNTRY_RISK Rule 1489,COUNTRY_RISK,Customers from Myanmar must undergo enhanced verification.,USA,Critical,v5.0
AML_01490,ONBOARDING Rule 1490,ONBOARDING,Suspicious activity reports must be filed for unusual behavior.,Global,Low,v2.0
AML_01491,ONBOARDING Rule 1491,ONBOARDING,Source of funds verification is mandatory for high-value customers.,USA,Low,v3.0
AML_01492,CDD Rule 1492,CDD,Customers appearing on sanctions lists must be rejected immediately.,India,Medium,v5.0
AML_01493,CDD Rule 1493,CDD,Customers with incomplete documentation must be placed under manual review.,India,Medium,v4.0
AML_01494,ONBOARDING Rule 1494,ONBOARDING,Customers appearing on sanctions lists must be rejected immediately.,USA,Low,v3.0
AML_01495,PEP Rule 1495,PEP,Customers with incomplete documentation must be placed under manual review.,UK,Critical,v5.0
AML_01496,EDD Rule 1496,EDD,Identity verification must be completed before account activation.,India,Medium,v1.0
AML_01497,CDD Rule 1497,CDD,Source of funds verification is mandatory for high-value customers.,India,High,v2.0
AML_01498,CDD Rule 1498,CDD,Address proof must be verified during onboarding.,USA,Critical,v2.0
AML_01499,CDD Rule 1499,CDD,Customers appearing on sanctions lists must be rejected immediately.,India,Critical,v3.0
AML_01500,COUNTRY_RISK Rule 1500,COUNTRY_RISK,Customers from Syria must undergo enhanced verification.,USA,Critical,v4.0
AML_01501,CDD Rule 1501,CDD,Address proof must be verified during onboarding.,UK,High,v4.0
AML_01502,PEP Rule 1502,PEP,Transactions inconsistent with customer profile should trigger AML review.,India,Critical,v2.0
AML_01503,CDD Rule 1503,CDD,Source of funds verification is mandatory for high-value customers.,UK,Critical,v1.0
AML_01504,ONBOARDING Rule 1504,ONBOARDING,Suspicious activity reports must be filed for unusual behavior.,India,Critical,v5.0
AML_01505,CDD Rule 1505,CDD,Customers from high-risk countries require additional verification.,India,High,v5.0
AML_01506,SANCTION Rule 1506,SANCTION,Customers from high-risk countries require additional verification.,USA,Medium,v2.0
AML_01507,CDD Rule 1507,CDD,Politically Exposed Persons (PEPs) must undergo Enhanced Due Diligence (EDD).,USA,Medium,v2.0
AML_01508,PEP Rule 1508,PEP,Customers with incomplete documentation must be placed under manual review.,India,Low,v2.0
AML_01509,PEP Rule 1509,PEP,Transactions inconsistent with customer profile should trigger AML review.,USA,Critical,v3.0
AML_01510,CDD Rule 1510,CDD,Customers with incomplete documentation must be placed under manual review.,UK,High,v5.0
AML_01511,COUNTRY_RISK Rule 1511,COUNTRY_RISK,Customers from Iran must undergo enhanced verification.,UK,Medium,v4.0
AML_01512,PEP Rule 1512,PEP,Identity verification must be completed before account activation.,USA,Low,v2.0
AML_01513,CDD Rule 1513,CDD,Politically Exposed Persons (PEPs) must undergo Enhanced Due Diligence (EDD).,UK,Low,v4.0
AML_01514,EDD Rule 1514,EDD,Identity verification must be completed before account activation.,India,Critical,v1.0
AML_01515,ONBOARDING Rule 1515,ONBOARDING,Address proof must be verified during onboarding.,UK,Critical,v4.0
AML_01516,SANCTION Rule 1516,SANCTION,Identity verification must be completed before account activation.,India,Low,v2.0
AML_01517,EDD Rule 1517,EDD,Suspicious activity reports must be filed for unusual behavior.,Global,Medium,v3.0
AML_01518,AML Rule 1518,AML,Customers with incomplete documentation must be placed under manual review.,UK,Medium,v2.0
AML_01519,CDD Rule 1519,CDD,Identity verification must be completed before account activation.,USA,High,v5.0
AML_01520,SANCTION Rule 1520,SANCTION,Source of funds verification is mandatory for high-value customers.,USA,Low,v3.0
AML_01521,ONBOARDING Rule 1521,ONBOARDING,Suspicious activity reports must be filed for unusual behavior.,USA,Low,v2.0
AML_01522,EDD Rule 1522,EDD,Customers with incomplete documentation must be placed under manual review.,Global,Low,v1.0
AML_01523,PEP Rule 1523,PEP,Beneficial ownership verification is required for business accounts.,Global,Critical,v5.0
AML_01524,EDD Rule 1524,EDD,Customers from high-risk countries require additional verification.,Global,Medium,v5.0
AML_01525,EDD Rule 1525,EDD,Politically Exposed Persons (PEPs) must undergo Enhanced Due Diligence (EDD).,Global,High,v3.0
AML_01526,EDD Rule 1526,EDD,Source of funds verification is mandatory for high-value customers.,USA,Medium,v3.0
AML_01527,AML Rule 1527,AML,Source of funds verification is mandatory for high-value customers.,UK,Critical,v5.0
AML_01528,PEP Rule 1528,PEP,Transactions inconsistent with customer profile should trigger AML review.,UK,High,v4.0
AML_01529,CDD Rule 1529,CDD,Transactions inconsistent with customer profile should trigger AML review.,India,Critical,v3.0
AML_01530,SANCTION Rule 1530,SANCTION,Customers appearing on sanctions lists must be rejected immediately.,Global,Critical,v1.0
AML_01531,EDD Rule 1531,EDD,Source of funds verification is mandatory for high-value customers.,UK,Low,v3.0
AML_01532,CDD Rule 1532,CDD,Address proof must be verified during onboarding.,India,High,v2.0
AML_01533,PEP Rule 1533,PEP,Source of funds verification is mandatory for high-value customers.,Global,High,v5.0
AML_01534,PEP Rule 1534,PEP,Source of funds verification is mandatory for high-value customers.,Global,Low,v4.0
AML_01535,AML Rule 1535,AML,Transactions inconsistent with customer profile should trigger AML review.,India,Medium,v5.0
AML_01536,PEP Rule 1536,PEP,Politically Exposed Persons (PEPs) must undergo Enhanced Due Diligence (EDD).,USA,Low,v5.0
AML_01537,PEP Rule 1537,PEP,Beneficial ownership verification is required for business accounts.,Global,Critical,v3.0
AML_01538,ONBOARDING Rule 1538,ONBOARDING,Beneficial ownership verification is required for business accounts.,Global,High,v1.0
AML_01539,ONBOARDING Rule 1539,ONBOARDING,Customers appearing on sanctions lists must be rejected immediately.,USA,Low,v5.0
AML_01540,AML Rule 1540,AML,Beneficial ownership verification is required for business accounts.,UK,Critical,v5.0
AML_01541,AML Rule 1541,AML,Politically Exposed Persons (PEPs) must undergo Enhanced Due Diligence (EDD).,USA,Medium,v4.0
AML_01542,EDD Rule 1542,EDD,Customers with incomplete documentation must be placed under manual review.,India,Medium,v4.0
AML_01543,AML Rule 1543,AML,Source of funds verification is mandatory for high-value customers.,India,Medium,v3.0
AML_01544,CDD Rule 1544,CDD,Transactions inconsistent with customer profile should trigger AML review.,India,Medium,v2.0
AML_01545,EDD Rule 1545,EDD,Address proof must be verified during onboarding.,UK,Low,v4.0
AML_01546,CDD Rule 1546,CDD,Customers appearing on sanctions lists must be rejected immediately.,UK,Medium,v5.0
AML_01547,ONBOARDING Rule 1547,ONBOARDING,Beneficial ownership verification is required for business accounts.,UK,Low,v1.0
AML_01548,ONBOARDING Rule 1548,ONBOARDING,Identity verification must be completed before account activation.,Global,Low,v2.0
AML_01549,COUNTRY_RISK Rule 1549,COUNTRY_RISK,Customers from Myanmar must undergo enhanced verification.,Global,High,v4.0
AML_01550,PEP Rule 1550,PEP,Source of funds verification is mandatory for high-value customers.,Global,Low,v5.0
AML_01551,PEP Rule 1551,PEP,Customers from high-risk countries require additional verification.,UK,Critical,v2.0
AML_01552,ONBOARDING Rule 1552,ONBOARDING,Customers with incomplete documentation must be placed under manual review.,USA,Low,v5.0
AML_01553,ONBOARDING Rule 1553,ONBOARDING,Beneficial ownership verification is required for business accounts.,UK,Medium,v2.0
AML_01554,EDD Rule 1554,EDD,Identity verification must be completed before account activation.,USA,Critical,v2.0
AML_01555,PEP Rule 1555,PEP,Customers with incomplete documentation must be placed under manual review.,India,Medium,v2.0
AML_01556,PEP Rule 1556,PEP,Politically Exposed Persons (PEPs) must undergo Enhanced Due Diligence (EDD).,India,Critical,v3.0
AML_01557,CDD Rule 1557,CDD,Address proof must be verified during onboarding.,Global,High,v3.0
AML_01558,ONBOARDING Rule 1558,ONBOARDING,Suspicious activity reports must be filed for unusual behavior.,UK,Critical,v3.0
AML_01559,COUNTRY_RISK Rule 1559,COUNTRY_RISK,Customers from North Korea must undergo enhanced verification.,USA,Critical,v2.0
AML_01560,AML Rule 1560,AML,Customers from high-risk countries require additional verification.,USA,High,v2.0
AML_01561,PEP Rule 1561,PEP,Suspicious activity reports must be filed for unusual behavior.,UK,Low,v3.0
AML_01562,SANCTION Rule 1562,SANCTION,Customers appearing on sanctions lists must be rejected immediately.,Global,Low,v4.0
AML_01563,SANCTION Rule 1563,SANCTION,Suspicious activity reports must be filed for unusual behavior.,USA,Low,v5.0
AML_01564,PEP Rule 1564,PEP,Customers with incomplete documentation must be placed under manual review.,USA,Medium,v3.0
AML_01565,SANCTION Rule 1565,SANCTION,Politically Exposed Persons (PEPs) must undergo Enhanced Due Diligence (EDD).,India,Low,v4.0
AML_01566,EDD Rule 1566,EDD,Politically Exposed Persons (PEPs) must undergo Enhanced Due Diligence (EDD).,Global,Low,v4.0
AML_01567,PEP Rule 1567,PEP,Customers with incomplete documentation must be placed under manual review.,UK,Critical,v2.0
AML_01568,SANCTION Rule 1568,SANCTION,Address proof must be verified during onboarding.,India,Low,v5.0
AML_01569,COUNTRY_RISK Rule 1569,COUNTRY_RISK,Customers from North Korea must undergo enhanced verification.,UK,Low,v1.0
AML_01570,ONBOARDING Rule 1570,ONBOARDING,Address proof must be verified during onboarding.,USA,Critical,v4.0
AML_01571,SANCTION Rule 1571,SANCTION,Source of funds verification is mandatory for high-value customers.,USA,Medium,v3.0
AML_01572,PEP Rule 1572,PEP,Identity verification must be completed before account activation.,UK,Low,v5.0
AML_01573,ONBOARDING Rule 1573,ONBOARDING,Source of funds verification is mandatory for high-value customers.,Global,Medium,v3.0
AML_01574,EDD Rule 1574,EDD,Suspicious activity reports must be filed for unusual behavior.,UK,Low,v2.0
AML_01575,ONBOARDING Rule 1575,ONBOARDING,Customers appearing on sanctions lists must be rejected immediately.,Global,Critical,v1.0
AML_01576,EDD Rule 1576,EDD,Customers from high-risk countries require additional verification.,UK,Medium,v3.0
AML_01577,PEP Rule 1577,PEP,Transactions inconsistent with customer profile should trigger AML review.,India,Medium,v5.0
AML_01578,PEP Rule 1578,PEP,Source of funds verification is mandatory for high-value customers.,Global,High,v2.0
AML_01579,EDD Rule 1579,EDD,Customers appearing on sanctions lists must be rejected immediately.,UK,Low,v5.0
AML_01580,AML Rule 1580,AML,Customers with incomplete documentation must be placed under manual review.,Global,High,v2.0
AML_01581,COUNTRY_RISK Rule 1581,COUNTRY_RISK,Customers from North Korea must undergo enhanced verification.,UK,Critical,v4.0
AML_01582,AML Rule 1582,AML,Politically Exposed Persons (PEPs) must undergo Enhanced Due Diligence (EDD).,UK,Medium,v4.0
AML_01583,PEP Rule 1583,PEP,Politically Exposed Persons (PEPs) must undergo Enhanced Due Diligence (EDD).,India,High,v1.0
AML_01584,PEP Rule 1584,PEP,Address proof must be verified during onboarding.,UK,Medium,v1.0
AML_01585,AML Rule 1585,AML,Transactions inconsistent with customer profile should trigger AML review.,India,Critical,v1.0
AML_01586,PEP Rule 1586,PEP,Politically Exposed Persons (PEPs) must undergo Enhanced Due Diligence (EDD).,India,Low,v3.0
AML_01587,SANCTION Rule 1587,SANCTION,Suspicious activity reports must be filed for unusual behavior.,Global,High,v3.0
AML_01588,ONBOARDING Rule 1588,ONBOARDING,Address proof must be verified during onboarding.,Global,Low,v4.0
AML_01589,EDD Rule 1589,EDD,Source of funds verification is mandatory for high-value customers.,Global,High,v3.0
AML_01590,SANCTION Rule 1590,SANCTION,Customers appearing on sanctions lists must be rejected immediately.,India,High,v5.0
AML_01591,SANCTION Rule 1591,SANCTION,Address proof must be verified during onboarding.,Global,Low,v5.0
AML_01592,PEP Rule 1592,PEP,Address proof must be verified during onboarding.,USA,Medium,v3.0
AML_01593,ONBOARDING Rule 1593,ONBOARDING,Source of funds verification is mandatory for high-value customers.,UK,Low,v3.0
AML_01594,SANCTION Rule 1594,SANCTION,Source of funds verification is mandatory for high-value customers.,USA,Critical,v1.0
AML_01595,CDD Rule 1595,CDD,Source of funds verification is mandatory for high-value customers.,India,Low,v2.0
AML_01596,CDD Rule 1596,CDD,Transactions inconsistent with customer profile should trigger AML review.,India,Low,v5.0
AML_01597,ONBOARDING Rule 1597,ONBOARDING,Customers with incomplete documentation must be placed under manual review.,USA,High,v4.0
AML_01598,PEP Rule 1598,PEP,Address proof must be verified during onboarding.,USA,Critical,v2.0
AML_01599,COUNTRY_RISK Rule 1599,COUNTRY_RISK,Customers from Iran must undergo enhanced verification.,UK,High,v3.0
AML_01600,COUNTRY_RISK Rule 1600,COUNTRY_RISK,Customers from North Korea must undergo enhanced verification.,UK,High,v1.0
AML_01601,ONBOARDING Rule 1601,ONBOARDING,Customers appearing on sanctions lists must be rejected immediately.,Global,Low,v2.0
AML_01602,ONBOARDING Rule 1602,ONBOARDING,Identity verification must be completed before account activation.,USA,Critical,v1.0
AML_01603,CDD Rule 1603,CDD,Source of funds verification is mandatory for high-value customers.,USA,Critical,v4.0
AML_01604,SANCTION Rule 1604,SANCTION,Suspicious activity reports must be filed for unusual behavior.,Global,High,v5.0
AML_01605,SANCTION Rule 1605,SANCTION,Suspicious activity reports must be filed for unusual behavior.,Global,Low,v1.0
AML_01606,SANCTION Rule 1606,SANCTION,Transactions inconsistent with customer profile should trigger AML review.,Global,Medium,v3.0
AML_01607,COUNTRY_RISK Rule 1607,COUNTRY_RISK,Customers from North Korea must undergo enhanced verification.,India,Low,v4.0
AML_01608,EDD Rule 1608,EDD,Transactions inconsistent with customer profile should trigger AML review.,UK,Critical,v1.0
AML_01609,PEP Rule 1609,PEP,Transactions inconsistent with customer profile should trigger AML review.,India,Critical,v2.0
AML_01610,EDD Rule 1610,EDD,Politically Exposed Persons (PEPs) must undergo Enhanced Due Diligence (EDD).,India,Medium,v1.0
AML_01611,SANCTION Rule 1611,SANCTION,Beneficial ownership verification is required for business accounts.,Global,Medium,v2.0
AML_01612,SANCTION Rule 1612,SANCTION,Source of funds verification is mandatory for high-value customers.,India,High,v3.0
AML_01613,PEP Rule 1613,PEP,Address proof must be verified during onboarding.,USA,Medium,v1.0
AML_01614,EDD Rule 1614,EDD,Identity verification must be completed before account activation.,USA,High,v1.0
AML_01615,ONBOARDING Rule 1615,ONBOARDING,Customers appearing on sanctions lists must be rejected immediately.,Global,Low,v2.0
AML_01616,COUNTRY_RISK Rule 1616,COUNTRY_RISK,Customers from North Korea must undergo enhanced verification.,India,Medium,v2.0
AML_01617,COUNTRY_RISK Rule 1617,COUNTRY_RISK,Customers from North Korea must undergo enhanced verification.,Global,High,v4.0
AML_01618,AML Rule 1618,AML,Address proof must be verified during onboarding.,India,High,v2.0
AML_01619,ONBOARDING Rule 1619,ONBOARDING,Suspicious activity reports must be filed for unusual behavior.,India,Low,v1.0
AML_01620,SANCTION Rule 1620,SANCTION,Beneficial ownership verification is required for business accounts.,India,Critical,v5.0
AML_01621,PEP Rule 1621,PEP,Transactions inconsistent with customer profile should trigger AML review.,UK,Medium,v5.0
AML_01622,COUNTRY_RISK Rule 1622,COUNTRY_RISK,Customers from Syria must undergo enhanced verification.,UK,Low,v4.0
AML_01623,EDD Rule 1623,EDD,Beneficial ownership verification is required for business accounts.,USA,Medium,v2.0
AML_01624,ONBOARDING Rule 1624,ONBOARDING,Transactions inconsistent with customer profile should trigger AML review.,USA,Low,v3.0
AML_01625,PEP Rule 1625,PEP,Address proof must be verified during onboarding.,Global,Medium,v1.0
AML_01626,AML Rule 1626,AML,Suspicious activity reports must be filed for unusual behavior.,USA,Medium,v2.0
AML_01627,EDD Rule 1627,EDD,Suspicious activity reports must be filed for unusual behavior.,USA,Low,v1.0
AML_01628,SANCTION Rule 1628,SANCTION,Suspicious activity reports must be filed for unusual behavior.,India,Critical,v2.0
AML_01629,AML Rule 1629,AML,Source of funds verification is mandatory for high-value customers.,India,Medium,v4.0
AML_01630,PEP Rule 1630,PEP,Customers appearing on sanctions lists must be rejected immediately.,USA,Medium,v3.0
AML_01631,PEP Rule 1631,PEP,Transactions inconsistent with customer profile should trigger AML review.,USA,High,v3.0
AML_01632,EDD Rule 1632,EDD,Customers with incomplete documentation must be placed under manual review.,USA,Medium,v4.0
AML_01633,EDD Rule 1633,EDD,Suspicious activity reports must be filed for unusual behavior.,UK,Low,v4.0
AML_01634,COUNTRY_RISK Rule 1634,COUNTRY_RISK,Customers from North Korea must undergo enhanced verification.,USA,High,v2.0
AML_01635,SANCTION Rule 1635,SANCTION,Suspicious activity reports must be filed for unusual behavior.,Global,Medium,v3.0
AML_01636,ONBOARDING Rule 1636,ONBOARDING,Address proof must be verified during onboarding.,India,Critical,v4.0
AML_01637,PEP Rule 1637,PEP,Customers appearing on sanctions lists must be rejected immediately.,USA,High,v1.0
AML_01638,EDD Rule 1638,EDD,Beneficial ownership verification is required for business accounts.,Global,Medium,v2.0
AML_01639,COUNTRY_RISK Rule 1639,COUNTRY_RISK,Customers from Afghanistan must undergo enhanced verification.,USA,Critical,v4.0
AML_01640,SANCTION Rule 1640,SANCTION,Transactions inconsistent with customer profile should trigger AML review.,Global,High,v3.0
AML_01641,CDD Rule 1641,CDD,Identity verification must be completed before account activation.,India,Medium,v4.0
AML_01642,COUNTRY_RISK Rule 1642,COUNTRY_RISK,Customers from Myanmar must undergo enhanced verification.,India,Critical,v1.0
AML_01643,EDD Rule 1643,EDD,Suspicious activity reports must be filed for unusual behavior.,India,High,v2.0
AML_01644,COUNTRY_RISK Rule 1644,COUNTRY_RISK,Customers from Myanmar must undergo enhanced verification.,USA,Medium,v4.0
AML_01645,AML Rule 1645,AML,Source of funds verification is mandatory for high-value customers.,India,Critical,v3.0
AML_01646,COUNTRY_RISK Rule 1646,COUNTRY_RISK,Customers from North Korea must undergo enhanced verification.,Global,Critical,v5.0
AML_01647,COUNTRY_RISK Rule 1647,COUNTRY_RISK,Customers from Afghanistan must undergo enhanced verification.,UK,Medium,v5.0
AML_01648,COUNTRY_RISK Rule 1648,COUNTRY_RISK,Customers from Syria must undergo enhanced verification.,USA,Medium,v3.0
AML_01649,COUNTRY_RISK Rule 1649,COUNTRY_RISK,Customers from Afghanistan must undergo enhanced verification.,India,Medium,v4.0
AML_01650,SANCTION Rule 1650,SANCTION,Customers from high-risk countries require additional verification.,India,Low,v5.0
AML_01651,COUNTRY_RISK Rule 1651,COUNTRY_RISK,Customers from Syria must undergo enhanced verification.,India,Low,v1.0
AML_01652,CDD Rule 1652,CDD,Customers with incomplete documentation must be placed under manual review.,India,Low,v5.0
AML_01653,AML Rule 1653,AML,Politically Exposed Persons (PEPs) must undergo Enhanced Due Diligence (EDD).,UK,Medium,v3.0
AML_01654,ONBOARDING Rule 1654,ONBOARDING,Transactions inconsistent with customer profile should trigger AML review.,USA,Low,v3.0
AML_01655,ONBOARDING Rule 1655,ONBOARDING,Politically Exposed Persons (PEPs) must undergo Enhanced Due Diligence (EDD).,UK,Low,v2.0
AML_01656,PEP Rule 1656,PEP,Address proof must be verified during onboarding.,Global,Low,v3.0
AML_01657,AML Rule 1657,AML,Address proof must be verified during onboarding.,USA,High,v5.0
AML_01658,AML Rule 1658,AML,Identity verification must be completed before account activation.,Global,High,v5.0
AML_01659,ONBOARDING Rule 1659,ONBOARDING,Address proof must be verified during onboarding.,India,Medium,v4.0
AML_01660,COUNTRY_RISK Rule 1660,COUNTRY_RISK,Customers from Syria must undergo enhanced verification.,Global,High,v3.0
AML_01661,AML Rule 1661,AML,Address proof must be verified during onboarding.,UK,Low,v5.0
AML_01662,PEP Rule 1662,PEP,Source of funds verification is mandatory for high-value customers.,USA,Medium,v4.0
AML_01663,SANCTION Rule 1663,SANCTION,Politically Exposed Persons (PEPs) must undergo Enhanced Due Diligence (EDD).,Global,Medium,v3.0
AML_01664,COUNTRY_RISK Rule 1664,COUNTRY_RISK,Customers from Syria must undergo enhanced verification.,India,High,v4.0
AML_01665,EDD Rule 1665,EDD,Politically Exposed Persons (PEPs) must undergo Enhanced Due Diligence (EDD).,India,Low,v5.0
AML_01666,ONBOARDING Rule 1666,ONBOARDING,Customers from high-risk countries require additional verification.,India,Low,v4.0
AML_01667,AML Rule 1667,AML,Address proof must be verified during onboarding.,USA,Medium,v1.0
AML_01668,CDD Rule 1668,CDD,Suspicious activity reports must be filed for unusual behavior.,Global,High,v4.0
AML_01669,CDD Rule 1669,CDD,Beneficial ownership verification is required for business accounts.,India,Critical,v2.0
AML_01670,CDD Rule 1670,CDD,Source of funds verification is mandatory for high-value customers.,India,High,v1.0
AML_01671,EDD Rule 1671,EDD,Customers appearing on sanctions lists must be rejected immediately.,USA,Low,v2.0
AML_01672,EDD Rule 1672,EDD,Source of funds verification is mandatory for high-value customers.,India,Medium,v4.0
AML_01673,PEP Rule 1673,PEP,Identity verification must be completed before account activation.,UK,Critical,v4.0
AML_01674,SANCTION Rule 1674,SANCTION,Transactions inconsistent with customer profile should trigger AML review.,UK,Low,v1.0
AML_01675,EDD Rule 1675,EDD,Source of funds verification is mandatory for high-value customers.,India,Low,v5.0
AML_01676,ONBOARDING Rule 1676,ONBOARDING,Source of funds verification is mandatory for high-value customers.,Global,High,v3.0
AML_01677,EDD Rule 1677,EDD,Politically Exposed Persons (PEPs) must undergo Enhanced Due Diligence (EDD).,USA,Low,v2.0
AML_01678,AML Rule 1678,AML,Customers appearing on sanctions lists must be rejected immediately.,Global,Critical,v5.0
AML_01679,CDD Rule 1679,CDD,Transactions inconsistent with customer profile should trigger AML review.,UK,Medium,v2.0
AML_01680,PEP Rule 1680,PEP,Customers appearing on sanctions lists must be rejected immediately.,India,High,v5.0
AML_01681,ONBOARDING Rule 1681,ONBOARDING,Customers from high-risk countries require additional verification.,Global,Medium,v1.0
AML_01682,ONBOARDING Rule 1682,ONBOARDING,Source of funds verification is mandatory for high-value customers.,UK,Medium,v4.0
AML_01683,CDD Rule 1683,CDD,Source of funds verification is mandatory for high-value customers.,Global,Critical,v3.0
AML_01684,PEP Rule 1684,PEP,Customers appearing on sanctions lists must be rejected immediately.,UK,Critical,v5.0
AML_01685,CDD Rule 1685,CDD,Transactions inconsistent with customer profile should trigger AML review.,India,High,v2.0
AML_01686,CDD Rule 1686,CDD,Transactions inconsistent with customer profile should trigger AML review.,USA,Low,v2.0
AML_01687,SANCTION Rule 1687,SANCTION,Beneficial ownership verification is required for business accounts.,USA,Critical,v4.0
AML_01688,SANCTION Rule 1688,SANCTION,Identity verification must be completed before account activation.,Global,High,v5.0
AML_01689,PEP Rule 1689,PEP,Address proof must be verified during onboarding.,Global,Medium,v2.0
AML_01690,COUNTRY_RISK Rule 1690,COUNTRY_RISK,Customers from Syria must undergo enhanced verification.,USA,Medium,v5.0
AML_01691,EDD Rule 1691,EDD,Identity verification must be completed before account activation.,India,Medium,v1.0
AML_01692,EDD Rule 1692,EDD,Identity verification must be completed before account activation.,USA,High,v2.0
AML_01693,EDD Rule 1693,EDD,Beneficial ownership verification is required for business accounts.,Global,Medium,v3.0
AML_01694,COUNTRY_RISK Rule 1694,COUNTRY_RISK,Customers from Myanmar must undergo enhanced verification.,UK,Medium,v5.0
AML_01695,ONBOARDING Rule 1695,ONBOARDING,Suspicious activity reports must be filed for unusual behavior.,India,High,v4.0
AML_01696,ONBOARDING Rule 1696,ONBOARDING,Identity verification must be completed before account activation.,India,Low,v4.0
AML_01697,SANCTION Rule 1697,SANCTION,Politically Exposed Persons (PEPs) must undergo Enhanced Due Diligence (EDD).,Global,High,v4.0
AML_01698,PEP Rule 1698,PEP,Customers appearing on sanctions lists must be rejected immediately.,USA,Medium,v1.0
AML_01699,EDD Rule 1699,EDD,Source of funds verification is mandatory for high-value customers.,Global,Low,v5.0
AML_01700,CDD Rule 1700,CDD,Customers with incomplete documentation must be placed under manual review.,USA,High,v5.0
AML_01701,AML Rule 1701,AML,Customers appearing on sanctions lists must be rejected immediately.,USA,High,v2.0
AML_01702,ONBOARDING Rule 1702,ONBOARDING,Politically Exposed Persons (PEPs) must undergo Enhanced Due Diligence (EDD).,India,High,v2.0
AML_01703,COUNTRY_RISK Rule 1703,COUNTRY_RISK,Customers from Afghanistan must undergo enhanced verification.,Global,High,v4.0
AML_01704,CDD Rule 1704,CDD,Customers with incomplete documentation must be placed under manual review.,Global,High,v2.0
AML_01705,CDD Rule 1705,CDD,Customers appearing on sanctions lists must be rejected immediately.,Global,Low,v3.0
AML_01706,PEP Rule 1706,PEP,Transactions inconsistent with customer profile should trigger AML review.,USA,Low,v5.0
AML_01707,SANCTION Rule 1707,SANCTION,Address proof must be verified during onboarding.,India,Low,v4.0
AML_01708,SANCTION Rule 1708,SANCTION,Suspicious activity reports must be filed for unusual behavior.,Global,High,v5.0
AML_01709,PEP Rule 1709,PEP,Address proof must be verified during onboarding.,UK,Medium,v5.0
AML_01710,CDD Rule 1710,CDD,Suspicious activity reports must be filed for unusual behavior.,Global,Medium,v4.0
AML_01711,PEP Rule 1711,PEP,Politically Exposed Persons (PEPs) must undergo Enhanced Due Diligence (EDD).,USA,Critical,v2.0
AML_01712,AML Rule 1712,AML,Identity verification must be completed before account activation.,UK,Critical,v2.0
AML_01713,CDD Rule 1713,CDD,Customers appearing on sanctions lists must be rejected immediately.,India,Critical,v3.0
AML_01714,SANCTION Rule 1714,SANCTION,Customers with incomplete documentation must be placed under manual review.,UK,High,v5.0
AML_01715,COUNTRY_RISK Rule 1715,COUNTRY_RISK,Customers from Syria must undergo enhanced verification.,India,Critical,v3.0
AML_01716,COUNTRY_RISK Rule 1716,COUNTRY_RISK,Customers from Afghanistan must undergo enhanced verification.,USA,Medium,v3.0
AML_01717,PEP Rule 1717,PEP,Customers from high-risk countries require additional verification.,Global,Critical,v3.0
AML_01718,ONBOARDING Rule 1718,ONBOARDING,Customers from high-risk countries require additional verification.,UK,Critical,v4.0
AML_01719,SANCTION Rule 1719,SANCTION,Identity verification must be completed before account activation.,India,Medium,v2.0
AML_01720,EDD Rule 1720,EDD,Customers from high-risk countries require additional verification.,India,High,v3.0
AML_01721,EDD Rule 1721,EDD,Transactions inconsistent with customer profile should trigger AML review.,India,High,v2.0
AML_01722,ONBOARDING Rule 1722,ONBOARDING,Source of funds verification is mandatory for high-value customers.,India,Medium,v4.0
AML_01723,CDD Rule 1723,CDD,Source of funds verification is mandatory for high-value customers.,India,Low,v2.0
AML_01724,CDD Rule 1724,CDD,Source of funds verification is mandatory for high-value customers.,Global,Low,v4.0
AML_01725,SANCTION Rule 1725,SANCTION,Customers with incomplete documentation must be placed under manual review.,India,Low,v1.0
AML_01726,EDD Rule 1726,EDD,Suspicious activity reports must be filed for unusual behavior.,India,Critical,v3.0
AML_01727,AML Rule 1727,AML,Suspicious activity reports must be filed for unusual behavior.,USA,Critical,v4.0
AML_01728,EDD Rule 1728,EDD,Source of funds verification is mandatory for high-value customers.,USA,Medium,v4.0
AML_01729,ONBOARDING Rule 1729,ONBOARDING,Transactions inconsistent with customer profile should trigger AML review.,UK,Medium,v1.0
AML_01730,PEP Rule 1730,PEP,Customers with incomplete documentation must be placed under manual review.,UK,Low,v4.0
AML_01731,EDD Rule 1731,EDD,Address proof must be verified during onboarding.,USA,High,v2.0
AML_01732,CDD Rule 1732,CDD,Beneficial ownership verification is required for business accounts.,India,Low,v1.0
AML_01733,PEP Rule 1733,PEP,Politically Exposed Persons (PEPs) must undergo Enhanced Due Diligence (EDD).,India,Critical,v4.0
AML_01734,EDD Rule 1734,EDD,Customers appearing on sanctions lists must be rejected immediately.,India,High,v1.0
AML_01735,ONBOARDING Rule 1735,ONBOARDING,Politically Exposed Persons (PEPs) must undergo Enhanced Due Diligence (EDD).,Global,High,v1.0
AML_01736,PEP Rule 1736,PEP,Customers with incomplete documentation must be placed under manual review.,Global,Low,v3.0
AML_01737,SANCTION Rule 1737,SANCTION,Transactions inconsistent with customer profile should trigger AML review.,UK,Medium,v1.0
AML_01738,CDD Rule 1738,CDD,Politically Exposed Persons (PEPs) must undergo Enhanced Due Diligence (EDD).,India,Medium,v5.0
AML_01739,AML Rule 1739,AML,Customers with incomplete documentation must be placed under manual review.,India,Critical,v5.0
AML_01740,AML Rule 1740,AML,Beneficial ownership verification is required for business accounts.,Global,Medium,v1.0
AML_01741,ONBOARDING Rule 1741,ONBOARDING,Customers with incomplete documentation must be placed under manual review.,UK,Critical,v3.0
AML_01742,CDD Rule 1742,CDD,Customers with incomplete documentation must be placed under manual review.,India,Low,v1.0
AML_01743,PEP Rule 1743,PEP,Customers appearing on sanctions lists must be rejected immediately.,India,High,v1.0
AML_01744,PEP Rule 1744,PEP,Beneficial ownership verification is required for business accounts.,India,Medium,v5.0
AML_01745,SANCTION Rule 1745,SANCTION,Source of funds verification is mandatory for high-value customers.,UK,Low,v3.0
AML_01746,AML Rule 1746,AML,Customers with incomplete documentation must be placed under manual review.,India,Medium,v2.0
AML_01747,EDD Rule 1747,EDD,Identity verification must be completed before account activation.,USA,Medium,v2.0
AML_01748,ONBOARDING Rule 1748,ONBOARDING,Transactions inconsistent with customer profile should trigger AML review.,USA,Critical,v5.0
AML_01749,EDD Rule 1749,EDD,Customers with incomplete documentation must be placed under manual review.,India,Medium,v5.0
AML_01750,SANCTION Rule 1750,SANCTION,Address proof must be verified during onboarding.,USA,Low,v1.0
AML_01751,COUNTRY_RISK Rule 1751,COUNTRY_RISK,Customers from Myanmar must undergo enhanced verification.,UK,Medium,v3.0
AML_01752,COUNTRY_RISK Rule 1752,COUNTRY_RISK,Customers from Afghanistan must undergo enhanced verification.,USA,Medium,v5.0
AML_01753,COUNTRY_RISK Rule 1753,COUNTRY_RISK,Customers from Syria must undergo enhanced verification.,UK,Critical,v5.0
AML_01754,ONBOARDING Rule 1754,ONBOARDING,Identity verification must be completed before account activation.,USA,Low,v4.0
AML_01755,ONBOARDING Rule 1755,ONBOARDING,Beneficial ownership verification is required for business accounts.,Global,High,v1.0
AML_01756,COUNTRY_RISK Rule 1756,COUNTRY_RISK,Customers from North Korea must undergo enhanced verification.,USA,Low,v5.0
AML_01757,CDD Rule 1757,CDD,Suspicious activity reports must be filed for unusual behavior.,Global,Medium,v5.0
AML_01758,ONBOARDING Rule 1758,ONBOARDING,Customers from high-risk countries require additional verification.,USA,High,v2.0
AML_01759,CDD Rule 1759,CDD,Address proof must be verified during onboarding.,USA,Low,v3.0
AML_01760,EDD Rule 1760,EDD,Transactions inconsistent with customer profile should trigger AML review.,India,Medium,v1.0
AML_01761,COUNTRY_RISK Rule 1761,COUNTRY_RISK,Customers from Myanmar must undergo enhanced verification.,USA,Medium,v2.0
AML_01762,COUNTRY_RISK Rule 1762,COUNTRY_RISK,Customers from North Korea must undergo enhanced verification.,India,Low,v4.0
AML_01763,EDD Rule 1763,EDD,Address proof must be verified during onboarding.,UK,Critical,v5.0
AML_01764,SANCTION Rule 1764,SANCTION,Transactions inconsistent with customer profile should trigger AML review.,USA,Medium,v4.0
AML_01765,CDD Rule 1765,CDD,Source of funds verification is mandatory for high-value customers.,Global,High,v3.0
AML_01766,AML Rule 1766,AML,Customers appearing on sanctions lists must be rejected immediately.,Global,Medium,v4.0
AML_01767,COUNTRY_RISK Rule 1767,COUNTRY_RISK,Customers from Afghanistan must undergo enhanced verification.,Global,Critical,v2.0
AML_01768,ONBOARDING Rule 1768,ONBOARDING,Identity verification must be completed before account activation.,India,Medium,v5.0
AML_01769,CDD Rule 1769,CDD,Source of funds verification is mandatory for high-value customers.,India,Low,v1.0
AML_01770,SANCTION Rule 1770,SANCTION,Address proof must be verified during onboarding.,UK,Low,v4.0
AML_01771,CDD Rule 1771,CDD,Politically Exposed Persons (PEPs) must undergo Enhanced Due Diligence (EDD).,India,Low,v3.0
AML_01772,COUNTRY_RISK Rule 1772,COUNTRY_RISK,Customers from Afghanistan must undergo enhanced verification.,UK,Medium,v5.0
AML_01773,ONBOARDING Rule 1773,ONBOARDING,Beneficial ownership verification is required for business accounts.,Global,High,v3.0
AML_01774,EDD Rule 1774,EDD,Beneficial ownership verification is required for business accounts.,India,Medium,v1.0
AML_01775,AML Rule 1775,AML,Transactions inconsistent with customer profile should trigger AML review.,Global,Medium,v2.0
AML_01776,SANCTION Rule 1776,SANCTION,Address proof must be verified during onboarding.,UK,Medium,v2.0
AML_01777,SANCTION Rule 1777,SANCTION,Identity verification must be completed before account activation.,UK,High,v4.0
AML_01778,CDD Rule 1778,CDD,Beneficial ownership verification is required for business accounts.,UK,Low,v4.0
AML_01779,ONBOARDING Rule 1779,ONBOARDING,Politically Exposed Persons (PEPs) must undergo Enhanced Due Diligence (EDD).,UK,High,v2.0
AML_01780,CDD Rule 1780,CDD,Customers from high-risk countries require additional verification.,UK,Low,v2.0
AML_01781,PEP Rule 1781,PEP,Suspicious activity reports must be filed for unusual behavior.,Global,High,v5.0
AML_01782,PEP Rule 1782,PEP,Address proof must be verified during onboarding.,India,Low,v3.0
AML_01783,PEP Rule 1783,PEP,Transactions inconsistent with customer profile should trigger AML review.,Global,Critical,v2.0
AML_01784,COUNTRY_RISK Rule 1784,COUNTRY_RISK,Customers from Myanmar must undergo enhanced verification.,USA,Medium,v5.0
AML_01785,AML Rule 1785,AML,Address proof must be verified during onboarding.,India,High,v5.0
AML_01786,PEP Rule 1786,PEP,Transactions inconsistent with customer profile should trigger AML review.,India,Low,v4.0
AML_01787,ONBOARDING Rule 1787,ONBOARDING,Suspicious activity reports must be filed for unusual behavior.,India,Critical,v3.0
AML_01788,ONBOARDING Rule 1788,ONBOARDING,Identity verification must be completed before account activation.,UK,Low,v1.0
AML_01789,CDD Rule 1789,CDD,Politically Exposed Persons (PEPs) must undergo Enhanced Due Diligence (EDD).,USA,Low,v4.0
AML_01790,AML Rule 1790,AML,Customers appearing on sanctions lists must be rejected immediately.,Global,Low,v3.0
AML_01791,EDD Rule 1791,EDD,Customers appearing on sanctions lists must be rejected immediately.,UK,Critical,v5.0
AML_01792,ONBOARDING Rule 1792,ONBOARDING,Beneficial ownership verification is required for business accounts.,Global,Medium,v2.0
AML_01793,CDD Rule 1793,CDD,Suspicious activity reports must be filed for unusual behavior.,India,Low,v4.0
AML_01794,EDD Rule 1794,EDD,Identity verification must be completed before account activation.,Global,Low,v1.0
AML_01795,CDD Rule 1795,CDD,Source of funds verification is mandatory for high-value customers.,Global,Medium,v2.0
AML_01796,SANCTION Rule 1796,SANCTION,Identity verification must be completed before account activation.,USA,Low,v4.0
AML_01797,AML Rule 1797,AML,Suspicious activity reports must be filed for unusual behavior.,UK,Medium,v2.0
AML_01798,CDD Rule 1798,CDD,Customers with incomplete documentation must be placed under manual review.,Global,Critical,v5.0
AML_01799,PEP Rule 1799,PEP,Customers from high-risk countries require additional verification.,Global,Medium,v1.0
AML_01800,EDD Rule 1800,EDD,Customers with incomplete documentation must be placed under manual review.,UK,Medium,v4.0
AML_01801,SANCTION Rule 1801,SANCTION,Customers appearing on sanctions lists must be rejected immediately.,India,Critical,v1.0
AML_01802,COUNTRY_RISK Rule 1802,COUNTRY_RISK,Customers from Myanmar must undergo enhanced verification.,Global,High,v4.0
AML_01803,COUNTRY_RISK Rule 1803,COUNTRY_RISK,Customers from Myanmar must undergo enhanced verification.,UK,Critical,v2.0
AML_01804,AML Rule 1804,AML,Politically Exposed Persons (PEPs) must undergo Enhanced Due Diligence (EDD).,Global,Critical,v1.0
AML_01805,CDD Rule 1805,CDD,Transactions inconsistent with customer profile should trigger AML review.,India,High,v2.0
AML_01806,SANCTION Rule 1806,SANCTION,Transactions inconsistent with customer profile should trigger AML review.,UK,Critical,v1.0
AML_01807,COUNTRY_RISK Rule 1807,COUNTRY_RISK,Customers from North Korea must undergo enhanced verification.,India,Medium,v2.0
AML_01808,SANCTION Rule 1808,SANCTION,Politically Exposed Persons (PEPs) must undergo Enhanced Due Diligence (EDD).,USA,Low,v5.0
AML_01809,ONBOARDING Rule 1809,ONBOARDING,Transactions inconsistent with customer profile should trigger AML review.,India,Critical,v1.0
AML_01810,ONBOARDING Rule 1810,ONBOARDING,Beneficial ownership verification is required for business accounts.,India,Medium,v5.0
AML_01811,CDD Rule 1811,CDD,Identity verification must be completed before account activation.,Global,Medium,v2.0
AML_01812,CDD Rule 1812,CDD,Customers with incomplete documentation must be placed under manual review.,USA,Medium,v4.0
AML_01813,ONBOARDING Rule 1813,ONBOARDING,Politically Exposed Persons (PEPs) must undergo Enhanced Due Diligence (EDD).,India,Low,v4.0
AML_01814,COUNTRY_RISK Rule 1814,COUNTRY_RISK,Customers from North Korea must undergo enhanced verification.,UK,Low,v1.0
AML_01815,ONBOARDING Rule 1815,ONBOARDING,Politically Exposed Persons (PEPs) must undergo Enhanced Due Diligence (EDD).,India,High,v1.0
AML_01816,EDD Rule 1816,EDD,Customers with incomplete documentation must be placed under manual review.,Global,Critical,v2.0
AML_01817,CDD Rule 1817,CDD,Transactions inconsistent with customer profile should trigger AML review.,Global,Low,v5.0
AML_01818,EDD Rule 1818,EDD,Beneficial ownership verification is required for business accounts.,India,Critical,v1.0
AML_01819,CDD Rule 1819,CDD,Customers with incomplete documentation must be placed under manual review.,UK,Low,v1.0
AML_01820,COUNTRY_RISK Rule 1820,COUNTRY_RISK,Customers from Myanmar must undergo enhanced verification.,UK,Low,v5.0
AML_01821,COUNTRY_RISK Rule 1821,COUNTRY_RISK,Customers from Afghanistan must undergo enhanced verification.,USA,Medium,v5.0
AML_01822,SANCTION Rule 1822,SANCTION,Identity verification must be completed before account activation.,USA,High,v3.0
AML_01823,ONBOARDING Rule 1823,ONBOARDING,Transactions inconsistent with customer profile should trigger AML review.,India,Critical,v1.0
AML_01824,AML Rule 1824,AML,Beneficial ownership verification is required for business accounts.,India,Critical,v2.0
AML_01825,EDD Rule 1825,EDD,Address proof must be verified during onboarding.,Global,Low,v4.0
AML_01826,AML Rule 1826,AML,Politically Exposed Persons (PEPs) must undergo Enhanced Due Diligence (EDD).,Global,Critical,v1.0
AML_01827,COUNTRY_RISK Rule 1827,COUNTRY_RISK,Customers from Iran must undergo enhanced verification.,USA,Medium,v5.0
AML_01828,AML Rule 1828,AML,Suspicious activity reports must be filed for unusual behavior.,USA,High,v5.0
AML_01829,COUNTRY_RISK Rule 1829,COUNTRY_RISK,Customers from Syria must undergo enhanced verification.,India,High,v4.0
AML_01830,SANCTION Rule 1830,SANCTION,Politically Exposed Persons (PEPs) must undergo Enhanced Due Diligence (EDD).,India,Critical,v2.0
AML_01831,CDD Rule 1831,CDD,Customers appearing on sanctions lists must be rejected immediately.,UK,Medium,v1.0
AML_01832,CDD Rule 1832,CDD,Identity verification must be completed before account activation.,USA,Medium,v1.0
AML_01833,CDD Rule 1833,CDD,Customers with incomplete documentation must be placed under manual review.,Global,High,v5.0
AML_01834,AML Rule 1834,AML,Customers appearing on sanctions lists must be rejected immediately.,Global,Critical,v1.0
AML_01835,PEP Rule 1835,PEP,Customers from high-risk countries require additional verification.,USA,High,v2.0
AML_01836,ONBOARDING Rule 1836,ONBOARDING,Transactions inconsistent with customer profile should trigger AML review.,India,High,v3.0
AML_01837,SANCTION Rule 1837,SANCTION,Address proof must be verified during onboarding.,USA,High,v3.0
AML_01838,PEP Rule 1838,PEP,Politically Exposed Persons (PEPs) must undergo Enhanced Due Diligence (EDD).,India,Low,v4.0
AML_01839,EDD Rule 1839,EDD,Source of funds verification is mandatory for high-value customers.,Global,Medium,v3.0
AML_01840,ONBOARDING Rule 1840,ONBOARDING,Customers appearing on sanctions lists must be rejected immediately.,USA,Low,v1.0
AML_01841,PEP Rule 1841,PEP,Identity verification must be completed before account activation.,India,Critical,v2.0
AML_01842,CDD Rule 1842,CDD,Customers with incomplete documentation must be placed under manual review.,India,Low,v5.0
AML_01843,CDD Rule 1843,CDD,Beneficial ownership verification is required for business accounts.,Global,Medium,v3.0
AML_01844,ONBOARDING Rule 1844,ONBOARDING,Customers with incomplete documentation must be placed under manual review.,UK,Low,v3.0
AML_01845,COUNTRY_RISK Rule 1845,COUNTRY_RISK,Customers from Myanmar must undergo enhanced verification.,USA,Medium,v5.0
AML_01846,AML Rule 1846,AML,Customers appearing on sanctions lists must be rejected immediately.,India,Low,v4.0
AML_01847,SANCTION Rule 1847,SANCTION,Identity verification must be completed before account activation.,USA,Critical,v2.0
AML_01848,SANCTION Rule 1848,SANCTION,Customers from high-risk countries require additional verification.,UK,Low,v3.0
AML_01849,SANCTION Rule 1849,SANCTION,Identity verification must be completed before account activation.,UK,High,v4.0
AML_01850,ONBOARDING Rule 1850,ONBOARDING,Customers appearing on sanctions lists must be rejected immediately.,Global,Low,v4.0
AML_01851,AML Rule 1851,AML,Transactions inconsistent with customer profile should trigger AML review.,Global,High,v1.0
AML_01852,CDD Rule 1852,CDD,Suspicious activity reports must be filed for unusual behavior.,UK,Low,v1.0
AML_01853,EDD Rule 1853,EDD,Source of funds verification is mandatory for high-value customers.,UK,Critical,v5.0
AML_01854,ONBOARDING Rule 1854,ONBOARDING,Suspicious activity reports must be filed for unusual behavior.,India,High,v5.0
AML_01855,PEP Rule 1855,PEP,Source of funds verification is mandatory for high-value customers.,Global,Critical,v4.0
AML_01856,PEP Rule 1856,PEP,Source of funds verification is mandatory for high-value customers.,UK,Critical,v5.0
AML_01857,EDD Rule 1857,EDD,Address proof must be verified during onboarding.,USA,Medium,v3.0
AML_01858,AML Rule 1858,AML,Politically Exposed Persons (PEPs) must undergo Enhanced Due Diligence (EDD).,UK,Medium,v4.0
AML_01859,PEP Rule 1859,PEP,Politically Exposed Persons (PEPs) must undergo Enhanced Due Diligence (EDD).,India,Critical,v1.0
AML_01860,PEP Rule 1860,PEP,Address proof must be verified during onboarding.,UK,Low,v3.0
AML_01861,PEP Rule 1861,PEP,Transactions inconsistent with customer profile should trigger AML review.,India,High,v2.0
AML_01862,AML Rule 1862,AML,Beneficial ownership verification is required for business accounts.,India,Critical,v5.0
AML_01863,CDD Rule 1863,CDD,Customers from high-risk countries require additional verification.,Global,Medium,v5.0
AML_01864,EDD Rule 1864,EDD,Address proof must be verified during onboarding.,Global,High,v4.0
AML_01865,ONBOARDING Rule 1865,ONBOARDING,Customers appearing on sanctions lists must be rejected immediately.,India,Medium,v3.0
AML_01866,CDD Rule 1866,CDD,Politically Exposed Persons (PEPs) must undergo Enhanced Due Diligence (EDD).,USA,Medium,v3.0
AML_01867,SANCTION Rule 1867,SANCTION,Suspicious activity reports must be filed for unusual behavior.,Global,High,v3.0
AML_01868,SANCTION Rule 1868,SANCTION,Suspicious activity reports must be filed for unusual behavior.,UK,Low,v5.0
AML_01869,ONBOARDING Rule 1869,ONBOARDING,Beneficial ownership verification is required for business accounts.,India,Low,v5.0
AML_01870,CDD Rule 1870,CDD,Politically Exposed Persons (PEPs) must undergo Enhanced Due Diligence (EDD).,Global,Low,v5.0
AML_01871,PEP Rule 1871,PEP,Suspicious activity reports must be filed for unusual behavior.,USA,Low,v2.0
AML_01872,ONBOARDING Rule 1872,ONBOARDING,Beneficial ownership verification is required for business accounts.,USA,High,v2.0
AML_01873,ONBOARDING Rule 1873,ONBOARDING,Source of funds verification is mandatory for high-value customers.,India,Low,v2.0
AML_01874,COUNTRY_RISK Rule 1874,COUNTRY_RISK,Customers from Syria must undergo enhanced verification.,UK,Low,v5.0
AML_01875,COUNTRY_RISK Rule 1875,COUNTRY_RISK,Customers from Myanmar must undergo enhanced verification.,UK,High,v4.0
AML_01876,CDD Rule 1876,CDD,Customers with incomplete documentation must be placed under manual review.,India,Critical,v2.0
AML_01877,PEP Rule 1877,PEP,Address proof must be verified during onboarding.,Global,Critical,v3.0
AML_01878,COUNTRY_RISK Rule 1878,COUNTRY_RISK,Customers from North Korea must undergo enhanced verification.,UK,High,v5.0
AML_01879,CDD Rule 1879,CDD,Customers appearing on sanctions lists must be rejected immediately.,Global,High,v4.0
AML_01880,EDD Rule 1880,EDD,Customers from high-risk countries require additional verification.,India,Low,v4.0
AML_01881,ONBOARDING Rule 1881,ONBOARDING,Suspicious activity reports must be filed for unusual behavior.,Global,Low,v1.0
AML_01882,SANCTION Rule 1882,SANCTION,Beneficial ownership verification is required for business accounts.,India,Low,v1.0
AML_01883,AML Rule 1883,AML,Customers with incomplete documentation must be placed under manual review.,Global,High,v4.0
AML_01884,PEP Rule 1884,PEP,Customers appearing on sanctions lists must be rejected immediately.,Global,High,v4.0
AML_01885,SANCTION Rule 1885,SANCTION,Customers appearing on sanctions lists must be rejected immediately.,UK,Low,v3.0
AML_01886,SANCTION Rule 1886,SANCTION,Address proof must be verified during onboarding.,India,High,v5.0
AML_01887,CDD Rule 1887,CDD,Customers with incomplete documentation must be placed under manual review.,Global,Medium,v2.0
AML_01888,AML Rule 1888,AML,Suspicious activity reports must be filed for unusual behavior.,India,Critical,v1.0
AML_01889,COUNTRY_RISK Rule 1889,COUNTRY_RISK,Customers from Afghanistan must undergo enhanced verification.,Global,Low,v1.0
AML_01890,ONBOARDING Rule 1890,ONBOARDING,Customers from high-risk countries require additional verification.,UK,High,v3.0
AML_01891,COUNTRY_RISK Rule 1891,COUNTRY_RISK,Customers from Afghanistan must undergo enhanced verification.,Global,Critical,v1.0
AML_01892,CDD Rule 1892,CDD,Beneficial ownership verification is required for business accounts.,USA,Medium,v2.0
AML_01893,SANCTION Rule 1893,SANCTION,Transactions inconsistent with customer profile should trigger AML review.,USA,High,v1.0
AML_01894,AML Rule 1894,AML,Source of funds verification is mandatory for high-value customers.,India,High,v1.0
AML_01895,EDD Rule 1895,EDD,Identity verification must be completed before account activation.,USA,Medium,v5.0
AML_01896,ONBOARDING Rule 1896,ONBOARDING,Customers appearing on sanctions lists must be rejected immediately.,Global,Medium,v4.0
AML_01897,CDD Rule 1897,CDD,Transactions inconsistent with customer profile should trigger AML review.,India,Critical,v2.0
AML_01898,EDD Rule 1898,EDD,Customers appearing on sanctions lists must be rejected immediately.,UK,Medium,v5.0
AML_01899,PEP Rule 1899,PEP,Address proof must be verified during onboarding.,India,Medium,v4.0
AML_01900,COUNTRY_RISK Rule 1900,COUNTRY_RISK,Customers from Syria must undergo enhanced verification.,UK,Medium,v2.0
AML_01901,AML Rule 1901,AML,Customers with incomplete documentation must be placed under manual review.,UK,Low,v4.0
AML_01902,PEP Rule 1902,PEP,Beneficial ownership verification is required for business accounts.,Global,High,v2.0
AML_01903,SANCTION Rule 1903,SANCTION,Address proof must be verified during onboarding.,India,Low,v1.0
AML_01904,SANCTION Rule 1904,SANCTION,Politically Exposed Persons (PEPs) must undergo Enhanced Due Diligence (EDD).,UK,Critical,v4.0
AML_01905,CDD Rule 1905,CDD,Customers appearing on sanctions lists must be rejected immediately.,Global,Medium,v4.0
AML_01906,COUNTRY_RISK Rule 1906,COUNTRY_RISK,Customers from Afghanistan must undergo enhanced verification.,India,Low,v2.0
AML_01907,AML Rule 1907,AML,Suspicious activity reports must be filed for unusual behavior.,UK,High,v2.0
AML_01908,COUNTRY_RISK Rule 1908,COUNTRY_RISK,Customers from Iran must undergo enhanced verification.,USA,High,v4.0
AML_01909,PEP Rule 1909,PEP,Suspicious activity reports must be filed for unusual behavior.,India,High,v2.0
AML_01910,SANCTION Rule 1910,SANCTION,Customers with incomplete documentation must be placed under manual review.,Global,Medium,v5.0
AML_01911,AML Rule 1911,AML,Transactions inconsistent with customer profile should trigger AML review.,Global,High,v1.0
AML_01912,SANCTION Rule 1912,SANCTION,Beneficial ownership verification is required for business accounts.,USA,Medium,v4.0
AML_01913,ONBOARDING Rule 1913,ONBOARDING,Customers with incomplete documentation must be placed under manual review.,Global,Critical,v3.0
AML_01914,EDD Rule 1914,EDD,Customers appearing on sanctions lists must be rejected immediately.,India,Medium,v2.0
AML_01915,ONBOARDING Rule 1915,ONBOARDING,Source of funds verification is mandatory for high-value customers.,USA,Low,v5.0
AML_01916,CDD Rule 1916,CDD,Customers appearing on sanctions lists must be rejected immediately.,India,Medium,v3.0
AML_01917,EDD Rule 1917,EDD,Suspicious activity reports must be filed for unusual behavior.,UK,High,v3.0
AML_01918,CDD Rule 1918,CDD,Identity verification must be completed before account activation.,Global,Medium,v2.0
AML_01919,ONBOARDING Rule 1919,ONBOARDING,Identity verification must be completed before account activation.,India,Low,v1.0
AML_01920,EDD Rule 1920,EDD,Identity verification must be completed before account activation.,UK,Low,v4.0
AML_01921,SANCTION Rule 1921,SANCTION,Transactions inconsistent with customer profile should trigger AML review.,USA,Critical,v3.0
AML_01922,EDD Rule 1922,EDD,Identity verification must be completed before account activation.,USA,Low,v2.0
AML_01923,AML Rule 1923,AML,Customers from high-risk countries require additional verification.,UK,High,v4.0
AML_01924,SANCTION Rule 1924,SANCTION,Identity verification must be completed before account activation.,India,Low,v4.0
AML_01925,COUNTRY_RISK Rule 1925,COUNTRY_RISK,Customers from Myanmar must undergo enhanced verification.,Global,Medium,v1.0
AML_01926,COUNTRY_RISK Rule 1926,COUNTRY_RISK,Customers from Myanmar must undergo enhanced verification.,USA,Critical,v1.0
AML_01927,COUNTRY_RISK Rule 1927,COUNTRY_RISK,Customers from Syria must undergo enhanced verification.,India,High,v2.0
AML_01928,PEP Rule 1928,PEP,Suspicious activity reports must be filed for unusual behavior.,Global,High,v4.0
AML_01929,EDD Rule 1929,EDD,Transactions inconsistent with customer profile should trigger AML review.,USA,Critical,v2.0
AML_01930,EDD Rule 1930,EDD,Address proof must be verified during onboarding.,UK,Critical,v3.0
AML_01931,ONBOARDING Rule 1931,ONBOARDING,Identity verification must be completed before account activation.,USA,Low,v4.0
AML_01932,ONBOARDING Rule 1932,ONBOARDING,Customers with incomplete documentation must be placed under manual review.,Global,Critical,v3.0
AML_01933,EDD Rule 1933,EDD,Customers with incomplete documentation must be placed under manual review.,India,Critical,v1.0
AML_01934,SANCTION Rule 1934,SANCTION,Identity verification must be completed before account activation.,Global,High,v4.0
AML_01935,PEP Rule 1935,PEP,Transactions inconsistent with customer profile should trigger AML review.,Global,Medium,v2.0
AML_01936,SANCTION Rule 1936,SANCTION,Source of funds verification is mandatory for high-value customers.,UK,Critical,v1.0
AML_01937,CDD Rule 1937,CDD,Suspicious activity reports must be filed for unusual behavior.,USA,High,v3.0
AML_01938,SANCTION Rule 1938,SANCTION,Transactions inconsistent with customer profile should trigger AML review.,Global,Medium,v1.0
AML_01939,PEP Rule 1939,PEP,Address proof must be verified during onboarding.,Global,Low,v1.0
AML_01940,CDD Rule 1940,CDD,Identity verification must be completed before account activation.,India,Medium,v4.0
AML_01941,EDD Rule 1941,EDD,Suspicious activity reports must be filed for unusual behavior.,Global,Low,v4.0
AML_01942,COUNTRY_RISK Rule 1942,COUNTRY_RISK,Customers from Myanmar must undergo enhanced verification.,India,High,v3.0
AML_01943,EDD Rule 1943,EDD,Transactions inconsistent with customer profile should trigger AML review.,USA,Critical,v3.0
AML_01944,SANCTION Rule 1944,SANCTION,Beneficial ownership verification is required for business accounts.,India,Low,v1.0
AML_01945,SANCTION Rule 1945,SANCTION,Beneficial ownership verification is required for business accounts.,India,Medium,v2.0
AML_01946,COUNTRY_RISK Rule 1946,COUNTRY_RISK,Customers from Syria must undergo enhanced verification.,USA,Critical,v5.0
AML_01947,ONBOARDING Rule 1947,ONBOARDING,Customers from high-risk countries require additional verification.,USA,Medium,v5.0
AML_01948,EDD Rule 1948,EDD,Address proof must be verified during onboarding.,USA,Critical,v4.0
AML_01949,ONBOARDING Rule 1949,ONBOARDING,Customers with incomplete documentation must be placed under manual review.,India,Medium,v4.0
AML_01950,COUNTRY_RISK Rule 1950,COUNTRY_RISK,Customers from Afghanistan must undergo enhanced verification.,UK,High,v2.0
AML_01951,SANCTION Rule 1951,SANCTION,Suspicious activity reports must be filed for unusual behavior.,India,Low,v4.0
AML_01952,CDD Rule 1952,CDD,Suspicious activity reports must be filed for unusual behavior.,Global,Critical,v1.0
AML_01953,EDD Rule 1953,EDD,Customers appearing on sanctions lists must be rejected immediately.,USA,High,v3.0
AML_01954,AML Rule 1954,AML,Suspicious activity reports must be filed for unusual behavior.,UK,High,v1.0
AML_01955,PEP Rule 1955,PEP,Source of funds verification is mandatory for high-value customers.,India,Medium,v4.0
AML_01956,SANCTION Rule 1956,SANCTION,Transactions inconsistent with customer profile should trigger AML review.,USA,Critical,v4.0
AML_01957,CDD Rule 1957,CDD,Customers with incomplete documentation must be placed under manual review.,USA,Low,v2.0
AML_01958,COUNTRY_RISK Rule 1958,COUNTRY_RISK,Customers from Afghanistan must undergo enhanced verification.,India,Medium,v4.0
AML_01959,COUNTRY_RISK Rule 1959,COUNTRY_RISK,Customers from North Korea must undergo enhanced verification.,Global,Low,v1.0
AML_01960,AML Rule 1960,AML,Suspicious activity reports must be filed for unusual behavior.,UK,Low,v1.0
AML_01961,EDD Rule 1961,EDD,Customers with incomplete documentation must be placed under manual review.,UK,Low,v4.0
AML_01962,PEP Rule 1962,PEP,Source of funds verification is mandatory for high-value customers.,UK,Low,v4.0
AML_01963,COUNTRY_RISK Rule 1963,COUNTRY_RISK,Customers from Iran must undergo enhanced verification.,India,Critical,v5.0
AML_01964,ONBOARDING Rule 1964,ONBOARDING,Customers appearing on sanctions lists must be rejected immediately.,USA,Low,v3.0
AML_01965,EDD Rule 1965,EDD,Customers appearing on sanctions lists must be rejected immediately.,India,High,v2.0
AML_01966,AML Rule 1966,AML,Customers with incomplete documentation must be placed under manual review.,UK,High,v3.0
AML_01967,CDD Rule 1967,CDD,Customers with incomplete documentation must be placed under manual review.,USA,High,v5.0
AML_01968,SANCTION Rule 1968,SANCTION,Source of funds verification is mandatory for high-value customers.,USA,Critical,v3.0
AML_01969,SANCTION Rule 1969,SANCTION,Politically Exposed Persons (PEPs) must undergo Enhanced Due Diligence (EDD).,UK,Low,v4.0
AML_01970,EDD Rule 1970,EDD,Transactions inconsistent with customer profile should trigger AML review.,USA,Critical,v4.0
AML_01971,EDD Rule 1971,EDD,Suspicious activity reports must be filed for unusual behavior.,India,Medium,v1.0
AML_01972,CDD Rule 1972,CDD,Suspicious activity reports must be filed for unusual behavior.,USA,Medium,v1.0
AML_01973,ONBOARDING Rule 1973,ONBOARDING,Address proof must be verified during onboarding.,USA,Critical,v4.0
AML_01974,COUNTRY_RISK Rule 1974,COUNTRY_RISK,Customers from Afghanistan must undergo enhanced verification.,USA,Critical,v4.0
AML_01975,PEP Rule 1975,PEP,Politically Exposed Persons (PEPs) must undergo Enhanced Due Diligence (EDD).,India,Low,v5.0
AML_01976,CDD Rule 1976,CDD,Customers from high-risk countries require additional verification.,USA,High,v5.0
AML_01977,PEP Rule 1977,PEP,Suspicious activity reports must be filed for unusual behavior.,USA,Medium,v3.0
AML_01978,AML Rule 1978,AML,Customers appearing on sanctions lists must be rejected immediately.,India,Critical,v1.0
AML_01979,EDD Rule 1979,EDD,Suspicious activity reports must be filed for unusual behavior.,India,Critical,v1.0
AML_01980,CDD Rule 1980,CDD,Address proof must be verified during onboarding.,UK,High,v2.0
AML_01981,ONBOARDING Rule 1981,ONBOARDING,Identity verification must be completed before account activation.,UK,High,v5.0
AML_01982,CDD Rule 1982,CDD,Transactions inconsistent with customer profile should trigger AML review.,Global,Critical,v3.0
AML_01983,CDD Rule 1983,CDD,Address proof must be verified during onboarding.,India,Low,v2.0
AML_01984,AML Rule 1984,AML,Politically Exposed Persons (PEPs) must undergo Enhanced Due Diligence (EDD).,USA,Low,v4.0
AML_01985,ONBOARDING Rule 1985,ONBOARDING,Transactions inconsistent with customer profile should trigger AML review.,India,High,v1.0
AML_01986,SANCTION Rule 1986,SANCTION,Customers appearing on sanctions lists must be rejected immediately.,UK,Medium,v1.0
AML_01987,ONBOARDING Rule 1987,ONBOARDING,Source of funds verification is mandatory for high-value customers.,India,High,v4.0
AML_01988,AML Rule 1988,AML,Address proof must be verified during onboarding.,USA,Low,v4.0
AML_01989,ONBOARDING Rule 1989,ONBOARDING,Identity verification must be completed before account activation.,Global,Critical,v4.0
AML_01990,ONBOARDING Rule 1990,ONBOARDING,Customers appearing on sanctions lists must be rejected immediately.,India,Low,v4.0
AML_01991,CDD Rule 1991,CDD,Politically Exposed Persons (PEPs) must undergo Enhanced Due Diligence (EDD).,Global,Medium,v3.0
AML_01992,PEP Rule 1992,PEP,Politically Exposed Persons (PEPs) must undergo Enhanced Due Diligence (EDD).,Global,Low,v4.0
AML_01993,PEP Rule 1993,PEP,Politically Exposed Persons (PEPs) must undergo Enhanced Due Diligence (EDD).,Global,Critical,v3.0
AML_01994,COUNTRY_RISK Rule 1994,COUNTRY_RISK,Customers from Myanmar must undergo enhanced verification.,India,High,v3.0
AML_01995,COUNTRY_RISK Rule 1995,COUNTRY_RISK,Customers from Myanmar must undergo enhanced verification.,USA,Low,v3.0
AML_01996,ONBOARDING Rule 1996,ONBOARDING,Customers from high-risk countries require additional verification.,Global,Low,v4.0
AML_01997,CDD Rule 1997,CDD,Politically Exposed Persons (PEPs) must undergo Enhanced Due Diligence (EDD).,Global,Low,v2.0
AML_01998,ONBOARDING Rule 1998,ONBOARDING,Beneficial ownership verification is required for business accounts.,UK,Medium,v3.0
AML_01999,SANCTION Rule 1999,SANCTION,Customers from high-risk countries require additional verification.,Global,Medium,v5.0
AML_02000,COUNTRY_RISK Rule 2000,COUNTRY_RISK,Customers from North Korea must undergo enhanced verification.,India,Critical,v5.0
AML_02001,AML Rule 2001,AML,Customers from high-risk countries require additional verification.,UK,Critical,v3.0
AML_02002,CDD Rule 2002,CDD,Customers with incomplete documentation must be placed under manual review.,Global,High,v3.0
AML_02003,SANCTION Rule 2003,SANCTION,Customers from high-risk countries require additional verification.,India,Low,v5.0
AML_02004,ONBOARDING Rule 2004,ONBOARDING,Beneficial ownership verification is required for business accounts.,India,Critical,v3.0
AML_02005,COUNTRY_RISK Rule 2005,COUNTRY_RISK,Customers from Myanmar must undergo enhanced verification.,UK,Low,v2.0
AML_02006,PEP Rule 2006,PEP,Politically Exposed Persons (PEPs) must undergo Enhanced Due Diligence (EDD).,UK,Critical,v4.0
AML_02007,AML Rule 2007,AML,Customers with incomplete documentation must be placed under manual review.,Global,Critical,v2.0
AML_02008,COUNTRY_RISK Rule 2008,COUNTRY_RISK,Customers from Syria must undergo enhanced verification.,India,Critical,v1.0
AML_02009,SANCTION Rule 2009,SANCTION,Transactions inconsistent with customer profile should trigger AML review.,USA,Critical,v4.0
AML_02010,SANCTION Rule 2010,SANCTION,Source of funds verification is mandatory for high-value customers.,India,Critical,v4.0
AML_02011,CDD Rule 2011,CDD,Source of funds verification is mandatory for high-value customers.,India,Medium,v4.0
AML_02012,SANCTION Rule 2012,SANCTION,Customers with incomplete documentation must be placed under manual review.,Global,Medium,v4.0
AML_02013,CDD Rule 2013,CDD,Identity verification must be completed before account activation.,USA,Medium,v1.0
AML_02014,ONBOARDING Rule 2014,ONBOARDING,Transactions inconsistent with customer profile should trigger AML review.,UK,High,v5.0
AML_02015,PEP Rule 2015,PEP,Customers appearing on sanctions lists must be rejected immediately.,UK,Medium,v2.0
AML_02016,ONBOARDING Rule 2016,ONBOARDING,Suspicious activity reports must be filed for unusual behavior.,UK,Medium,v1.0
AML_02017,AML Rule 2017,AML,Suspicious activity reports must be filed for unusual behavior.,India,Medium,v2.0
AML_02018,AML Rule 2018,AML,Customers with incomplete documentation must be placed under manual review.,USA,High,v2.0
AML_02019,COUNTRY_RISK Rule 2019,COUNTRY_RISK,Customers from Iran must undergo enhanced verification.,India,High,v5.0
AML_02020,PEP Rule 2020,PEP,Suspicious activity reports must be filed for unusual behavior.,USA,Medium,v5.0
AML_02021,SANCTION Rule 2021,SANCTION,Transactions inconsistent with customer profile should trigger AML review.,Global,Critical,v3.0
AML_02022,AML Rule 2022,AML,Identity verification must be completed before account activation.,India,Low,v4.0
AML_02023,ONBOARDING Rule 2023,ONBOARDING,Beneficial ownership verification is required for business accounts.,USA,Critical,v4.0
AML_02024,EDD Rule 2024,EDD,Customers appearing on sanctions lists must be rejected immediately.,UK,Critical,v4.0
AML_02025,AML Rule 2025,AML,Identity verification must be completed before account activation.,USA,Medium,v3.0
AML_02026,PEP Rule 2026,PEP,Customers with incomplete documentation must be placed under manual review.,India,Low,v2.0
AML_02027,PEP Rule 2027,PEP,Transactions inconsistent with customer profile should trigger AML review.,India,Low,v2.0
AML_02028,COUNTRY_RISK Rule 2028,COUNTRY_RISK,Customers from Syria must undergo enhanced verification.,Global,Critical,v3.0
AML_02029,PEP Rule 2029,PEP,Beneficial ownership verification is required for business accounts.,USA,High,v3.0
AML_02030,PEP Rule 2030,PEP,Transactions inconsistent with customer profile should trigger AML review.,UK,Critical,v5.0
AML_02031,COUNTRY_RISK Rule 2031,COUNTRY_RISK,Customers from Iran must undergo enhanced verification.,India,High,v1.0
AML_02032,ONBOARDING Rule 2032,ONBOARDING,Customers from high-risk countries require additional verification.,Global,High,v2.0
AML_02033,EDD Rule 2033,EDD,Transactions inconsistent with customer profile should trigger AML review.,Global,Critical,v3.0
AML_02034,SANCTION Rule 2034,SANCTION,Customers with incomplete documentation must be placed under manual review.,India,Critical,v1.0
AML_02035,CDD Rule 2035,CDD,Identity verification must be completed before account activation.,USA,High,v2.0
AML_02036,AML Rule 2036,AML,Source of funds verification is mandatory for high-value customers.,Global,Low,v4.0
AML_02037,COUNTRY_RISK Rule 2037,COUNTRY_RISK,Customers from Iran must undergo enhanced verification.,UK,Critical,v2.0
AML_02038,EDD Rule 2038,EDD,Politically Exposed Persons (PEPs) must undergo Enhanced Due Diligence (EDD).,India,Medium,v3.0
AML_02039,CDD Rule 2039,CDD,Transactions inconsistent with customer profile should trigger AML review.,UK,Low,v5.0
AML_02040,AML Rule 2040,AML,Source of funds verification is mandatory for high-value customers.,Global,Critical,v4.0
AML_02041,CDD Rule 2041,CDD,Transactions inconsistent with customer profile should trigger AML review.,UK,Medium,v3.0
AML_02042,AML Rule 2042,AML,Transactions inconsistent with customer profile should trigger AML review.,Global,High,v5.0
AML_02043,CDD Rule 2043,CDD,Source of funds verification is mandatory for high-value customers.,UK,Medium,v4.0
AML_02044,AML Rule 2044,AML,Customers appearing on sanctions lists must be rejected immediately.,Global,High,v4.0
AML_02045,CDD Rule 2045,CDD,Beneficial ownership verification is required for business accounts.,UK,Low,v3.0
AML_02046,CDD Rule 2046,CDD,Beneficial ownership verification is required for business accounts.,UK,High,v5.0
AML_02047,COUNTRY_RISK Rule 2047,COUNTRY_RISK,Customers from Afghanistan must undergo enhanced verification.,UK,Medium,v2.0
AML_02048,PEP Rule 2048,PEP,Beneficial ownership verification is required for business accounts.,Global,Low,v4.0
AML_02049,AML Rule 2049,AML,Customers appearing on sanctions lists must be rejected immediately.,USA,Critical,v4.0
AML_02050,CDD Rule 2050,CDD,Customers from high-risk countries require additional verification.,India,Medium,v5.0
AML_02051,CDD Rule 2051,CDD,Identity verification must be completed before account activation.,Global,Medium,v4.0
AML_02052,COUNTRY_RISK Rule 2052,COUNTRY_RISK,Customers from Syria must undergo enhanced verification.,USA,High,v1.0
AML_02053,CDD Rule 2053,CDD,Politically Exposed Persons (PEPs) must undergo Enhanced Due Diligence (EDD).,UK,Low,v3.0
AML_02054,SANCTION Rule 2054,SANCTION,Address proof must be verified during onboarding.,USA,Critical,v4.0
AML_02055,AML Rule 2055,AML,Politically Exposed Persons (PEPs) must undergo Enhanced Due Diligence (EDD).,UK,High,v5.0
AML_02056,COUNTRY_RISK Rule 2056,COUNTRY_RISK,Customers from Afghanistan must undergo enhanced verification.,UK,Critical,v3.0
AML_02057,ONBOARDING Rule 2057,ONBOARDING,Customers from high-risk countries require additional verification.,UK,High,v3.0
AML_02058,PEP Rule 2058,PEP,Identity verification must be completed before account activation.,UK,Critical,v4.0
AML_02059,CDD Rule 2059,CDD,Customers appearing on sanctions lists must be rejected immediately.,Global,Medium,v3.0
AML_02060,PEP Rule 2060,PEP,Customers from high-risk countries require additional verification.,UK,Medium,v1.0
AML_02061,AML Rule 2061,AML,Customers from high-risk countries require additional verification.,Global,Critical,v4.0
AML_02062,COUNTRY_RISK Rule 2062,COUNTRY_RISK,Customers from North Korea must undergo enhanced verification.,Global,High,v2.0
AML_02063,CDD Rule 2063,CDD,Customers appearing on sanctions lists must be rejected immediately.,India,Low,v2.0
AML_02064,CDD Rule 2064,CDD,Customers from high-risk countries require additional verification.,Global,Low,v1.0
AML_02065,EDD Rule 2065,EDD,Transactions inconsistent with customer profile should trigger AML review.,India,Critical,v3.0
AML_02066,AML Rule 2066,AML,Address proof must be verified during onboarding.,India,Low,v5.0
AML_02067,ONBOARDING Rule 2067,ONBOARDING,Customers with incomplete documentation must be placed under manual review.,UK,High,v5.0
AML_02068,SANCTION Rule 2068,SANCTION,Politically Exposed Persons (PEPs) must undergo Enhanced Due Diligence (EDD).,India,Medium,v1.0
AML_02069,CDD Rule 2069,CDD,Suspicious activity reports must be filed for unusual behavior.,India,Critical,v5.0
AML_02070,AML Rule 2070,AML,Customers appearing on sanctions lists must be rejected immediately.,UK,Critical,v5.0
AML_02071,CDD Rule 2071,CDD,Transactions inconsistent with customer profile should trigger AML review.,Global,High,v4.0
AML_02072,COUNTRY_RISK Rule 2072,COUNTRY_RISK,Customers from Syria must undergo enhanced verification.,USA,Critical,v1.0
AML_02073,AML Rule 2073,AML,Beneficial ownership verification is required for business accounts.,USA,Medium,v4.0
AML_02074,PEP Rule 2074,PEP,Customers appearing on sanctions lists must be rejected immediately.,USA,Low,v5.0
AML_02075,AML Rule 2075,AML,Politically Exposed Persons (PEPs) must undergo Enhanced Due Diligence (EDD).,India,Medium,v4.0
AML_02076,EDD Rule 2076,EDD,Source of funds verification is mandatory for high-value customers.,Global,High,v3.0
AML_02077,EDD Rule 2077,EDD,Customers appearing on sanctions lists must be rejected immediately.,UK,Critical,v3.0
AML_02078,EDD Rule 2078,EDD,Beneficial ownership verification is required for business accounts.,USA,High,v1.0
AML_02079,CDD Rule 2079,CDD,Customers with incomplete documentation must be placed under manual review.,Global,Medium,v2.0
AML_02080,SANCTION Rule 2080,SANCTION,Customers with incomplete documentation must be placed under manual review.,UK,Medium,v1.0
AML_02081,ONBOARDING Rule 2081,ONBOARDING,Customers appearing on sanctions lists must be rejected immediately.,USA,Low,v4.0
AML_02082,ONBOARDING Rule 2082,ONBOARDING,Customers appearing on sanctions lists must be rejected immediately.,Global,Medium,v4.0
AML_02083,CDD Rule 2083,CDD,Beneficial ownership verification is required for business accounts.,India,Low,v2.0
AML_02084,SANCTION Rule 2084,SANCTION,Identity verification must be completed before account activation.,Global,Medium,v5.0
AML_02085,AML Rule 2085,AML,Customers from high-risk countries require additional verification.,UK,Critical,v3.0
AML_02086,EDD Rule 2086,EDD,Transactions inconsistent with customer profile should trigger AML review.,USA,Low,v2.0
AML_02087,ONBOARDING Rule 2087,ONBOARDING,Politically Exposed Persons (PEPs) must undergo Enhanced Due Diligence (EDD).,Global,Critical,v4.0
AML_02088,AML Rule 2088,AML,Identity verification must be completed before account activation.,UK,Critical,v3.0
AML_02089,PEP Rule 2089,PEP,Address proof must be verified during onboarding.,India,High,v4.0
AML_02090,ONBOARDING Rule 2090,ONBOARDING,Transactions inconsistent with customer profile should trigger AML review.,India,Critical,v3.0
AML_02091,AML Rule 2091,AML,Beneficial ownership verification is required for business accounts.,UK,Low,v1.0
AML_02092,SANCTION Rule 2092,SANCTION,Customers from high-risk countries require additional verification.,UK,High,v5.0
AML_02093,CDD Rule 2093,CDD,Customers with incomplete documentation must be placed under manual review.,UK,Critical,v2.0
AML_02094,AML Rule 2094,AML,Suspicious activity reports must be filed for unusual behavior.,Global,Critical,v3.0
AML_02095,CDD Rule 2095,CDD,Customers with incomplete documentation must be placed under manual review.,India,Critical,v2.0
AML_02096,AML Rule 2096,AML,Address proof must be verified during onboarding.,USA,Critical,v5.0
AML_02097,PEP Rule 2097,PEP,Transactions inconsistent with customer profile should trigger AML review.,UK,Critical,v1.0
AML_02098,PEP Rule 2098,PEP,Customers from high-risk countries require additional verification.,UK,Low,v1.0
AML_02099,COUNTRY_RISK Rule 2099,COUNTRY_RISK,Customers from Syria must undergo enhanced verification.,Global,Low,v5.0
AML_02100,SANCTION Rule 2100,SANCTION,Politically Exposed Persons (PEPs) must undergo Enhanced Due Diligence (EDD).,India,Critical,v4.0
AML_02101,EDD Rule 2101,EDD,Address proof must be verified during onboarding.,Global,Medium,v4.0
AML_02102,EDD Rule 2102,EDD,Identity verification must be completed before account activation.,USA,High,v3.0
AML_02103,EDD Rule 2103,EDD,Customers from high-risk countries require additional verification.,UK,Critical,v2.0
AML_02104,SANCTION Rule 2104,SANCTION,Source of funds verification is mandatory for high-value customers.,India,Critical,v2.0
AML_02105,COUNTRY_RISK Rule 2105,COUNTRY_RISK,Customers from Myanmar must undergo enhanced verification.,USA,Medium,v2.0
AML_02106,CDD Rule 2106,CDD,Politically Exposed Persons (PEPs) must undergo Enhanced Due Diligence (EDD).,UK,High,v2.0
AML_02107,COUNTRY_RISK Rule 2107,COUNTRY_RISK,Customers from Myanmar must undergo enhanced verification.,India,High,v4.0
AML_02108,SANCTION Rule 2108,SANCTION,Customers appearing on sanctions lists must be rejected immediately.,India,Medium,v2.0
AML_02109,CDD Rule 2109,CDD,Customers from high-risk countries require additional verification.,India,Critical,v2.0
AML_02110,EDD Rule 2110,EDD,Customers appearing on sanctions lists must be rejected immediately.,Global,Critical,v2.0
AML_02111,PEP Rule 2111,PEP,Suspicious activity reports must be filed for unusual behavior.,Global,Critical,v4.0
AML_02112,AML Rule 2112,AML,Transactions inconsistent with customer profile should trigger AML review.,USA,High,v4.0
AML_02113,CDD Rule 2113,CDD,Suspicious activity reports must be filed for unusual behavior.,Global,High,v3.0
AML_02114,PEP Rule 2114,PEP,Address proof must be verified during onboarding.,USA,High,v3.0
AML_02115,CDD Rule 2115,CDD,Customers from high-risk countries require additional verification.,UK,Low,v4.0
AML_02116,AML Rule 2116,AML,Source of funds verification is mandatory for high-value customers.,India,High,v1.0
AML_02117,PEP Rule 2117,PEP,Politically Exposed Persons (PEPs) must undergo Enhanced Due Diligence (EDD).,UK,Critical,v5.0
AML_02118,PEP Rule 2118,PEP,Customers with incomplete documentation must be placed under manual review.,Global,Medium,v5.0
AML_02119,ONBOARDING Rule 2119,ONBOARDING,Beneficial ownership verification is required for business accounts.,USA,High,v2.0
AML_02120,SANCTION Rule 2120,SANCTION,Customers with incomplete documentation must be placed under manual review.,Global,Low,v5.0
AML_02121,PEP Rule 2121,PEP,Suspicious activity reports must be filed for unusual behavior.,UK,Low,v5.0
AML_02122,SANCTION Rule 2122,SANCTION,Identity verification must be completed before account activation.,UK,High,v5.0
AML_02123,COUNTRY_RISK Rule 2123,COUNTRY_RISK,Customers from North Korea must undergo enhanced verification.,UK,Medium,v2.0
AML_02124,EDD Rule 2124,EDD,Suspicious activity reports must be filed for unusual behavior.,Global,Low,v2.0
AML_02125,PEP Rule 2125,PEP,Beneficial ownership verification is required for business accounts.,India,High,v3.0
AML_02126,COUNTRY_RISK Rule 2126,COUNTRY_RISK,Customers from Syria must undergo enhanced verification.,UK,Critical,v2.0
AML_02127,EDD Rule 2127,EDD,Beneficial ownership verification is required for business accounts.,India,Critical,v5.0
AML_02128,ONBOARDING Rule 2128,ONBOARDING,Politically Exposed Persons (PEPs) must undergo Enhanced Due Diligence (EDD).,India,High,v1.0
AML_02129,ONBOARDING Rule 2129,ONBOARDING,Customers from high-risk countries require additional verification.,Global,Medium,v2.0
AML_02130,AML Rule 2130,AML,Customers from high-risk countries require additional verification.,USA,High,v4.0
AML_02131,SANCTION Rule 2131,SANCTION,Politically Exposed Persons (PEPs) must undergo Enhanced Due Diligence (EDD).,India,Critical,v1.0
AML_02132,ONBOARDING Rule 2132,ONBOARDING,Customers with incomplete documentation must be placed under manual review.,UK,High,v2.0
AML_02133,CDD Rule 2133,CDD,Customers from high-risk countries require additional verification.,USA,Low,v2.0
AML_02134,PEP Rule 2134,PEP,Customers from high-risk countries require additional verification.,Global,Low,v3.0
AML_02135,AML Rule 2135,AML,Suspicious activity reports must be filed for unusual behavior.,Global,Low,v4.0
AML_02136,COUNTRY_RISK Rule 2136,COUNTRY_RISK,Customers from Syria must undergo enhanced verification.,India,Critical,v1.0
AML_02137,ONBOARDING Rule 2137,ONBOARDING,Address proof must be verified during onboarding.,USA,Low,v2.0
AML_02138,SANCTION Rule 2138,SANCTION,Customers with incomplete documentation must be placed under manual review.,UK,High,v3.0
AML_02139,PEP Rule 2139,PEP,Identity verification must be completed before account activation.,India,Critical,v5.0
AML_02140,SANCTION Rule 2140,SANCTION,Politically Exposed Persons (PEPs) must undergo Enhanced Due Diligence (EDD).,India,Low,v2.0
AML_02141,CDD Rule 2141,CDD,Customers from high-risk countries require additional verification.,UK,Low,v5.0
AML_02142,COUNTRY_RISK Rule 2142,COUNTRY_RISK,Customers from Myanmar must undergo enhanced verification.,India,High,v2.0
AML_02143,EDD Rule 2143,EDD,Customers with incomplete documentation must be placed under manual review.,USA,Critical,v2.0
AML_02144,ONBOARDING Rule 2144,ONBOARDING,Transactions inconsistent with customer profile should trigger AML review.,UK,Low,v2.0
AML_02145,PEP Rule 2145,PEP,Address proof must be verified during onboarding.,India,Low,v3.0
AML_02146,PEP Rule 2146,PEP,Address proof must be verified during onboarding.,UK,Critical,v3.0
AML_02147,AML Rule 2147,AML,Address proof must be verified during onboarding.,UK,High,v4.0
AML_02148,ONBOARDING Rule 2148,ONBOARDING,Transactions inconsistent with customer profile should trigger AML review.,USA,Critical,v5.0
AML_02149,ONBOARDING Rule 2149,ONBOARDING,Transactions inconsistent with customer profile should trigger AML review.,Global,Medium,v3.0
AML_02150,ONBOARDING Rule 2150,ONBOARDING,Source of funds verification is mandatory for high-value customers.,USA,High,v2.0
AML_02151,CDD Rule 2151,CDD,Source of funds verification is mandatory for high-value customers.,Global,Low,v4.0
AML_02152,ONBOARDING Rule 2152,ONBOARDING,Identity verification must be completed before account activation.,USA,Low,v1.0
AML_02153,PEP Rule 2153,PEP,Customers with incomplete documentation must be placed under manual review.,India,Low,v1.0
AML_02154,EDD Rule 2154,EDD,Address proof must be verified during onboarding.,India,Critical,v3.0
AML_02155,AML Rule 2155,AML,Customers with incomplete documentation must be placed under manual review.,Global,Low,v1.0
AML_02156,CDD Rule 2156,CDD,Customers with incomplete documentation must be placed under manual review.,Global,Low,v2.0
AML_02157,EDD Rule 2157,EDD,Suspicious activity reports must be filed for unusual behavior.,Global,High,v5.0
AML_02158,COUNTRY_RISK Rule 2158,COUNTRY_RISK,Customers from North Korea must undergo enhanced verification.,India,Critical,v4.0
AML_02159,COUNTRY_RISK Rule 2159,COUNTRY_RISK,Customers from Syria must undergo enhanced verification.,Global,Low,v2.0
AML_02160,EDD Rule 2160,EDD,Beneficial ownership verification is required for business accounts.,India,Medium,v3.0
AML_02161,COUNTRY_RISK Rule 2161,COUNTRY_RISK,Customers from North Korea must undergo enhanced verification.,India,High,v5.0
AML_02162,PEP Rule 2162,PEP,Beneficial ownership verification is required for business accounts.,UK,Medium,v3.0
AML_02163,SANCTION Rule 2163,SANCTION,Address proof must be verified during onboarding.,USA,Critical,v5.0
AML_02164,CDD Rule 2164,CDD,Politically Exposed Persons (PEPs) must undergo Enhanced Due Diligence (EDD).,USA,Medium,v3.0
AML_02165,COUNTRY_RISK Rule 2165,COUNTRY_RISK,Customers from Iran must undergo enhanced verification.,India,Critical,v2.0
AML_02166,COUNTRY_RISK Rule 2166,COUNTRY_RISK,Customers from Myanmar must undergo enhanced verification.,USA,Medium,v4.0
AML_02167,PEP Rule 2167,PEP,Suspicious activity reports must be filed for unusual behavior.,USA,Medium,v3.0
AML_02168,ONBOARDING Rule 2168,ONBOARDING,Customers appearing on sanctions lists must be rejected immediately.,Global,Critical,v1.0
AML_02169,ONBOARDING Rule 2169,ONBOARDING,Transactions inconsistent with customer profile should trigger AML review.,India,High,v1.0
AML_02170,CDD Rule 2170,CDD,Identity verification must be completed before account activation.,USA,Low,v1.0
AML_02171,SANCTION Rule 2171,SANCTION,Politically Exposed Persons (PEPs) must undergo Enhanced Due Diligence (EDD).,Global,Critical,v1.0
AML_02172,ONBOARDING Rule 2172,ONBOARDING,Customers with incomplete documentation must be placed under manual review.,India,Medium,v4.0
AML_02173,SANCTION Rule 2173,SANCTION,Customers from high-risk countries require additional verification.,USA,Low,v5.0
AML_02174,CDD Rule 2174,CDD,Beneficial ownership verification is required for business accounts.,India,Critical,v3.0
AML_02175,CDD Rule 2175,CDD,Customers from high-risk countries require additional verification.,USA,Low,v2.0
AML_02176,EDD Rule 2176,EDD,Customers with incomplete documentation must be placed under manual review.,India,Critical,v4.0
AML_02177,PEP Rule 2177,PEP,Politically Exposed Persons (PEPs) must undergo Enhanced Due Diligence (EDD).,Global,Low,v1.0
AML_02178,PEP Rule 2178,PEP,Transactions inconsistent with customer profile should trigger AML review.,India,High,v3.0
AML_02179,AML Rule 2179,AML,Politically Exposed Persons (PEPs) must undergo Enhanced Due Diligence (EDD).,USA,High,v1.0
AML_02180,ONBOARDING Rule 2180,ONBOARDING,Identity verification must be completed before account activation.,USA,Medium,v2.0
AML_02181,COUNTRY_RISK Rule 2181,COUNTRY_RISK,Customers from Myanmar must undergo enhanced verification.,USA,Low,v1.0
AML_02182,SANCTION Rule 2182,SANCTION,Customers with incomplete documentation must be placed under manual review.,Global,Low,v3.0
AML_02183,AML Rule 2183,AML,Customers appearing on sanctions lists must be rejected immediately.,UK,High,v2.0
AML_02184,AML Rule 2184,AML,Suspicious activity reports must be filed for unusual behavior.,India,High,v4.0
AML_02185,ONBOARDING Rule 2185,ONBOARDING,Customers with incomplete documentation must be placed under manual review.,USA,Medium,v3.0
AML_02186,ONBOARDING Rule 2186,ONBOARDING,Identity verification must be completed before account activation.,Global,Low,v3.0
AML_02187,COUNTRY_RISK Rule 2187,COUNTRY_RISK,Customers from Syria must undergo enhanced verification.,India,Low,v2.0
AML_02188,EDD Rule 2188,EDD,Politically Exposed Persons (PEPs) must undergo Enhanced Due Diligence (EDD).,Global,Medium,v1.0
AML_02189,COUNTRY_RISK Rule 2189,COUNTRY_RISK,Customers from Iran must undergo enhanced verification.,India,Medium,v2.0
AML_02190,COUNTRY_RISK Rule 2190,COUNTRY_RISK,Customers from Myanmar must undergo enhanced verification.,UK,Low,v2.0
AML_02191,SANCTION Rule 2191,SANCTION,Identity verification must be completed before account activation.,USA,High,v4.0
AML_02192,COUNTRY_RISK Rule 2192,COUNTRY_RISK,Customers from Myanmar must undergo enhanced verification.,UK,High,v2.0
AML_02193,SANCTION Rule 2193,SANCTION,Beneficial ownership verification is required for business accounts.,USA,Low,v4.0
AML_02194,EDD Rule 2194,EDD,Beneficial ownership verification is required for business accounts.,USA,Low,v5.0
AML_02195,AML Rule 2195,AML,Politically Exposed Persons (PEPs) must undergo Enhanced Due Diligence (EDD).,Global,Medium,v2.0
AML_02196,CDD Rule 2196,CDD,Source of funds verification is mandatory for high-value customers.,Global,Low,v5.0
AML_02197,ONBOARDING Rule 2197,ONBOARDING,Address proof must be verified during onboarding.,Global,Medium,v2.0
AML_02198,CDD Rule 2198,CDD,Customers from high-risk countries require additional verification.,USA,High,v3.0
AML_02199,AML Rule 2199,AML,Suspicious activity reports must be filed for unusual behavior.,UK,Medium,v5.0
AML_02200,PEP Rule 2200,PEP,Source of funds verification is mandatory for high-value customers.,Global,Critical,v5.0
AML_02201,EDD Rule 2201,EDD,Customers appearing on sanctions lists must be rejected immediately.,India,Medium,v2.0
AML_02202,AML Rule 2202,AML,Identity verification must be completed before account activation.,India,Low,v3.0
AML_02203,AML Rule 2203,AML,Transactions inconsistent with customer profile should trigger AML review.,USA,Critical,v2.0
AML_02204,SANCTION Rule 2204,SANCTION,Customers appearing on sanctions lists must be rejected immediately.,USA,Low,v1.0
AML_02205,AML Rule 2205,AML,Politically Exposed Persons (PEPs) must undergo Enhanced Due Diligence (EDD).,Global,High,v3.0
AML_02206,EDD Rule 2206,EDD,Beneficial ownership verification is required for business accounts.,India,Low,v2.0
AML_02207,CDD Rule 2207,CDD,Politically Exposed Persons (PEPs) must undergo Enhanced Due Diligence (EDD).,Global,Critical,v2.0
AML_02208,EDD Rule 2208,EDD,Source of funds verification is mandatory for high-value customers.,Global,Critical,v3.0
AML_02209,AML Rule 2209,AML,Transactions inconsistent with customer profile should trigger AML review.,Global,Medium,v5.0
AML_02210,ONBOARDING Rule 2210,ONBOARDING,Customers appearing on sanctions lists must be rejected immediately.,USA,Medium,v2.0
AML_02211,ONBOARDING Rule 2211,ONBOARDING,Customers from high-risk countries require additional verification.,USA,Critical,v1.0
AML_02212,PEP Rule 2212,PEP,Politically Exposed Persons (PEPs) must undergo Enhanced Due Diligence (EDD).,USA,Critical,v2.0
AML_02213,COUNTRY_RISK Rule 2213,COUNTRY_RISK,Customers from Iran must undergo enhanced verification.,Global,Medium,v5.0
AML_02214,EDD Rule 2214,EDD,Politically Exposed Persons (PEPs) must undergo Enhanced Due Diligence (EDD).,UK,Medium,v5.0
AML_02215,PEP Rule 2215,PEP,Customers from high-risk countries require additional verification.,USA,Medium,v2.0
AML_02216,PEP Rule 2216,PEP,Address proof must be verified during onboarding.,India,High,v4.0
AML_02217,EDD Rule 2217,EDD,Customers from high-risk countries require additional verification.,India,Medium,v1.0
AML_02218,CDD Rule 2218,CDD,Customers from high-risk countries require additional verification.,USA,High,v5.0
AML_02219,COUNTRY_RISK Rule 2219,COUNTRY_RISK,Customers from Myanmar must undergo enhanced verification.,Global,High,v4.0
AML_02220,AML Rule 2220,AML,Transactions inconsistent with customer profile should trigger AML review.,Global,Low,v4.0
AML_02221,CDD Rule 2221,CDD,Suspicious activity reports must be filed for unusual behavior.,USA,Low,v3.0
AML_02222,COUNTRY_RISK Rule 2222,COUNTRY_RISK,Customers from Syria must undergo enhanced verification.,Global,Medium,v2.0
AML_02223,ONBOARDING Rule 2223,ONBOARDING,Customers appearing on sanctions lists must be rejected immediately.,India,High,v5.0
AML_02224,SANCTION Rule 2224,SANCTION,Customers appearing on sanctions lists must be rejected immediately.,Global,Low,v3.0
AML_02225,SANCTION Rule 2225,SANCTION,Address proof must be verified during onboarding.,India,High,v2.0
AML_02226,COUNTRY_RISK Rule 2226,COUNTRY_RISK,Customers from Syria must undergo enhanced verification.,USA,Medium,v3.0
AML_02227,EDD Rule 2227,EDD,Politically Exposed Persons (PEPs) must undergo Enhanced Due Diligence (EDD).,USA,High,v1.0
AML_02228,ONBOARDING Rule 2228,ONBOARDING,Customers with incomplete documentation must be placed under manual review.,India,Medium,v5.0
AML_02229,ONBOARDING Rule 2229,ONBOARDING,Customers appearing on sanctions lists must be rejected immediately.,UK,Medium,v3.0
AML_02230,SANCTION Rule 2230,SANCTION,Suspicious activity reports must be filed for unusual behavior.,India,Critical,v1.0
AML_02231,EDD Rule 2231,EDD,Customers with incomplete documentation must be placed under manual review.,UK,Critical,v4.0
AML_02232,PEP Rule 2232,PEP,Politically Exposed Persons (PEPs) must undergo Enhanced Due Diligence (EDD).,Global,Medium,v5.0
AML_02233,SANCTION Rule 2233,SANCTION,Politically Exposed Persons (PEPs) must undergo Enhanced Due Diligence (EDD).,UK,Low,v2.0
AML_02234,CDD Rule 2234,CDD,Customers from high-risk countries require additional verification.,Global,Medium,v4.0
AML_02235,AML Rule 2235,AML,Suspicious activity reports must be filed for unusual behavior.,USA,High,v2.0
AML_02236,COUNTRY_RISK Rule 2236,COUNTRY_RISK,Customers from North Korea must undergo enhanced verification.,UK,Critical,v3.0
AML_02237,SANCTION Rule 2237,SANCTION,Identity verification must be completed before account activation.,USA,Medium,v2.0
AML_02238,SANCTION Rule 2238,SANCTION,Suspicious activity reports must be filed for unusual behavior.,UK,High,v3.0
AML_02239,ONBOARDING Rule 2239,ONBOARDING,Identity verification must be completed before account activation.,India,Low,v5.0
AML_02240,ONBOARDING Rule 2240,ONBOARDING,Address proof must be verified during onboarding.,USA,High,v3.0
AML_02241,CDD Rule 2241,CDD,Politically Exposed Persons (PEPs) must undergo Enhanced Due Diligence (EDD).,USA,High,v3.0
AML_02242,SANCTION Rule 2242,SANCTION,Transactions inconsistent with customer profile should trigger AML review.,UK,High,v5.0
AML_02243,PEP Rule 2243,PEP,Customers appearing on sanctions lists must be rejected immediately.,India,High,v3.0
AML_02244,CDD Rule 2244,CDD,Customers appearing on sanctions lists must be rejected immediately.,UK,Low,v3.0
AML_02245,ONBOARDING Rule 2245,ONBOARDING,Beneficial ownership verification is required for business accounts.,India,Critical,v5.0
AML_02246,COUNTRY_RISK Rule 2246,COUNTRY_RISK,Customers from Afghanistan must undergo enhanced verification.,UK,Medium,v1.0
AML_02247,PEP Rule 2247,PEP,Beneficial ownership verification is required for business accounts.,Global,Medium,v2.0
AML_02248,EDD Rule 2248,EDD,Customers appearing on sanctions lists must be rejected immediately.,USA,Critical,v2.0
AML_02249,CDD Rule 2249,CDD,Customers with incomplete documentation must be placed under manual review.,UK,High,v3.0
AML_02250,SANCTION Rule 2250,SANCTION,Customers appearing on sanctions lists must be rejected immediately.,UK,High,v3.0
AML_02251,COUNTRY_RISK Rule 2251,COUNTRY_RISK,Customers from Myanmar must undergo enhanced verification.,Global,Medium,v4.0
AML_02252,EDD Rule 2252,EDD,Customers with incomplete documentation must be placed under manual review.,UK,Medium,v5.0
AML_02253,SANCTION Rule 2253,SANCTION,Address proof must be verified during onboarding.,India,Low,v4.0
AML_02254,ONBOARDING Rule 2254,ONBOARDING,Identity verification must be completed before account activation.,India,Low,v3.0
AML_02255,SANCTION Rule 2255,SANCTION,Identity verification must be completed before account activation.,Global,Low,v1.0
AML_02256,COUNTRY_RISK Rule 2256,COUNTRY_RISK,Customers from Syria must undergo enhanced verification.,UK,Critical,v3.0
AML_02257,SANCTION Rule 2257,SANCTION,Address proof must be verified during onboarding.,India,Medium,v3.0
AML_02258,SANCTION Rule 2258,SANCTION,Suspicious activity reports must be filed for unusual behavior.,India,High,v1.0
AML_02259,EDD Rule 2259,EDD,Customers from high-risk countries require additional verification.,Global,Medium,v4.0
AML_02260,AML Rule 2260,AML,Beneficial ownership verification is required for business accounts.,Global,High,v1.0
AML_02261,ONBOARDING Rule 2261,ONBOARDING,Politically Exposed Persons (PEPs) must undergo Enhanced Due Diligence (EDD).,Global,Medium,v1.0
AML_02262,EDD Rule 2262,EDD,Politically Exposed Persons (PEPs) must undergo Enhanced Due Diligence (EDD).,India,High,v5.0
AML_02263,EDD Rule 2263,EDD,Address proof must be verified during onboarding.,UK,High,v4.0
AML_02264,CDD Rule 2264,CDD,Suspicious activity reports must be filed for unusual behavior.,UK,High,v5.0
AML_02265,PEP Rule 2265,PEP,Beneficial ownership verification is required for business accounts.,UK,Low,v1.0
AML_02266,COUNTRY_RISK Rule 2266,COUNTRY_RISK,Customers from North Korea must undergo enhanced verification.,USA,Low,v4.0
AML_02267,PEP Rule 2267,PEP,Customers with incomplete documentation must be placed under manual review.,Global,High,v1.0
AML_02268,EDD Rule 2268,EDD,Customers appearing on sanctions lists must be rejected immediately.,UK,High,v3.0
AML_02269,PEP Rule 2269,PEP,Suspicious activity reports must be filed for unusual behavior.,Global,Medium,v2.0
AML_02270,COUNTRY_RISK Rule 2270,COUNTRY_RISK,Customers from Syria must undergo enhanced verification.,USA,Critical,v2.0
AML_02271,AML Rule 2271,AML,Identity verification must be completed before account activation.,Global,Critical,v4.0
AML_02272,ONBOARDING Rule 2272,ONBOARDING,Customers from high-risk countries require additional verification.,India,Low,v3.0
AML_02273,EDD Rule 2273,EDD,Customers from high-risk countries require additional verification.,USA,Critical,v2.0
AML_02274,SANCTION Rule 2274,SANCTION,Identity verification must be completed before account activation.,India,Critical,v3.0
AML_02275,SANCTION Rule 2275,SANCTION,Customers from high-risk countries require additional verification.,Global,Critical,v1.0
AML_02276,EDD Rule 2276,EDD,Source of funds verification is mandatory for high-value customers.,UK,Critical,v4.0
AML_02277,EDD Rule 2277,EDD,Identity verification must be completed before account activation.,Global,Critical,v1.0
AML_02278,PEP Rule 2278,PEP,Identity verification must be completed before account activation.,Global,Medium,v4.0
AML_02279,AML Rule 2279,AML,Transactions inconsistent with customer profile should trigger AML review.,India,Critical,v4.0
AML_02280,ONBOARDING Rule 2280,ONBOARDING,Customers appearing on sanctions lists must be rejected immediately.,UK,High,v4.0
AML_02281,PEP Rule 2281,PEP,Address proof must be verified during onboarding.,India,Low,v2.0
AML_02282,ONBOARDING Rule 2282,ONBOARDING,Identity verification must be completed before account activation.,Global,Medium,v5.0
AML_02283,AML Rule 2283,AML,Identity verification must be completed before account activation.,Global,High,v4.0
AML_02284,AML Rule 2284,AML,Source of funds verification is mandatory for high-value customers.,UK,Medium,v1.0
AML_02285,EDD Rule 2285,EDD,Beneficial ownership verification is required for business accounts.,UK,Critical,v5.0
AML_02286,ONBOARDING Rule 2286,ONBOARDING,Customers with incomplete documentation must be placed under manual review.,Global,Medium,v2.0
AML_02287,AML Rule 2287,AML,Transactions inconsistent with customer profile should trigger AML review.,UK,High,v1.0
AML_02288,COUNTRY_RISK Rule 2288,COUNTRY_RISK,Customers from Iran must undergo enhanced verification.,USA,Low,v3.0
AML_02289,SANCTION Rule 2289,SANCTION,Source of funds verification is mandatory for high-value customers.,Global,High,v1.0
AML_02290,AML Rule 2290,AML,Identity verification must be completed before account activation.,Global,High,v1.0
AML_02291,COUNTRY_RISK Rule 2291,COUNTRY_RISK,Customers from Myanmar must undergo enhanced verification.,USA,Medium,v5.0
AML_02292,CDD Rule 2292,CDD,Identity verification must be completed before account activation.,USA,Low,v4.0
AML_02293,SANCTION Rule 2293,SANCTION,Source of funds verification is mandatory for high-value customers.,UK,Medium,v1.0
AML_02294,SANCTION Rule 2294,SANCTION,Customers from high-risk countries require additional verification.,UK,Critical,v3.0
AML_02295,SANCTION Rule 2295,SANCTION,Transactions inconsistent with customer profile should trigger AML review.,Global,Medium,v1.0
AML_02296,ONBOARDING Rule 2296,ONBOARDING,Customers appearing on sanctions lists must be rejected immediately.,UK,Low,v5.0
AML_02297,AML Rule 2297,AML,Suspicious activity reports must be filed for unusual behavior.,India,Critical,v4.0
AML_02298,PEP Rule 2298,PEP,Identity verification must be completed before account activation.,UK,Low,v4.0
AML_02299,EDD Rule 2299,EDD,Suspicious activity reports must be filed for unusual behavior.,UK,Critical,v4.0
AML_02300,PEP Rule 2300,PEP,Customers with incomplete documentation must be placed under manual review.,India,Critical,v2.0
AML_02301,AML Rule 2301,AML,Transactions inconsistent with customer profile should trigger AML review.,India,Low,v2.0
AML_02302,COUNTRY_RISK Rule 2302,COUNTRY_RISK,Customers from Iran must undergo enhanced verification.,USA,Low,v3.0
AML_02303,CDD Rule 2303,CDD,Customers with incomplete documentation must be placed under manual review.,USA,Medium,v2.0
AML_02304,ONBOARDING Rule 2304,ONBOARDING,Customers with incomplete documentation must be placed under manual review.,India,Critical,v3.0
AML_02305,SANCTION Rule 2305,SANCTION,Suspicious activity reports must be filed for unusual behavior.,Global,Low,v2.0
AML_02306,PEP Rule 2306,PEP,Customers with incomplete documentation must be placed under manual review.,UK,High,v2.0
AML_02307,ONBOARDING Rule 2307,ONBOARDING,Transactions inconsistent with customer profile should trigger AML review.,Global,Critical,v1.0
AML_02308,CDD Rule 2308,CDD,Transactions inconsistent with customer profile should trigger AML review.,UK,Critical,v1.0
AML_02309,COUNTRY_RISK Rule 2309,COUNTRY_RISK,Customers from Syria must undergo enhanced verification.,UK,Critical,v3.0
AML_02310,CDD Rule 2310,CDD,Customers appearing on sanctions lists must be rejected immediately.,India,Medium,v1.0
AML_02311,COUNTRY_RISK Rule 2311,COUNTRY_RISK,Customers from Afghanistan must undergo enhanced verification.,India,High,v3.0
AML_02312,CDD Rule 2312,CDD,Politically Exposed Persons (PEPs) must undergo Enhanced Due Diligence (EDD).,India,High,v5.0
AML_02313,PEP Rule 2313,PEP,Politically Exposed Persons (PEPs) must undergo Enhanced Due Diligence (EDD).,USA,Medium,v1.0
AML_02314,EDD Rule 2314,EDD,Source of funds verification is mandatory for high-value customers.,UK,Low,v5.0
AML_02315,ONBOARDING Rule 2315,ONBOARDING,Customers with incomplete documentation must be placed under manual review.,India,High,v2.0
AML_02316,SANCTION Rule 2316,SANCTION,Customers from high-risk countries require additional verification.,USA,Low,v5.0
AML_02317,ONBOARDING Rule 2317,ONBOARDING,Source of funds verification is mandatory for high-value customers.,India,High,v1.0
AML_02318,SANCTION Rule 2318,SANCTION,Transactions inconsistent with customer profile should trigger AML review.,India,Low,v1.0
AML_02319,AML Rule 2319,AML,Customers appearing on sanctions lists must be rejected immediately.,Global,Critical,v3.0
AML_02320,CDD Rule 2320,CDD,Customers with incomplete documentation must be placed under manual review.,USA,Critical,v3.0
AML_02321,ONBOARDING Rule 2321,ONBOARDING,Customers with incomplete documentation must be placed under manual review.,Global,Low,v4.0
AML_02322,PEP Rule 2322,PEP,Customers appearing on sanctions lists must be rejected immediately.,USA,Critical,v5.0
AML_02323,SANCTION Rule 2323,SANCTION,Source of funds verification is mandatory for high-value customers.,India,High,v4.0
AML_02324,COUNTRY_RISK Rule 2324,COUNTRY_RISK,Customers from Iran must undergo enhanced verification.,India,High,v4.0
AML_02325,SANCTION Rule 2325,SANCTION,Customers with incomplete documentation must be placed under manual review.,UK,High,v3.0
AML_02326,CDD Rule 2326,CDD,Customers appearing on sanctions lists must be rejected immediately.,India,Low,v1.0
AML_02327,COUNTRY_RISK Rule 2327,COUNTRY_RISK,Customers from Afghanistan must undergo enhanced verification.,Global,Critical,v1.0
AML_02328,SANCTION Rule 2328,SANCTION,Source of funds verification is mandatory for high-value customers.,UK,Critical,v1.0
AML_02329,PEP Rule 2329,PEP,Identity verification must be completed before account activation.,Global,High,v4.0
AML_02330,CDD Rule 2330,CDD,Customers appearing on sanctions lists must be rejected immediately.,USA,Low,v1.0
AML_02331,CDD Rule 2331,CDD,Customers appearing on sanctions lists must be rejected immediately.,India,Medium,v3.0
AML_02332,SANCTION Rule 2332,SANCTION,Customers with incomplete documentation must be placed under manual review.,Global,Critical,v5.0
AML_02333,CDD Rule 2333,CDD,Beneficial ownership verification is required for business accounts.,India,Critical,v4.0
AML_02334,PEP Rule 2334,PEP,Customers from high-risk countries require additional verification.,USA,Low,v4.0
AML_02335,EDD Rule 2335,EDD,Customers with incomplete documentation must be placed under manual review.,UK,Critical,v3.0
AML_02336,PEP Rule 2336,PEP,Source of funds verification is mandatory for high-value customers.,Global,High,v1.0
AML_02337,PEP Rule 2337,PEP,Customers appearing on sanctions lists must be rejected immediately.,Global,Critical,v3.0
AML_02338,EDD Rule 2338,EDD,Suspicious activity reports must be filed for unusual behavior.,UK,Critical,v3.0
AML_02339,AML Rule 2339,AML,Transactions inconsistent with customer profile should trigger AML review.,Global,High,v2.0
AML_02340,EDD Rule 2340,EDD,Customers from high-risk countries require additional verification.,Global,High,v2.0
AML_02341,AML Rule 2341,AML,Customers from high-risk countries require additional verification.,Global,Medium,v1.0
AML_02342,SANCTION Rule 2342,SANCTION,Beneficial ownership verification is required for business accounts.,UK,High,v2.0
AML_02343,ONBOARDING Rule 2343,ONBOARDING,Beneficial ownership verification is required for business accounts.,UK,Low,v5.0
AML_02344,CDD Rule 2344,CDD,Source of funds verification is mandatory for high-value customers.,UK,Medium,v1.0
AML_02345,COUNTRY_RISK Rule 2345,COUNTRY_RISK,Customers from Myanmar must undergo enhanced verification.,USA,High,v4.0
AML_02346,SANCTION Rule 2346,SANCTION,Customers with incomplete documentation must be placed under manual review.,USA,Low,v1.0
AML_02347,SANCTION Rule 2347,SANCTION,Transactions inconsistent with customer profile should trigger AML review.,UK,Critical,v2.0
AML_02348,EDD Rule 2348,EDD,Transactions inconsistent with customer profile should trigger AML review.,India,High,v3.0
AML_02349,AML Rule 2349,AML,Transactions inconsistent with customer profile should trigger AML review.,USA,Critical,v1.0
AML_02350,AML Rule 2350,AML,Suspicious activity reports must be filed for unusual behavior.,Global,Low,v4.0
AML_02351,AML Rule 2351,AML,Transactions inconsistent with customer profile should trigger AML review.,UK,Critical,v2.0
AML_02352,CDD Rule 2352,CDD,Suspicious activity reports must be filed for unusual behavior.,India,Low,v2.0
AML_02353,EDD Rule 2353,EDD,Politically Exposed Persons (PEPs) must undergo Enhanced Due Diligence (EDD).,India,High,v4.0
AML_02354,CDD Rule 2354,CDD,Customers with incomplete documentation must be placed under manual review.,UK,High,v4.0
AML_02355,AML Rule 2355,AML,Beneficial ownership verification is required for business accounts.,USA,High,v4.0
AML_02356,SANCTION Rule 2356,SANCTION,Transactions inconsistent with customer profile should trigger AML review.,USA,Critical,v2.0
AML_02357,ONBOARDING Rule 2357,ONBOARDING,Customers with incomplete documentation must be placed under manual review.,Global,Low,v5.0
AML_02358,CDD Rule 2358,CDD,Politically Exposed Persons (PEPs) must undergo Enhanced Due Diligence (EDD).,USA,Medium,v2.0
AML_02359,SANCTION Rule 2359,SANCTION,Suspicious activity reports must be filed for unusual behavior.,Global,High,v3.0
AML_02360,SANCTION Rule 2360,SANCTION,Politically Exposed Persons (PEPs) must undergo Enhanced Due Diligence (EDD).,USA,Low,v1.0
AML_02361,EDD Rule 2361,EDD,Address proof must be verified during onboarding.,USA,Critical,v2.0
AML_02362,EDD Rule 2362,EDD,Identity verification must be completed before account activation.,India,Low,v1.0
AML_02363,PEP Rule 2363,PEP,Customers from high-risk countries require additional verification.,Global,High,v1.0
AML_02364,AML Rule 2364,AML,Beneficial ownership verification is required for business accounts.,India,Medium,v1.0
AML_02365,AML Rule 2365,AML,Source of funds verification is mandatory for high-value customers.,Global,Critical,v1.0
AML_02366,SANCTION Rule 2366,SANCTION,Politically Exposed Persons (PEPs) must undergo Enhanced Due Diligence (EDD).,Global,High,v4.0
AML_02367,EDD Rule 2367,EDD,Source of funds verification is mandatory for high-value customers.,UK,High,v3.0
AML_02368,AML Rule 2368,AML,Customers from high-risk countries require additional verification.,USA,High,v1.0
AML_02369,SANCTION Rule 2369,SANCTION,Customers with incomplete documentation must be placed under manual review.,UK,Critical,v4.0
AML_02370,SANCTION Rule 2370,SANCTION,Customers appearing on sanctions lists must be rejected immediately.,UK,Low,v1.0
AML_02371,PEP Rule 2371,PEP,Beneficial ownership verification is required for business accounts.,Global,Critical,v2.0
AML_02372,EDD Rule 2372,EDD,Address proof must be verified during onboarding.,Global,Critical,v4.0
AML_02373,COUNTRY_RISK Rule 2373,COUNTRY_RISK,Customers from Myanmar must undergo enhanced verification.,USA,Critical,v5.0
AML_02374,EDD Rule 2374,EDD,Transactions inconsistent with customer profile should trigger AML review.,Global,Medium,v1.0
AML_02375,ONBOARDING Rule 2375,ONBOARDING,Customers from high-risk countries require additional verification.,UK,High,v1.0
AML_02376,ONBOARDING Rule 2376,ONBOARDING,Source of funds verification is mandatory for high-value customers.,UK,Critical,v4.0
AML_02377,AML Rule 2377,AML,Transactions inconsistent with customer profile should trigger AML review.,UK,Critical,v2.0
AML_02378,SANCTION Rule 2378,SANCTION,Source of funds verification is mandatory for high-value customers.,India,Critical,v3.0
AML_02379,PEP Rule 2379,PEP,Suspicious activity reports must be filed for unusual behavior.,India,High,v3.0
AML_02380,ONBOARDING Rule 2380,ONBOARDING,Customers with incomplete documentation must be placed under manual review.,India,Medium,v4.0
AML_02381,PEP Rule 2381,PEP,Address proof must be verified during onboarding.,USA,Low,v2.0
AML_02382,CDD Rule 2382,CDD,Customers from high-risk countries require additional verification.,UK,Medium,v5.0
AML_02383,PEP Rule 2383,PEP,Customers from high-risk countries require additional verification.,Global,Critical,v4.0
AML_02384,SANCTION Rule 2384,SANCTION,Beneficial ownership verification is required for business accounts.,USA,High,v1.0
AML_02385,AML Rule 2385,AML,Transactions inconsistent with customer profile should trigger AML review.,Global,Low,v1.0
AML_02386,AML Rule 2386,AML,Beneficial ownership verification is required for business accounts.,USA,Low,v4.0
AML_02387,PEP Rule 2387,PEP,Customers from high-risk countries require additional verification.,Global,Low,v4.0
AML_02388,EDD Rule 2388,EDD,Suspicious activity reports must be filed for unusual behavior.,UK,Medium,v3.0
AML_02389,EDD Rule 2389,EDD,Source of funds verification is mandatory for high-value customers.,India,Critical,v4.0
AML_02390,EDD Rule 2390,EDD,Address proof must be verified during onboarding.,UK,Critical,v5.0
AML_02391,EDD Rule 2391,EDD,Identity verification must be completed before account activation.,India,High,v1.0
AML_02392,EDD Rule 2392,EDD,Beneficial ownership verification is required for business accounts.,USA,High,v3.0
AML_02393,ONBOARDING Rule 2393,ONBOARDING,Transactions inconsistent with customer profile should trigger AML review.,USA,Medium,v5.0
AML_02394,AML Rule 2394,AML,Customers from high-risk countries require additional verification.,India,High,v1.0
AML_02395,SANCTION Rule 2395,SANCTION,Address proof must be verified during onboarding.,USA,Critical,v4.0
AML_02396,AML Rule 2396,AML,Source of funds verification is mandatory for high-value customers.,Global,High,v1.0
AML_02397,COUNTRY_RISK Rule 2397,COUNTRY_RISK,Customers from Iran must undergo enhanced verification.,Global,High,v4.0
AML_02398,EDD Rule 2398,EDD,Source of funds verification is mandatory for high-value customers.,India,Low,v4.0
AML_02399,SANCTION Rule 2399,SANCTION,Source of funds verification is mandatory for high-value customers.,India,Critical,v5.0
AML_02400,PEP Rule 2400,PEP,Customers appearing on sanctions lists must be rejected immediately.,UK,Medium,v2.0
AML_02401,AML Rule 2401,AML,Customers with incomplete documentation must be placed under manual review.,UK,Medium,v4.0
AML_02402,ONBOARDING Rule 2402,ONBOARDING,Customers from high-risk countries require additional verification.,Global,Critical,v3.0
AML_02403,EDD Rule 2403,EDD,Customers with incomplete documentation must be placed under manual review.,Global,Low,v5.0
AML_02404,CDD Rule 2404,CDD,Transactions inconsistent with customer profile should trigger AML review.,UK,High,v2.0
AML_02405,CDD Rule 2405,CDD,Source of funds verification is mandatory for high-value customers.,Global,Medium,v3.0
AML_02406,ONBOARDING Rule 2406,ONBOARDING,Address proof must be verified during onboarding.,UK,Critical,v5.0
AML_02407,AML Rule 2407,AML,Suspicious activity reports must be filed for unusual behavior.,Global,High,v2.0
AML_02408,CDD Rule 2408,CDD,Transactions inconsistent with customer profile should trigger AML review.,Global,Low,v3.0
AML_02409,ONBOARDING Rule 2409,ONBOARDING,Politically Exposed Persons (PEPs) must undergo Enhanced Due Diligence (EDD).,India,Low,v4.0
AML_02410,AML Rule 2410,AML,Customers appearing on sanctions lists must be rejected immediately.,Global,Critical,v4.0
AML_02411,COUNTRY_RISK Rule 2411,COUNTRY_RISK,Customers from Syria must undergo enhanced verification.,India,Low,v2.0
AML_02412,COUNTRY_RISK Rule 2412,COUNTRY_RISK,Customers from Syria must undergo enhanced verification.,UK,Low,v2.0
AML_02413,AML Rule 2413,AML,Transactions inconsistent with customer profile should trigger AML review.,India,High,v4.0
AML_02414,ONBOARDING Rule 2414,ONBOARDING,Politically Exposed Persons (PEPs) must undergo Enhanced Due Diligence (EDD).,Global,Critical,v2.0
AML_02415,AML Rule 2415,AML,Suspicious activity reports must be filed for unusual behavior.,USA,Medium,v5.0
AML_02416,AML Rule 2416,AML,Customers from high-risk countries require additional verification.,India,Low,v5.0
AML_02417,CDD Rule 2417,CDD,Customers appearing on sanctions lists must be rejected immediately.,UK,Medium,v1.0
AML_02418,PEP Rule 2418,PEP,Source of funds verification is mandatory for high-value customers.,UK,Critical,v3.0
AML_02419,COUNTRY_RISK Rule 2419,COUNTRY_RISK,Customers from Iran must undergo enhanced verification.,UK,Critical,v4.0
AML_02420,SANCTION Rule 2420,SANCTION,Address proof must be verified during onboarding.,India,Critical,v4.0
AML_02421,EDD Rule 2421,EDD,Source of funds verification is mandatory for high-value customers.,India,High,v2.0
AML_02422,SANCTION Rule 2422,SANCTION,Identity verification must be completed before account activation.,USA,Critical,v2.0
AML_02423,PEP Rule 2423,PEP,Identity verification must be completed before account activation.,Global,High,v5.0
AML_02424,ONBOARDING Rule 2424,ONBOARDING,Beneficial ownership verification is required for business accounts.,Global,Low,v3.0
AML_02425,COUNTRY_RISK Rule 2425,COUNTRY_RISK,Customers from North Korea must undergo enhanced verification.,UK,Critical,v1.0
AML_02426,COUNTRY_RISK Rule 2426,COUNTRY_RISK,Customers from Syria must undergo enhanced verification.,India,Medium,v1.0
AML_02427,ONBOARDING Rule 2427,ONBOARDING,Address proof must be verified during onboarding.,India,Medium,v3.0
AML_02428,CDD Rule 2428,CDD,Suspicious activity reports must be filed for unusual behavior.,Global,Critical,v3.0
AML_02429,ONBOARDING Rule 2429,ONBOARDING,Customers with incomplete documentation must be placed under manual review.,UK,Low,v4.0
AML_02430,COUNTRY_RISK Rule 2430,COUNTRY_RISK,Customers from Afghanistan must undergo enhanced verification.,USA,High,v5.0
AML_02431,COUNTRY_RISK Rule 2431,COUNTRY_RISK,Customers from North Korea must undergo enhanced verification.,India,Medium,v2.0
AML_02432,EDD Rule 2432,EDD,Customers appearing on sanctions lists must be rejected immediately.,USA,Low,v3.0
AML_02433,EDD Rule 2433,EDD,Customers with incomplete documentation must be placed under manual review.,USA,Low,v5.0
AML_02434,ONBOARDING Rule 2434,ONBOARDING,Customers appearing on sanctions lists must be rejected immediately.,Global,Medium,v5.0
AML_02435,SANCTION Rule 2435,SANCTION,Customers appearing on sanctions lists must be rejected immediately.,UK,Critical,v4.0
AML_02436,AML Rule 2436,AML,Customers with incomplete documentation must be placed under manual review.,India,Medium,v4.0
AML_02437,ONBOARDING Rule 2437,ONBOARDING,Customers with incomplete documentation must be placed under manual review.,UK,Low,v2.0
AML_02438,AML Rule 2438,AML,Customers appearing on sanctions lists must be rejected immediately.,India,High,v1.0
AML_02439,PEP Rule 2439,PEP,Source of funds verification is mandatory for high-value customers.,USA,Low,v5.0
AML_02440,AML Rule 2440,AML,Beneficial ownership verification is required for business accounts.,UK,Low,v5.0
AML_02441,EDD Rule 2441,EDD,Customers with incomplete documentation must be placed under manual review.,Global,Low,v5.0
AML_02442,EDD Rule 2442,EDD,Customers from high-risk countries require additional verification.,UK,Low,v4.0
AML_02443,PEP Rule 2443,PEP,Beneficial ownership verification is required for business accounts.,India,Low,v3.0
AML_02444,PEP Rule 2444,PEP,Customers with incomplete documentation must be placed under manual review.,India,High,v1.0
AML_02445,COUNTRY_RISK Rule 2445,COUNTRY_RISK,Customers from Afghanistan must undergo enhanced verification.,Global,Medium,v2.0
AML_02446,PEP Rule 2446,PEP,Customers appearing on sanctions lists must be rejected immediately.,UK,Medium,v3.0
AML_02447,SANCTION Rule 2447,SANCTION,Address proof must be verified during onboarding.,USA,High,v5.0
AML_02448,PEP Rule 2448,PEP,Customers from high-risk countries require additional verification.,India,Medium,v3.0
AML_02449,COUNTRY_RISK Rule 2449,COUNTRY_RISK,Customers from North Korea must undergo enhanced verification.,USA,Medium,v1.0
AML_02450,ONBOARDING Rule 2450,ONBOARDING,Customers from high-risk countries require additional verification.,UK,Low,v1.0
AML_02451,COUNTRY_RISK Rule 2451,COUNTRY_RISK,Customers from Afghanistan must undergo enhanced verification.,Global,Critical,v2.0
AML_02452,PEP Rule 2452,PEP,Politically Exposed Persons (PEPs) must undergo Enhanced Due Diligence (EDD).,Global,Critical,v5.0
AML_02453,CDD Rule 2453,CDD,Suspicious activity reports must be filed for unusual behavior.,USA,Medium,v3.0
AML_02454,AML Rule 2454,AML,Suspicious activity reports must be filed for unusual behavior.,USA,Medium,v5.0
AML_02455,PEP Rule 2455,PEP,Identity verification must be completed before account activation.,USA,Medium,v4.0
AML_02456,COUNTRY_RISK Rule 2456,COUNTRY_RISK,Customers from Iran must undergo enhanced verification.,UK,Low,v2.0
AML_02457,COUNTRY_RISK Rule 2457,COUNTRY_RISK,Customers from Myanmar must undergo enhanced verification.,UK,Low,v5.0
AML_02458,COUNTRY_RISK Rule 2458,COUNTRY_RISK,Customers from Myanmar must undergo enhanced verification.,USA,Low,v1.0
AML_02459,CDD Rule 2459,CDD,Customers from high-risk countries require additional verification.,USA,Critical,v1.0
AML_02460,EDD Rule 2460,EDD,Address proof must be verified during onboarding.,USA,Medium,v3.0
AML_02461,ONBOARDING Rule 2461,ONBOARDING,Politically Exposed Persons (PEPs) must undergo Enhanced Due Diligence (EDD).,India,High,v2.0
AML_02462,ONBOARDING Rule 2462,ONBOARDING,Transactions inconsistent with customer profile should trigger AML review.,Global,High,v5.0
AML_02463,EDD Rule 2463,EDD,Beneficial ownership verification is required for business accounts.,UK,Medium,v4.0
AML_02464,COUNTRY_RISK Rule 2464,COUNTRY_RISK,Customers from Iran must undergo enhanced verification.,UK,High,v5.0
AML_02465,SANCTION Rule 2465,SANCTION,Suspicious activity reports must be filed for unusual behavior.,India,Critical,v2.0
AML_02466,SANCTION Rule 2466,SANCTION,Identity verification must be completed before account activation.,USA,Medium,v2.0
AML_02467,COUNTRY_RISK Rule 2467,COUNTRY_RISK,Customers from Myanmar must undergo enhanced verification.,India,High,v5.0
AML_02468,EDD Rule 2468,EDD,Suspicious activity reports must be filed for unusual behavior.,India,Critical,v1.0
AML_02469,SANCTION Rule 2469,SANCTION,Source of funds verification is mandatory for high-value customers.,USA,Low,v1.0
AML_02470,AML Rule 2470,AML,Address proof must be verified during onboarding.,UK,Low,v4.0
AML_02471,EDD Rule 2471,EDD,Politically Exposed Persons (PEPs) must undergo Enhanced Due Diligence (EDD).,Global,Medium,v5.0
AML_02472,CDD Rule 2472,CDD,Beneficial ownership verification is required for business accounts.,USA,Critical,v2.0
AML_02473,AML Rule 2473,AML,Address proof must be verified during onboarding.,India,Low,v2.0
AML_02474,SANCTION Rule 2474,SANCTION,Identity verification must be completed before account activation.,UK,High,v5.0
AML_02475,CDD Rule 2475,CDD,Customers from high-risk countries require additional verification.,UK,High,v5.0
AML_02476,COUNTRY_RISK Rule 2476,COUNTRY_RISK,Customers from Myanmar must undergo enhanced verification.,India,Medium,v1.0
AML_02477,SANCTION Rule 2477,SANCTION,Source of funds verification is mandatory for high-value customers.,UK,Low,v3.0
AML_02478,SANCTION Rule 2478,SANCTION,Suspicious activity reports must be filed for unusual behavior.,Global,High,v1.0
AML_02479,PEP Rule 2479,PEP,Suspicious activity reports must be filed for unusual behavior.,Global,Medium,v4.0
AML_02480,EDD Rule 2480,EDD,Source of funds verification is mandatory for high-value customers.,India,Low,v5.0
AML_02481,CDD Rule 2481,CDD,Customers appearing on sanctions lists must be rejected immediately.,India,Critical,v4.0
AML_02482,COUNTRY_RISK Rule 2482,COUNTRY_RISK,Customers from Syria must undergo enhanced verification.,India,Critical,v4.0
AML_02483,CDD Rule 2483,CDD,Source of funds verification is mandatory for high-value customers.,UK,High,v4.0
AML_02484,PEP Rule 2484,PEP,Identity verification must be completed before account activation.,Global,Critical,v4.0
AML_02485,SANCTION Rule 2485,SANCTION,Customers from high-risk countries require additional verification.,Global,Critical,v3.0
AML_02486,COUNTRY_RISK Rule 2486,COUNTRY_RISK,Customers from Iran must undergo enhanced verification.,UK,High,v1.0
AML_02487,AML Rule 2487,AML,Transactions inconsistent with customer profile should trigger AML review.,Global,Critical,v1.0
AML_02488,PEP Rule 2488,PEP,Address proof must be verified during onboarding.,UK,Low,v5.0
AML_02489,COUNTRY_RISK Rule 2489,COUNTRY_RISK,Customers from North Korea must undergo enhanced verification.,India,Low,v4.0
AML_02490,SANCTION Rule 2490,SANCTION,Customers from high-risk countries require additional verification.,UK,Medium,v2.0
AML_02491,CDD Rule 2491,CDD,Suspicious activity reports must be filed for unusual behavior.,India,Low,v4.0
AML_02492,ONBOARDING Rule 2492,ONBOARDING,Customers from high-risk countries require additional verification.,Global,High,v5.0
AML_02493,CDD Rule 2493,CDD,Suspicious activity reports must be filed for unusual behavior.,India,Low,v2.0
AML_02494,AML Rule 2494,AML,Customers from high-risk countries require additional verification.,India,Critical,v5.0
AML_02495,PEP Rule 2495,PEP,Identity verification must be completed before account activation.,India,Medium,v2.0
AML_02496,CDD Rule 2496,CDD,Customers with incomplete documentation must be placed under manual review.,India,Critical,v1.0
AML_02497,SANCTION Rule 2497,SANCTION,Beneficial ownership verification is required for business accounts.,USA,High,v1.0
AML_02498,EDD Rule 2498,EDD,Address proof must be verified during onboarding.,Global,Medium,v4.0
AML_02499,SANCTION Rule 2499,SANCTION,Customers from high-risk countries require additional verification.,Global,Medium,v4.0
AML_02500,PEP Rule 2500,PEP,Beneficial ownership verification is required for business accounts.,UK,Critical,v1.0
AML_02501,EDD Rule 2501,EDD,Identity verification must be completed before account activation.,Global,Critical,v1.0
AML_02502,CDD Rule 2502,CDD,Politically Exposed Persons (PEPs) must undergo Enhanced Due Diligence (EDD).,India,High,v3.0
AML_02503,SANCTION Rule 2503,SANCTION,Transactions inconsistent with customer profile should trigger AML review.,USA,Low,v3.0
AML_02504,SANCTION Rule 2504,SANCTION,Customers appearing on sanctions lists must be rejected immediately.,India,High,v3.0
AML_02505,PEP Rule 2505,PEP,Customers from high-risk countries require additional verification.,India,Low,v4.0
AML_02506,COUNTRY_RISK Rule 2506,COUNTRY_RISK,Customers from Iran must undergo enhanced verification.,Global,Critical,v1.0
AML_02507,PEP Rule 2507,PEP,Customers from high-risk countries require additional verification.,Global,Critical,v2.0
AML_02508,ONBOARDING Rule 2508,ONBOARDING,Transactions inconsistent with customer profile should trigger AML review.,Global,Low,v5.0
AML_02509,PEP Rule 2509,PEP,Suspicious activity reports must be filed for unusual behavior.,USA,Low,v1.0
AML_02510,PEP Rule 2510,PEP,Transactions inconsistent with customer profile should trigger AML review.,India,High,v5.0
AML_02511,COUNTRY_RISK Rule 2511,COUNTRY_RISK,Customers from North Korea must undergo enhanced verification.,USA,Critical,v5.0
AML_02512,ONBOARDING Rule 2512,ONBOARDING,Customers with incomplete documentation must be placed under manual review.,Global,Critical,v2.0
AML_02513,ONBOARDING Rule 2513,ONBOARDING,Beneficial ownership verification is required for business accounts.,USA,High,v2.0
AML_02514,SANCTION Rule 2514,SANCTION,Customers with incomplete documentation must be placed under manual review.,USA,Low,v4.0
AML_02515,EDD Rule 2515,EDD,Customers from high-risk countries require additional verification.,Global,Low,v1.0
AML_02516,CDD Rule 2516,CDD,Identity verification must be completed before account activation.,Global,Low,v1.0
AML_02517,AML Rule 2517,AML,Suspicious activity reports must be filed for unusual behavior.,USA,High,v1.0
AML_02518,ONBOARDING Rule 2518,ONBOARDING,Identity verification must be completed before account activation.,UK,Critical,v5.0
AML_02519,COUNTRY_RISK Rule 2519,COUNTRY_RISK,Customers from North Korea must undergo enhanced verification.,Global,Low,v1.0
AML_02520,SANCTION Rule 2520,SANCTION,Customers appearing on sanctions lists must be rejected immediately.,India,Critical,v1.0
AML_02521,ONBOARDING Rule 2521,ONBOARDING,Transactions inconsistent with customer profile should trigger AML review.,UK,Medium,v5.0
AML_02522,SANCTION Rule 2522,SANCTION,Identity verification must be completed before account activation.,USA,Medium,v3.0
AML_02523,PEP Rule 2523,PEP,Politically Exposed Persons (PEPs) must undergo Enhanced Due Diligence (EDD).,India,Low,v2.0
AML_02524,AML Rule 2524,AML,Beneficial ownership verification is required for business accounts.,India,Medium,v2.0
AML_02525,EDD Rule 2525,EDD,Customers with incomplete documentation must be placed under manual review.,Global,High,v3.0
AML_02526,COUNTRY_RISK Rule 2526,COUNTRY_RISK,Customers from North Korea must undergo enhanced verification.,UK,Medium,v3.0
AML_02527,CDD Rule 2527,CDD,Customers with incomplete documentation must be placed under manual review.,UK,Critical,v5.0
AML_02528,CDD Rule 2528,CDD,Transactions inconsistent with customer profile should trigger AML review.,India,Low,v3.0
AML_02529,EDD Rule 2529,EDD,Customers appearing on sanctions lists must be rejected immediately.,USA,High,v3.0
AML_02530,EDD Rule 2530,EDD,Transactions inconsistent with customer profile should trigger AML review.,India,Low,v1.0
AML_02531,ONBOARDING Rule 2531,ONBOARDING,Transactions inconsistent with customer profile should trigger AML review.,Global,High,v2.0
AML_02532,CDD Rule 2532,CDD,Customers with incomplete documentation must be placed under manual review.,USA,High,v2.0
AML_02533,EDD Rule 2533,EDD,Source of funds verification is mandatory for high-value customers.,UK,Medium,v2.0
AML_02534,SANCTION Rule 2534,SANCTION,Source of funds verification is mandatory for high-value customers.,UK,Medium,v5.0
AML_02535,ONBOARDING Rule 2535,ONBOARDING,Politically Exposed Persons (PEPs) must undergo Enhanced Due Diligence (EDD).,India,Low,v4.0
AML_02536,EDD Rule 2536,EDD,Politically Exposed Persons (PEPs) must undergo Enhanced Due Diligence (EDD).,USA,Critical,v4.0
AML_02537,CDD Rule 2537,CDD,Beneficial ownership verification is required for business accounts.,India,High,v1.0
AML_02538,COUNTRY_RISK Rule 2538,COUNTRY_RISK,Customers from Myanmar must undergo enhanced verification.,India,High,v2.0
AML_02539,SANCTION Rule 2539,SANCTION,Politically Exposed Persons (PEPs) must undergo Enhanced Due Diligence (EDD).,UK,Critical,v3.0
AML_02540,EDD Rule 2540,EDD,Politically Exposed Persons (PEPs) must undergo Enhanced Due Diligence (EDD).,Global,Low,v5.0
AML_02541,PEP Rule 2541,PEP,Identity verification must be completed before account activation.,India,Medium,v4.0
AML_02542,SANCTION Rule 2542,SANCTION,Customers appearing on sanctions lists must be rejected immediately.,USA,High,v1.0
AML_02543,PEP Rule 2543,PEP,Transactions inconsistent with customer profile should trigger AML review.,UK,Low,v2.0
AML_02544,EDD Rule 2544,EDD,Source of funds verification is mandatory for high-value customers.,USA,Medium,v1.0
AML_02545,PEP Rule 2545,PEP,Address proof must be verified during onboarding.,India,Medium,v3.0
AML_02546,PEP Rule 2546,PEP,Politically Exposed Persons (PEPs) must undergo Enhanced Due Diligence (EDD).,USA,Medium,v1.0
AML_02547,ONBOARDING Rule 2547,ONBOARDING,Suspicious activity reports must be filed for unusual behavior.,India,High,v1.0
AML_02548,PEP Rule 2548,PEP,Address proof must be verified during onboarding.,USA,Critical,v3.0
AML_02549,AML Rule 2549,AML,Source of funds verification is mandatory for high-value customers.,UK,Low,v5.0
AML_02550,SANCTION Rule 2550,SANCTION,Customers appearing on sanctions lists must be rejected immediately.,India,Critical,v5.0
AML_02551,PEP Rule 2551,PEP,Customers appearing on sanctions lists must be rejected immediately.,Global,High,v2.0
AML_02552,ONBOARDING Rule 2552,ONBOARDING,Customers from high-risk countries require additional verification.,USA,Medium,v2.0
AML_02553,COUNTRY_RISK Rule 2553,COUNTRY_RISK,Customers from Afghanistan must undergo enhanced verification.,Global,Critical,v3.0
AML_02554,CDD Rule 2554,CDD,Source of funds verification is mandatory for high-value customers.,India,Low,v1.0
AML_02555,ONBOARDING Rule 2555,ONBOARDING,Address proof must be verified during onboarding.,Global,Low,v1.0
AML_02556,AML Rule 2556,AML,Transactions inconsistent with customer profile should trigger AML review.,USA,Critical,v2.0
AML_02557,CDD Rule 2557,CDD,Politically Exposed Persons (PEPs) must undergo Enhanced Due Diligence (EDD).,Global,Low,v3.0
AML_02558,CDD Rule 2558,CDD,Address proof must be verified during onboarding.,USA,Critical,v2.0
AML_02559,CDD Rule 2559,CDD,Suspicious activity reports must be filed for unusual behavior.,UK,Low,v4.0
AML_02560,PEP Rule 2560,PEP,Identity verification must be completed before account activation.,UK,High,v1.0
AML_02561,SANCTION Rule 2561,SANCTION,Transactions inconsistent with customer profile should trigger AML review.,USA,Medium,v1.0
AML_02562,EDD Rule 2562,EDD,Customers with incomplete documentation must be placed under manual review.,India,Critical,v2.0
AML_02563,COUNTRY_RISK Rule 2563,COUNTRY_RISK,Customers from Iran must undergo enhanced verification.,USA,Critical,v1.0
AML_02564,ONBOARDING Rule 2564,ONBOARDING,Politically Exposed Persons (PEPs) must undergo Enhanced Due Diligence (EDD).,India,Critical,v5.0
AML_02565,ONBOARDING Rule 2565,ONBOARDING,Customers with incomplete documentation must be placed under manual review.,UK,High,v4.0
AML_02566,EDD Rule 2566,EDD,Customers with incomplete documentation must be placed under manual review.,UK,Critical,v2.0
AML_02567,COUNTRY_RISK Rule 2567,COUNTRY_RISK,Customers from Iran must undergo enhanced verification.,UK,Medium,v3.0
AML_02568,AML Rule 2568,AML,Transactions inconsistent with customer profile should trigger AML review.,India,Low,v2.0
AML_02569,SANCTION Rule 2569,SANCTION,Politically Exposed Persons (PEPs) must undergo Enhanced Due Diligence (EDD).,Global,High,v2.0
AML_02570,EDD Rule 2570,EDD,Customers with incomplete documentation must be placed under manual review.,UK,Critical,v2.0
AML_02571,EDD Rule 2571,EDD,Suspicious activity reports must be filed for unusual behavior.,Global,Critical,v1.0
AML_02572,COUNTRY_RISK Rule 2572,COUNTRY_RISK,Customers from Iran must undergo enhanced verification.,Global,Medium,v1.0
AML_02573,COUNTRY_RISK Rule 2573,COUNTRY_RISK,Customers from Myanmar must undergo enhanced verification.,Global,Low,v3.0
AML_02574,CDD Rule 2574,CDD,Transactions inconsistent with customer profile should trigger AML review.,USA,Critical,v1.0
AML_02575,EDD Rule 2575,EDD,Identity verification must be completed before account activation.,USA,Critical,v5.0
AML_02576,COUNTRY_RISK Rule 2576,COUNTRY_RISK,Customers from Iran must undergo enhanced verification.,UK,Low,v4.0
AML_02577,ONBOARDING Rule 2577,ONBOARDING,Source of funds verification is mandatory for high-value customers.,UK,Low,v1.0
AML_02578,ONBOARDING Rule 2578,ONBOARDING,Customers appearing on sanctions lists must be rejected immediately.,UK,Medium,v4.0
AML_02579,COUNTRY_RISK Rule 2579,COUNTRY_RISK,Customers from Iran must undergo enhanced verification.,UK,Critical,v2.0
AML_02580,SANCTION Rule 2580,SANCTION,Transactions inconsistent with customer profile should trigger AML review.,USA,Medium,v1.0
AML_02581,CDD Rule 2581,CDD,Beneficial ownership verification is required for business accounts.,USA,Low,v2.0
AML_02582,ONBOARDING Rule 2582,ONBOARDING,Customers with incomplete documentation must be placed under manual review.,USA,Critical,v2.0
AML_02583,EDD Rule 2583,EDD,Address proof must be verified during onboarding.,USA,Medium,v1.0
AML_02584,ONBOARDING Rule 2584,ONBOARDING,Address proof must be verified during onboarding.,Global,Low,v3.0
AML_02585,SANCTION Rule 2585,SANCTION,Source of funds verification is mandatory for high-value customers.,UK,Low,v5.0
AML_02586,EDD Rule 2586,EDD,Source of funds verification is mandatory for high-value customers.,Global,Medium,v5.0
AML_02587,PEP Rule 2587,PEP,Suspicious activity reports must be filed for unusual behavior.,Global,High,v5.0
AML_02588,SANCTION Rule 2588,SANCTION,Customers with incomplete documentation must be placed under manual review.,Global,Medium,v3.0
AML_02589,EDD Rule 2589,EDD,Source of funds verification is mandatory for high-value customers.,Global,Low,v4.0
AML_02590,EDD Rule 2590,EDD,Suspicious activity reports must be filed for unusual behavior.,Global,Low,v2.0
AML_02591,COUNTRY_RISK Rule 2591,COUNTRY_RISK,Customers from North Korea must undergo enhanced verification.,USA,Critical,v4.0
AML_02592,EDD Rule 2592,EDD,Customers from high-risk countries require additional verification.,Global,Critical,v4.0
AML_02593,CDD Rule 2593,CDD,Suspicious activity reports must be filed for unusual behavior.,UK,Low,v2.0
AML_02594,SANCTION Rule 2594,SANCTION,Address proof must be verified during onboarding.,UK,High,v1.0
AML_02595,ONBOARDING Rule 2595,ONBOARDING,Beneficial ownership verification is required for business accounts.,UK,Critical,v4.0
AML_02596,PEP Rule 2596,PEP,Beneficial ownership verification is required for business accounts.,India,Low,v4.0
AML_02597,COUNTRY_RISK Rule 2597,COUNTRY_RISK,Customers from North Korea must undergo enhanced verification.,Global,Low,v3.0
AML_02598,EDD Rule 2598,EDD,Identity verification must be completed before account activation.,Global,Low,v1.0
AML_02599,COUNTRY_RISK Rule 2599,COUNTRY_RISK,Customers from Myanmar must undergo enhanced verification.,USA,Low,v2.0
AML_02600,PEP Rule 2600,PEP,Customers appearing on sanctions lists must be rejected immediately.,Global,High,v3.0
AML_02601,CDD Rule 2601,CDD,Transactions inconsistent with customer profile should trigger AML review.,India,Medium,v3.0
AML_02602,EDD Rule 2602,EDD,Customers with incomplete documentation must be placed under manual review.,Global,High,v3.0
AML_02603,PEP Rule 2603,PEP,Identity verification must be completed before account activation.,Global,Critical,v5.0
AML_02604,CDD Rule 2604,CDD,Suspicious activity reports must be filed for unusual behavior.,USA,High,v3.0
AML_02605,ONBOARDING Rule 2605,ONBOARDING,Customers with incomplete documentation must be placed under manual review.,UK,Medium,v4.0
AML_02606,AML Rule 2606,AML,Customers from high-risk countries require additional verification.,UK,Medium,v1.0
AML_02607,AML Rule 2607,AML,Politically Exposed Persons (PEPs) must undergo Enhanced Due Diligence (EDD).,Global,Low,v2.0
AML_02608,ONBOARDING Rule 2608,ONBOARDING,Customers appearing on sanctions lists must be rejected immediately.,USA,Critical,v3.0
AML_02609,CDD Rule 2609,CDD,Source of funds verification is mandatory for high-value customers.,UK,Critical,v5.0
AML_02610,CDD Rule 2610,CDD,Beneficial ownership verification is required for business accounts.,India,Medium,v5.0
AML_02611,AML Rule 2611,AML,Customers with incomplete documentation must be placed under manual review.,UK,Low,v2.0
AML_02612,EDD Rule 2612,EDD,Source of funds verification is mandatory for high-value customers.,India,Low,v3.0
AML_02613,SANCTION Rule 2613,SANCTION,Customers with incomplete documentation must be placed under manual review.,India,Medium,v2.0
AML_02614,ONBOARDING Rule 2614,ONBOARDING,Beneficial ownership verification is required for business accounts.,USA,High,v4.0
AML_02615,EDD Rule 2615,EDD,Customers with incomplete documentation must be placed under manual review.,UK,Low,v2.0
AML_02616,CDD Rule 2616,CDD,Customers with incomplete documentation must be placed under manual review.,USA,Medium,v1.0
AML_02617,CDD Rule 2617,CDD,Identity verification must be completed before account activation.,Global,Medium,v5.0
AML_02618,AML Rule 2618,AML,Suspicious activity reports must be filed for unusual behavior.,Global,Critical,v1.0
AML_02619,CDD Rule 2619,CDD,Source of funds verification is mandatory for high-value customers.,USA,High,v4.0
AML_02620,CDD Rule 2620,CDD,Address proof must be verified during onboarding.,India,Medium,v1.0
AML_02621,CDD Rule 2621,CDD,Politically Exposed Persons (PEPs) must undergo Enhanced Due Diligence (EDD).,Global,Medium,v5.0
AML_02622,PEP Rule 2622,PEP,Transactions inconsistent with customer profile should trigger AML review.,USA,Medium,v4.0
AML_02623,EDD Rule 2623,EDD,Suspicious activity reports must be filed for unusual behavior.,USA,Critical,v1.0
AML_02624,ONBOARDING Rule 2624,ONBOARDING,Source of funds verification is mandatory for high-value customers.,India,Critical,v3.0
AML_02625,EDD Rule 2625,EDD,Source of funds verification is mandatory for high-value customers.,Global,Low,v5.0
AML_02626,COUNTRY_RISK Rule 2626,COUNTRY_RISK,Customers from Afghanistan must undergo enhanced verification.,UK,High,v5.0
AML_02627,CDD Rule 2627,CDD,Customers appearing on sanctions lists must be rejected immediately.,UK,High,v1.0
AML_02628,EDD Rule 2628,EDD,Identity verification must be completed before account activation.,USA,Medium,v5.0
AML_02629,CDD Rule 2629,CDD,Customers from high-risk countries require additional verification.,India,Critical,v5.0
AML_02630,PEP Rule 2630,PEP,Customers appearing on sanctions lists must be rejected immediately.,UK,Low,v3.0
AML_02631,SANCTION Rule 2631,SANCTION,Customers with incomplete documentation must be placed under manual review.,Global,High,v1.0
AML_02632,SANCTION Rule 2632,SANCTION,Politically Exposed Persons (PEPs) must undergo Enhanced Due Diligence (EDD).,USA,Low,v2.0
AML_02633,ONBOARDING Rule 2633,ONBOARDING,Transactions inconsistent with customer profile should trigger AML review.,UK,High,v2.0
AML_02634,PEP Rule 2634,PEP,Suspicious activity reports must be filed for unusual behavior.,USA,Low,v4.0
AML_02635,PEP Rule 2635,PEP,Politically Exposed Persons (PEPs) must undergo Enhanced Due Diligence (EDD).,USA,High,v2.0
AML_02636,PEP Rule 2636,PEP,Beneficial ownership verification is required for business accounts.,USA,Critical,v5.0
AML_02637,ONBOARDING Rule 2637,ONBOARDING,Source of funds verification is mandatory for high-value customers.,UK,High,v5.0
AML_02638,AML Rule 2638,AML,Address proof must be verified during onboarding.,Global,Medium,v3.0
AML_02639,CDD Rule 2639,CDD,Transactions inconsistent with customer profile should trigger AML review.,Global,High,v1.0
AML_02640,PEP Rule 2640,PEP,Customers from high-risk countries require additional verification.,India,Critical,v3.0
AML_02641,SANCTION Rule 2641,SANCTION,Customers from high-risk countries require additional verification.,Global,Critical,v5.0
AML_02642,COUNTRY_RISK Rule 2642,COUNTRY_RISK,Customers from Syria must undergo enhanced verification.,India,Low,v2.0
AML_02643,ONBOARDING Rule 2643,ONBOARDING,Transactions inconsistent with customer profile should trigger AML review.,UK,Critical,v5.0
AML_02644,COUNTRY_RISK Rule 2644,COUNTRY_RISK,Customers from Syria must undergo enhanced verification.,USA,Medium,v3.0
AML_02645,CDD Rule 2645,CDD,Address proof must be verified during onboarding.,USA,High,v4.0
AML_02646,EDD Rule 2646,EDD,Suspicious activity reports must be filed for unusual behavior.,USA,Medium,v2.0
AML_02647,EDD Rule 2647,EDD,Suspicious activity reports must be filed for unusual behavior.,USA,Critical,v2.0
AML_02648,EDD Rule 2648,EDD,Customers from high-risk countries require additional verification.,Global,Low,v2.0
AML_02649,COUNTRY_RISK Rule 2649,COUNTRY_RISK,Customers from Syria must undergo enhanced verification.,USA,Medium,v2.0
AML_02650,COUNTRY_RISK Rule 2650,COUNTRY_RISK,Customers from Iran must undergo enhanced verification.,USA,Low,v3.0
AML_02651,ONBOARDING Rule 2651,ONBOARDING,Identity verification must be completed before account activation.,UK,Medium,v4.0
AML_02652,ONBOARDING Rule 2652,ONBOARDING,Suspicious activity reports must be filed for unusual behavior.,Global,High,v4.0
AML_02653,PEP Rule 2653,PEP,Beneficial ownership verification is required for business accounts.,UK,Low,v5.0
AML_02654,SANCTION Rule 2654,SANCTION,Address proof must be verified during onboarding.,India,Critical,v5.0
AML_02655,SANCTION Rule 2655,SANCTION,Address proof must be verified during onboarding.,Global,Critical,v5.0
AML_02656,CDD Rule 2656,CDD,Customers appearing on sanctions lists must be rejected immediately.,India,Medium,v5.0
AML_02657,COUNTRY_RISK Rule 2657,COUNTRY_RISK,Customers from Syria must undergo enhanced verification.,USA,High,v2.0
AML_02658,ONBOARDING Rule 2658,ONBOARDING,Customers with incomplete documentation must be placed under manual review.,USA,High,v3.0
AML_02659,COUNTRY_RISK Rule 2659,COUNTRY_RISK,Customers from Syria must undergo enhanced verification.,USA,High,v2.0
AML_02660,COUNTRY_RISK Rule 2660,COUNTRY_RISK,Customers from North Korea must undergo enhanced verification.,India,Critical,v5.0
AML_02661,EDD Rule 2661,EDD,Identity verification must be completed before account activation.,India,Critical,v2.0
AML_02662,ONBOARDING Rule 2662,ONBOARDING,Customers from high-risk countries require additional verification.,UK,Critical,v2.0
AML_02663,CDD Rule 2663,CDD,Customers appearing on sanctions lists must be rejected immediately.,UK,Critical,v5.0
AML_02664,SANCTION Rule 2664,SANCTION,Beneficial ownership verification is required for business accounts.,UK,High,v3.0
AML_02665,ONBOARDING Rule 2665,ONBOARDING,Source of funds verification is mandatory for high-value customers.,Global,High,v1.0
AML_02666,EDD Rule 2666,EDD,Source of funds verification is mandatory for high-value customers.,USA,Critical,v5.0
AML_02667,AML Rule 2667,AML,Customers with incomplete documentation must be placed under manual review.,UK,Low,v5.0
AML_02668,ONBOARDING Rule 2668,ONBOARDING,Suspicious activity reports must be filed for unusual behavior.,UK,Critical,v1.0
AML_02669,AML Rule 2669,AML,Customers from high-risk countries require additional verification.,UK,Critical,v5.0
AML_02670,AML Rule 2670,AML,Address proof must be verified during onboarding.,India,Critical,v2.0
AML_02671,ONBOARDING Rule 2671,ONBOARDING,Customers from high-risk countries require additional verification.,UK,High,v4.0
AML_02672,AML Rule 2672,AML,Customers from high-risk countries require additional verification.,USA,High,v4.0
AML_02673,CDD Rule 2673,CDD,Transactions inconsistent with customer profile should trigger AML review.,USA,High,v2.0
AML_02674,CDD Rule 2674,CDD,Beneficial ownership verification is required for business accounts.,Global,High,v5.0
AML_02675,CDD Rule 2675,CDD,Customers appearing on sanctions lists must be rejected immediately.,UK,Medium,v5.0
AML_02676,COUNTRY_RISK Rule 2676,COUNTRY_RISK,Customers from Syria must undergo enhanced verification.,Global,Medium,v3.0
AML_02677,SANCTION Rule 2677,SANCTION,Address proof must be verified during onboarding.,Global,Low,v4.0
AML_02678,CDD Rule 2678,CDD,Customers with incomplete documentation must be placed under manual review.,UK,Medium,v1.0
AML_02679,ONBOARDING Rule 2679,ONBOARDING,Customers from high-risk countries require additional verification.,Global,Critical,v1.0
AML_02680,ONBOARDING Rule 2680,ONBOARDING,Source of funds verification is mandatory for high-value customers.,Global,Low,v1.0
AML_02681,SANCTION Rule 2681,SANCTION,Source of funds verification is mandatory for high-value customers.,UK,Critical,v3.0
AML_02682,PEP Rule 2682,PEP,Beneficial ownership verification is required for business accounts.,UK,Medium,v4.0
AML_02683,COUNTRY_RISK Rule 2683,COUNTRY_RISK,Customers from Syria must undergo enhanced verification.,UK,Medium,v5.0
AML_02684,EDD Rule 2684,EDD,Beneficial ownership verification is required for business accounts.,UK,Critical,v2.0
AML_02685,AML Rule 2685,AML,Suspicious activity reports must be filed for unusual behavior.,UK,Medium,v3.0
AML_02686,AML Rule 2686,AML,Customers appearing on sanctions lists must be rejected immediately.,Global,Low,v1.0
AML_02687,COUNTRY_RISK Rule 2687,COUNTRY_RISK,Customers from North Korea must undergo enhanced verification.,USA,High,v5.0
AML_02688,EDD Rule 2688,EDD,Customers with incomplete documentation must be placed under manual review.,UK,Low,v4.0
AML_02689,ONBOARDING Rule 2689,ONBOARDING,Customers appearing on sanctions lists must be rejected immediately.,UK,Low,v1.0
AML_02690,AML Rule 2690,AML,Customers appearing on sanctions lists must be rejected immediately.,Global,High,v2.0
AML_02691,SANCTION Rule 2691,SANCTION,Address proof must be verified during onboarding.,UK,High,v4.0
AML_02692,SANCTION Rule 2692,SANCTION,Politically Exposed Persons (PEPs) must undergo Enhanced Due Diligence (EDD).,USA,High,v1.0
AML_02693,ONBOARDING Rule 2693,ONBOARDING,Suspicious activity reports must be filed for unusual behavior.,UK,Medium,v4.0
AML_02694,CDD Rule 2694,CDD,Transactions inconsistent with customer profile should trigger AML review.,India,Low,v2.0
AML_02695,PEP Rule 2695,PEP,Transactions inconsistent with customer profile should trigger AML review.,UK,Critical,v3.0
AML_02696,SANCTION Rule 2696,SANCTION,Beneficial ownership verification is required for business accounts.,UK,Medium,v2.0
AML_02697,SANCTION Rule 2697,SANCTION,Beneficial ownership verification is required for business accounts.,Global,High,v5.0
AML_02698,COUNTRY_RISK Rule 2698,COUNTRY_RISK,Customers from Iran must undergo enhanced verification.,USA,Critical,v3.0
AML_02699,SANCTION Rule 2699,SANCTION,Politically Exposed Persons (PEPs) must undergo Enhanced Due Diligence (EDD).,UK,High,v4.0
AML_02700,AML Rule 2700,AML,Customers with incomplete documentation must be placed under manual review.,USA,Medium,v2.0
AML_02701,SANCTION Rule 2701,SANCTION,Suspicious activity reports must be filed for unusual behavior.,India,Critical,v1.0
AML_02702,PEP Rule 2702,PEP,Address proof must be verified during onboarding.,Global,Medium,v5.0
AML_02703,PEP Rule 2703,PEP,Suspicious activity reports must be filed for unusual behavior.,Global,High,v5.0
AML_02704,CDD Rule 2704,CDD,Customers with incomplete documentation must be placed under manual review.,Global,Medium,v5.0
AML_02705,ONBOARDING Rule 2705,ONBOARDING,Address proof must be verified during onboarding.,UK,Low,v2.0
AML_02706,SANCTION Rule 2706,SANCTION,Source of funds verification is mandatory for high-value customers.,USA,Low,v4.0
AML_02707,EDD Rule 2707,EDD,Beneficial ownership verification is required for business accounts.,Global,Critical,v2.0
AML_02708,SANCTION Rule 2708,SANCTION,Transactions inconsistent with customer profile should trigger AML review.,USA,Critical,v5.0
AML_02709,COUNTRY_RISK Rule 2709,COUNTRY_RISK,Customers from Syria must undergo enhanced verification.,India,Medium,v1.0
AML_02710,SANCTION Rule 2710,SANCTION,Suspicious activity reports must be filed for unusual behavior.,Global,Medium,v4.0
AML_02711,AML Rule 2711,AML,Transactions inconsistent with customer profile should trigger AML review.,India,High,v1.0
AML_02712,PEP Rule 2712,PEP,Customers from high-risk countries require additional verification.,UK,Low,v3.0
AML_02713,EDD Rule 2713,EDD,Identity verification must be completed before account activation.,Global,Critical,v5.0
AML_02714,CDD Rule 2714,CDD,Customers with incomplete documentation must be placed under manual review.,USA,High,v3.0
AML_02715,ONBOARDING Rule 2715,ONBOARDING,Customers appearing on sanctions lists must be rejected immediately.,India,Medium,v4.0
AML_02716,COUNTRY_RISK Rule 2716,COUNTRY_RISK,Customers from Afghanistan must undergo enhanced verification.,India,High,v1.0
AML_02717,CDD Rule 2717,CDD,Address proof must be verified during onboarding.,UK,Critical,v1.0
AML_02718,PEP Rule 2718,PEP,Source of funds verification is mandatory for high-value customers.,UK,High,v1.0
AML_02719,AML Rule 2719,AML,Customers from high-risk countries require additional verification.,Global,Medium,v5.0
AML_02720,SANCTION Rule 2720,SANCTION,Address proof must be verified during onboarding.,USA,Medium,v2.0
AML_02721,AML Rule 2721,AML,Source of funds verification is mandatory for high-value customers.,USA,High,v2.0
AML_02722,CDD Rule 2722,CDD,Identity verification must be completed before account activation.,UK,High,v2.0
AML_02723,AML Rule 2723,AML,Suspicious activity reports must be filed for unusual behavior.,India,Critical,v5.0
AML_02724,COUNTRY_RISK Rule 2724,COUNTRY_RISK,Customers from Afghanistan must undergo enhanced verification.,Global,Medium,v1.0
AML_02725,SANCTION Rule 2725,SANCTION,Beneficial ownership verification is required for business accounts.,USA,Medium,v4.0
AML_02726,SANCTION Rule 2726,SANCTION,Customers appearing on sanctions lists must be rejected immediately.,UK,Medium,v1.0
AML_02727,AML Rule 2727,AML,Identity verification must be completed before account activation.,UK,Medium,v3.0
AML_02728,EDD Rule 2728,EDD,Suspicious activity reports must be filed for unusual behavior.,USA,Low,v4.0
AML_02729,ONBOARDING Rule 2729,ONBOARDING,Customers appearing on sanctions lists must be rejected immediately.,India,Low,v3.0
AML_02730,CDD Rule 2730,CDD,Suspicious activity reports must be filed for unusual behavior.,Global,Critical,v4.0
AML_02731,CDD Rule 2731,CDD,Customers appearing on sanctions lists must be rejected immediately.,India,Low,v1.0
AML_02732,CDD Rule 2732,CDD,Transactions inconsistent with customer profile should trigger AML review.,USA,Critical,v2.0
AML_02733,COUNTRY_RISK Rule 2733,COUNTRY_RISK,Customers from Myanmar must undergo enhanced verification.,USA,Critical,v5.0
AML_02734,SANCTION Rule 2734,SANCTION,Address proof must be verified during onboarding.,India,Low,v5.0
AML_02735,COUNTRY_RISK Rule 2735,COUNTRY_RISK,Customers from Syria must undergo enhanced verification.,India,Medium,v3.0
AML_02736,CDD Rule 2736,CDD,Customers from high-risk countries require additional verification.,USA,Medium,v3.0
AML_02737,PEP Rule 2737,PEP,Beneficial ownership verification is required for business accounts.,Global,High,v4.0
AML_02738,CDD Rule 2738,CDD,Politically Exposed Persons (PEPs) must undergo Enhanced Due Diligence (EDD).,USA,Critical,v2.0
AML_02739,ONBOARDING Rule 2739,ONBOARDING,Identity verification must be completed before account activation.,UK,Critical,v4.0
AML_02740,SANCTION Rule 2740,SANCTION,Customers with incomplete documentation must be placed under manual review.,India,High,v2.0
AML_02741,AML Rule 2741,AML,Source of funds verification is mandatory for high-value customers.,USA,Critical,v3.0
AML_02742,AML Rule 2742,AML,Politically Exposed Persons (PEPs) must undergo Enhanced Due Diligence (EDD).,India,Critical,v1.0
AML_02743,EDD Rule 2743,EDD,Transactions inconsistent with customer profile should trigger AML review.,USA,High,v1.0
AML_02744,SANCTION Rule 2744,SANCTION,Customers with incomplete documentation must be placed under manual review.,USA,High,v5.0
AML_02745,ONBOARDING Rule 2745,ONBOARDING,Customers from high-risk countries require additional verification.,UK,Medium,v4.0
AML_02746,EDD Rule 2746,EDD,Suspicious activity reports must be filed for unusual behavior.,UK,High,v2.0
AML_02747,COUNTRY_RISK Rule 2747,COUNTRY_RISK,Customers from North Korea must undergo enhanced verification.,USA,Medium,v4.0
AML_02748,ONBOARDING Rule 2748,ONBOARDING,Suspicious activity reports must be filed for unusual behavior.,UK,Medium,v3.0
AML_02749,AML Rule 2749,AML,Customers from high-risk countries require additional verification.,Global,Medium,v1.0
AML_02750,SANCTION Rule 2750,SANCTION,Customers from high-risk countries require additional verification.,India,Low,v5.0
AML_02751,SANCTION Rule 2751,SANCTION,Beneficial ownership verification is required for business accounts.,Global,Medium,v5.0
AML_02752,COUNTRY_RISK Rule 2752,COUNTRY_RISK,Customers from North Korea must undergo enhanced verification.,India,Medium,v2.0
AML_02753,ONBOARDING Rule 2753,ONBOARDING,Suspicious activity reports must be filed for unusual behavior.,UK,High,v3.0
AML_02754,ONBOARDING Rule 2754,ONBOARDING,Politically Exposed Persons (PEPs) must undergo Enhanced Due Diligence (EDD).,UK,Low,v1.0
AML_02755,ONBOARDING Rule 2755,ONBOARDING,Source of funds verification is mandatory for high-value customers.,Global,Low,v3.0
AML_02756,CDD Rule 2756,CDD,Identity verification must be completed before account activation.,USA,Medium,v4.0
AML_02757,AML Rule 2757,AML,Customers appearing on sanctions lists must be rejected immediately.,India,Low,v5.0
AML_02758,AML Rule 2758,AML,Politically Exposed Persons (PEPs) must undergo Enhanced Due Diligence (EDD).,Global,High,v2.0
AML_02759,EDD Rule 2759,EDD,Customers from high-risk countries require additional verification.,USA,High,v2.0
AML_02760,COUNTRY_RISK Rule 2760,COUNTRY_RISK,Customers from North Korea must undergo enhanced verification.,Global,High,v1.0
AML_02761,EDD Rule 2761,EDD,Beneficial ownership verification is required for business accounts.,India,Medium,v4.0
AML_02762,AML Rule 2762,AML,Source of funds verification is mandatory for high-value customers.,UK,Medium,v1.0
AML_02763,EDD Rule 2763,EDD,Customers from high-risk countries require additional verification.,UK,Medium,v3.0
AML_02764,EDD Rule 2764,EDD,Customers from high-risk countries require additional verification.,India,Low,v3.0
AML_02765,PEP Rule 2765,PEP,Identity verification must be completed before account activation.,India,Critical,v1.0
AML_02766,CDD Rule 2766,CDD,Address proof must be verified during onboarding.,UK,Medium,v2.0
AML_02767,CDD Rule 2767,CDD,Customers appearing on sanctions lists must be rejected immediately.,India,Medium,v2.0
AML_02768,ONBOARDING Rule 2768,ONBOARDING,Identity verification must be completed before account activation.,Global,Low,v2.0
AML_02769,SANCTION Rule 2769,SANCTION,Customers appearing on sanctions lists must be rejected immediately.,Global,Medium,v4.0
AML_02770,AML Rule 2770,AML,Customers appearing on sanctions lists must be rejected immediately.,Global,Low,v2.0
AML_02771,SANCTION Rule 2771,SANCTION,Transactions inconsistent with customer profile should trigger AML review.,USA,Medium,v1.0
AML_02772,PEP Rule 2772,PEP,Identity verification must be completed before account activation.,India,Low,v2.0
AML_02773,PEP Rule 2773,PEP,Suspicious activity reports must be filed for unusual behavior.,UK,Low,v1.0
AML_02774,SANCTION Rule 2774,SANCTION,Politically Exposed Persons (PEPs) must undergo Enhanced Due Diligence (EDD).,UK,High,v1.0
AML_02775,PEP Rule 2775,PEP,Customers from high-risk countries require additional verification.,USA,Critical,v3.0
AML_02776,ONBOARDING Rule 2776,ONBOARDING,Customers with incomplete documentation must be placed under manual review.,USA,Critical,v2.0
AML_02777,EDD Rule 2777,EDD,Transactions inconsistent with customer profile should trigger AML review.,Global,Critical,v5.0
AML_02778,COUNTRY_RISK Rule 2778,COUNTRY_RISK,Customers from Syria must undergo enhanced verification.,India,High,v4.0
AML_02779,EDD Rule 2779,EDD,Source of funds verification is mandatory for high-value customers.,UK,High,v2.0
AML_02780,ONBOARDING Rule 2780,ONBOARDING,Source of funds verification is mandatory for high-value customers.,UK,High,v4.0
AML_02781,AML Rule 2781,AML,Source of funds verification is mandatory for high-value customers.,UK,Medium,v4.0
AML_02782,ONBOARDING Rule 2782,ONBOARDING,Source of funds verification is mandatory for high-value customers.,USA,Medium,v4.0
AML_02783,COUNTRY_RISK Rule 2783,COUNTRY_RISK,Customers from Afghanistan must undergo enhanced verification.,India,Medium,v2.0
AML_02784,CDD Rule 2784,CDD,Source of funds verification is mandatory for high-value customers.,UK,Critical,v2.0
AML_02785,ONBOARDING Rule 2785,ONBOARDING,Politically Exposed Persons (PEPs) must undergo Enhanced Due Diligence (EDD).,UK,Critical,v4.0
AML_02786,ONBOARDING Rule 2786,ONBOARDING,Source of funds verification is mandatory for high-value customers.,UK,Medium,v4.0
AML_02787,CDD Rule 2787,CDD,Identity verification must be completed before account activation.,UK,Critical,v4.0
AML_02788,PEP Rule 2788,PEP,Customers from high-risk countries require additional verification.,UK,Medium,v4.0
AML_02789,COUNTRY_RISK Rule 2789,COUNTRY_RISK,Customers from North Korea must undergo enhanced verification.,UK,Critical,v2.0
AML_02790,SANCTION Rule 2790,SANCTION,Identity verification must be completed before account activation.,USA,Low,v5.0
AML_02791,COUNTRY_RISK Rule 2791,COUNTRY_RISK,Customers from Afghanistan must undergo enhanced verification.,USA,Low,v4.0
AML_02792,PEP Rule 2792,PEP,Transactions inconsistent with customer profile should trigger AML review.,UK,Medium,v1.0
AML_02793,SANCTION Rule 2793,SANCTION,Customers with incomplete documentation must be placed under manual review.,Global,Low,v4.0
AML_02794,AML Rule 2794,AML,Customers appearing on sanctions lists must be rejected immediately.,UK,Medium,v1.0
AML_02795,COUNTRY_RISK Rule 2795,COUNTRY_RISK,Customers from Syria must undergo enhanced verification.,Global,Low,v1.0
AML_02796,PEP Rule 2796,PEP,Transactions inconsistent with customer profile should trigger AML review.,UK,Low,v2.0
AML_02797,AML Rule 2797,AML,Politically Exposed Persons (PEPs) must undergo Enhanced Due Diligence (EDD).,USA,High,v2.0
AML_02798,PEP Rule 2798,PEP,Politically Exposed Persons (PEPs) must undergo Enhanced Due Diligence (EDD).,Global,Medium,v5.0
AML_02799,PEP Rule 2799,PEP,Suspicious activity reports must be filed for unusual behavior.,USA,Low,v5.0
AML_02800,CDD Rule 2800,CDD,Source of funds verification is mandatory for high-value customers.,UK,Medium,v1.0
AML_02801,CDD Rule 2801,CDD,Politically Exposed Persons (PEPs) must undergo Enhanced Due Diligence (EDD).,USA,Medium,v3.0
AML_02802,AML Rule 2802,AML,Customers from high-risk countries require additional verification.,UK,High,v4.0
AML_02803,PEP Rule 2803,PEP,Beneficial ownership verification is required for business accounts.,UK,Critical,v5.0
AML_02804,CDD Rule 2804,CDD,Customers appearing on sanctions lists must be rejected immediately.,Global,Low,v1.0
AML_02805,COUNTRY_RISK Rule 2805,COUNTRY_RISK,Customers from North Korea must undergo enhanced verification.,USA,High,v5.0
AML_02806,SANCTION Rule 2806,SANCTION,Address proof must be verified during onboarding.,UK,Low,v3.0
AML_02807,COUNTRY_RISK Rule 2807,COUNTRY_RISK,Customers from Iran must undergo enhanced verification.,Global,Critical,v5.0
AML_02808,AML Rule 2808,AML,Beneficial ownership verification is required for business accounts.,India,High,v3.0
AML_02809,ONBOARDING Rule 2809,ONBOARDING,Transactions inconsistent with customer profile should trigger AML review.,Global,Critical,v1.0
AML_02810,SANCTION Rule 2810,SANCTION,Customers from high-risk countries require additional verification.,Global,High,v1.0
AML_02811,ONBOARDING Rule 2811,ONBOARDING,Customers from high-risk countries require additional verification.,India,High,v5.0
AML_02812,PEP Rule 2812,PEP,Beneficial ownership verification is required for business accounts.,USA,Low,v2.0
AML_02813,COUNTRY_RISK Rule 2813,COUNTRY_RISK,Customers from North Korea must undergo enhanced verification.,Global,High,v2.0
AML_02814,SANCTION Rule 2814,SANCTION,Identity verification must be completed before account activation.,UK,High,v2.0
AML_02815,SANCTION Rule 2815,SANCTION,Source of funds verification is mandatory for high-value customers.,India,Medium,v5.0
AML_02816,SANCTION Rule 2816,SANCTION,Identity verification must be completed before account activation.,Global,High,v5.0
AML_02817,COUNTRY_RISK Rule 2817,COUNTRY_RISK,Customers from Syria must undergo enhanced verification.,Global,Low,v2.0
AML_02818,COUNTRY_RISK Rule 2818,COUNTRY_RISK,Customers from Myanmar must undergo enhanced verification.,India,High,v2.0
AML_02819,ONBOARDING Rule 2819,ONBOARDING,Customers appearing on sanctions lists must be rejected immediately.,USA,Critical,v2.0
AML_02820,COUNTRY_RISK Rule 2820,COUNTRY_RISK,Customers from Afghanistan must undergo enhanced verification.,UK,Medium,v2.0
AML_02821,PEP Rule 2821,PEP,Beneficial ownership verification is required for business accounts.,India,High,v5.0
AML_02822,CDD Rule 2822,CDD,Customers from high-risk countries require additional verification.,USA,Medium,v1.0
AML_02823,PEP Rule 2823,PEP,Beneficial ownership verification is required for business accounts.,Global,Critical,v2.0
AML_02824,EDD Rule 2824,EDD,Address proof must be verified during onboarding.,India,Medium,v4.0
AML_02825,PEP Rule 2825,PEP,Identity verification must be completed before account activation.,UK,Critical,v2.0
AML_02826,EDD Rule 2826,EDD,Identity verification must be completed before account activation.,Global,Low,v4.0
AML_02827,PEP Rule 2827,PEP,Politically Exposed Persons (PEPs) must undergo Enhanced Due Diligence (EDD).,USA,Medium,v2.0
AML_02828,COUNTRY_RISK Rule 2828,COUNTRY_RISK,Customers from Iran must undergo enhanced verification.,USA,Medium,v1.0
AML_02829,PEP Rule 2829,PEP,Customers from high-risk countries require additional verification.,India,Low,v3.0
AML_02830,SANCTION Rule 2830,SANCTION,Transactions inconsistent with customer profile should trigger AML review.,UK,Medium,v5.0
AML_02831,EDD Rule 2831,EDD,Customers with incomplete documentation must be placed under manual review.,UK,High,v3.0
AML_02832,ONBOARDING Rule 2832,ONBOARDING,Customers appearing on sanctions lists must be rejected immediately.,Global,Medium,v5.0
AML_02833,COUNTRY_RISK Rule 2833,COUNTRY_RISK,Customers from Iran must undergo enhanced verification.,Global,Medium,v1.0
AML_02834,COUNTRY_RISK Rule 2834,COUNTRY_RISK,Customers from Afghanistan must undergo enhanced verification.,India,Medium,v4.0
AML_02835,ONBOARDING Rule 2835,ONBOARDING,Customers with incomplete documentation must be placed under manual review.,India,Medium,v2.0
AML_02836,COUNTRY_RISK Rule 2836,COUNTRY_RISK,Customers from Myanmar must undergo enhanced verification.,USA,Low,v3.0
AML_02837,AML Rule 2837,AML,Transactions inconsistent with customer profile should trigger AML review.,India,Medium,v4.0
AML_02838,SANCTION Rule 2838,SANCTION,Politically Exposed Persons (PEPs) must undergo Enhanced Due Diligence (EDD).,USA,Critical,v3.0
AML_02839,COUNTRY_RISK Rule 2839,COUNTRY_RISK,Customers from Syria must undergo enhanced verification.,Global,Critical,v5.0
AML_02840,PEP Rule 2840,PEP,Politically Exposed Persons (PEPs) must undergo Enhanced Due Diligence (EDD).,India,Low,v1.0
AML_02841,AML Rule 2841,AML,Customers from high-risk countries require additional verification.,UK,Low,v5.0
AML_02842,PEP Rule 2842,PEP,Customers from high-risk countries require additional verification.,UK,Low,v3.0
AML_02843,CDD Rule 2843,CDD,Customers from high-risk countries require additional verification.,USA,Medium,v5.0
AML_02844,SANCTION Rule 2844,SANCTION,Beneficial ownership verification is required for business accounts.,Global,Low,v4.0
AML_02845,AML Rule 2845,AML,Transactions inconsistent with customer profile should trigger AML review.,USA,Critical,v1.0
AML_02846,EDD Rule 2846,EDD,Customers with incomplete documentation must be placed under manual review.,India,High,v3.0
AML_02847,ONBOARDING Rule 2847,ONBOARDING,Address proof must be verified during onboarding.,Global,Critical,v5.0
AML_02848,EDD Rule 2848,EDD,Beneficial ownership verification is required for business accounts.,USA,Low,v5.0
AML_02849,SANCTION Rule 2849,SANCTION,Source of funds verification is mandatory for high-value customers.,USA,Low,v2.0
AML_02850,ONBOARDING Rule 2850,ONBOARDING,Address proof must be verified during onboarding.,Global,Medium,v1.0
AML_02851,PEP Rule 2851,PEP,Identity verification must be completed before account activation.,USA,Critical,v2.0
AML_02852,SANCTION Rule 2852,SANCTION,Politically Exposed Persons (PEPs) must undergo Enhanced Due Diligence (EDD).,India,Critical,v4.0
AML_02853,CDD Rule 2853,CDD,Politically Exposed Persons (PEPs) must undergo Enhanced Due Diligence (EDD).,USA,Medium,v1.0
AML_02854,CDD Rule 2854,CDD,Customers appearing on sanctions lists must be rejected immediately.,UK,High,v2.0
AML_02855,COUNTRY_RISK Rule 2855,COUNTRY_RISK,Customers from Myanmar must undergo enhanced verification.,India,High,v5.0
AML_02856,AML Rule 2856,AML,Politically Exposed Persons (PEPs) must undergo Enhanced Due Diligence (EDD).,USA,Critical,v3.0
AML_02857,SANCTION Rule 2857,SANCTION,Beneficial ownership verification is required for business accounts.,USA,High,v5.0
AML_02858,CDD Rule 2858,CDD,Transactions inconsistent with customer profile should trigger AML review.,India,Critical,v3.0
AML_02859,EDD Rule 2859,EDD,Source of funds verification is mandatory for high-value customers.,Global,High,v5.0
AML_02860,COUNTRY_RISK Rule 2860,COUNTRY_RISK,Customers from Syria must undergo enhanced verification.,Global,Medium,v5.0
AML_02861,CDD Rule 2861,CDD,Source of funds verification is mandatory for high-value customers.,USA,Critical,v1.0
AML_02862,COUNTRY_RISK Rule 2862,COUNTRY_RISK,Customers from Afghanistan must undergo enhanced verification.,UK,Critical,v3.0
AML_02863,CDD Rule 2863,CDD,Source of funds verification is mandatory for high-value customers.,USA,Low,v4.0
AML_02864,COUNTRY_RISK Rule 2864,COUNTRY_RISK,Customers from Afghanistan must undergo enhanced verification.,USA,Low,v2.0
AML_02865,PEP Rule 2865,PEP,Beneficial ownership verification is required for business accounts.,Global,High,v4.0
AML_02866,EDD Rule 2866,EDD,Politically Exposed Persons (PEPs) must undergo Enhanced Due Diligence (EDD).,India,Low,v4.0
AML_02867,ONBOARDING Rule 2867,ONBOARDING,Customers from high-risk countries require additional verification.,UK,High,v2.0
AML_02868,AML Rule 2868,AML,Customers with incomplete documentation must be placed under manual review.,UK,High,v4.0
AML_02869,EDD Rule 2869,EDD,Customers appearing on sanctions lists must be rejected immediately.,USA,Low,v2.0
AML_02870,SANCTION Rule 2870,SANCTION,Source of funds verification is mandatory for high-value customers.,USA,Critical,v1.0
AML_02871,EDD Rule 2871,EDD,Customers with incomplete documentation must be placed under manual review.,USA,Low,v3.0
AML_02872,EDD Rule 2872,EDD,Source of funds verification is mandatory for high-value customers.,USA,Medium,v3.0
AML_02873,CDD Rule 2873,CDD,Address proof must be verified during onboarding.,USA,Critical,v1.0
AML_02874,PEP Rule 2874,PEP,Beneficial ownership verification is required for business accounts.,USA,High,v3.0
AML_02875,PEP Rule 2875,PEP,Customers from high-risk countries require additional verification.,USA,Medium,v1.0
AML_02876,AML Rule 2876,AML,Suspicious activity reports must be filed for unusual behavior.,USA,Critical,v5.0
AML_02877,AML Rule 2877,AML,Identity verification must be completed before account activation.,UK,Critical,v2.0
AML_02878,AML Rule 2878,AML,Address proof must be verified during onboarding.,UK,Critical,v4.0
AML_02879,CDD Rule 2879,CDD,Customers from high-risk countries require additional verification.,USA,Critical,v1.0
AML_02880,PEP Rule 2880,PEP,Transactions inconsistent with customer profile should trigger AML review.,Global,Medium,v3.0
AML_02881,CDD Rule 2881,CDD,Source of funds verification is mandatory for high-value customers.,UK,Low,v3.0
AML_02882,CDD Rule 2882,CDD,Customers from high-risk countries require additional verification.,USA,High,v1.0
AML_02883,CDD Rule 2883,CDD,Suspicious activity reports must be filed for unusual behavior.,UK,Medium,v3.0
AML_02884,PEP Rule 2884,PEP,Identity verification must be completed before account activation.,Global,Low,v4.0
AML_02885,AML Rule 2885,AML,Identity verification must be completed before account activation.,India,Low,v4.0
AML_02886,ONBOARDING Rule 2886,ONBOARDING,Source of funds verification is mandatory for high-value customers.,UK,High,v4.0
AML_02887,PEP Rule 2887,PEP,Source of funds verification is mandatory for high-value customers.,UK,Critical,v2.0
AML_02888,SANCTION Rule 2888,SANCTION,Address proof must be verified during onboarding.,India,Medium,v3.0
AML_02889,COUNTRY_RISK Rule 2889,COUNTRY_RISK,Customers from Iran must undergo enhanced verification.,Global,Medium,v5.0
AML_02890,SANCTION Rule 2890,SANCTION,Transactions inconsistent with customer profile should trigger AML review.,USA,High,v3.0
AML_02891,EDD Rule 2891,EDD,Address proof must be verified during onboarding.,India,High,v4.0
AML_02892,PEP Rule 2892,PEP,Politically Exposed Persons (PEPs) must undergo Enhanced Due Diligence (EDD).,USA,High,v3.0
AML_02893,AML Rule 2893,AML,Identity verification must be completed before account activation.,India,Medium,v3.0
AML_02894,PEP Rule 2894,PEP,Beneficial ownership verification is required for business accounts.,UK,High,v3.0
AML_02895,ONBOARDING Rule 2895,ONBOARDING,Source of funds verification is mandatory for high-value customers.,UK,Low,v3.0
AML_02896,SANCTION Rule 2896,SANCTION,Transactions inconsistent with customer profile should trigger AML review.,India,High,v5.0
AML_02897,SANCTION Rule 2897,SANCTION,Address proof must be verified during onboarding.,Global,Low,v2.0
AML_02898,CDD Rule 2898,CDD,Customers with incomplete documentation must be placed under manual review.,Global,Medium,v5.0
AML_02899,EDD Rule 2899,EDD,Address proof must be verified during onboarding.,UK,Low,v5.0
AML_02900,SANCTION Rule 2900,SANCTION,Transactions inconsistent with customer profile should trigger AML review.,India,Medium,v3.0
AML_02901,COUNTRY_RISK Rule 2901,COUNTRY_RISK,Customers from Syria must undergo enhanced verification.,India,Critical,v4.0
AML_02902,EDD Rule 2902,EDD,Customers with incomplete documentation must be placed under manual review.,Global,Low,v5.0
AML_02903,CDD Rule 2903,CDD,Identity verification must be completed before account activation.,Global,Critical,v2.0
AML_02904,COUNTRY_RISK Rule 2904,COUNTRY_RISK,Customers from Afghanistan must undergo enhanced verification.,USA,Low,v3.0
AML_02905,COUNTRY_RISK Rule 2905,COUNTRY_RISK,Customers from Syria must undergo enhanced verification.,UK,Critical,v3.0
AML_02906,CDD Rule 2906,CDD,Address proof must be verified during onboarding.,USA,Critical,v3.0
AML_02907,AML Rule 2907,AML,Address proof must be verified during onboarding.,India,High,v5.0
AML_02908,CDD Rule 2908,CDD,Suspicious activity reports must be filed for unusual behavior.,India,Low,v4.0
AML_02909,CDD Rule 2909,CDD,Source of funds verification is mandatory for high-value customers.,India,Critical,v4.0
AML_02910,CDD Rule 2910,CDD,Address proof must be verified during onboarding.,USA,High,v4.0
AML_02911,ONBOARDING Rule 2911,ONBOARDING,Customers with incomplete documentation must be placed under manual review.,USA,Medium,v1.0
AML_02912,AML Rule 2912,AML,Customers with incomplete documentation must be placed under manual review.,Global,Medium,v5.0
AML_02913,CDD Rule 2913,CDD,Suspicious activity reports must be filed for unusual behavior.,USA,Critical,v2.0
AML_02914,PEP Rule 2914,PEP,Customers appearing on sanctions lists must be rejected immediately.,India,Critical,v4.0
AML_02915,CDD Rule 2915,CDD,Identity verification must be completed before account activation.,UK,Medium,v1.0
AML_02916,SANCTION Rule 2916,SANCTION,Customers with incomplete documentation must be placed under manual review.,India,Low,v4.0
AML_02917,CDD Rule 2917,CDD,Suspicious activity reports must be filed for unusual behavior.,USA,Low,v5.0
AML_02918,EDD Rule 2918,EDD,Customers from high-risk countries require additional verification.,India,Medium,v1.0
AML_02919,COUNTRY_RISK Rule 2919,COUNTRY_RISK,Customers from North Korea must undergo enhanced verification.,Global,Low,v4.0
AML_02920,AML Rule 2920,AML,Transactions inconsistent with customer profile should trigger AML review.,USA,High,v5.0
AML_02921,PEP Rule 2921,PEP,Suspicious activity reports must be filed for unusual behavior.,UK,Critical,v1.0
AML_02922,ONBOARDING Rule 2922,ONBOARDING,Customers appearing on sanctions lists must be rejected immediately.,Global,Low,v5.0
AML_02923,SANCTION Rule 2923,SANCTION,Address proof must be verified during onboarding.,Global,Low,v4.0
AML_02924,PEP Rule 2924,PEP,Politically Exposed Persons (PEPs) must undergo Enhanced Due Diligence (EDD).,Global,High,v2.0
AML_02925,PEP Rule 2925,PEP,Address proof must be verified during onboarding.,India,Low,v3.0
AML_02926,EDD Rule 2926,EDD,Source of funds verification is mandatory for high-value customers.,Global,Medium,v2.0
AML_02927,SANCTION Rule 2927,SANCTION,Address proof must be verified during onboarding.,USA,Critical,v5.0
AML_02928,EDD Rule 2928,EDD,Customers appearing on sanctions lists must be rejected immediately.,USA,Critical,v3.0
AML_02929,COUNTRY_RISK Rule 2929,COUNTRY_RISK,Customers from Syria must undergo enhanced verification.,USA,Low,v4.0
AML_02930,AML Rule 2930,AML,Address proof must be verified during onboarding.,Global,Critical,v3.0
AML_02931,COUNTRY_RISK Rule 2931,COUNTRY_RISK,Customers from Myanmar must undergo enhanced verification.,India,Medium,v5.0
AML_02932,PEP Rule 2932,PEP,Address proof must be verified during onboarding.,Global,Medium,v2.0
AML_02933,EDD Rule 2933,EDD,Customers appearing on sanctions lists must be rejected immediately.,India,Low,v3.0
AML_02934,PEP Rule 2934,PEP,Address proof must be verified during onboarding.,UK,Low,v4.0
AML_02935,COUNTRY_RISK Rule 2935,COUNTRY_RISK,Customers from Iran must undergo enhanced verification.,USA,Medium,v1.0
AML_02936,AML Rule 2936,AML,Beneficial ownership verification is required for business accounts.,Global,Low,v4.0
AML_02937,SANCTION Rule 2937,SANCTION,Customers from high-risk countries require additional verification.,India,Medium,v3.0
AML_02938,SANCTION Rule 2938,SANCTION,Customers appearing on sanctions lists must be rejected immediately.,India,Critical,v5.0
AML_02939,COUNTRY_RISK Rule 2939,COUNTRY_RISK,Customers from Iran must undergo enhanced verification.,UK,High,v2.0
AML_02940,AML Rule 2940,AML,Transactions inconsistent with customer profile should trigger AML review.,USA,Critical,v3.0
AML_02941,EDD Rule 2941,EDD,Customers from high-risk countries require additional verification.,UK,Low,v1.0
AML_02942,SANCTION Rule 2942,SANCTION,Suspicious activity reports must be filed for unusual behavior.,Global,Low,v5.0
AML_02943,SANCTION Rule 2943,SANCTION,Suspicious activity reports must be filed for unusual behavior.,USA,Low,v3.0
AML_02944,COUNTRY_RISK Rule 2944,COUNTRY_RISK,Customers from Myanmar must undergo enhanced verification.,Global,Medium,v5.0
AML_02945,CDD Rule 2945,CDD,Customers appearing on sanctions lists must be rejected immediately.,Global,High,v4.0
AML_02946,SANCTION Rule 2946,SANCTION,Customers from high-risk countries require additional verification.,Global,High,v5.0
AML_02947,EDD Rule 2947,EDD,Customers with incomplete documentation must be placed under manual review.,UK,Medium,v5.0
AML_02948,ONBOARDING Rule 2948,ONBOARDING,Source of funds verification is mandatory for high-value customers.,UK,Medium,v1.0
AML_02949,AML Rule 2949,AML,Suspicious activity reports must be filed for unusual behavior.,UK,High,v2.0
AML_02950,SANCTION Rule 2950,SANCTION,Customers from high-risk countries require additional verification.,USA,Low,v2.0
AML_02951,COUNTRY_RISK Rule 2951,COUNTRY_RISK,Customers from Iran must undergo enhanced verification.,UK,High,v4.0
AML_02952,SANCTION Rule 2952,SANCTION,Politically Exposed Persons (PEPs) must undergo Enhanced Due Diligence (EDD).,Global,Critical,v2.0
AML_02953,AML Rule 2953,AML,Customers from high-risk countries require additional verification.,UK,Critical,v3.0
AML_02954,PEP Rule 2954,PEP,Beneficial ownership verification is required for business accounts.,UK,Medium,v3.0
AML_02955,PEP Rule 2955,PEP,Identity verification must be completed before account activation.,UK,High,v1.0
AML_02956,CDD Rule 2956,CDD,Customers from high-risk countries require additional verification.,Global,High,v1.0
AML_02957,SANCTION Rule 2957,SANCTION,Customers with incomplete documentation must be placed under manual review.,Global,Low,v2.0
AML_02958,CDD Rule 2958,CDD,Customers with incomplete documentation must be placed under manual review.,USA,Critical,v1.0
AML_02959,ONBOARDING Rule 2959,ONBOARDING,Beneficial ownership verification is required for business accounts.,Global,Critical,v4.0
AML_02960,ONBOARDING Rule 2960,ONBOARDING,Source of funds verification is mandatory for high-value customers.,USA,Medium,v5.0
AML_02961,COUNTRY_RISK Rule 2961,COUNTRY_RISK,Customers from North Korea must undergo enhanced verification.,USA,High,v4.0
AML_02962,COUNTRY_RISK Rule 2962,COUNTRY_RISK,Customers from Iran must undergo enhanced verification.,USA,Low,v3.0
AML_02963,SANCTION Rule 2963,SANCTION,Transactions inconsistent with customer profile should trigger AML review.,Global,Low,v1.0
AML_02964,PEP Rule 2964,PEP,Customers with incomplete documentation must be placed under manual review.,UK,High,v2.0
AML_02965,EDD Rule 2965,EDD,Politically Exposed Persons (PEPs) must undergo Enhanced Due Diligence (EDD).,UK,Low,v1.0
AML_02966,CDD Rule 2966,CDD,Identity verification must be completed before account activation.,USA,High,v3.0
AML_02967,CDD Rule 2967,CDD,Identity verification must be completed before account activation.,India,Critical,v2.0
AML_02968,CDD Rule 2968,CDD,Politically Exposed Persons (PEPs) must undergo Enhanced Due Diligence (EDD).,India,Low,v5.0
AML_02969,PEP Rule 2969,PEP,Suspicious activity reports must be filed for unusual behavior.,UK,High,v1.0
AML_02970,PEP Rule 2970,PEP,Suspicious activity reports must be filed for unusual behavior.,India,Medium,v1.0
AML_02971,EDD Rule 2971,EDD,Customers appearing on sanctions lists must be rejected immediately.,USA,High,v2.0
AML_02972,COUNTRY_RISK Rule 2972,COUNTRY_RISK,Customers from North Korea must undergo enhanced verification.,USA,High,v5.0
AML_02973,EDD Rule 2973,EDD,Suspicious activity reports must be filed for unusual behavior.,India,High,v3.0
AML_02974,ONBOARDING Rule 2974,ONBOARDING,Customers from high-risk countries require additional verification.,UK,Low,v4.0
AML_02975,EDD Rule 2975,EDD,Politically Exposed Persons (PEPs) must undergo Enhanced Due Diligence (EDD).,UK,Critical,v2.0
AML_02976,SANCTION Rule 2976,SANCTION,Transactions inconsistent with customer profile should trigger AML review.,UK,Medium,v2.0
AML_02977,EDD Rule 2977,EDD,Customers with incomplete documentation must be placed under manual review.,Global,Medium,v5.0
AML_02978,SANCTION Rule 2978,SANCTION,Identity verification must be completed before account activation.,USA,Low,v3.0
AML_02979,EDD Rule 2979,EDD,Address proof must be verified during onboarding.,UK,High,v4.0
AML_02980,EDD Rule 2980,EDD,Address proof must be verified during onboarding.,Global,Medium,v3.0
AML_02981,ONBOARDING Rule 2981,ONBOARDING,Politically Exposed Persons (PEPs) must undergo Enhanced Due Diligence (EDD).,India,High,v3.0
AML_02982,PEP Rule 2982,PEP,Suspicious activity reports must be filed for unusual behavior.,UK,Medium,v1.0
AML_02983,CDD Rule 2983,CDD,Politically Exposed Persons (PEPs) must undergo Enhanced Due Diligence (EDD).,USA,Low,v2.0
AML_02984,ONBOARDING Rule 2984,ONBOARDING,Beneficial ownership verification is required for business accounts.,Global,Low,v1.0
AML_02985,CDD Rule 2985,CDD,Customers from high-risk countries require additional verification.,USA,High,v2.0
AML_02986,SANCTION Rule 2986,SANCTION,Transactions inconsistent with customer profile should trigger AML review.,UK,Low,v5.0
AML_02987,SANCTION Rule 2987,SANCTION,Customers from high-risk countries require additional verification.,Global,Low,v5.0
AML_02988,COUNTRY_RISK Rule 2988,COUNTRY_RISK,Customers from Myanmar must undergo enhanced verification.,India,High,v3.0
AML_02989,SANCTION Rule 2989,SANCTION,Beneficial ownership verification is required for business accounts.,UK,High,v4.0
AML_02990,COUNTRY_RISK Rule 2990,COUNTRY_RISK,Customers from North Korea must undergo enhanced verification.,Global,Low,v4.0
AML_02991,COUNTRY_RISK Rule 2991,COUNTRY_RISK,Customers from Syria must undergo enhanced verification.,UK,Critical,v2.0
AML_02992,COUNTRY_RISK Rule 2992,COUNTRY_RISK,Customers from Iran must undergo enhanced verification.,UK,Critical,v1.0
AML_02993,AML Rule 2993,AML,Suspicious activity reports must be filed for unusual behavior.,UK,Medium,v5.0
AML_02994,CDD Rule 2994,CDD,Customers with incomplete documentation must be placed under manual review.,USA,High,v5.0
AML_02995,EDD Rule 2995,EDD,Suspicious activity reports must be filed for unusual behavior.,UK,Critical,v4.0
AML_02996,COUNTRY_RISK Rule 2996,COUNTRY_RISK,Customers from Myanmar must undergo enhanced verification.,USA,Low,v1.0
AML_02997,AML Rule 2997,AML,Politically Exposed Persons (PEPs) must undergo Enhanced Due Diligence (EDD).,Global,Critical,v1.0
AML_02998,ONBOARDING Rule 2998,ONBOARDING,Customers from high-risk countries require additional verification.,Global,Low,v2.0
AML_02999,EDD Rule 2999,EDD,Suspicious activity reports must be filed for unusual behavior.,Global,Medium,v2.0
AML_03000,EDD Rule 3000,EDD,Beneficial ownership verification is required for business accounts.,UK,Low,v1.0
