BenchmarkID,QuestionID,AnswerID,CustomerID,Question,GroundTruthAnswer,GeneratedAnswer,HallucinationType,Hallucinated,ExpectedLabel
B0000078,Q0026572,A0026572,C005314,What is the AML risk associated with customer C005314?,"Customer C005314 can be approved for onboarding. The customer satisfies KYC requirements, has sufficient verified documentation, and does not require enhanced review.","Customer C005314 can be approved for onboarding. The customer satisfies KYC requirements, has sufficient verified documentation, and does not require enhanced review. As per AML Regulation Section 99.7, onboarding must be delayed for 90 days.",Fabricated Regulation,1,1
B0000160,Q0173137,A0173137,C034627,What is the AML risk associated with customer C034627?,"Customer C034627 can be approved for onboarding. The customer satisfies KYC requirements, has sufficient verified documentation, and does not require enhanced review.",Customer C034627 must be rejected due to AML concerns.,Contradiction,1,1
B0000187,Q0206665,A0206665,C041332,What verification steps are required for customer C041332?,Customer C041332 requires Enhanced Due Diligence because the customer is classified as a Politically Exposed Person (PEP) or presents elevated AML risk.,"Customer C041332 requires Enhanced Due Diligence because the customer is classified as a Politically Exposed Person (PEP) or presents elevated AML risk. As per AML Regulation Section 99.7, onboarding must be delayed for 90 days.",Fabricated Regulation,1,1
B0000692,Q0329467,A0329467,C065893,What is the AML risk associated with customer C065893?,"Customer C065893 can be approved for onboarding. The customer satisfies KYC requirements, has sufficient verified documentation, and does not require enhanced review.","Customer C065893 can be approved for onboarding. The customer satisfies KYC requirements, has sufficient verified documentation, and does not require enhanced review.",NONE,0,0
B0000710,Q0393030,A0393030,C078605,What verification steps are required for customer C078605?,Customer C078605 must be rejected because the customer appears on a sanctions list and violates AML onboarding requirements.,Customer C078605 must be rejected because the customer appears on a sanctions list and violates AML onboarding requirements.,NONE,0,0
B0000820,Q0060736,A0060736,C012147,Can customer C012147 be onboarded?,"Customer C012147 can be approved for onboarding. The customer satisfies KYC requirements, has sufficient verified documentation, and does not require enhanced review.","Customer C012147 can be approved for onboarding. The customer satisfies KYC requirements, has sufficient verified documentation, and does not require enhanced review. The customer was previously investigated for international money laundering activities.",Unsupported Claim,1,1
B0000966,Q0345395,A0345395,C069078,What verification steps are required for customer C069078?,"Customer C069078 can be approved for onboarding. The customer satisfies KYC requirements, has sufficient verified documentation, and does not require enhanced review.","Customer C069078 can be approved for onboarding. The customer satisfies KYC requirements, has sufficient verified documentation, and does not require enhanced review.",NONE,0,0
B0001121,Q0472538,A0472538,C094507,Should Enhanced Due Diligence be applied to customer C094507?,"Customer C094507 can be approved for onboarding. The customer satisfies KYC requirements, has sufficient verified documentation, and does not require enhanced review.","Customer C094507 can be approved for onboarding. The customer satisfies KYC requirements, has sufficient verified documentation, and does not require enhanced review.",NONE,0,0
B0001412,Q0092697,A0092697,C018539,What is the AML risk associated with customer C018539?,Customer C018539 should be escalated for manual review due to elevated risk indicators requiring additional investigation.,Customer C018539 requires additional review.,Missing Evidence,1,1
B0002599,Q0049841,A0049841,C009968,Can customer C009968 be onboarded?,Customer C009968 must be rejected because the customer appears on a sanctions list and violates AML onboarding requirements.,Customer C009968 must be rejected because the customer appears on a sanctions list and violates AML onboarding requirements. The customer has a Low AML Risk classification.,Wrong Risk Score,1,1
B0002947,Q0099434,A0099434,C019886,Can the account for customer C019886 be approved?,Customer C019886 should be escalated for manual review due to elevated risk indicators requiring additional investigation.,Customer C019886 is approved immediately.,Contradiction,1,1
B0003119,Q0187089,A0187089,C037417,Can the account for customer C037417 be approved?,"Customer C037417 can be approved for onboarding. The customer satisfies KYC requirements, has sufficient verified documentation, and does not require enhanced review.","Customer C037417 can be approved for onboarding. The customer satisfies KYC requirements, has sufficient verified documentation, and does not require enhanced review.",NONE,0,0
B0003465,Q0091059,A0091059,C018211,Can the account for customer C018211 be approved?,"Customer C018211 can be approved for onboarding. The customer satisfies KYC requirements, has sufficient verified documentation, and does not require enhanced review.",Customer C018211 requires additional review.,Missing Evidence,1,1
B0003548,Q0274126,A0274126,C054825,Can customer C054825 be onboarded?,Customer C054825 requires Enhanced Due Diligence because the customer is classified as a Politically Exposed Person (PEP) or presents elevated AML risk.,Customer C054825 requires no enhanced review.,Contradiction,1,1
B0003589,Q0437431,A0437431,C087486,Can customer C087486 be onboarded?,Customer C087486 must be rejected because the customer appears on a sanctions list and violates AML onboarding requirements.,Customer C087486 must be rejected because the customer appears on a sanctions list and violates AML onboarding requirements.,NONE,0,0
B0003935,Q0255777,A0255777,C051155,What is the AML risk associated with customer C051155?,"Customer C051155 can be approved for onboarding. The customer satisfies KYC requirements, has sufficient verified documentation, and does not require enhanced review.","Customer C051155 can be approved for onboarding. The customer satisfies KYC requirements, has sufficient verified documentation, and does not require enhanced review. The customer was previously investigated for international money laundering activities.",Unsupported Claim,1,1
B0003940,Q0437943,A0437943,C087588,Should Enhanced Due Diligence be applied to customer C087588?,"Customer C087588 can be approved for onboarding. The customer satisfies KYC requirements, has sufficient verified documentation, and does not require enhanced review.","Customer C087588 can be approved for onboarding. The customer satisfies KYC requirements, has sufficient verified documentation, and does not require enhanced review. The customer has a Low AML Risk classification.",Wrong Risk Score,1,1
B0003971,Q0413600,A0413600,C082719,What verification steps are required for customer C082719?,Customer C082719 requires Enhanced Due Diligence because the customer is classified as a Politically Exposed Person (PEP) or presents elevated AML risk.,Customer C082719 requires Enhanced Due Diligence because the customer is classified as a Politically Exposed Person (PEP) or presents elevated AML risk.,NONE,0,0
B0003972,Q0198818,A0198818,C039763,Should Enhanced Due Diligence be applied to customer C039763?,Customer C039763 requires Enhanced Due Diligence because the customer is classified as a Politically Exposed Person (PEP) or presents elevated AML risk.,Customer C039763 requires Enhanced Due Diligence because the customer is classified as a Politically Exposed Person (PEP) or presents elevated AML risk. The customer has a Low AML Risk classification.,Wrong Risk Score,1,1
B0004034,Q0199477,A0199477,C039895,What is the AML risk associated with customer C039895?,"Customer C039895 can be approved for onboarding. The customer satisfies KYC requirements, has sufficient verified documentation, and does not require enhanced review.","Customer C039895 can be approved for onboarding. The customer satisfies KYC requirements, has sufficient verified documentation, and does not require enhanced review. The customer has a Low AML Risk classification.",Wrong Risk Score,1,1
B0004645,Q0490213,A0490213,C098042,Should Enhanced Due Diligence be applied to customer C098042?,"Customer C098042 can be approved for onboarding. The customer satisfies KYC requirements, has sufficient verified documentation, and does not require enhanced review.","Customer C098042 can be approved for onboarding. The customer satisfies KYC requirements, has sufficient verified documentation, and does not require enhanced review.",NONE,0,0
B0004720,Q0426661,A0426661,C085332,Can customer C085332 be onboarded?,"Customer C085332 can be approved for onboarding. The customer satisfies KYC requirements, has sufficient verified documentation, and does not require enhanced review.","Customer C085332 can be approved for onboarding. The customer satisfies KYC requirements, has sufficient verified documentation, and does not require enhanced review.",NONE,0,0
B0004743,Q0158921,A0158921,C031784,Can customer C031784 be onboarded?,Customer C031784 should be escalated for manual review due to elevated risk indicators requiring additional investigation.,Customer C031784 should be escalated for manual review due to elevated risk indicators requiring additional investigation.,NONE,0,0
B0004832,Q0473941,A0473941,C094788,Can customer C094788 be onboarded?,"Customer C094788 can be approved for onboarding. The customer satisfies KYC requirements, has sufficient verified documentation, and does not require enhanced review.",Customer C094788 requires additional review.,Missing Evidence,1,1
B0005203,Q0120799,A0120799,C024159,Can the account for customer C024159 be approved?,Customer C024159 requires Enhanced Due Diligence because the customer is classified as a Politically Exposed Person (PEP) or presents elevated AML risk.,Customer C024159 requires Enhanced Due Diligence because the customer is classified as a Politically Exposed Person (PEP) or presents elevated AML risk.,NONE,0,0
B0005272,Q0400850,A0400850,C080169,What verification steps are required for customer C080169?,"Customer C080169 can be approved for onboarding. The customer satisfies KYC requirements, has sufficient verified documentation, and does not require enhanced review.","Customer C080169 can be approved for onboarding. The customer satisfies KYC requirements, has sufficient verified documentation, and does not require enhanced review. As per AML Regulation Section 99.7, onboarding must be delayed for 90 days.",Fabricated Regulation,1,1
B0005377,Q0220795,A0220795,C044158,What verification steps are required for customer C044158?,"Customer C044158 can be approved for onboarding. The customer satisfies KYC requirements, has sufficient verified documentation, and does not require enhanced review.","Customer C044158 can be approved for onboarding. The customer satisfies KYC requirements, has sufficient verified documentation, and does not require enhanced review.",NONE,0,0
B0005768,Q0061130,A0061130,C012225,What verification steps are required for customer C012225?,Customer C012225 should be escalated for manual review due to elevated risk indicators requiring additional investigation.,Customer C012225 should be escalated for manual review due to elevated risk indicators requiring additional investigation.,NONE,0,0
B0005845,Q0314730,A0314730,C062945,What verification steps are required for customer C062945?,"Customer C062945 can be approved for onboarding. The customer satisfies KYC requirements, has sufficient verified documentation, and does not require enhanced review.","Customer C062945 can be approved for onboarding. The customer satisfies KYC requirements, has sufficient verified documentation, and does not require enhanced review. The customer has a Low AML Risk classification.",Wrong Risk Score,1,1
B0006000,Q0228590,A0228590,C045717,What verification steps are required for customer C045717?,"Customer C045717 can be approved for onboarding. The customer satisfies KYC requirements, has sufficient verified documentation, and does not require enhanced review.","Customer C045717 can be approved for onboarding. The customer satisfies KYC requirements, has sufficient verified documentation, and does not require enhanced review.",NONE,0,0
B0006004,Q0158831,A0158831,C031766,Can customer C031766 be onboarded?,"Customer C031766 can be approved for onboarding. The customer satisfies KYC requirements, has sufficient verified documentation, and does not require enhanced review.","Customer C031766 can be approved for onboarding. The customer satisfies KYC requirements, has sufficient verified documentation, and does not require enhanced review.",NONE,0,0
B0006051,Q0265303,A0265303,C053060,Should Enhanced Due Diligence be applied to customer C053060?,"Customer C053060 can be approved for onboarding. The customer satisfies KYC requirements, has sufficient verified documentation, and does not require enhanced review.","Customer C053060 can be approved for onboarding. The customer satisfies KYC requirements, has sufficient verified documentation, and does not require enhanced review.",NONE,0,0
B0006093,Q0070195,A0070195,C014038,What verification steps are required for customer C014038?,Customer C014038 has insufficient verified documentation. Additional documents are required before onboarding can proceed.,"Customer C014038 has insufficient verified documentation. Additional documents are required before onboarding can proceed. As per AML Regulation Section 99.7, onboarding must be delayed for 90 days.",Fabricated Regulation,1,1
B0006489,Q0404575,A0404575,C080914,What verification steps are required for customer C080914?,"Customer C080914 can be approved for onboarding. The customer satisfies KYC requirements, has sufficient verified documentation, and does not require enhanced review.","Customer C080914 can be approved for onboarding. The customer satisfies KYC requirements, has sufficient verified documentation, and does not require enhanced review.",NONE,0,0
B0006564,Q0146048,A0146048,C029209,Should Enhanced Due Diligence be applied to customer C029209?,"Customer C029209 can be approved for onboarding. The customer satisfies KYC requirements, has sufficient verified documentation, and does not require enhanced review.","Customer C029209 can be approved for onboarding. The customer satisfies KYC requirements, has sufficient verified documentation, and does not require enhanced review. As per AML Regulation Section 99.7, onboarding must be delayed for 90 days.",Fabricated Regulation,1,1
B0006606,Q0059269,A0059269,C011853,Can the account for customer C011853 be approved?,"Customer C011853 can be approved for onboarding. The customer satisfies KYC requirements, has sufficient verified documentation, and does not require enhanced review.","Customer C011853 can be approved for onboarding. The customer satisfies KYC requirements, has sufficient verified documentation, and does not require enhanced review.",NONE,0,0
B0006758,Q0287732,A0287732,C057546,What is the AML risk associated with customer C057546?,"Customer C057546 can be approved for onboarding. The customer satisfies KYC requirements, has sufficient verified documentation, and does not require enhanced review.","Customer C057546 can be approved for onboarding. The customer satisfies KYC requirements, has sufficient verified documentation, and does not require enhanced review.",NONE,0,0
B0007362,Q0186775,A0186775,C037354,What verification steps are required for customer C037354?,"Customer C037354 can be approved for onboarding. The customer satisfies KYC requirements, has sufficient verified documentation, and does not require enhanced review.",Customer C037354 requires additional review.,Missing Evidence,1,1
B0007390,Q0212664,A0212664,C042532,Can the account for customer C042532 be approved?,"Customer C042532 can be approved for onboarding. The customer satisfies KYC requirements, has sufficient verified documentation, and does not require enhanced review.","Customer C042532 can be approved for onboarding. The customer satisfies KYC requirements, has sufficient verified documentation, and does not require enhanced review. The customer was previously investigated for international money laundering activities.",Unsupported Claim,1,1
B0007605,Q0024357,A0024357,C004871,What is the AML risk associated with customer C004871?,Customer C004871 requires Enhanced Due Diligence because the customer is classified as a Politically Exposed Person (PEP) or presents elevated AML risk.,"Customer C004871 requires Enhanced Due Diligence because the customer is classified as a Politically Exposed Person (PEP) or presents elevated AML risk. As per AML Regulation Section 99.7, onboarding must be delayed for 90 days.",Fabricated Regulation,1,1
B0007624,Q0105296,A0105296,C021059,Can customer C021059 be onboarded?,"Customer C021059 can be approved for onboarding. The customer satisfies KYC requirements, has sufficient verified documentation, and does not require enhanced review.","Customer C021059 can be approved for onboarding. The customer satisfies KYC requirements, has sufficient verified documentation, and does not require enhanced review.",NONE,0,0
B0007676,Q0265167,A0265167,C053033,What is the AML risk associated with customer C053033?,"Customer C053033 can be approved for onboarding. The customer satisfies KYC requirements, has sufficient verified documentation, and does not require enhanced review.",Customer C053033 requires additional review.,Missing Evidence,1,1
B0007867,Q0279061,A0279061,C055812,Can customer C055812 be onboarded?,"Customer C055812 can be approved for onboarding. The customer satisfies KYC requirements, has sufficient verified documentation, and does not require enhanced review.","Customer C055812 can be approved for onboarding. The customer satisfies KYC requirements, has sufficient verified documentation, and does not require enhanced review. The customer has a Low AML Risk classification.",Wrong Risk Score,1,1
B0007885,Q0150959,A0150959,C030191,Can the account for customer C030191 be approved?,"Customer C030191 can be approved for onboarding. The customer satisfies KYC requirements, has sufficient verified documentation, and does not require enhanced review.","Customer C030191 can be approved for onboarding. The customer satisfies KYC requirements, has sufficient verified documentation, and does not require enhanced review. The customer was previously investigated for international money laundering activities.",Unsupported Claim,1,1
B0008263,Q0120417,A0120417,C024083,What is the AML risk associated with customer C024083?,Customer C024083 must be rejected because the customer appears on a sanctions list and violates AML onboarding requirements.,Customer C024083 must be rejected because the customer appears on a sanctions list and violates AML onboarding requirements.,NONE,0,0
B0008721,Q0433758,A0433758,C086751,Should Enhanced Due Diligence be applied to customer C086751?,Customer C086751 must be rejected because the customer appears on a sanctions list and violates AML onboarding requirements.,"Customer C086751 must be rejected because the customer appears on a sanctions list and violates AML onboarding requirements. As per AML Regulation Section 99.7, onboarding must be delayed for 90 days.",Fabricated Regulation,1,1
B0008891,Q0423625,A0423625,C084724,What verification steps are required for customer C084724?,"Customer C084724 can be approved for onboarding. The customer satisfies KYC requirements, has sufficient verified documentation, and does not require enhanced review.","Customer C084724 can be approved for onboarding. The customer satisfies KYC requirements, has sufficient verified documentation, and does not require enhanced review.",NONE,0,0
B0008962,Q0143766,A0143766,C028753,Can customer C028753 be onboarded?,"Customer C028753 can be approved for onboarding. The customer satisfies KYC requirements, has sufficient verified documentation, and does not require enhanced review.",Customer C028753 requires additional review.,Missing Evidence,1,1
B0009049,Q0296770,A0296770,C059353,What verification steps are required for customer C059353?,Customer C059353 should be escalated for manual review due to elevated risk indicators requiring additional investigation.,Customer C059353 should be escalated for manual review due to elevated risk indicators requiring additional investigation.,NONE,0,0
B0009132,Q0378283,A0378283,C075656,Should Enhanced Due Diligence be applied to customer C075656?,"Customer C075656 can be approved for onboarding. The customer satisfies KYC requirements, has sufficient verified documentation, and does not require enhanced review.","Customer C075656 can be approved for onboarding. The customer satisfies KYC requirements, has sufficient verified documentation, and does not require enhanced review. The customer was previously investigated for international money laundering activities.",Unsupported Claim,1,1
B0009248,Q0266076,A0266076,C053215,Can customer C053215 be onboarded?,"Customer C053215 can be approved for onboarding. The customer satisfies KYC requirements, has sufficient verified documentation, and does not require enhanced review.","Customer C053215 can be approved for onboarding. The customer satisfies KYC requirements, has sufficient verified documentation, and does not require enhanced review.",NONE,0,0
B0009320,Q0339428,A0339428,C067885,Should Enhanced Due Diligence be applied to customer C067885?,Customer C067885 has insufficient verified documentation. Additional documents are required before onboarding can proceed.,"Customer C067885 has insufficient verified documentation. Additional documents are required before onboarding can proceed. As per AML Regulation Section 99.7, onboarding must be delayed for 90 days.",Fabricated Regulation,1,1
B0009456,Q0305668,A0305668,C061133,Should Enhanced Due Diligence be applied to customer C061133?,"Customer C061133 can be approved for onboarding. The customer satisfies KYC requirements, has sufficient verified documentation, and does not require enhanced review.","Customer C061133 can be approved for onboarding. The customer satisfies KYC requirements, has sufficient verified documentation, and does not require enhanced review. The customer has a Low AML Risk classification.",Wrong Risk Score,1,1
B0009493,Q0046286,A0046286,C009257,Can customer C009257 be onboarded?,"Customer C009257 can be approved for onboarding. The customer satisfies KYC requirements, has sufficient verified documentation, and does not require enhanced review.","Customer C009257 can be approved for onboarding. The customer satisfies KYC requirements, has sufficient verified documentation, and does not require enhanced review.",NONE,0,0
B0009564,Q0120135,A0120135,C024026,What verification steps are required for customer C024026?,Customer C024026 requires Enhanced Due Diligence because the customer is classified as a Politically Exposed Person (PEP) or presents elevated AML risk.,Customer C024026 requires additional review.,Missing Evidence,1,1
B0009731,Q0202897,A0202897,C040579,What is the AML risk associated with customer C040579?,Customer C040579 should be escalated for manual review due to elevated risk indicators requiring additional investigation.,Customer C040579 should be escalated for manual review due to elevated risk indicators requiring additional investigation.,NONE,0,0
B0009875,Q0124232,A0124232,C024846,What is the AML risk associated with customer C024846?,Customer C024846 requires Enhanced Due Diligence because the customer is classified as a Politically Exposed Person (PEP) or presents elevated AML risk.,Customer C024846 requires Enhanced Due Diligence because the customer is classified as a Politically Exposed Person (PEP) or presents elevated AML risk.,NONE,0,0
B0009891,Q0231831,A0231831,C046366,Can customer C046366 be onboarded?,Customer C046366 requires Enhanced Due Diligence because the customer is classified as a Politically Exposed Person (PEP) or presents elevated AML risk.,Customer C046366 requires Enhanced Due Diligence because the customer is classified as a Politically Exposed Person (PEP) or presents elevated AML risk.,NONE,0,0
B0010022,Q0256228,A0256228,C051245,Should Enhanced Due Diligence be applied to customer C051245?,Customer C051245 requires Enhanced Due Diligence because the customer is classified as a Politically Exposed Person (PEP) or presents elevated AML risk.,Customer C051245 requires additional review.,Missing Evidence,1,1
B0010082,Q0288030,A0288030,C057605,What verification steps are required for customer C057605?,"Customer C057605 can be approved for onboarding. The customer satisfies KYC requirements, has sufficient verified documentation, and does not require enhanced review.","Customer C057605 can be approved for onboarding. The customer satisfies KYC requirements, has sufficient verified documentation, and does not require enhanced review. The customer was previously investigated for international money laundering activities.",Unsupported Claim,1,1
B0010316,Q0347099,A0347099,C069419,Can the account for customer C069419 be approved?,Customer C069419 requires Enhanced Due Diligence because the customer is classified as a Politically Exposed Person (PEP) or presents elevated AML risk.,"Customer C069419 requires Enhanced Due Diligence because the customer is classified as a Politically Exposed Person (PEP) or presents elevated AML risk. As per AML Regulation Section 99.7, onboarding must be delayed for 90 days.",Fabricated Regulation,1,1
B0010370,Q0376690,A0376690,C075337,What verification steps are required for customer C075337?,Customer C075337 requires Enhanced Due Diligence because the customer is classified as a Politically Exposed Person (PEP) or presents elevated AML risk.,Customer C075337 requires Enhanced Due Diligence because the customer is classified as a Politically Exposed Person (PEP) or presents elevated AML risk. The customer has a Low AML Risk classification.,Wrong Risk Score,1,1
B0010393,Q0278311,A0278311,C055662,Can customer C055662 be onboarded?,Customer C055662 requires Enhanced Due Diligence because the customer is classified as a Politically Exposed Person (PEP) or presents elevated AML risk.,Customer C055662 requires additional review.,Missing Evidence,1,1
B0010550,Q0021655,A0021655,C004330,What verification steps are required for customer C004330?,"Customer C004330 can be approved for onboarding. The customer satisfies KYC requirements, has sufficient verified documentation, and does not require enhanced review.",Customer C004330 must be rejected due to AML concerns.,Contradiction,1,1
B0010857,Q0162354,A0162354,C032470,Can the account for customer C032470 be approved?,"Customer C032470 can be approved for onboarding. The customer satisfies KYC requirements, has sufficient verified documentation, and does not require enhanced review.",Customer C032470 requires additional review.,Missing Evidence,1,1
B0011480,Q0431975,A0431975,C086394,What verification steps are required for customer C086394?,"Customer C086394 can be approved for onboarding. The customer satisfies KYC requirements, has sufficient verified documentation, and does not require enhanced review.","Customer C086394 can be approved for onboarding. The customer satisfies KYC requirements, has sufficient verified documentation, and does not require enhanced review. As per AML Regulation Section 99.7, onboarding must be delayed for 90 days.",Fabricated Regulation,1,1
B0011605,Q0413818,A0413818,C082763,Should Enhanced Due Diligence be applied to customer C082763?,Customer C082763 has insufficient verified documentation. Additional documents are required before onboarding can proceed.,Customer C082763 is approved immediately.,Contradiction,1,1
B0011629,Q0319854,A0319854,C063970,Can the account for customer C063970 be approved?,"Customer C063970 can be approved for onboarding. The customer satisfies KYC requirements, has sufficient verified documentation, and does not require enhanced review.","Customer C063970 can be approved for onboarding. The customer satisfies KYC requirements, has sufficient verified documentation, and does not require enhanced review. As per AML Regulation Section 99.7, onboarding must be delayed for 90 days.",Fabricated Regulation,1,1
B0012091,Q0234394,A0234394,C046878,Can the account for customer C046878 be approved?,"Customer C046878 can be approved for onboarding. The customer satisfies KYC requirements, has sufficient verified documentation, and does not require enhanced review.","Customer C046878 can be approved for onboarding. The customer satisfies KYC requirements, has sufficient verified documentation, and does not require enhanced review. The customer was previously investigated for international money laundering activities.",Unsupported Claim,1,1
B0012460,Q0097123,A0097123,C019424,Should Enhanced Due Diligence be applied to customer C019424?,"Customer C019424 can be approved for onboarding. The customer satisfies KYC requirements, has sufficient verified documentation, and does not require enhanced review.","Customer C019424 can be approved for onboarding. The customer satisfies KYC requirements, has sufficient verified documentation, and does not require enhanced review. The customer has a Low AML Risk classification.",Wrong Risk Score,1,1
B0012843,Q0177651,A0177651,C035530,Can customer C035530 be onboarded?,Customer C035530 requires Enhanced Due Diligence because the customer is classified as a Politically Exposed Person (PEP) or presents elevated AML risk.,Customer C035530 requires Enhanced Due Diligence because the customer is classified as a Politically Exposed Person (PEP) or presents elevated AML risk.,NONE,0,0
B0012916,Q0269053,A0269053,C053810,Should Enhanced Due Diligence be applied to customer C053810?,"Customer C053810 can be approved for onboarding. The customer satisfies KYC requirements, has sufficient verified documentation, and does not require enhanced review.",Customer C053810 must be rejected due to AML concerns.,Contradiction,1,1
B0012965,Q0093157,A0093157,C018631,What is the AML risk associated with customer C018631?,"Customer C018631 can be approved for onboarding. The customer satisfies KYC requirements, has sufficient verified documentation, and does not require enhanced review.",Customer C018631 requires additional review.,Missing Evidence,1,1
B0013003,Q0476711,A0476711,C095342,Can customer C095342 be onboarded?,"Customer C095342 can be approved for onboarding. The customer satisfies KYC requirements, has sufficient verified documentation, and does not require enhanced review.",Customer C095342 must be rejected due to AML concerns.,Contradiction,1,1
B0013450,Q0358024,A0358024,C071604,Can the account for customer C071604 be approved?,"Customer C071604 can be approved for onboarding. The customer satisfies KYC requirements, has sufficient verified documentation, and does not require enhanced review.",Customer C071604 requires additional review.,Missing Evidence,1,1
B0013517,Q0398012,A0398012,C079602,What is the AML risk associated with customer C079602?,Customer C079602 must be rejected because the customer appears on a sanctions list and violates AML onboarding requirements.,Customer C079602 must be rejected because the customer appears on a sanctions list and violates AML onboarding requirements.,NONE,0,0
B0013579,Q0301739,A0301739,C060347,Can the account for customer C060347 be approved?,Customer C060347 must be rejected because the customer appears on a sanctions list and violates AML onboarding requirements.,Customer C060347 must be rejected because the customer appears on a sanctions list and violates AML onboarding requirements.,NONE,0,0
B0013675,Q0163206,A0163206,C032641,Can customer C032641 be onboarded?,"Customer C032641 can be approved for onboarding. The customer satisfies KYC requirements, has sufficient verified documentation, and does not require enhanced review.","Customer C032641 can be approved for onboarding. The customer satisfies KYC requirements, has sufficient verified documentation, and does not require enhanced review. As per AML Regulation Section 99.7, onboarding must be delayed for 90 days.",Fabricated Regulation,1,1
B0013853,Q0159968,A0159968,C031993,Should Enhanced Due Diligence be applied to customer C031993?,"Customer C031993 can be approved for onboarding. The customer satisfies KYC requirements, has sufficient verified documentation, and does not require enhanced review.","Customer C031993 can be approved for onboarding. The customer satisfies KYC requirements, has sufficient verified documentation, and does not require enhanced review. The customer was previously investigated for international money laundering activities.",Unsupported Claim,1,1
B0014126,Q0164060,A0164060,C032811,What verification steps are required for customer C032811?,"Customer C032811 can be approved for onboarding. The customer satisfies KYC requirements, has sufficient verified documentation, and does not require enhanced review.",Customer C032811 requires additional review.,Missing Evidence,1,1
B0014158,Q0158687,A0158687,C031737,What is the AML risk associated with customer C031737?,"Customer C031737 can be approved for onboarding. The customer satisfies KYC requirements, has sufficient verified documentation, and does not require enhanced review.","Customer C031737 can be approved for onboarding. The customer satisfies KYC requirements, has sufficient verified documentation, and does not require enhanced review.",NONE,0,0
B0014207,Q0475581,A0475581,C095116,Can customer C095116 be onboarded?,"Customer C095116 can be approved for onboarding. The customer satisfies KYC requirements, has sufficient verified documentation, and does not require enhanced review.","Customer C095116 can be approved for onboarding. The customer satisfies KYC requirements, has sufficient verified documentation, and does not require enhanced review.",NONE,0,0
B0014211,Q0022740,A0022740,C004547,What verification steps are required for customer C004547?,Customer C004547 requires Enhanced Due Diligence because the customer is classified as a Politically Exposed Person (PEP) or presents elevated AML risk.,Customer C004547 requires Enhanced Due Diligence because the customer is classified as a Politically Exposed Person (PEP) or presents elevated AML risk.,NONE,0,0
B0014348,Q0234399,A0234399,C046879,Can the account for customer C046879 be approved?,"Customer C046879 can be approved for onboarding. The customer satisfies KYC requirements, has sufficient verified documentation, and does not require enhanced review.","Customer C046879 can be approved for onboarding. The customer satisfies KYC requirements, has sufficient verified documentation, and does not require enhanced review.",NONE,0,0
B0014497,Q0312326,A0312326,C062465,Can customer C062465 be onboarded?,"Customer C062465 can be approved for onboarding. The customer satisfies KYC requirements, has sufficient verified documentation, and does not require enhanced review.",Customer C062465 requires additional review.,Missing Evidence,1,1
B0014758,Q0434352,A0434352,C086870,What is the AML risk associated with customer C086870?,"Customer C086870 can be approved for onboarding. The customer satisfies KYC requirements, has sufficient verified documentation, and does not require enhanced review.","Customer C086870 can be approved for onboarding. The customer satisfies KYC requirements, has sufficient verified documentation, and does not require enhanced review. The customer was previously investigated for international money laundering activities.",Unsupported Claim,1,1
B0014822,Q0113968,A0113968,C022793,Should Enhanced Due Diligence be applied to customer C022793?,"Customer C022793 can be approved for onboarding. The customer satisfies KYC requirements, has sufficient verified documentation, and does not require enhanced review.","Customer C022793 can be approved for onboarding. The customer satisfies KYC requirements, has sufficient verified documentation, and does not require enhanced review. The customer has a Low AML Risk classification.",Wrong Risk Score,1,1
B0014845,Q0243885,A0243885,C048776,What verification steps are required for customer C048776?,Customer C048776 requires Enhanced Due Diligence because the customer is classified as a Politically Exposed Person (PEP) or presents elevated AML risk.,Customer C048776 requires additional review.,Missing Evidence,1,1
B0014926,Q0175562,A0175562,C035112,What is the AML risk associated with customer C035112?,"Customer C035112 can be approved for onboarding. The customer satisfies KYC requirements, has sufficient verified documentation, and does not require enhanced review.",Customer C035112 must be rejected due to AML concerns.,Contradiction,1,1
B0015134,Q0480684,A0480684,C096136,Can the account for customer C096136 be approved?,Customer C096136 requires Enhanced Due Diligence because the customer is classified as a Politically Exposed Person (PEP) or presents elevated AML risk.,Customer C096136 requires Enhanced Due Diligence because the customer is classified as a Politically Exposed Person (PEP) or presents elevated AML risk. The customer was previously investigated for international money laundering activities.,Unsupported Claim,1,1
B0015447,Q0428731,A0428731,C085746,Can customer C085746 be onboarded?,"Customer C085746 can be approved for onboarding. The customer satisfies KYC requirements, has sufficient verified documentation, and does not require enhanced review.","Customer C085746 can be approved for onboarding. The customer satisfies KYC requirements, has sufficient verified documentation, and does not require enhanced review. The customer has a Low AML Risk classification.",Wrong Risk Score,1,1
B0015463,Q0159597,A0159597,C031919,What is the AML risk associated with customer C031919?,"Customer C031919 can be approved for onboarding. The customer satisfies KYC requirements, has sufficient verified documentation, and does not require enhanced review.",Customer C031919 must be rejected due to AML concerns.,Contradiction,1,1
B0015513,Q0346811,A0346811,C069362,Can customer C069362 be onboarded?,Customer C069362 requires Enhanced Due Diligence because the customer is classified as a Politically Exposed Person (PEP) or presents elevated AML risk.,Customer C069362 requires Enhanced Due Diligence because the customer is classified as a Politically Exposed Person (PEP) or presents elevated AML risk.,NONE,0,0
B0015550,Q0498344,A0498344,C099668,Can the account for customer C099668 be approved?,Customer C099668 should be escalated for manual review due to elevated risk indicators requiring additional investigation.,Customer C099668 should be escalated for manual review due to elevated risk indicators requiring additional investigation. The customer was previously investigated for international money laundering activities.,Unsupported Claim,1,1
B0015643,Q0201472,A0201472,C040294,What is the AML risk associated with customer C040294?,Customer C040294 must be rejected because the customer appears on a sanctions list and violates AML onboarding requirements.,Customer C040294 must be rejected because the customer appears on a sanctions list and violates AML onboarding requirements.,NONE,0,0
B0015650,Q0102162,A0102162,C020432,What is the AML risk associated with customer C020432?,"Customer C020432 can be approved for onboarding. The customer satisfies KYC requirements, has sufficient verified documentation, and does not require enhanced review.","Customer C020432 can be approved for onboarding. The customer satisfies KYC requirements, has sufficient verified documentation, and does not require enhanced review. The customer has a Low AML Risk classification.",Wrong Risk Score,1,1
B0015701,Q0372031,A0372031,C074406,Can customer C074406 be onboarded?,Customer C074406 requires Enhanced Due Diligence because the customer is classified as a Politically Exposed Person (PEP) or presents elevated AML risk.,"Customer C074406 requires Enhanced Due Diligence because the customer is classified as a Politically Exposed Person (PEP) or presents elevated AML risk. As per AML Regulation Section 99.7, onboarding must be delayed for 90 days.",Fabricated Regulation,1,1
B0015818,Q0417655,A0417655,C083530,What verification steps are required for customer C083530?,Customer C083530 should be escalated for manual review due to elevated risk indicators requiring additional investigation.,Customer C083530 should be escalated for manual review due to elevated risk indicators requiring additional investigation. The customer has a Low AML Risk classification.,Wrong Risk Score,1,1
B0016058,Q0351073,A0351073,C070214,Should Enhanced Due Diligence be applied to customer C070214?,"Customer C070214 can be approved for onboarding. The customer satisfies KYC requirements, has sufficient verified documentation, and does not require enhanced review.","Customer C070214 can be approved for onboarding. The customer satisfies KYC requirements, has sufficient verified documentation, and does not require enhanced review.",NONE,0,0
B0016092,Q0365699,A0365699,C073139,Can the account for customer C073139 be approved?,Customer C073139 must be rejected because the customer appears on a sanctions list and violates AML onboarding requirements.,"Customer C073139 must be rejected because the customer appears on a sanctions list and violates AML onboarding requirements. As per AML Regulation Section 99.7, onboarding must be delayed for 90 days.",Fabricated Regulation,1,1
B0016693,Q0481789,A0481789,C096357,Can the account for customer C096357 be approved?,Customer C096357 requires Enhanced Due Diligence because the customer is classified as a Politically Exposed Person (PEP) or presents elevated AML risk.,Customer C096357 requires Enhanced Due Diligence because the customer is classified as a Politically Exposed Person (PEP) or presents elevated AML risk. The customer has a Low AML Risk classification.,Wrong Risk Score,1,1
B0016818,Q0098786,A0098786,C019757,Can customer C019757 be onboarded?,"Customer C019757 can be approved for onboarding. The customer satisfies KYC requirements, has sufficient verified documentation, and does not require enhanced review.",Customer C019757 must be rejected due to AML concerns.,Contradiction,1,1
B0017009,Q0138453,A0138453,C027690,Should Enhanced Due Diligence be applied to customer C027690?,"Customer C027690 can be approved for onboarding. The customer satisfies KYC requirements, has sufficient verified documentation, and does not require enhanced review.","Customer C027690 can be approved for onboarding. The customer satisfies KYC requirements, has sufficient verified documentation, and does not require enhanced review. As per AML Regulation Section 99.7, onboarding must be delayed for 90 days.",Fabricated Regulation,1,1
B0017096,Q0430676,A0430676,C086135,Can customer C086135 be onboarded?,Customer C086135 should be escalated for manual review due to elevated risk indicators requiring additional investigation.,Customer C086135 should be escalated for manual review due to elevated risk indicators requiring additional investigation. The customer has a Low AML Risk classification.,Wrong Risk Score,1,1
B0017212,Q0093665,A0093665,C018732,What verification steps are required for customer C018732?,Customer C018732 requires Enhanced Due Diligence because the customer is classified as a Politically Exposed Person (PEP) or presents elevated AML risk.,Customer C018732 requires additional review.,Missing Evidence,1,1
B0017243,Q0284551,A0284551,C056910,Can customer C056910 be onboarded?,Customer C056910 requires Enhanced Due Diligence because the customer is classified as a Politically Exposed Person (PEP) or presents elevated AML risk.,Customer C056910 requires Enhanced Due Diligence because the customer is classified as a Politically Exposed Person (PEP) or presents elevated AML risk.,NONE,0,0
B0017265,Q0113935,A0113935,C022786,What verification steps are required for customer C022786?,Customer C022786 should be escalated for manual review due to elevated risk indicators requiring additional investigation.,Customer C022786 should be escalated for manual review due to elevated risk indicators requiring additional investigation. The customer was previously investigated for international money laundering activities.,Unsupported Claim,1,1
B0017556,Q0308550,A0308550,C061709,What verification steps are required for customer C061709?,Customer C061709 requires Enhanced Due Diligence because the customer is classified as a Politically Exposed Person (PEP) or presents elevated AML risk.,Customer C061709 requires Enhanced Due Diligence because the customer is classified as a Politically Exposed Person (PEP) or presents elevated AML risk. The customer has a Low AML Risk classification.,Wrong Risk Score,1,1
B0017601,Q0366012,A0366012,C073202,What is the AML risk associated with customer C073202?,"Customer C073202 can be approved for onboarding. The customer satisfies KYC requirements, has sufficient verified documentation, and does not require enhanced review.","Customer C073202 can be approved for onboarding. The customer satisfies KYC requirements, has sufficient verified documentation, and does not require enhanced review. The customer has a Low AML Risk classification.",Wrong Risk Score,1,1
B0017650,Q0349918,A0349918,C069983,Should Enhanced Due Diligence be applied to customer C069983?,"Customer C069983 can be approved for onboarding. The customer satisfies KYC requirements, has sufficient verified documentation, and does not require enhanced review.","Customer C069983 can be approved for onboarding. The customer satisfies KYC requirements, has sufficient verified documentation, and does not require enhanced review. The customer was previously investigated for international money laundering activities.",Unsupported Claim,1,1
B0017725,Q0318924,A0318924,C063784,Can the account for customer C063784 be approved?,"Customer C063784 can be approved for onboarding. The customer satisfies KYC requirements, has sufficient verified documentation, and does not require enhanced review.","Customer C063784 can be approved for onboarding. The customer satisfies KYC requirements, has sufficient verified documentation, and does not require enhanced review.",NONE,0,0
B0017762,Q0052411,A0052411,C010482,Can customer C010482 be onboarded?,"Customer C010482 can be approved for onboarding. The customer satisfies KYC requirements, has sufficient verified documentation, and does not require enhanced review.","Customer C010482 can be approved for onboarding. The customer satisfies KYC requirements, has sufficient verified documentation, and does not require enhanced review. The customer was previously investigated for international money laundering activities.",Unsupported Claim,1,1
B0018236,Q0294314,A0294314,C058862,Can the account for customer C058862 be approved?,Customer C058862 must be rejected because the customer appears on a sanctions list and violates AML onboarding requirements.,Customer C058862 must be rejected because the customer appears on a sanctions list and violates AML onboarding requirements.,NONE,0,0
B0018539,Q0232882,A0232882,C046576,What is the AML risk associated with customer C046576?,Customer C046576 must be rejected because the customer appears on a sanctions list and violates AML onboarding requirements.,Customer C046576 must be rejected because the customer appears on a sanctions list and violates AML onboarding requirements.,NONE,0,0
B0018756,Q0339220,A0339220,C067843,What verification steps are required for customer C067843?,"Customer C067843 can be approved for onboarding. The customer satisfies KYC requirements, has sufficient verified documentation, and does not require enhanced review.","Customer C067843 can be approved for onboarding. The customer satisfies KYC requirements, has sufficient verified documentation, and does not require enhanced review. The customer has a Low AML Risk classification.",Wrong Risk Score,1,1
B0019019,Q0452752,A0452752,C090550,What is the AML risk associated with customer C090550?,"Customer C090550 can be approved for onboarding. The customer satisfies KYC requirements, has sufficient verified documentation, and does not require enhanced review.","Customer C090550 can be approved for onboarding. The customer satisfies KYC requirements, has sufficient verified documentation, and does not require enhanced review.",NONE,0,0
B0019021,Q0420301,A0420301,C084060,Can customer C084060 be onboarded?,"Customer C084060 can be approved for onboarding. The customer satisfies KYC requirements, has sufficient verified documentation, and does not require enhanced review.","Customer C084060 can be approved for onboarding. The customer satisfies KYC requirements, has sufficient verified documentation, and does not require enhanced review.",NONE,0,0
B0019102,Q0230852,A0230852,C046170,What is the AML risk associated with customer C046170?,"Customer C046170 can be approved for onboarding. The customer satisfies KYC requirements, has sufficient verified documentation, and does not require enhanced review.","Customer C046170 can be approved for onboarding. The customer satisfies KYC requirements, has sufficient verified documentation, and does not require enhanced review. The customer was previously investigated for international money laundering activities.",Unsupported Claim,1,1
B0019128,Q0357349,A0357349,C071469,Can the account for customer C071469 be approved?,Customer C071469 must be rejected because the customer appears on a sanctions list and violates AML onboarding requirements.,Customer C071469 requires additional review.,Missing Evidence,1,1
B0019129,Q0060227,A0060227,C012045,What is the AML risk associated with customer C012045?,Customer C012045 must be rejected because the customer appears on a sanctions list and violates AML onboarding requirements.,Customer C012045 requires additional review.,Missing Evidence,1,1
B0019151,Q0295282,A0295282,C059056,What is the AML risk associated with customer C059056?,"Customer C059056 can be approved for onboarding. The customer satisfies KYC requirements, has sufficient verified documentation, and does not require enhanced review.","Customer C059056 can be approved for onboarding. The customer satisfies KYC requirements, has sufficient verified documentation, and does not require enhanced review.",NONE,0,0
B0019227,Q0119968,A0119968,C023993,Should Enhanced Due Diligence be applied to customer C023993?,Customer C023993 should be escalated for manual review due to elevated risk indicators requiring additional investigation.,Customer C023993 should be escalated for manual review due to elevated risk indicators requiring additional investigation.,NONE,0,0
B0019277,Q0013393,A0013393,C002678,Should Enhanced Due Diligence be applied to customer C002678?,"Customer C002678 can be approved for onboarding. The customer satisfies KYC requirements, has sufficient verified documentation, and does not require enhanced review.","Customer C002678 can be approved for onboarding. The customer satisfies KYC requirements, has sufficient verified documentation, and does not require enhanced review. The customer was previously investigated for international money laundering activities.",Unsupported Claim,1,1
B0019289,Q0131464,A0131464,C026292,Can the account for customer C026292 be approved?,Customer C026292 must be rejected because the customer appears on a sanctions list and violates AML onboarding requirements.,Customer C026292 requires additional review.,Missing Evidence,1,1
B0019575,Q0300831,A0300831,C060166,Can customer C060166 be onboarded?,Customer C060166 must be rejected because the customer appears on a sanctions list and violates AML onboarding requirements.,"Customer C060166 must be rejected because the customer appears on a sanctions list and violates AML onboarding requirements. As per AML Regulation Section 99.7, onboarding must be delayed for 90 days.",Fabricated Regulation,1,1
B0019767,Q0265441,A0265441,C053088,Can customer C053088 be onboarded?,"Customer C053088 can be approved for onboarding. The customer satisfies KYC requirements, has sufficient verified documentation, and does not require enhanced review.","Customer C053088 can be approved for onboarding. The customer satisfies KYC requirements, has sufficient verified documentation, and does not require enhanced review.",NONE,0,0
B0020030,Q0342118,A0342118,C068423,Should Enhanced Due Diligence be applied to customer C068423?,Customer C068423 must be rejected because the customer appears on a sanctions list and violates AML onboarding requirements.,Customer C068423 must be rejected because the customer appears on a sanctions list and violates AML onboarding requirements. The customer was previously investigated for international money laundering activities.,Unsupported Claim,1,1
B0020039,Q0445629,A0445629,C089125,Can the account for customer C089125 be approved?,Customer C089125 requires Enhanced Due Diligence because the customer is classified as a Politically Exposed Person (PEP) or presents elevated AML risk.,Customer C089125 requires Enhanced Due Diligence because the customer is classified as a Politically Exposed Person (PEP) or presents elevated AML risk.,NONE,0,0
B0020134,Q0197704,A0197704,C039540,Can the account for customer C039540 be approved?,"Customer C039540 can be approved for onboarding. The customer satisfies KYC requirements, has sufficient verified documentation, and does not require enhanced review.","Customer C039540 can be approved for onboarding. The customer satisfies KYC requirements, has sufficient verified documentation, and does not require enhanced review.",NONE,0,0
B0020419,Q0045148,A0045148,C009029,Should Enhanced Due Diligence be applied to customer C009029?,"Customer C009029 can be approved for onboarding. The customer satisfies KYC requirements, has sufficient verified documentation, and does not require enhanced review.","Customer C009029 can be approved for onboarding. The customer satisfies KYC requirements, has sufficient verified documentation, and does not require enhanced review. The customer has a Low AML Risk classification.",Wrong Risk Score,1,1
B0020497,Q0220853,A0220853,C044170,Should Enhanced Due Diligence be applied to customer C044170?,Customer C044170 must be rejected because the customer appears on a sanctions list and violates AML onboarding requirements.,Customer C044170 must be rejected because the customer appears on a sanctions list and violates AML onboarding requirements. The customer was previously investigated for international money laundering activities.,Unsupported Claim,1,1
B0020595,Q0043044,A0043044,C008608,Can the account for customer C008608 be approved?,"Customer C008608 can be approved for onboarding. The customer satisfies KYC requirements, has sufficient verified documentation, and does not require enhanced review.",Customer C008608 requires additional review.,Missing Evidence,1,1
B0020641,Q0459490,A0459490,C091897,What verification steps are required for customer C091897?,"Customer C091897 can be approved for onboarding. The customer satisfies KYC requirements, has sufficient verified documentation, and does not require enhanced review.","Customer C091897 can be approved for onboarding. The customer satisfies KYC requirements, has sufficient verified documentation, and does not require enhanced review. As per AML Regulation Section 99.7, onboarding must be delayed for 90 days.",Fabricated Regulation,1,1
B0020675,Q0383035,A0383035,C076606,What verification steps are required for customer C076606?,"Customer C076606 can be approved for onboarding. The customer satisfies KYC requirements, has sufficient verified documentation, and does not require enhanced review.","Customer C076606 can be approved for onboarding. The customer satisfies KYC requirements, has sufficient verified documentation, and does not require enhanced review. The customer has a Low AML Risk classification.",Wrong Risk Score,1,1
B0020907,Q0364761,A0364761,C072952,Can customer C072952 be onboarded?,Customer C072952 must be rejected because the customer appears on a sanctions list and violates AML onboarding requirements.,Customer C072952 can be approved without restrictions.,Contradiction,1,1
B0021418,Q0379785,A0379785,C075956,What verification steps are required for customer C075956?,"Customer C075956 can be approved for onboarding. The customer satisfies KYC requirements, has sufficient verified documentation, and does not require enhanced review.","Customer C075956 can be approved for onboarding. The customer satisfies KYC requirements, has sufficient verified documentation, and does not require enhanced review. As per AML Regulation Section 99.7, onboarding must be delayed for 90 days.",Fabricated Regulation,1,1
B0021487,Q0421513,A0421513,C084302,Should Enhanced Due Diligence be applied to customer C084302?,"Customer C084302 can be approved for onboarding. The customer satisfies KYC requirements, has sufficient verified documentation, and does not require enhanced review.","Customer C084302 can be approved for onboarding. The customer satisfies KYC requirements, has sufficient verified documentation, and does not require enhanced review.",NONE,0,0
B0021932,Q0135726,A0135726,C027145,Can customer C027145 be onboarded?,"Customer C027145 can be approved for onboarding. The customer satisfies KYC requirements, has sufficient verified documentation, and does not require enhanced review.","Customer C027145 can be approved for onboarding. The customer satisfies KYC requirements, has sufficient verified documentation, and does not require enhanced review.",NONE,0,0
B0022245,Q0185661,A0185661,C037132,Can customer C037132 be onboarded?,Customer C037132 requires Enhanced Due Diligence because the customer is classified as a Politically Exposed Person (PEP) or presents elevated AML risk.,Customer C037132 requires Enhanced Due Diligence because the customer is classified as a Politically Exposed Person (PEP) or presents elevated AML risk.,NONE,0,0
B0022274,Q0351312,A0351312,C070262,What is the AML risk associated with customer C070262?,"Customer C070262 can be approved for onboarding. The customer satisfies KYC requirements, has sufficient verified documentation, and does not require enhanced review.",Customer C070262 requires additional review.,Missing Evidence,1,1
B0022288,Q0143716,A0143716,C028743,Can customer C028743 be onboarded?,"Customer C028743 can be approved for onboarding. The customer satisfies KYC requirements, has sufficient verified documentation, and does not require enhanced review.","Customer C028743 can be approved for onboarding. The customer satisfies KYC requirements, has sufficient verified documentation, and does not require enhanced review.",NONE,0,0
B0022414,Q0356997,A0356997,C071399,What is the AML risk associated with customer C071399?,"Customer C071399 can be approved for onboarding. The customer satisfies KYC requirements, has sufficient verified documentation, and does not require enhanced review.","Customer C071399 can be approved for onboarding. The customer satisfies KYC requirements, has sufficient verified documentation, and does not require enhanced review.",NONE,0,0
B0022601,Q0114439,A0114439,C022887,Can the account for customer C022887 be approved?,Customer C022887 requires Enhanced Due Diligence because the customer is classified as a Politically Exposed Person (PEP) or presents elevated AML risk.,Customer C022887 requires additional review.,Missing Evidence,1,1
B0022699,Q0487412,A0487412,C097482,What is the AML risk associated with customer C097482?,"Customer C097482 can be approved for onboarding. The customer satisfies KYC requirements, has sufficient verified documentation, and does not require enhanced review.",Customer C097482 requires additional review.,Missing Evidence,1,1
B0022826,Q0461841,A0461841,C092368,Can customer C092368 be onboarded?,Customer C092368 must be rejected because the customer appears on a sanctions list and violates AML onboarding requirements.,Customer C092368 must be rejected because the customer appears on a sanctions list and violates AML onboarding requirements.,NONE,0,0
B0022923,Q0378764,A0378764,C075752,Can the account for customer C075752 be approved?,"Customer C075752 can be approved for onboarding. The customer satisfies KYC requirements, has sufficient verified documentation, and does not require enhanced review.","Customer C075752 can be approved for onboarding. The customer satisfies KYC requirements, has sufficient verified documentation, and does not require enhanced review.",NONE,0,0
B0022975,Q0092637,A0092637,C018527,What is the AML risk associated with customer C018527?,"Customer C018527 can be approved for onboarding. The customer satisfies KYC requirements, has sufficient verified documentation, and does not require enhanced review.",Customer C018527 must be rejected due to AML concerns.,Contradiction,1,1
B0023023,Q0225022,A0225022,C045004,What is the AML risk associated with customer C045004?,"Customer C045004 can be approved for onboarding. The customer satisfies KYC requirements, has sufficient verified documentation, and does not require enhanced review.",Customer C045004 requires additional review.,Missing Evidence,1,1
B0023243,Q0223609,A0223609,C044721,Can the account for customer C044721 be approved?,"Customer C044721 can be approved for onboarding. The customer satisfies KYC requirements, has sufficient verified documentation, and does not require enhanced review.",Customer C044721 requires additional review.,Missing Evidence,1,1
B0023332,Q0120810,A0120810,C024161,What verification steps are required for customer C024161?,"Customer C024161 can be approved for onboarding. The customer satisfies KYC requirements, has sufficient verified documentation, and does not require enhanced review.","Customer C024161 can be approved for onboarding. The customer satisfies KYC requirements, has sufficient verified documentation, and does not require enhanced review. The customer was previously investigated for international money laundering activities.",Unsupported Claim,1,1
B0023574,Q0452752,A0452752,C090550,What is the AML risk associated with customer C090550?,"Customer C090550 can be approved for onboarding. The customer satisfies KYC requirements, has sufficient verified documentation, and does not require enhanced review.","Customer C090550 can be approved for onboarding. The customer satisfies KYC requirements, has sufficient verified documentation, and does not require enhanced review. The customer was previously investigated for international money laundering activities.",Unsupported Claim,1,1
B0023608,Q0269408,A0269408,C053881,Should Enhanced Due Diligence be applied to customer C053881?,Customer C053881 must be rejected because the customer appears on a sanctions list and violates AML onboarding requirements.,Customer C053881 must be rejected because the customer appears on a sanctions list and violates AML onboarding requirements. The customer has a Low AML Risk classification.,Wrong Risk Score,1,1
B0024034,Q0343075,A0343075,C068614,What verification steps are required for customer C068614?,Customer C068614 requires Enhanced Due Diligence because the customer is classified as a Politically Exposed Person (PEP) or presents elevated AML risk.,Customer C068614 requires additional review.,Missing Evidence,1,1
B0024215,Q0149772,A0149772,C029954,What is the AML risk associated with customer C029954?,Customer C029954 should be escalated for manual review due to elevated risk indicators requiring additional investigation.,Customer C029954 requires additional review.,Missing Evidence,1,1
B0024241,Q0453769,A0453769,C090753,Can the account for customer C090753 be approved?,"Customer C090753 can be approved for onboarding. The customer satisfies KYC requirements, has sufficient verified documentation, and does not require enhanced review.",Customer C090753 must be rejected due to AML concerns.,Contradiction,1,1
B0024282,Q0005431,A0005431,C001086,Can customer C001086 be onboarded?,"Customer C001086 can be approved for onboarding. The customer satisfies KYC requirements, has sufficient verified documentation, and does not require enhanced review.","Customer C001086 can be approved for onboarding. The customer satisfies KYC requirements, has sufficient verified documentation, and does not require enhanced review. The customer has a Low AML Risk classification.",Wrong Risk Score,1,1
B0024304,Q0439654,A0439654,C087930,Can the account for customer C087930 be approved?,"Customer C087930 can be approved for onboarding. The customer satisfies KYC requirements, has sufficient verified documentation, and does not require enhanced review.","Customer C087930 can be approved for onboarding. The customer satisfies KYC requirements, has sufficient verified documentation, and does not require enhanced review.",NONE,0,0
B0024464,Q0199667,A0199667,C039933,What is the AML risk associated with customer C039933?,Customer C039933 should be escalated for manual review due to elevated risk indicators requiring additional investigation.,Customer C039933 should be escalated for manual review due to elevated risk indicators requiring additional investigation.,NONE,0,0
B0024843,Q0233123,A0233123,C046624,Should Enhanced Due Diligence be applied to customer C046624?,Customer C046624 requires Enhanced Due Diligence because the customer is classified as a Politically Exposed Person (PEP) or presents elevated AML risk.,Customer C046624 requires Enhanced Due Diligence because the customer is classified as a Politically Exposed Person (PEP) or presents elevated AML risk. The customer has a Low AML Risk classification.,Wrong Risk Score,1,1
B0024992,Q0176973,A0176973,C035394,Should Enhanced Due Diligence be applied to customer C035394?,"Customer C035394 can be approved for onboarding. The customer satisfies KYC requirements, has sufficient verified documentation, and does not require enhanced review.","Customer C035394 can be approved for onboarding. The customer satisfies KYC requirements, has sufficient verified documentation, and does not require enhanced review.",NONE,0,0
B0025021,Q0326523,A0326523,C065304,Should Enhanced Due Diligence be applied to customer C065304?,"Customer C065304 can be approved for onboarding. The customer satisfies KYC requirements, has sufficient verified documentation, and does not require enhanced review.","Customer C065304 can be approved for onboarding. The customer satisfies KYC requirements, has sufficient verified documentation, and does not require enhanced review. The customer has a Low AML Risk classification.",Wrong Risk Score,1,1
B0025088,Q0188648,A0188648,C037729,Should Enhanced Due Diligence be applied to customer C037729?,"Customer C037729 can be approved for onboarding. The customer satisfies KYC requirements, has sufficient verified documentation, and does not require enhanced review.","Customer C037729 can be approved for onboarding. The customer satisfies KYC requirements, has sufficient verified documentation, and does not require enhanced review.",NONE,0,0
B0025321,Q0293766,A0293766,C058753,Can customer C058753 be onboarded?,"Customer C058753 can be approved for onboarding. The customer satisfies KYC requirements, has sufficient verified documentation, and does not require enhanced review.","Customer C058753 can be approved for onboarding. The customer satisfies KYC requirements, has sufficient verified documentation, and does not require enhanced review. The customer has a Low AML Risk classification.",Wrong Risk Score,1,1
B0025472,Q0102626,A0102626,C020525,Can customer C020525 be onboarded?,"Customer C020525 can be approved for onboarding. The customer satisfies KYC requirements, has sufficient verified documentation, and does not require enhanced review.","Customer C020525 can be approved for onboarding. The customer satisfies KYC requirements, has sufficient verified documentation, and does not require enhanced review.",NONE,0,0
B0025671,Q0248887,A0248887,C049777,What is the AML risk associated with customer C049777?,"Customer C049777 can be approved for onboarding. The customer satisfies KYC requirements, has sufficient verified documentation, and does not require enhanced review.","Customer C049777 can be approved for onboarding. The customer satisfies KYC requirements, has sufficient verified documentation, and does not require enhanced review.",NONE,0,0
B0025680,Q0014462,A0014462,C002892,What is the AML risk associated with customer C002892?,"Customer C002892 can be approved for onboarding. The customer satisfies KYC requirements, has sufficient verified documentation, and does not require enhanced review.","Customer C002892 can be approved for onboarding. The customer satisfies KYC requirements, has sufficient verified documentation, and does not require enhanced review. As per AML Regulation Section 99.7, onboarding must be delayed for 90 days.",Fabricated Regulation,1,1
B0025700,Q0080690,A0080690,C016137,What verification steps are required for customer C016137?,"Customer C016137 can be approved for onboarding. The customer satisfies KYC requirements, has sufficient verified documentation, and does not require enhanced review.","Customer C016137 can be approved for onboarding. The customer satisfies KYC requirements, has sufficient verified documentation, and does not require enhanced review.",NONE,0,0
B0025790,Q0127162,A0127162,C025432,What is the AML risk associated with customer C025432?,"Customer C025432 can be approved for onboarding. The customer satisfies KYC requirements, has sufficient verified documentation, and does not require enhanced review.",Customer C025432 must be rejected due to AML concerns.,Contradiction,1,1
B0026118,Q0237318,A0237318,C047463,Should Enhanced Due Diligence be applied to customer C047463?,"Customer C047463 can be approved for onboarding. The customer satisfies KYC requirements, has sufficient verified documentation, and does not require enhanced review.","Customer C047463 can be approved for onboarding. The customer satisfies KYC requirements, has sufficient verified documentation, and does not require enhanced review. As per AML Regulation Section 99.7, onboarding must be delayed for 90 days.",Fabricated Regulation,1,1
B0026192,Q0405556,A0405556,C081111,Can customer C081111 be onboarded?,"Customer C081111 can be approved for onboarding. The customer satisfies KYC requirements, has sufficient verified documentation, and does not require enhanced review.","Customer C081111 can be approved for onboarding. The customer satisfies KYC requirements, has sufficient verified documentation, and does not require enhanced review. The customer was previously investigated for international money laundering activities.",Unsupported Claim,1,1
B0026319,Q0464661,A0464661,C092932,Can customer C092932 be onboarded?,"Customer C092932 can be approved for onboarding. The customer satisfies KYC requirements, has sufficient verified documentation, and does not require enhanced review.","Customer C092932 can be approved for onboarding. The customer satisfies KYC requirements, has sufficient verified documentation, and does not require enhanced review.",NONE,0,0
B0026322,Q0055863,A0055863,C011172,Should Enhanced Due Diligence be applied to customer C011172?,Customer C011172 has insufficient verified documentation. Additional documents are required before onboarding can proceed.,Customer C011172 has insufficient verified documentation. Additional documents are required before onboarding can proceed.,NONE,0,0
B0026329,Q0149275,A0149275,C029854,What verification steps are required for customer C029854?,"Customer C029854 can be approved for onboarding. The customer satisfies KYC requirements, has sufficient verified documentation, and does not require enhanced review.","Customer C029854 can be approved for onboarding. The customer satisfies KYC requirements, has sufficient verified documentation, and does not require enhanced review. The customer has a Low AML Risk classification.",Wrong Risk Score,1,1
B0026333,Q0113320,A0113320,C022663,What verification steps are required for customer C022663?,"Customer C022663 can be approved for onboarding. The customer satisfies KYC requirements, has sufficient verified documentation, and does not require enhanced review.","Customer C022663 can be approved for onboarding. The customer satisfies KYC requirements, has sufficient verified documentation, and does not require enhanced review. The customer was previously investigated for international money laundering activities.",Unsupported Claim,1,1
B0026414,Q0353689,A0353689,C070737,Can the account for customer C070737 be approved?,"Customer C070737 can be approved for onboarding. The customer satisfies KYC requirements, has sufficient verified documentation, and does not require enhanced review.","Customer C070737 can be approved for onboarding. The customer satisfies KYC requirements, has sufficient verified documentation, and does not require enhanced review. The customer has a Low AML Risk classification.",Wrong Risk Score,1,1
B0026547,Q0264826,A0264826,C052965,Can customer C052965 be onboarded?,"Customer C052965 can be approved for onboarding. The customer satisfies KYC requirements, has sufficient verified documentation, and does not require enhanced review.","Customer C052965 can be approved for onboarding. The customer satisfies KYC requirements, has sufficient verified documentation, and does not require enhanced review. The customer has a Low AML Risk classification.",Wrong Risk Score,1,1
B0026825,Q0165413,A0165413,C033082,Should Enhanced Due Diligence be applied to customer C033082?,"Customer C033082 can be approved for onboarding. The customer satisfies KYC requirements, has sufficient verified documentation, and does not require enhanced review.","Customer C033082 can be approved for onboarding. The customer satisfies KYC requirements, has sufficient verified documentation, and does not require enhanced review.",NONE,0,0
B0026951,Q0415960,A0415960,C083191,What verification steps are required for customer C083191?,"Customer C083191 can be approved for onboarding. The customer satisfies KYC requirements, has sufficient verified documentation, and does not require enhanced review.","Customer C083191 can be approved for onboarding. The customer satisfies KYC requirements, has sufficient verified documentation, and does not require enhanced review.",NONE,0,0
B0027151,Q0338992,A0338992,C067798,What is the AML risk associated with customer C067798?,"Customer C067798 can be approved for onboarding. The customer satisfies KYC requirements, has sufficient verified documentation, and does not require enhanced review.","Customer C067798 can be approved for onboarding. The customer satisfies KYC requirements, has sufficient verified documentation, and does not require enhanced review.",NONE,0,0
B0027408,Q0091696,A0091696,C018339,Can customer C018339 be onboarded?,Customer C018339 requires Enhanced Due Diligence because the customer is classified as a Politically Exposed Person (PEP) or presents elevated AML risk.,Customer C018339 requires Enhanced Due Diligence because the customer is classified as a Politically Exposed Person (PEP) or presents elevated AML risk. The customer has a Low AML Risk classification.,Wrong Risk Score,1,1
B0027433,Q0038841,A0038841,C007768,Can customer C007768 be onboarded?,"Customer C007768 can be approved for onboarding. The customer satisfies KYC requirements, has sufficient verified documentation, and does not require enhanced review.","Customer C007768 can be approved for onboarding. The customer satisfies KYC requirements, has sufficient verified documentation, and does not require enhanced review. As per AML Regulation Section 99.7, onboarding must be delayed for 90 days.",Fabricated Regulation,1,1
B0027812,Q0214914,A0214914,C042982,Can the account for customer C042982 be approved?,Customer C042982 requires Enhanced Due Diligence because the customer is classified as a Politically Exposed Person (PEP) or presents elevated AML risk.,Customer C042982 requires Enhanced Due Diligence because the customer is classified as a Politically Exposed Person (PEP) or presents elevated AML risk.,NONE,0,0
B0027827,Q0071648,A0071648,C014329,Should Enhanced Due Diligence be applied to customer C014329?,"Customer C014329 can be approved for onboarding. The customer satisfies KYC requirements, has sufficient verified documentation, and does not require enhanced review.","Customer C014329 can be approved for onboarding. The customer satisfies KYC requirements, has sufficient verified documentation, and does not require enhanced review.",NONE,0,0
B0028081,Q0128961,A0128961,C025792,Can customer C025792 be onboarded?,"Customer C025792 can be approved for onboarding. The customer satisfies KYC requirements, has sufficient verified documentation, and does not require enhanced review.","Customer C025792 can be approved for onboarding. The customer satisfies KYC requirements, has sufficient verified documentation, and does not require enhanced review.",NONE,0,0
B0028176,Q0449844,A0449844,C089968,Can the account for customer C089968 be approved?,"Customer C089968 can be approved for onboarding. The customer satisfies KYC requirements, has sufficient verified documentation, and does not require enhanced review.",Customer C089968 must be rejected due to AML concerns.,Contradiction,1,1
B0028222,Q0038373,A0038373,C007674,Should Enhanced Due Diligence be applied to customer C007674?,Customer C007674 must be rejected because the customer appears on a sanctions list and violates AML onboarding requirements.,Customer C007674 must be rejected because the customer appears on a sanctions list and violates AML onboarding requirements. The customer has a Low AML Risk classification.,Wrong Risk Score,1,1
B0028249,Q0401958,A0401958,C080391,Should Enhanced Due Diligence be applied to customer C080391?,Customer C080391 should be escalated for manual review due to elevated risk indicators requiring additional investigation.,Customer C080391 is approved immediately.,Contradiction,1,1
B0028369,Q0314853,A0314853,C062970,Should Enhanced Due Diligence be applied to customer C062970?,"Customer C062970 can be approved for onboarding. The customer satisfies KYC requirements, has sufficient verified documentation, and does not require enhanced review.",Customer C062970 must be rejected due to AML concerns.,Contradiction,1,1
B0028729,Q0408363,A0408363,C081672,Should Enhanced Due Diligence be applied to customer C081672?,"Customer C081672 can be approved for onboarding. The customer satisfies KYC requirements, has sufficient verified documentation, and does not require enhanced review.","Customer C081672 can be approved for onboarding. The customer satisfies KYC requirements, has sufficient verified documentation, and does not require enhanced review.",NONE,0,0
B0028739,Q0167140,A0167140,C033427,What verification steps are required for customer C033427?,"Customer C033427 can be approved for onboarding. The customer satisfies KYC requirements, has sufficient verified documentation, and does not require enhanced review.",Customer C033427 must be rejected due to AML concerns.,Contradiction,1,1
B0028896,Q0032543,A0032543,C006508,Should Enhanced Due Diligence be applied to customer C006508?,"Customer C006508 can be approved for onboarding. The customer satisfies KYC requirements, has sufficient verified documentation, and does not require enhanced review.","Customer C006508 can be approved for onboarding. The customer satisfies KYC requirements, has sufficient verified documentation, and does not require enhanced review. The customer was previously investigated for international money laundering activities.",Unsupported Claim,1,1
B0028963,Q0137365,A0137365,C027472,What verification steps are required for customer C027472?,"Customer C027472 can be approved for onboarding. The customer satisfies KYC requirements, has sufficient verified documentation, and does not require enhanced review.","Customer C027472 can be approved for onboarding. The customer satisfies KYC requirements, has sufficient verified documentation, and does not require enhanced review.",NONE,0,0
B0029019,Q0141958,A0141958,C028391,Should Enhanced Due Diligence be applied to customer C028391?,"Customer C028391 can be approved for onboarding. The customer satisfies KYC requirements, has sufficient verified documentation, and does not require enhanced review.","Customer C028391 can be approved for onboarding. The customer satisfies KYC requirements, has sufficient verified documentation, and does not require enhanced review. The customer has a Low AML Risk classification.",Wrong Risk Score,1,1
B0029204,Q0051853,A0051853,C010370,Should Enhanced Due Diligence be applied to customer C010370?,"Customer C010370 can be approved for onboarding. The customer satisfies KYC requirements, has sufficient verified documentation, and does not require enhanced review.",Customer C010370 must be rejected due to AML concerns.,Contradiction,1,1
B0029219,Q0459750,A0459750,C091949,What verification steps are required for customer C091949?,"Customer C091949 can be approved for onboarding. The customer satisfies KYC requirements, has sufficient verified documentation, and does not require enhanced review.","Customer C091949 can be approved for onboarding. The customer satisfies KYC requirements, has sufficient verified documentation, and does not require enhanced review. The customer was previously investigated for international money laundering activities.",Unsupported Claim,1,1
B0029248,Q0097857,A0097857,C019571,What is the AML risk associated with customer C019571?,Customer C019571 requires Enhanced Due Diligence because the customer is classified as a Politically Exposed Person (PEP) or presents elevated AML risk.,Customer C019571 requires Enhanced Due Diligence because the customer is classified as a Politically Exposed Person (PEP) or presents elevated AML risk.,NONE,0,0
B0029493,Q0453233,A0453233,C090646,Should Enhanced Due Diligence be applied to customer C090646?,"Customer C090646 can be approved for onboarding. The customer satisfies KYC requirements, has sufficient verified documentation, and does not require enhanced review.","Customer C090646 can be approved for onboarding. The customer satisfies KYC requirements, has sufficient verified documentation, and does not require enhanced review. The customer was previously investigated for international money laundering activities.",Unsupported Claim,1,1
B0029654,Q0379955,A0379955,C075990,What verification steps are required for customer C075990?,"Customer C075990 can be approved for onboarding. The customer satisfies KYC requirements, has sufficient verified documentation, and does not require enhanced review.","Customer C075990 can be approved for onboarding. The customer satisfies KYC requirements, has sufficient verified documentation, and does not require enhanced review. The customer was previously investigated for international money laundering activities.",Unsupported Claim,1,1
B0029762,Q0152875,A0152875,C030574,What verification steps are required for customer C030574?,"Customer C030574 can be approved for onboarding. The customer satisfies KYC requirements, has sufficient verified documentation, and does not require enhanced review.",Customer C030574 requires additional review.,Missing Evidence,1,1
B0029779,Q0356020,A0356020,C071203,What verification steps are required for customer C071203?,Customer C071203 requires Enhanced Due Diligence because the customer is classified as a Politically Exposed Person (PEP) or presents elevated AML risk.,Customer C071203 requires additional review.,Missing Evidence,1,1
B0029948,Q0237291,A0237291,C047458,Can customer C047458 be onboarded?,"Customer C047458 can be approved for onboarding. The customer satisfies KYC requirements, has sufficient verified documentation, and does not require enhanced review.","Customer C047458 can be approved for onboarding. The customer satisfies KYC requirements, has sufficient verified documentation, and does not require enhanced review. The customer has a Low AML Risk classification.",Wrong Risk Score,1,1
B0030090,Q0135791,A0135791,C027158,Can customer C027158 be onboarded?,Customer C027158 requires Enhanced Due Diligence because the customer is classified as a Politically Exposed Person (PEP) or presents elevated AML risk.,Customer C027158 requires Enhanced Due Diligence because the customer is classified as a Politically Exposed Person (PEP) or presents elevated AML risk. The customer was previously investigated for international money laundering activities.,Unsupported Claim,1,1
B0030200,Q0258403,A0258403,C051680,Should Enhanced Due Diligence be applied to customer C051680?,"Customer C051680 can be approved for onboarding. The customer satisfies KYC requirements, has sufficient verified documentation, and does not require enhanced review.","Customer C051680 can be approved for onboarding. The customer satisfies KYC requirements, has sufficient verified documentation, and does not require enhanced review. The customer was previously investigated for international money laundering activities.",Unsupported Claim,1,1
B0030261,Q0279626,A0279626,C055925,Can customer C055925 be onboarded?,"Customer C055925 can be approved for onboarding. The customer satisfies KYC requirements, has sufficient verified documentation, and does not require enhanced review.",Customer C055925 requires additional review.,Missing Evidence,1,1
B0030390,Q0208920,A0208920,C041783,What verification steps are required for customer C041783?,"Customer C041783 can be approved for onboarding. The customer satisfies KYC requirements, has sufficient verified documentation, and does not require enhanced review.","Customer C041783 can be approved for onboarding. The customer satisfies KYC requirements, has sufficient verified documentation, and does not require enhanced review. The customer was previously investigated for international money laundering activities.",Unsupported Claim,1,1
B0030471,Q0447225,A0447225,C089444,What verification steps are required for customer C089444?,"Customer C089444 can be approved for onboarding. The customer satisfies KYC requirements, has sufficient verified documentation, and does not require enhanced review.",Customer C089444 must be rejected due to AML concerns.,Contradiction,1,1
B0030623,Q0221502,A0221502,C044300,What is the AML risk associated with customer C044300?,"Customer C044300 can be approved for onboarding. The customer satisfies KYC requirements, has sufficient verified documentation, and does not require enhanced review.",Customer C044300 requires additional review.,Missing Evidence,1,1
B0030706,Q0468630,A0468630,C093725,What verification steps are required for customer C093725?,"Customer C093725 can be approved for onboarding. The customer satisfies KYC requirements, has sufficient verified documentation, and does not require enhanced review.","Customer C093725 can be approved for onboarding. The customer satisfies KYC requirements, has sufficient verified documentation, and does not require enhanced review. The customer has a Low AML Risk classification.",Wrong Risk Score,1,1
B0030847,Q0342288,A0342288,C068457,Should Enhanced Due Diligence be applied to customer C068457?,"Customer C068457 can be approved for onboarding. The customer satisfies KYC requirements, has sufficient verified documentation, and does not require enhanced review.",Customer C068457 must be rejected due to AML concerns.,Contradiction,1,1
B0030940,Q0140483,A0140483,C028096,Should Enhanced Due Diligence be applied to customer C028096?,"Customer C028096 can be approved for onboarding. The customer satisfies KYC requirements, has sufficient verified documentation, and does not require enhanced review.","Customer C028096 can be approved for onboarding. The customer satisfies KYC requirements, has sufficient verified documentation, and does not require enhanced review.",NONE,0,0
B0031124,Q0368275,A0368275,C073654,What verification steps are required for customer C073654?,Customer C073654 requires Enhanced Due Diligence because the customer is classified as a Politically Exposed Person (PEP) or presents elevated AML risk.,Customer C073654 requires Enhanced Due Diligence because the customer is classified as a Politically Exposed Person (PEP) or presents elevated AML risk. The customer was previously investigated for international money laundering activities.,Unsupported Claim,1,1
B0031346,Q0190675,A0190675,C038134,What verification steps are required for customer C038134?,"Customer C038134 can be approved for onboarding. The customer satisfies KYC requirements, has sufficient verified documentation, and does not require enhanced review.","Customer C038134 can be approved for onboarding. The customer satisfies KYC requirements, has sufficient verified documentation, and does not require enhanced review. The customer was previously investigated for international money laundering activities.",Unsupported Claim,1,1
B0031396,Q0045007,A0045007,C009001,What is the AML risk associated with customer C009001?,"Customer C009001 can be approved for onboarding. The customer satisfies KYC requirements, has sufficient verified documentation, and does not require enhanced review.","Customer C009001 can be approved for onboarding. The customer satisfies KYC requirements, has sufficient verified documentation, and does not require enhanced review. As per AML Regulation Section 99.7, onboarding must be delayed for 90 days.",Fabricated Regulation,1,1
B0031724,Q0364309,A0364309,C072861,Can the account for customer C072861 be approved?,"Customer C072861 can be approved for onboarding. The customer satisfies KYC requirements, has sufficient verified documentation, and does not require enhanced review.",Customer C072861 requires additional review.,Missing Evidence,1,1
B0032001,Q0290841,A0290841,C058168,Can customer C058168 be onboarded?,"Customer C058168 can be approved for onboarding. The customer satisfies KYC requirements, has sufficient verified documentation, and does not require enhanced review.",Customer C058168 must be rejected due to AML concerns.,Contradiction,1,1
B0032093,Q0084043,A0084043,C016808,Should Enhanced Due Diligence be applied to customer C016808?,Customer C016808 requires Enhanced Due Diligence because the customer is classified as a Politically Exposed Person (PEP) or presents elevated AML risk.,Customer C016808 requires Enhanced Due Diligence because the customer is classified as a Politically Exposed Person (PEP) or presents elevated AML risk. The customer was previously investigated for international money laundering activities.,Unsupported Claim,1,1
B0032096,Q0132487,A0132487,C026497,What is the AML risk associated with customer C026497?,Customer C026497 must be rejected because the customer appears on a sanctions list and violates AML onboarding requirements.,Customer C026497 must be rejected because the customer appears on a sanctions list and violates AML onboarding requirements.,NONE,0,0
B0032158,Q0447134,A0447134,C089426,Can the account for customer C089426 be approved?,"Customer C089426 can be approved for onboarding. The customer satisfies KYC requirements, has sufficient verified documentation, and does not require enhanced review.",Customer C089426 requires additional review.,Missing Evidence,1,1
B0032162,Q0417336,A0417336,C083467,Can customer C083467 be onboarded?,"Customer C083467 can be approved for onboarding. The customer satisfies KYC requirements, has sufficient verified documentation, and does not require enhanced review.",Customer C083467 must be rejected due to AML concerns.,Contradiction,1,1
B0032297,Q0205560,A0205560,C041111,What verification steps are required for customer C041111?,"Customer C041111 can be approved for onboarding. The customer satisfies KYC requirements, has sufficient verified documentation, and does not require enhanced review.","Customer C041111 can be approved for onboarding. The customer satisfies KYC requirements, has sufficient verified documentation, and does not require enhanced review. As per AML Regulation Section 99.7, onboarding must be delayed for 90 days.",Fabricated Regulation,1,1
B0032433,Q0251950,A0251950,C050389,What verification steps are required for customer C050389?,"Customer C050389 can be approved for onboarding. The customer satisfies KYC requirements, has sufficient verified documentation, and does not require enhanced review.","Customer C050389 can be approved for onboarding. The customer satisfies KYC requirements, has sufficient verified documentation, and does not require enhanced review.",NONE,0,0
B0032653,Q0086762,A0086762,C017352,What is the AML risk associated with customer C017352?,"Customer C017352 can be approved for onboarding. The customer satisfies KYC requirements, has sufficient verified documentation, and does not require enhanced review.","Customer C017352 can be approved for onboarding. The customer satisfies KYC requirements, has sufficient verified documentation, and does not require enhanced review. The customer has a Low AML Risk classification.",Wrong Risk Score,1,1
B0032738,Q0316275,A0316275,C063254,What verification steps are required for customer C063254?,"Customer C063254 can be approved for onboarding. The customer satisfies KYC requirements, has sufficient verified documentation, and does not require enhanced review.","Customer C063254 can be approved for onboarding. The customer satisfies KYC requirements, has sufficient verified documentation, and does not require enhanced review. The customer was previously investigated for international money laundering activities.",Unsupported Claim,1,1
B0032779,Q0068853,A0068853,C013770,Should Enhanced Due Diligence be applied to customer C013770?,"Customer C013770 can be approved for onboarding. The customer satisfies KYC requirements, has sufficient verified documentation, and does not require enhanced review.",Customer C013770 requires additional review.,Missing Evidence,1,1
B0032987,Q0420410,A0420410,C084081,What verification steps are required for customer C084081?,"Customer C084081 can be approved for onboarding. The customer satisfies KYC requirements, has sufficient verified documentation, and does not require enhanced review.","Customer C084081 can be approved for onboarding. The customer satisfies KYC requirements, has sufficient verified documentation, and does not require enhanced review.",NONE,0,0
B0033117,Q0406841,A0406841,C081368,Can customer C081368 be onboarded?,"Customer C081368 can be approved for onboarding. The customer satisfies KYC requirements, has sufficient verified documentation, and does not require enhanced review.","Customer C081368 can be approved for onboarding. The customer satisfies KYC requirements, has sufficient verified documentation, and does not require enhanced review. As per AML Regulation Section 99.7, onboarding must be delayed for 90 days.",Fabricated Regulation,1,1
B0033139,Q0477595,A0477595,C095518,What verification steps are required for customer C095518?,"Customer C095518 can be approved for onboarding. The customer satisfies KYC requirements, has sufficient verified documentation, and does not require enhanced review.",Customer C095518 requires additional review.,Missing Evidence,1,1
B0033372,Q0483446,A0483446,C096689,Can customer C096689 be onboarded?,Customer C096689 must be rejected because the customer appears on a sanctions list and violates AML onboarding requirements.,Customer C096689 must be rejected because the customer appears on a sanctions list and violates AML onboarding requirements.,NONE,0,0
B0033635,Q0069511,A0069511,C013902,Can customer C013902 be onboarded?,Customer C013902 must be rejected because the customer appears on a sanctions list and violates AML onboarding requirements.,"Customer C013902 must be rejected because the customer appears on a sanctions list and violates AML onboarding requirements. As per AML Regulation Section 99.7, onboarding must be delayed for 90 days.",Fabricated Regulation,1,1
B0033850,Q0182093,A0182093,C036418,Should Enhanced Due Diligence be applied to customer C036418?,"Customer C036418 can be approved for onboarding. The customer satisfies KYC requirements, has sufficient verified documentation, and does not require enhanced review.","Customer C036418 can be approved for onboarding. The customer satisfies KYC requirements, has sufficient verified documentation, and does not require enhanced review.",NONE,0,0
B0033871,Q0295249,A0295249,C059049,Can the account for customer C059049 be approved?,Customer C059049 requires Enhanced Due Diligence because the customer is classified as a Politically Exposed Person (PEP) or presents elevated AML risk.,"Customer C059049 requires Enhanced Due Diligence because the customer is classified as a Politically Exposed Person (PEP) or presents elevated AML risk. As per AML Regulation Section 99.7, onboarding must be delayed for 90 days.",Fabricated Regulation,1,1
B0034189,Q0137652,A0137652,C027530,What is the AML risk associated with customer C027530?,Customer C027530 requires Enhanced Due Diligence because the customer is classified as a Politically Exposed Person (PEP) or presents elevated AML risk.,Customer C027530 requires Enhanced Due Diligence because the customer is classified as a Politically Exposed Person (PEP) or presents elevated AML risk.,NONE,0,0
B0034283,Q0437644,A0437644,C087528,Can the account for customer C087528 be approved?,Customer C087528 requires Enhanced Due Diligence because the customer is classified as a Politically Exposed Person (PEP) or presents elevated AML risk.,Customer C087528 requires Enhanced Due Diligence because the customer is classified as a Politically Exposed Person (PEP) or presents elevated AML risk.,NONE,0,0
B0034785,Q0433280,A0433280,C086655,What verification steps are required for customer C086655?,"Customer C086655 can be approved for onboarding. The customer satisfies KYC requirements, has sufficient verified documentation, and does not require enhanced review.",Customer C086655 must be rejected due to AML concerns.,Contradiction,1,1
B0034994,Q0495497,A0495497,C099099,What is the AML risk associated with customer C099099?,"Customer C099099 can be approved for onboarding. The customer satisfies KYC requirements, has sufficient verified documentation, and does not require enhanced review.","Customer C099099 can be approved for onboarding. The customer satisfies KYC requirements, has sufficient verified documentation, and does not require enhanced review. The customer was previously investigated for international money laundering activities.",Unsupported Claim,1,1
B0035118,Q0165526,A0165526,C033105,Can customer C033105 be onboarded?,Customer C033105 must be rejected because the customer appears on a sanctions list and violates AML onboarding requirements.,Customer C033105 must be rejected because the customer appears on a sanctions list and violates AML onboarding requirements. The customer has a Low AML Risk classification.,Wrong Risk Score,1,1
B0035427,Q0019681,A0019681,C003936,Can customer C003936 be onboarded?,"Customer C003936 can be approved for onboarding. The customer satisfies KYC requirements, has sufficient verified documentation, and does not require enhanced review.","Customer C003936 can be approved for onboarding. The customer satisfies KYC requirements, has sufficient verified documentation, and does not require enhanced review. The customer has a Low AML Risk classification.",Wrong Risk Score,1,1
B0035837,Q0045936,A0045936,C009187,Can customer C009187 be onboarded?,"Customer C009187 can be approved for onboarding. The customer satisfies KYC requirements, has sufficient verified documentation, and does not require enhanced review.",Customer C009187 must be rejected due to AML concerns.,Contradiction,1,1
B0035838,Q0315276,A0315276,C063055,Can customer C063055 be onboarded?,"Customer C063055 can be approved for onboarding. The customer satisfies KYC requirements, has sufficient verified documentation, and does not require enhanced review.","Customer C063055 can be approved for onboarding. The customer satisfies KYC requirements, has sufficient verified documentation, and does not require enhanced review. As per AML Regulation Section 99.7, onboarding must be delayed for 90 days.",Fabricated Regulation,1,1
B0036027,Q0451826,A0451826,C090365,Can customer C090365 be onboarded?,"Customer C090365 can be approved for onboarding. The customer satisfies KYC requirements, has sufficient verified documentation, and does not require enhanced review.","Customer C090365 can be approved for onboarding. The customer satisfies KYC requirements, has sufficient verified documentation, and does not require enhanced review. The customer has a Low AML Risk classification.",Wrong Risk Score,1,1
B0036075,Q0089155,A0089155,C017830,What verification steps are required for customer C017830?,"Customer C017830 can be approved for onboarding. The customer satisfies KYC requirements, has sufficient verified documentation, and does not require enhanced review.","Customer C017830 can be approved for onboarding. The customer satisfies KYC requirements, has sufficient verified documentation, and does not require enhanced review.",NONE,0,0
B0036367,Q0278930,A0278930,C055785,What verification steps are required for customer C055785?,"Customer C055785 can be approved for onboarding. The customer satisfies KYC requirements, has sufficient verified documentation, and does not require enhanced review.",Customer C055785 requires additional review.,Missing Evidence,1,1
B0036427,Q0303285,A0303285,C060656,What verification steps are required for customer C060656?,Customer C060656 requires Enhanced Due Diligence because the customer is classified as a Politically Exposed Person (PEP) or presents elevated AML risk.,Customer C060656 requires no enhanced review.,Contradiction,1,1
B0036520,Q0370445,A0370445,C074088,What verification steps are required for customer C074088?,"Customer C074088 can be approved for onboarding. The customer satisfies KYC requirements, has sufficient verified documentation, and does not require enhanced review.","Customer C074088 can be approved for onboarding. The customer satisfies KYC requirements, has sufficient verified documentation, and does not require enhanced review. The customer has a Low AML Risk classification.",Wrong Risk Score,1,1
B0036592,Q0032596,A0032596,C006519,Can customer C006519 be onboarded?,"Customer C006519 can be approved for onboarding. The customer satisfies KYC requirements, has sufficient verified documentation, and does not require enhanced review.","Customer C006519 can be approved for onboarding. The customer satisfies KYC requirements, has sufficient verified documentation, and does not require enhanced review.",NONE,0,0
B0036715,Q0289163,A0289163,C057832,Should Enhanced Due Diligence be applied to customer C057832?,"Customer C057832 can be approved for onboarding. The customer satisfies KYC requirements, has sufficient verified documentation, and does not require enhanced review.",Customer C057832 must be rejected due to AML concerns.,Contradiction,1,1
B0036781,Q0130562,A0130562,C026112,What is the AML risk associated with customer C026112?,Customer C026112 must be rejected because the customer appears on a sanctions list and violates AML onboarding requirements.,Customer C026112 can be approved without restrictions.,Contradiction,1,1
B0037226,Q0421078,A0421078,C084215,Should Enhanced Due Diligence be applied to customer C084215?,"Customer C084215 can be approved for onboarding. The customer satisfies KYC requirements, has sufficient verified documentation, and does not require enhanced review.",Customer C084215 must be rejected due to AML concerns.,Contradiction,1,1
B0037636,Q0072926,A0072926,C014585,Can customer C014585 be onboarded?,"Customer C014585 can be approved for onboarding. The customer satisfies KYC requirements, has sufficient verified documentation, and does not require enhanced review.","Customer C014585 can be approved for onboarding. The customer satisfies KYC requirements, has sufficient verified documentation, and does not require enhanced review.",NONE,0,0
B0038044,Q0362143,A0362143,C072428,Should Enhanced Due Diligence be applied to customer C072428?,"Customer C072428 can be approved for onboarding. The customer satisfies KYC requirements, has sufficient verified documentation, and does not require enhanced review.",Customer C072428 must be rejected due to AML concerns.,Contradiction,1,1
B0038450,Q0196982,A0196982,C039396,What is the AML risk associated with customer C039396?,Customer C039396 requires Enhanced Due Diligence because the customer is classified as a Politically Exposed Person (PEP) or presents elevated AML risk.,Customer C039396 requires Enhanced Due Diligence because the customer is classified as a Politically Exposed Person (PEP) or presents elevated AML risk.,NONE,0,0
B0038463,Q0088143,A0088143,C017628,Should Enhanced Due Diligence be applied to customer C017628?,"Customer C017628 can be approved for onboarding. The customer satisfies KYC requirements, has sufficient verified documentation, and does not require enhanced review.","Customer C017628 can be approved for onboarding. The customer satisfies KYC requirements, has sufficient verified documentation, and does not require enhanced review.",NONE,0,0
B0038513,Q0358723,A0358723,C071744,Should Enhanced Due Diligence be applied to customer C071744?,"Customer C071744 can be approved for onboarding. The customer satisfies KYC requirements, has sufficient verified documentation, and does not require enhanced review.","Customer C071744 can be approved for onboarding. The customer satisfies KYC requirements, has sufficient verified documentation, and does not require enhanced review.",NONE,0,0
B0038543,Q0022256,A0022256,C004451,Can customer C004451 be onboarded?,Customer C004451 requires Enhanced Due Diligence because the customer is classified as a Politically Exposed Person (PEP) or presents elevated AML risk.,Customer C004451 requires Enhanced Due Diligence because the customer is classified as a Politically Exposed Person (PEP) or presents elevated AML risk.,NONE,0,0
B0038637,Q0113583,A0113583,C022716,Should Enhanced Due Diligence be applied to customer C022716?,"Customer C022716 can be approved for onboarding. The customer satisfies KYC requirements, has sufficient verified documentation, and does not require enhanced review.","Customer C022716 can be approved for onboarding. The customer satisfies KYC requirements, has sufficient verified documentation, and does not require enhanced review.",NONE,0,0
B0038877,Q0440911,A0440911,C088182,Can customer C088182 be onboarded?,"Customer C088182 can be approved for onboarding. The customer satisfies KYC requirements, has sufficient verified documentation, and does not require enhanced review.","Customer C088182 can be approved for onboarding. The customer satisfies KYC requirements, has sufficient verified documentation, and does not require enhanced review. The customer has a Low AML Risk classification.",Wrong Risk Score,1,1
B0039096,Q0323893,A0323893,C064778,Should Enhanced Due Diligence be applied to customer C064778?,"Customer C064778 can be approved for onboarding. The customer satisfies KYC requirements, has sufficient verified documentation, and does not require enhanced review.","Customer C064778 can be approved for onboarding. The customer satisfies KYC requirements, has sufficient verified documentation, and does not require enhanced review. As per AML Regulation Section 99.7, onboarding must be delayed for 90 days.",Fabricated Regulation,1,1
B0039587,Q0073682,A0073682,C014736,What is the AML risk associated with customer C014736?,"Customer C014736 can be approved for onboarding. The customer satisfies KYC requirements, has sufficient verified documentation, and does not require enhanced review.","Customer C014736 can be approved for onboarding. The customer satisfies KYC requirements, has sufficient verified documentation, and does not require enhanced review. As per AML Regulation Section 99.7, onboarding must be delayed for 90 days.",Fabricated Regulation,1,1
B0039926,Q0046881,A0046881,C009376,Can customer C009376 be onboarded?,Customer C009376 requires Enhanced Due Diligence because the customer is classified as a Politically Exposed Person (PEP) or presents elevated AML risk.,Customer C009376 requires Enhanced Due Diligence because the customer is classified as a Politically Exposed Person (PEP) or presents elevated AML risk. The customer has a Low AML Risk classification.,Wrong Risk Score,1,1
B0040084,Q0336700,A0336700,C067339,What verification steps are required for customer C067339?,Customer C067339 must be rejected because the customer appears on a sanctions list and violates AML onboarding requirements.,Customer C067339 requires additional review.,Missing Evidence,1,1
B0040389,Q0235096,A0235096,C047019,Can customer C047019 be onboarded?,Customer C047019 must be rejected because the customer appears on a sanctions list and violates AML onboarding requirements.,Customer C047019 must be rejected because the customer appears on a sanctions list and violates AML onboarding requirements.,NONE,0,0
B0040451,Q0285756,A0285756,C057151,Can customer C057151 be onboarded?,"Customer C057151 can be approved for onboarding. The customer satisfies KYC requirements, has sufficient verified documentation, and does not require enhanced review.",Customer C057151 must be rejected due to AML concerns.,Contradiction,1,1
B0040460,Q0000238,A0000238,C000047,Should Enhanced Due Diligence be applied to customer C000047?,"Customer C000047 can be approved for onboarding. The customer satisfies KYC requirements, has sufficient verified documentation, and does not require enhanced review.","Customer C000047 can be approved for onboarding. The customer satisfies KYC requirements, has sufficient verified documentation, and does not require enhanced review. As per AML Regulation Section 99.7, onboarding must be delayed for 90 days.",Fabricated Regulation,1,1
B0040525,Q0284116,A0284116,C056823,Can customer C056823 be onboarded?,Customer C056823 must be rejected because the customer appears on a sanctions list and violates AML onboarding requirements.,Customer C056823 must be rejected because the customer appears on a sanctions list and violates AML onboarding requirements.,NONE,0,0
B0041028,Q0490632,A0490632,C098126,What is the AML risk associated with customer C098126?,Customer C098126 requires Enhanced Due Diligence because the customer is classified as a Politically Exposed Person (PEP) or presents elevated AML risk.,Customer C098126 requires no enhanced review.,Contradiction,1,1
B0041398,Q0013824,A0013824,C002764,Can the account for customer C002764 be approved?,Customer C002764 should be escalated for manual review due to elevated risk indicators requiring additional investigation.,Customer C002764 is approved immediately.,Contradiction,1,1
B0041525,Q0363216,A0363216,C072643,Can customer C072643 be onboarded?,"Customer C072643 can be approved for onboarding. The customer satisfies KYC requirements, has sufficient verified documentation, and does not require enhanced review.","Customer C072643 can be approved for onboarding. The customer satisfies KYC requirements, has sufficient verified documentation, and does not require enhanced review.",NONE,0,0
B0041832,Q0133911,A0133911,C026782,Can customer C026782 be onboarded?,"Customer C026782 can be approved for onboarding. The customer satisfies KYC requirements, has sufficient verified documentation, and does not require enhanced review.","Customer C026782 can be approved for onboarding. The customer satisfies KYC requirements, has sufficient verified documentation, and does not require enhanced review.",NONE,0,0
B0041854,Q0098251,A0098251,C019650,Can customer C019650 be onboarded?,Customer C019650 requires Enhanced Due Diligence because the customer is classified as a Politically Exposed Person (PEP) or presents elevated AML risk.,Customer C019650 requires additional review.,Missing Evidence,1,1
B0041893,Q0292818,A0292818,C058563,Should Enhanced Due Diligence be applied to customer C058563?,"Customer C058563 can be approved for onboarding. The customer satisfies KYC requirements, has sufficient verified documentation, and does not require enhanced review.","Customer C058563 can be approved for onboarding. The customer satisfies KYC requirements, has sufficient verified documentation, and does not require enhanced review.",NONE,0,0
B0041917,Q0279201,A0279201,C055840,Can customer C055840 be onboarded?,Customer C055840 must be rejected because the customer appears on a sanctions list and violates AML onboarding requirements.,Customer C055840 must be rejected because the customer appears on a sanctions list and violates AML onboarding requirements.,NONE,0,0
B0041947,Q0473353,A0473353,C094670,Should Enhanced Due Diligence be applied to customer C094670?,"Customer C094670 can be approved for onboarding. The customer satisfies KYC requirements, has sufficient verified documentation, and does not require enhanced review.","Customer C094670 can be approved for onboarding. The customer satisfies KYC requirements, has sufficient verified documentation, and does not require enhanced review. The customer has a Low AML Risk classification.",Wrong Risk Score,1,1
B0042277,Q0234835,A0234835,C046966,What verification steps are required for customer C046966?,"Customer C046966 can be approved for onboarding. The customer satisfies KYC requirements, has sufficient verified documentation, and does not require enhanced review.",Customer C046966 must be rejected due to AML concerns.,Contradiction,1,1
B0042341,Q0253752,A0253752,C050750,What is the AML risk associated with customer C050750?,Customer C050750 requires Enhanced Due Diligence because the customer is classified as a Politically Exposed Person (PEP) or presents elevated AML risk.,Customer C050750 requires Enhanced Due Diligence because the customer is classified as a Politically Exposed Person (PEP) or presents elevated AML risk. The customer has a Low AML Risk classification.,Wrong Risk Score,1,1
B0042362,Q0280625,A0280625,C056124,What verification steps are required for customer C056124?,"Customer C056124 can be approved for onboarding. The customer satisfies KYC requirements, has sufficient verified documentation, and does not require enhanced review.",Customer C056124 must be rejected due to AML concerns.,Contradiction,1,1
B0042422,Q0261282,A0261282,C052256,What is the AML risk associated with customer C052256?,"Customer C052256 can be approved for onboarding. The customer satisfies KYC requirements, has sufficient verified documentation, and does not require enhanced review.","Customer C052256 can be approved for onboarding. The customer satisfies KYC requirements, has sufficient verified documentation, and does not require enhanced review. The customer has a Low AML Risk classification.",Wrong Risk Score,1,1
B0042577,Q0230573,A0230573,C046114,Should Enhanced Due Diligence be applied to customer C046114?,Customer C046114 should be escalated for manual review due to elevated risk indicators requiring additional investigation.,Customer C046114 should be escalated for manual review due to elevated risk indicators requiring additional investigation. The customer has a Low AML Risk classification.,Wrong Risk Score,1,1
B0042731,Q0392053,A0392053,C078410,Should Enhanced Due Diligence be applied to customer C078410?,"Customer C078410 can be approved for onboarding. The customer satisfies KYC requirements, has sufficient verified documentation, and does not require enhanced review.","Customer C078410 can be approved for onboarding. The customer satisfies KYC requirements, has sufficient verified documentation, and does not require enhanced review. The customer was previously investigated for international money laundering activities.",Unsupported Claim,1,1
B0042748,Q0361131,A0361131,C072226,Can customer C072226 be onboarded?,Customer C072226 requires Enhanced Due Diligence because the customer is classified as a Politically Exposed Person (PEP) or presents elevated AML risk.,Customer C072226 requires no enhanced review.,Contradiction,1,1
B0042854,Q0102162,A0102162,C020432,What is the AML risk associated with customer C020432?,"Customer C020432 can be approved for onboarding. The customer satisfies KYC requirements, has sufficient verified documentation, and does not require enhanced review.","Customer C020432 can be approved for onboarding. The customer satisfies KYC requirements, has sufficient verified documentation, and does not require enhanced review.",NONE,0,0
B0043092,Q0190255,A0190255,C038050,What verification steps are required for customer C038050?,"Customer C038050 can be approved for onboarding. The customer satisfies KYC requirements, has sufficient verified documentation, and does not require enhanced review.","Customer C038050 can be approved for onboarding. The customer satisfies KYC requirements, has sufficient verified documentation, and does not require enhanced review. The customer has a Low AML Risk classification.",Wrong Risk Score,1,1
B0043163,Q0050443,A0050443,C010088,Should Enhanced Due Diligence be applied to customer C010088?,Customer C010088 requires Enhanced Due Diligence because the customer is classified as a Politically Exposed Person (PEP) or presents elevated AML risk.,Customer C010088 requires Enhanced Due Diligence because the customer is classified as a Politically Exposed Person (PEP) or presents elevated AML risk. The customer was previously investigated for international money laundering activities.,Unsupported Claim,1,1
B0043172,Q0223507,A0223507,C044701,What is the AML risk associated with customer C044701?,"Customer C044701 can be approved for onboarding. The customer satisfies KYC requirements, has sufficient verified documentation, and does not require enhanced review.","Customer C044701 can be approved for onboarding. The customer satisfies KYC requirements, has sufficient verified documentation, and does not require enhanced review. The customer was previously investigated for international money laundering activities.",Unsupported Claim,1,1
B0043189,Q0004779,A0004779,C000955,Can the account for customer C000955 be approved?,"Customer C000955 can be approved for onboarding. The customer satisfies KYC requirements, has sufficient verified documentation, and does not require enhanced review.",Customer C000955 requires additional review.,Missing Evidence,1,1
B0043223,Q0098700,A0098700,C019739,What verification steps are required for customer C019739?,"Customer C019739 can be approved for onboarding. The customer satisfies KYC requirements, has sufficient verified documentation, and does not require enhanced review.","Customer C019739 can be approved for onboarding. The customer satisfies KYC requirements, has sufficient verified documentation, and does not require enhanced review. The customer has a Low AML Risk classification.",Wrong Risk Score,1,1
B0043262,Q0165101,A0165101,C033020,Can customer C033020 be onboarded?,"Customer C033020 can be approved for onboarding. The customer satisfies KYC requirements, has sufficient verified documentation, and does not require enhanced review.","Customer C033020 can be approved for onboarding. The customer satisfies KYC requirements, has sufficient verified documentation, and does not require enhanced review.",NONE,0,0
B0043335,Q0261147,A0261147,C052229,What is the AML risk associated with customer C052229?,Customer C052229 requires Enhanced Due Diligence because the customer is classified as a Politically Exposed Person (PEP) or presents elevated AML risk.,Customer C052229 requires Enhanced Due Diligence because the customer is classified as a Politically Exposed Person (PEP) or presents elevated AML risk.,NONE,0,0
B0043373,Q0025068,A0025068,C005013,Should Enhanced Due Diligence be applied to customer C005013?,Customer C005013 requires Enhanced Due Diligence because the customer is classified as a Politically Exposed Person (PEP) or presents elevated AML risk.,"Customer C005013 requires Enhanced Due Diligence because the customer is classified as a Politically Exposed Person (PEP) or presents elevated AML risk. As per AML Regulation Section 99.7, onboarding must be delayed for 90 days.",Fabricated Regulation,1,1
B0043562,Q0388628,A0388628,C077725,Should Enhanced Due Diligence be applied to customer C077725?,Customer C077725 should be escalated for manual review due to elevated risk indicators requiring additional investigation.,Customer C077725 should be escalated for manual review due to elevated risk indicators requiring additional investigation.,NONE,0,0
B0044043,Q0080033,A0080033,C016006,Should Enhanced Due Diligence be applied to customer C016006?,"Customer C016006 can be approved for onboarding. The customer satisfies KYC requirements, has sufficient verified documentation, and does not require enhanced review.","Customer C016006 can be approved for onboarding. The customer satisfies KYC requirements, has sufficient verified documentation, and does not require enhanced review. As per AML Regulation Section 99.7, onboarding must be delayed for 90 days.",Fabricated Regulation,1,1
B0044331,Q0182056,A0182056,C036411,Can customer C036411 be onboarded?,Customer C036411 must be rejected because the customer appears on a sanctions list and violates AML onboarding requirements.,Customer C036411 must be rejected because the customer appears on a sanctions list and violates AML onboarding requirements.,NONE,0,0
B0044981,Q0006823,A0006823,C001364,Should Enhanced Due Diligence be applied to customer C001364?,Customer C001364 must be rejected because the customer appears on a sanctions list and violates AML onboarding requirements.,Customer C001364 must be rejected because the customer appears on a sanctions list and violates AML onboarding requirements. The customer has a Low AML Risk classification.,Wrong Risk Score,1,1
B0045015,Q0321858,A0321858,C064371,Should Enhanced Due Diligence be applied to customer C064371?,"Customer C064371 can be approved for onboarding. The customer satisfies KYC requirements, has sufficient verified documentation, and does not require enhanced review.","Customer C064371 can be approved for onboarding. The customer satisfies KYC requirements, has sufficient verified documentation, and does not require enhanced review.",NONE,0,0
B0045086,Q0444664,A0444664,C088932,Can the account for customer C088932 be approved?,Customer C088932 requires Enhanced Due Diligence because the customer is classified as a Politically Exposed Person (PEP) or presents elevated AML risk.,"Customer C088932 requires Enhanced Due Diligence because the customer is classified as a Politically Exposed Person (PEP) or presents elevated AML risk. As per AML Regulation Section 99.7, onboarding must be delayed for 90 days.",Fabricated Regulation,1,1
B0045139,Q0161928,A0161928,C032385,Should Enhanced Due Diligence be applied to customer C032385?,"Customer C032385 can be approved for onboarding. The customer satisfies KYC requirements, has sufficient verified documentation, and does not require enhanced review.","Customer C032385 can be approved for onboarding. The customer satisfies KYC requirements, has sufficient verified documentation, and does not require enhanced review. The customer was previously investigated for international money laundering activities.",Unsupported Claim,1,1
B0045198,Q0419319,A0419319,C083863,Can the account for customer C083863 be approved?,Customer C083863 should be escalated for manual review due to elevated risk indicators requiring additional investigation.,Customer C083863 should be escalated for manual review due to elevated risk indicators requiring additional investigation. The customer was previously investigated for international money laundering activities.,Unsupported Claim,1,1
B0045248,Q0107932,A0107932,C021586,What is the AML risk associated with customer C021586?,Customer C021586 requires Enhanced Due Diligence because the customer is classified as a Politically Exposed Person (PEP) or presents elevated AML risk.,Customer C021586 requires Enhanced Due Diligence because the customer is classified as a Politically Exposed Person (PEP) or presents elevated AML risk.,NONE,0,0
B0045478,Q0003722,A0003722,C000744,What is the AML risk associated with customer C000744?,"Customer C000744 can be approved for onboarding. The customer satisfies KYC requirements, has sufficient verified documentation, and does not require enhanced review.",Customer C000744 requires additional review.,Missing Evidence,1,1
B0045482,Q0123299,A0123299,C024659,Can the account for customer C024659 be approved?,Customer C024659 should be escalated for manual review due to elevated risk indicators requiring additional investigation.,Customer C024659 requires additional review.,Missing Evidence,1,1
B0045560,Q0291527,A0291527,C058305,What is the AML risk associated with customer C058305?,"Customer C058305 can be approved for onboarding. The customer satisfies KYC requirements, has sufficient verified documentation, and does not require enhanced review.","Customer C058305 can be approved for onboarding. The customer satisfies KYC requirements, has sufficient verified documentation, and does not require enhanced review. The customer was previously investigated for international money laundering activities.",Unsupported Claim,1,1
B0045730,Q0267343,A0267343,C053468,Should Enhanced Due Diligence be applied to customer C053468?,Customer C053468 requires Enhanced Due Diligence because the customer is classified as a Politically Exposed Person (PEP) or presents elevated AML risk.,Customer C053468 requires Enhanced Due Diligence because the customer is classified as a Politically Exposed Person (PEP) or presents elevated AML risk.,NONE,0,0
B0045889,Q0115184,A0115184,C023036,Can the account for customer C023036 be approved?,Customer C023036 requires Enhanced Due Diligence because the customer is classified as a Politically Exposed Person (PEP) or presents elevated AML risk.,Customer C023036 requires no enhanced review.,Contradiction,1,1
B0045968,Q0115319,A0115319,C023063,Can the account for customer C023063 be approved?,Customer C023063 requires Enhanced Due Diligence because the customer is classified as a Politically Exposed Person (PEP) or presents elevated AML risk.,Customer C023063 requires Enhanced Due Diligence because the customer is classified as a Politically Exposed Person (PEP) or presents elevated AML risk. The customer has a Low AML Risk classification.,Wrong Risk Score,1,1
B0046176,Q0001995,A0001995,C000398,What verification steps are required for customer C000398?,Customer C000398 should be escalated for manual review due to elevated risk indicators requiring additional investigation.,Customer C000398 should be escalated for manual review due to elevated risk indicators requiring additional investigation. The customer was previously investigated for international money laundering activities.,Unsupported Claim,1,1
B0046539,Q0375831,A0375831,C075166,Can customer C075166 be onboarded?,"Customer C075166 can be approved for onboarding. The customer satisfies KYC requirements, has sufficient verified documentation, and does not require enhanced review.","Customer C075166 can be approved for onboarding. The customer satisfies KYC requirements, has sufficient verified documentation, and does not require enhanced review.",NONE,0,0
B0046577,Q0263350,A0263350,C052669,What verification steps are required for customer C052669?,Customer C052669 should be escalated for manual review due to elevated risk indicators requiring additional investigation.,Customer C052669 should be escalated for manual review due to elevated risk indicators requiring additional investigation.,NONE,0,0
B0047035,Q0371955,A0371955,C074390,What verification steps are required for customer C074390?,Customer C074390 requires Enhanced Due Diligence because the customer is classified as a Politically Exposed Person (PEP) or presents elevated AML risk.,"Customer C074390 requires Enhanced Due Diligence because the customer is classified as a Politically Exposed Person (PEP) or presents elevated AML risk. As per AML Regulation Section 99.7, onboarding must be delayed for 90 days.",Fabricated Regulation,1,1
B0047144,Q0465746,A0465746,C093149,Can customer C093149 be onboarded?,Customer C093149 requires Enhanced Due Diligence because the customer is classified as a Politically Exposed Person (PEP) or presents elevated AML risk.,Customer C093149 requires Enhanced Due Diligence because the customer is classified as a Politically Exposed Person (PEP) or presents elevated AML risk. The customer has a Low AML Risk classification.,Wrong Risk Score,1,1
B0047242,Q0342077,A0342077,C068415,What is the AML risk associated with customer C068415?,"Customer C068415 can be approved for onboarding. The customer satisfies KYC requirements, has sufficient verified documentation, and does not require enhanced review.","Customer C068415 can be approved for onboarding. The customer satisfies KYC requirements, has sufficient verified documentation, and does not require enhanced review. The customer was previously investigated for international money laundering activities.",Unsupported Claim,1,1
B0047518,Q0091149,A0091149,C018229,Can the account for customer C018229 be approved?,Customer C018229 should be escalated for manual review due to elevated risk indicators requiring additional investigation.,Customer C018229 is approved immediately.,Contradiction,1,1
B0047560,Q0353786,A0353786,C070757,Can customer C070757 be onboarded?,"Customer C070757 can be approved for onboarding. The customer satisfies KYC requirements, has sufficient verified documentation, and does not require enhanced review.","Customer C070757 can be approved for onboarding. The customer satisfies KYC requirements, has sufficient verified documentation, and does not require enhanced review.",NONE,0,0
B0047796,Q0427949,A0427949,C085589,Can the account for customer C085589 be approved?,"Customer C085589 can be approved for onboarding. The customer satisfies KYC requirements, has sufficient verified documentation, and does not require enhanced review.","Customer C085589 can be approved for onboarding. The customer satisfies KYC requirements, has sufficient verified documentation, and does not require enhanced review.",NONE,0,0
B0047836,Q0119602,A0119602,C023920,What is the AML risk associated with customer C023920?,"Customer C023920 can be approved for onboarding. The customer satisfies KYC requirements, has sufficient verified documentation, and does not require enhanced review.",Customer C023920 requires additional review.,Missing Evidence,1,1
B0047895,Q0151830,A0151830,C030365,What verification steps are required for customer C030365?,"Customer C030365 can be approved for onboarding. The customer satisfies KYC requirements, has sufficient verified documentation, and does not require enhanced review.",Customer C030365 must be rejected due to AML concerns.,Contradiction,1,1
B0047976,Q0244684,A0244684,C048936,Can the account for customer C048936 be approved?,"Customer C048936 can be approved for onboarding. The customer satisfies KYC requirements, has sufficient verified documentation, and does not require enhanced review.","Customer C048936 can be approved for onboarding. The customer satisfies KYC requirements, has sufficient verified documentation, and does not require enhanced review.",NONE,0,0
B0048005,Q0049211,A0049211,C009842,Can customer C009842 be onboarded?,"Customer C009842 can be approved for onboarding. The customer satisfies KYC requirements, has sufficient verified documentation, and does not require enhanced review.","Customer C009842 can be approved for onboarding. The customer satisfies KYC requirements, has sufficient verified documentation, and does not require enhanced review.",NONE,0,0
B0048020,Q0427878,A0427878,C085575,Should Enhanced Due Diligence be applied to customer C085575?,"Customer C085575 can be approved for onboarding. The customer satisfies KYC requirements, has sufficient verified documentation, and does not require enhanced review.","Customer C085575 can be approved for onboarding. The customer satisfies KYC requirements, has sufficient verified documentation, and does not require enhanced review.",NONE,0,0
B0048060,Q0053849,A0053849,C010769,Can the account for customer C010769 be approved?,"Customer C010769 can be approved for onboarding. The customer satisfies KYC requirements, has sufficient verified documentation, and does not require enhanced review.","Customer C010769 can be approved for onboarding. The customer satisfies KYC requirements, has sufficient verified documentation, and does not require enhanced review.",NONE,0,0
B0048088,Q0405946,A0405946,C081189,Can customer C081189 be onboarded?,"Customer C081189 can be approved for onboarding. The customer satisfies KYC requirements, has sufficient verified documentation, and does not require enhanced review.","Customer C081189 can be approved for onboarding. The customer satisfies KYC requirements, has sufficient verified documentation, and does not require enhanced review.",NONE,0,0
B0048331,Q0287852,A0287852,C057570,What is the AML risk associated with customer C057570?,"Customer C057570 can be approved for onboarding. The customer satisfies KYC requirements, has sufficient verified documentation, and does not require enhanced review.","Customer C057570 can be approved for onboarding. The customer satisfies KYC requirements, has sufficient verified documentation, and does not require enhanced review. As per AML Regulation Section 99.7, onboarding must be delayed for 90 days.",Fabricated Regulation,1,1
B0048435,Q0490163,A0490163,C098032,Should Enhanced Due Diligence be applied to customer C098032?,"Customer C098032 can be approved for onboarding. The customer satisfies KYC requirements, has sufficient verified documentation, and does not require enhanced review.","Customer C098032 can be approved for onboarding. The customer satisfies KYC requirements, has sufficient verified documentation, and does not require enhanced review.",NONE,0,0
B0048438,Q0335524,A0335524,C067104,Can the account for customer C067104 be approved?,Customer C067104 requires Enhanced Due Diligence because the customer is classified as a Politically Exposed Person (PEP) or presents elevated AML risk.,Customer C067104 requires additional review.,Missing Evidence,1,1
B0048659,Q0157696,A0157696,C031539,Can customer C031539 be onboarded?,"Customer C031539 can be approved for onboarding. The customer satisfies KYC requirements, has sufficient verified documentation, and does not require enhanced review.","Customer C031539 can be approved for onboarding. The customer satisfies KYC requirements, has sufficient verified documentation, and does not require enhanced review. As per AML Regulation Section 99.7, onboarding must be delayed for 90 days.",Fabricated Regulation,1,1
B0048686,Q0088950,A0088950,C017789,What verification steps are required for customer C017789?,"Customer C017789 can be approved for onboarding. The customer satisfies KYC requirements, has sufficient verified documentation, and does not require enhanced review.","Customer C017789 can be approved for onboarding. The customer satisfies KYC requirements, has sufficient verified documentation, and does not require enhanced review.",NONE,0,0
B0048755,Q0103898,A0103898,C020779,Should Enhanced Due Diligence be applied to customer C020779?,Customer C020779 requires Enhanced Due Diligence because the customer is classified as a Politically Exposed Person (PEP) or presents elevated AML risk.,Customer C020779 requires Enhanced Due Diligence because the customer is classified as a Politically Exposed Person (PEP) or presents elevated AML risk.,NONE,0,0
B0048813,Q0441546,A0441546,C088309,Can customer C088309 be onboarded?,"Customer C088309 can be approved for onboarding. The customer satisfies KYC requirements, has sufficient verified documentation, and does not require enhanced review.",Customer C088309 requires additional review.,Missing Evidence,1,1
B0048881,Q0175409,A0175409,C035081,Can the account for customer C035081 be approved?,"Customer C035081 can be approved for onboarding. The customer satisfies KYC requirements, has sufficient verified documentation, and does not require enhanced review.","Customer C035081 can be approved for onboarding. The customer satisfies KYC requirements, has sufficient verified documentation, and does not require enhanced review. The customer has a Low AML Risk classification.",Wrong Risk Score,1,1
B0048941,Q0111404,A0111404,C022280,Can the account for customer C022280 be approved?,Customer C022280 must be rejected because the customer appears on a sanctions list and violates AML onboarding requirements.,Customer C022280 requires additional review.,Missing Evidence,1,1
B0049251,Q0312194,A0312194,C062438,Can the account for customer C062438 be approved?,Customer C062438 requires Enhanced Due Diligence because the customer is classified as a Politically Exposed Person (PEP) or presents elevated AML risk.,Customer C062438 requires Enhanced Due Diligence because the customer is classified as a Politically Exposed Person (PEP) or presents elevated AML risk.,NONE,0,0
B0049259,Q0183364,A0183364,C036672,Can the account for customer C036672 be approved?,"Customer C036672 can be approved for onboarding. The customer satisfies KYC requirements, has sufficient verified documentation, and does not require enhanced review.",Customer C036672 requires additional review.,Missing Evidence,1,1
B0049492,Q0251301,A0251301,C050260,Can customer C050260 be onboarded?,"Customer C050260 can be approved for onboarding. The customer satisfies KYC requirements, has sufficient verified documentation, and does not require enhanced review.","Customer C050260 can be approved for onboarding. The customer satisfies KYC requirements, has sufficient verified documentation, and does not require enhanced review.",NONE,0,0
B0049837,Q0154282,A0154282,C030856,What is the AML risk associated with customer C030856?,"Customer C030856 can be approved for onboarding. The customer satisfies KYC requirements, has sufficient verified documentation, and does not require enhanced review.",Customer C030856 requires additional review.,Missing Evidence,1,1
B0050153,Q0453480,A0453480,C090695,What verification steps are required for customer C090695?,Customer C090695 requires Enhanced Due Diligence because the customer is classified as a Politically Exposed Person (PEP) or presents elevated AML risk.,"Customer C090695 requires Enhanced Due Diligence because the customer is classified as a Politically Exposed Person (PEP) or presents elevated AML risk. As per AML Regulation Section 99.7, onboarding must be delayed for 90 days.",Fabricated Regulation,1,1
B0050215,Q0436221,A0436221,C087244,Can customer C087244 be onboarded?,"Customer C087244 can be approved for onboarding. The customer satisfies KYC requirements, has sufficient verified documentation, and does not require enhanced review.",Customer C087244 must be rejected due to AML concerns.,Contradiction,1,1
B0050374,Q0421521,A0421521,C084304,Can customer C084304 be onboarded?,"Customer C084304 can be approved for onboarding. The customer satisfies KYC requirements, has sufficient verified documentation, and does not require enhanced review.","Customer C084304 can be approved for onboarding. The customer satisfies KYC requirements, has sufficient verified documentation, and does not require enhanced review. The customer has a Low AML Risk classification.",Wrong Risk Score,1,1
B0050485,Q0070542,A0070542,C014108,What is the AML risk associated with customer C014108?,Customer C014108 requires Enhanced Due Diligence because the customer is classified as a Politically Exposed Person (PEP) or presents elevated AML risk.,"Customer C014108 requires Enhanced Due Diligence because the customer is classified as a Politically Exposed Person (PEP) or presents elevated AML risk. As per AML Regulation Section 99.7, onboarding must be delayed for 90 days.",Fabricated Regulation,1,1
B0050825,Q0270602,A0270602,C054120,What is the AML risk associated with customer C054120?,Customer C054120 must be rejected because the customer appears on a sanctions list and violates AML onboarding requirements.,Customer C054120 must be rejected because the customer appears on a sanctions list and violates AML onboarding requirements.,NONE,0,0
B0051038,Q0192860,A0192860,C038571,What verification steps are required for customer C038571?,"Customer C038571 can be approved for onboarding. The customer satisfies KYC requirements, has sufficient verified documentation, and does not require enhanced review.","Customer C038571 can be approved for onboarding. The customer satisfies KYC requirements, has sufficient verified documentation, and does not require enhanced review.",NONE,0,0
B0051075,Q0113835,A0113835,C022766,What verification steps are required for customer C022766?,"Customer C022766 can be approved for onboarding. The customer satisfies KYC requirements, has sufficient verified documentation, and does not require enhanced review.","Customer C022766 can be approved for onboarding. The customer satisfies KYC requirements, has sufficient verified documentation, and does not require enhanced review. As per AML Regulation Section 99.7, onboarding must be delayed for 90 days.",Fabricated Regulation,1,1
B0051101,Q0106093,A0106093,C021218,Should Enhanced Due Diligence be applied to customer C021218?,"Customer C021218 can be approved for onboarding. The customer satisfies KYC requirements, has sufficient verified documentation, and does not require enhanced review.","Customer C021218 can be approved for onboarding. The customer satisfies KYC requirements, has sufficient verified documentation, and does not require enhanced review.",NONE,0,0
B0051165,Q0208874,A0208874,C041774,Can the account for customer C041774 be approved?,"Customer C041774 can be approved for onboarding. The customer satisfies KYC requirements, has sufficient verified documentation, and does not require enhanced review.","Customer C041774 can be approved for onboarding. The customer satisfies KYC requirements, has sufficient verified documentation, and does not require enhanced review. The customer was previously investigated for international money laundering activities.",Unsupported Claim,1,1
B0051396,Q0488117,A0488117,C097623,What is the AML risk associated with customer C097623?,Customer C097623 should be escalated for manual review due to elevated risk indicators requiring additional investigation.,Customer C097623 should be escalated for manual review due to elevated risk indicators requiring additional investigation.,NONE,0,0
B0051533,Q0395662,A0395662,C079132,What is the AML risk associated with customer C079132?,"Customer C079132 can be approved for onboarding. The customer satisfies KYC requirements, has sufficient verified documentation, and does not require enhanced review.",Customer C079132 requires additional review.,Missing Evidence,1,1
B0051719,Q0480820,A0480820,C096163,What verification steps are required for customer C096163?,Customer C096163 requires Enhanced Due Diligence because the customer is classified as a Politically Exposed Person (PEP) or presents elevated AML risk.,"Customer C096163 requires Enhanced Due Diligence because the customer is classified as a Politically Exposed Person (PEP) or presents elevated AML risk. As per AML Regulation Section 99.7, onboarding must be delayed for 90 days.",Fabricated Regulation,1,1
B0052080,Q0031178,A0031178,C006235,Should Enhanced Due Diligence be applied to customer C006235?,"Customer C006235 can be approved for onboarding. The customer satisfies KYC requirements, has sufficient verified documentation, and does not require enhanced review.","Customer C006235 can be approved for onboarding. The customer satisfies KYC requirements, has sufficient verified documentation, and does not require enhanced review.",NONE,0,0
B0052151,Q0211299,A0211299,C042259,Can the account for customer C042259 be approved?,Customer C042259 requires Enhanced Due Diligence because the customer is classified as a Politically Exposed Person (PEP) or presents elevated AML risk.,Customer C042259 requires Enhanced Due Diligence because the customer is classified as a Politically Exposed Person (PEP) or presents elevated AML risk. The customer was previously investigated for international money laundering activities.,Unsupported Claim,1,1
B0052155,Q0188957,A0188957,C037791,What is the AML risk associated with customer C037791?,"Customer C037791 can be approved for onboarding. The customer satisfies KYC requirements, has sufficient verified documentation, and does not require enhanced review.","Customer C037791 can be approved for onboarding. The customer satisfies KYC requirements, has sufficient verified documentation, and does not require enhanced review.",NONE,0,0
B0052419,Q0419316,A0419316,C083863,Can customer C083863 be onboarded?,Customer C083863 should be escalated for manual review due to elevated risk indicators requiring additional investigation.,"Customer C083863 should be escalated for manual review due to elevated risk indicators requiring additional investigation. As per AML Regulation Section 99.7, onboarding must be delayed for 90 days.",Fabricated Regulation,1,1
B0052748,Q0479226,A0479226,C095845,Can customer C095845 be onboarded?,"Customer C095845 can be approved for onboarding. The customer satisfies KYC requirements, has sufficient verified documentation, and does not require enhanced review.","Customer C095845 can be approved for onboarding. The customer satisfies KYC requirements, has sufficient verified documentation, and does not require enhanced review. As per AML Regulation Section 99.7, onboarding must be delayed for 90 days.",Fabricated Regulation,1,1
B0053261,Q0068957,A0068957,C013791,What is the AML risk associated with customer C013791?,Customer C013791 requires Enhanced Due Diligence because the customer is classified as a Politically Exposed Person (PEP) or presents elevated AML risk.,Customer C013791 requires Enhanced Due Diligence because the customer is classified as a Politically Exposed Person (PEP) or presents elevated AML risk.,NONE,0,0
B0053424,Q0200740,A0200740,C040147,What verification steps are required for customer C040147?,Customer C040147 requires Enhanced Due Diligence because the customer is classified as a Politically Exposed Person (PEP) or presents elevated AML risk.,Customer C040147 requires Enhanced Due Diligence because the customer is classified as a Politically Exposed Person (PEP) or presents elevated AML risk. The customer has a Low AML Risk classification.,Wrong Risk Score,1,1
B0053645,Q0392179,A0392179,C078435,Can the account for customer C078435 be approved?,"Customer C078435 can be approved for onboarding. The customer satisfies KYC requirements, has sufficient verified documentation, and does not require enhanced review.","Customer C078435 can be approved for onboarding. The customer satisfies KYC requirements, has sufficient verified documentation, and does not require enhanced review. The customer was previously investigated for international money laundering activities.",Unsupported Claim,1,1
B0053837,Q0133841,A0133841,C026768,Can customer C026768 be onboarded?,"Customer C026768 can be approved for onboarding. The customer satisfies KYC requirements, has sufficient verified documentation, and does not require enhanced review.","Customer C026768 can be approved for onboarding. The customer satisfies KYC requirements, has sufficient verified documentation, and does not require enhanced review. The customer was previously investigated for international money laundering activities.",Unsupported Claim,1,1
B0053886,Q0392154,A0392154,C078430,Can the account for customer C078430 be approved?,Customer C078430 requires Enhanced Due Diligence because the customer is classified as a Politically Exposed Person (PEP) or presents elevated AML risk.,Customer C078430 requires no enhanced review.,Contradiction,1,1
B0053929,Q0343801,A0343801,C068760,Can customer C068760 be onboarded?,"Customer C068760 can be approved for onboarding. The customer satisfies KYC requirements, has sufficient verified documentation, and does not require enhanced review.","Customer C068760 can be approved for onboarding. The customer satisfies KYC requirements, has sufficient verified documentation, and does not require enhanced review.",NONE,0,0
B0054075,Q0309788,A0309788,C061957,Should Enhanced Due Diligence be applied to customer C061957?,Customer C061957 requires Enhanced Due Diligence because the customer is classified as a Politically Exposed Person (PEP) or presents elevated AML risk.,Customer C061957 requires Enhanced Due Diligence because the customer is classified as a Politically Exposed Person (PEP) or presents elevated AML risk. The customer was previously investigated for international money laundering activities.,Unsupported Claim,1,1
B0054088,Q0379650,A0379650,C075929,What verification steps are required for customer C075929?,Customer C075929 requires Enhanced Due Diligence because the customer is classified as a Politically Exposed Person (PEP) or presents elevated AML risk.,"Customer C075929 requires Enhanced Due Diligence because the customer is classified as a Politically Exposed Person (PEP) or presents elevated AML risk. As per AML Regulation Section 99.7, onboarding must be delayed for 90 days.",Fabricated Regulation,1,1
B0054147,Q0196208,A0196208,C039241,Should Enhanced Due Diligence be applied to customer C039241?,"Customer C039241 can be approved for onboarding. The customer satisfies KYC requirements, has sufficient verified documentation, and does not require enhanced review.","Customer C039241 can be approved for onboarding. The customer satisfies KYC requirements, has sufficient verified documentation, and does not require enhanced review.",NONE,0,0
B0054186,Q0092428,A0092428,C018485,Should Enhanced Due Diligence be applied to customer C018485?,"Customer C018485 can be approved for onboarding. The customer satisfies KYC requirements, has sufficient verified documentation, and does not require enhanced review.","Customer C018485 can be approved for onboarding. The customer satisfies KYC requirements, has sufficient verified documentation, and does not require enhanced review.",NONE,0,0
B0054233,Q0407527,A0407527,C081505,What is the AML risk associated with customer C081505?,"Customer C081505 can be approved for onboarding. The customer satisfies KYC requirements, has sufficient verified documentation, and does not require enhanced review.","Customer C081505 can be approved for onboarding. The customer satisfies KYC requirements, has sufficient verified documentation, and does not require enhanced review.",NONE,0,0
B0054580,Q0233166,A0233166,C046633,Can customer C046633 be onboarded?,"Customer C046633 can be approved for onboarding. The customer satisfies KYC requirements, has sufficient verified documentation, and does not require enhanced review.","Customer C046633 can be approved for onboarding. The customer satisfies KYC requirements, has sufficient verified documentation, and does not require enhanced review. The customer has a Low AML Risk classification.",Wrong Risk Score,1,1
B0054605,Q0189629,A0189629,C037925,Can the account for customer C037925 be approved?,"Customer C037925 can be approved for onboarding. The customer satisfies KYC requirements, has sufficient verified documentation, and does not require enhanced review.","Customer C037925 can be approved for onboarding. The customer satisfies KYC requirements, has sufficient verified documentation, and does not require enhanced review. The customer has a Low AML Risk classification.",Wrong Risk Score,1,1
B0054608,Q0202207,A0202207,C040441,What is the AML risk associated with customer C040441?,Customer C040441 should be escalated for manual review due to elevated risk indicators requiring additional investigation.,Customer C040441 should be escalated for manual review due to elevated risk indicators requiring additional investigation.,NONE,0,0
B0054614,Q0090047,A0090047,C018009,What is the AML risk associated with customer C018009?,"Customer C018009 can be approved for onboarding. The customer satisfies KYC requirements, has sufficient verified documentation, and does not require enhanced review.","Customer C018009 can be approved for onboarding. The customer satisfies KYC requirements, has sufficient verified documentation, and does not require enhanced review.",NONE,0,0
B0054950,Q0485540,A0485540,C097107,What verification steps are required for customer C097107?,"Customer C097107 can be approved for onboarding. The customer satisfies KYC requirements, has sufficient verified documentation, and does not require enhanced review.","Customer C097107 can be approved for onboarding. The customer satisfies KYC requirements, has sufficient verified documentation, and does not require enhanced review.",NONE,0,0
B0055046,Q0157689,A0157689,C031537,Can the account for customer C031537 be approved?,Customer C031537 requires Enhanced Due Diligence because the customer is classified as a Politically Exposed Person (PEP) or presents elevated AML risk.,Customer C031537 requires Enhanced Due Diligence because the customer is classified as a Politically Exposed Person (PEP) or presents elevated AML risk. The customer has a Low AML Risk classification.,Wrong Risk Score,1,1
B0055316,Q0041223,A0041223,C008244,Should Enhanced Due Diligence be applied to customer C008244?,"Customer C008244 can be approved for onboarding. The customer satisfies KYC requirements, has sufficient verified documentation, and does not require enhanced review.","Customer C008244 can be approved for onboarding. The customer satisfies KYC requirements, has sufficient verified documentation, and does not require enhanced review. As per AML Regulation Section 99.7, onboarding must be delayed for 90 days.",Fabricated Regulation,1,1
B0055321,Q0216991,A0216991,C043398,Can customer C043398 be onboarded?,"Customer C043398 can be approved for onboarding. The customer satisfies KYC requirements, has sufficient verified documentation, and does not require enhanced review.","Customer C043398 can be approved for onboarding. The customer satisfies KYC requirements, has sufficient verified documentation, and does not require enhanced review. The customer was previously investigated for international money laundering activities.",Unsupported Claim,1,1
B0055386,Q0047753,A0047753,C009550,Should Enhanced Due Diligence be applied to customer C009550?,"Customer C009550 can be approved for onboarding. The customer satisfies KYC requirements, has sufficient verified documentation, and does not require enhanced review.","Customer C009550 can be approved for onboarding. The customer satisfies KYC requirements, has sufficient verified documentation, and does not require enhanced review.",NONE,0,0
B0055436,Q0132581,A0132581,C026516,Can customer C026516 be onboarded?,"Customer C026516 can be approved for onboarding. The customer satisfies KYC requirements, has sufficient verified documentation, and does not require enhanced review.",Customer C026516 must be rejected due to AML concerns.,Contradiction,1,1
B0055588,Q0315030,A0315030,C063005,What verification steps are required for customer C063005?,Customer C063005 requires Enhanced Due Diligence because the customer is classified as a Politically Exposed Person (PEP) or presents elevated AML risk.,"Customer C063005 requires Enhanced Due Diligence because the customer is classified as a Politically Exposed Person (PEP) or presents elevated AML risk. As per AML Regulation Section 99.7, onboarding must be delayed for 90 days.",Fabricated Regulation,1,1
B0055831,Q0181611,A0181611,C036322,Can customer C036322 be onboarded?,"Customer C036322 can be approved for onboarding. The customer satisfies KYC requirements, has sufficient verified documentation, and does not require enhanced review.","Customer C036322 can be approved for onboarding. The customer satisfies KYC requirements, has sufficient verified documentation, and does not require enhanced review. As per AML Regulation Section 99.7, onboarding must be delayed for 90 days.",Fabricated Regulation,1,1
B0056051,Q0129539,A0129539,C025907,Can the account for customer C025907 be approved?,"Customer C025907 can be approved for onboarding. The customer satisfies KYC requirements, has sufficient verified documentation, and does not require enhanced review.",Customer C025907 must be rejected due to AML concerns.,Contradiction,1,1
B0056407,Q0306389,A0306389,C061277,Can the account for customer C061277 be approved?,Customer C061277 should be escalated for manual review due to elevated risk indicators requiring additional investigation.,Customer C061277 should be escalated for manual review due to elevated risk indicators requiring additional investigation. The customer was previously investigated for international money laundering activities.,Unsupported Claim,1,1
B0056635,Q0265001,A0265001,C053000,Can customer C053000 be onboarded?,"Customer C053000 can be approved for onboarding. The customer satisfies KYC requirements, has sufficient verified documentation, and does not require enhanced review.","Customer C053000 can be approved for onboarding. The customer satisfies KYC requirements, has sufficient verified documentation, and does not require enhanced review.",NONE,0,0
B0056695,Q0048432,A0048432,C009686,What is the AML risk associated with customer C009686?,"Customer C009686 can be approved for onboarding. The customer satisfies KYC requirements, has sufficient verified documentation, and does not require enhanced review.","Customer C009686 can be approved for onboarding. The customer satisfies KYC requirements, has sufficient verified documentation, and does not require enhanced review. As per AML Regulation Section 99.7, onboarding must be delayed for 90 days.",Fabricated Regulation,1,1
B0056717,Q0140352,A0140352,C028070,What is the AML risk associated with customer C028070?,"Customer C028070 can be approved for onboarding. The customer satisfies KYC requirements, has sufficient verified documentation, and does not require enhanced review.","Customer C028070 can be approved for onboarding. The customer satisfies KYC requirements, has sufficient verified documentation, and does not require enhanced review. The customer was previously investigated for international money laundering activities.",Unsupported Claim,1,1
B0056937,Q0115346,A0115346,C023069,Can customer C023069 be onboarded?,Customer C023069 must be rejected because the customer appears on a sanctions list and violates AML onboarding requirements.,Customer C023069 must be rejected because the customer appears on a sanctions list and violates AML onboarding requirements. The customer was previously investigated for international money laundering activities.,Unsupported Claim,1,1
B0057366,Q0199075,A0199075,C039814,What verification steps are required for customer C039814?,"Customer C039814 can be approved for onboarding. The customer satisfies KYC requirements, has sufficient verified documentation, and does not require enhanced review.","Customer C039814 can be approved for onboarding. The customer satisfies KYC requirements, has sufficient verified documentation, and does not require enhanced review. The customer has a Low AML Risk classification.",Wrong Risk Score,1,1
B0057394,Q0424797,A0424797,C084959,What is the AML risk associated with customer C084959?,Customer C084959 requires Enhanced Due Diligence because the customer is classified as a Politically Exposed Person (PEP) or presents elevated AML risk.,Customer C084959 requires no enhanced review.,Contradiction,1,1
B0057484,Q0232344,A0232344,C046468,Can the account for customer C046468 be approved?,"Customer C046468 can be approved for onboarding. The customer satisfies KYC requirements, has sufficient verified documentation, and does not require enhanced review.","Customer C046468 can be approved for onboarding. The customer satisfies KYC requirements, has sufficient verified documentation, and does not require enhanced review.",NONE,0,0
B0057586,Q0121819,A0121819,C024363,Can the account for customer C024363 be approved?,"Customer C024363 can be approved for onboarding. The customer satisfies KYC requirements, has sufficient verified documentation, and does not require enhanced review.","Customer C024363 can be approved for onboarding. The customer satisfies KYC requirements, has sufficient verified documentation, and does not require enhanced review.",NONE,0,0
B0057893,Q0341482,A0341482,C068296,What is the AML risk associated with customer C068296?,"Customer C068296 can be approved for onboarding. The customer satisfies KYC requirements, has sufficient verified documentation, and does not require enhanced review.",Customer C068296 requires additional review.,Missing Evidence,1,1
B0058146,Q0068958,A0068958,C013791,Should Enhanced Due Diligence be applied to customer C013791?,Customer C013791 requires Enhanced Due Diligence because the customer is classified as a Politically Exposed Person (PEP) or presents elevated AML risk.,Customer C013791 requires no enhanced review.,Contradiction,1,1
B0058204,Q0199948,A0199948,C039989,Should Enhanced Due Diligence be applied to customer C039989?,Customer C039989 requires Enhanced Due Diligence because the customer is classified as a Politically Exposed Person (PEP) or presents elevated AML risk.,Customer C039989 requires Enhanced Due Diligence because the customer is classified as a Politically Exposed Person (PEP) or presents elevated AML risk.,NONE,0,0
B0058210,Q0012502,A0012502,C002500,What is the AML risk associated with customer C002500?,"Customer C002500 can be approved for onboarding. The customer satisfies KYC requirements, has sufficient verified documentation, and does not require enhanced review.","Customer C002500 can be approved for onboarding. The customer satisfies KYC requirements, has sufficient verified documentation, and does not require enhanced review.",NONE,0,0
B0058221,Q0458430,A0458430,C091685,What verification steps are required for customer C091685?,Customer C091685 requires Enhanced Due Diligence because the customer is classified as a Politically Exposed Person (PEP) or presents elevated AML risk.,Customer C091685 requires Enhanced Due Diligence because the customer is classified as a Politically Exposed Person (PEP) or presents elevated AML risk. The customer has a Low AML Risk classification.,Wrong Risk Score,1,1
B0058334,Q0412254,A0412254,C082450,Can the account for customer C082450 be approved?,"Customer C082450 can be approved for onboarding. The customer satisfies KYC requirements, has sufficient verified documentation, and does not require enhanced review.",Customer C082450 requires additional review.,Missing Evidence,1,1
B0058552,Q0144225,A0144225,C028844,What verification steps are required for customer C028844?,"Customer C028844 can be approved for onboarding. The customer satisfies KYC requirements, has sufficient verified documentation, and does not require enhanced review.","Customer C028844 can be approved for onboarding. The customer satisfies KYC requirements, has sufficient verified documentation, and does not require enhanced review. As per AML Regulation Section 99.7, onboarding must be delayed for 90 days.",Fabricated Regulation,1,1
B0058558,Q0396198,A0396198,C079239,Should Enhanced Due Diligence be applied to customer C079239?,"Customer C079239 can be approved for onboarding. The customer satisfies KYC requirements, has sufficient verified documentation, and does not require enhanced review.","Customer C079239 can be approved for onboarding. The customer satisfies KYC requirements, has sufficient verified documentation, and does not require enhanced review.",NONE,0,0
B0058669,Q0299728,A0299728,C059945,Should Enhanced Due Diligence be applied to customer C059945?,"Customer C059945 can be approved for onboarding. The customer satisfies KYC requirements, has sufficient verified documentation, and does not require enhanced review.","Customer C059945 can be approved for onboarding. The customer satisfies KYC requirements, has sufficient verified documentation, and does not require enhanced review.",NONE,0,0
B0058697,Q0123452,A0123452,C024690,What is the AML risk associated with customer C024690?,Customer C024690 requires Enhanced Due Diligence because the customer is classified as a Politically Exposed Person (PEP) or presents elevated AML risk.,Customer C024690 requires Enhanced Due Diligence because the customer is classified as a Politically Exposed Person (PEP) or presents elevated AML risk.,NONE,0,0
B0058725,Q0097698,A0097698,C019539,Should Enhanced Due Diligence be applied to customer C019539?,Customer C019539 requires Enhanced Due Diligence because the customer is classified as a Politically Exposed Person (PEP) or presents elevated AML risk.,Customer C019539 requires Enhanced Due Diligence because the customer is classified as a Politically Exposed Person (PEP) or presents elevated AML risk.,NONE,0,0
B0058763,Q0331701,A0331701,C066340,Can customer C066340 be onboarded?,Customer C066340 must be rejected because the customer appears on a sanctions list and violates AML onboarding requirements.,Customer C066340 must be rejected because the customer appears on a sanctions list and violates AML onboarding requirements.,NONE,0,0
B0058914,Q0403363,A0403363,C080672,Should Enhanced Due Diligence be applied to customer C080672?,Customer C080672 requires Enhanced Due Diligence because the customer is classified as a Politically Exposed Person (PEP) or presents elevated AML risk.,Customer C080672 requires Enhanced Due Diligence because the customer is classified as a Politically Exposed Person (PEP) or presents elevated AML risk.,NONE,0,0
B0058922,Q0466659,A0466659,C093331,Can the account for customer C093331 be approved?,"Customer C093331 can be approved for onboarding. The customer satisfies KYC requirements, has sufficient verified documentation, and does not require enhanced review.","Customer C093331 can be approved for onboarding. The customer satisfies KYC requirements, has sufficient verified documentation, and does not require enhanced review. The customer was previously investigated for international money laundering activities.",Unsupported Claim,1,1
B0059233,Q0405223,A0405223,C081044,Should Enhanced Due Diligence be applied to customer C081044?,"Customer C081044 can be approved for onboarding. The customer satisfies KYC requirements, has sufficient verified documentation, and does not require enhanced review.","Customer C081044 can be approved for onboarding. The customer satisfies KYC requirements, has sufficient verified documentation, and does not require enhanced review.",NONE,0,0
B0059449,Q0185495,A0185495,C037098,What verification steps are required for customer C037098?,Customer C037098 requires Enhanced Due Diligence because the customer is classified as a Politically Exposed Person (PEP) or presents elevated AML risk.,Customer C037098 requires Enhanced Due Diligence because the customer is classified as a Politically Exposed Person (PEP) or presents elevated AML risk.,NONE,0,0
B0059506,Q0155778,A0155778,C031155,Should Enhanced Due Diligence be applied to customer C031155?,Customer C031155 requires Enhanced Due Diligence because the customer is classified as a Politically Exposed Person (PEP) or presents elevated AML risk.,Customer C031155 requires no enhanced review.,Contradiction,1,1
B0059527,Q0198137,A0198137,C039627,What is the AML risk associated with customer C039627?,Customer C039627 requires Enhanced Due Diligence because the customer is classified as a Politically Exposed Person (PEP) or presents elevated AML risk.,Customer C039627 requires Enhanced Due Diligence because the customer is classified as a Politically Exposed Person (PEP) or presents elevated AML risk. The customer was previously investigated for international money laundering activities.,Unsupported Claim,1,1
B0059606,Q0484839,A0484839,C096967,Can the account for customer C096967 be approved?,"Customer C096967 can be approved for onboarding. The customer satisfies KYC requirements, has sufficient verified documentation, and does not require enhanced review.","Customer C096967 can be approved for onboarding. The customer satisfies KYC requirements, has sufficient verified documentation, and does not require enhanced review.",NONE,0,0
B0059666,Q0368002,A0368002,C073600,What is the AML risk associated with customer C073600?,"Customer C073600 can be approved for onboarding. The customer satisfies KYC requirements, has sufficient verified documentation, and does not require enhanced review.","Customer C073600 can be approved for onboarding. The customer satisfies KYC requirements, has sufficient verified documentation, and does not require enhanced review. The customer has a Low AML Risk classification.",Wrong Risk Score,1,1
B0059852,Q0342327,A0342327,C068465,What is the AML risk associated with customer C068465?,Customer C068465 must be rejected because the customer appears on a sanctions list and violates AML onboarding requirements.,"Customer C068465 must be rejected because the customer appears on a sanctions list and violates AML onboarding requirements. As per AML Regulation Section 99.7, onboarding must be delayed for 90 days.",Fabricated Regulation,1,1
B0060000,Q0087637,A0087637,C017527,What is the AML risk associated with customer C017527?,"Customer C017527 can be approved for onboarding. The customer satisfies KYC requirements, has sufficient verified documentation, and does not require enhanced review.","Customer C017527 can be approved for onboarding. The customer satisfies KYC requirements, has sufficient verified documentation, and does not require enhanced review. As per AML Regulation Section 99.7, onboarding must be delayed for 90 days.",Fabricated Regulation,1,1
B0060035,Q0109674,A0109674,C021934,Can the account for customer C021934 be approved?,"Customer C021934 can be approved for onboarding. The customer satisfies KYC requirements, has sufficient verified documentation, and does not require enhanced review.",Customer C021934 requires additional review.,Missing Evidence,1,1
B0060088,Q0444673,A0444673,C088934,Should Enhanced Due Diligence be applied to customer C088934?,"Customer C088934 can be approved for onboarding. The customer satisfies KYC requirements, has sufficient verified documentation, and does not require enhanced review.","Customer C088934 can be approved for onboarding. The customer satisfies KYC requirements, has sufficient verified documentation, and does not require enhanced review. As per AML Regulation Section 99.7, onboarding must be delayed for 90 days.",Fabricated Regulation,1,1
B0060093,Q0128316,A0128316,C025663,Can customer C025663 be onboarded?,Customer C025663 requires Enhanced Due Diligence because the customer is classified as a Politically Exposed Person (PEP) or presents elevated AML risk.,"Customer C025663 requires Enhanced Due Diligence because the customer is classified as a Politically Exposed Person (PEP) or presents elevated AML risk. As per AML Regulation Section 99.7, onboarding must be delayed for 90 days.",Fabricated Regulation,1,1
B0060647,Q0245518,A0245518,C049103,Should Enhanced Due Diligence be applied to customer C049103?,Customer C049103 must be rejected because the customer appears on a sanctions list and violates AML onboarding requirements.,"Customer C049103 must be rejected because the customer appears on a sanctions list and violates AML onboarding requirements. As per AML Regulation Section 99.7, onboarding must be delayed for 90 days.",Fabricated Regulation,1,1
B0060847,Q0286992,A0286992,C057398,What is the AML risk associated with customer C057398?,Customer C057398 has insufficient verified documentation. Additional documents are required before onboarding can proceed.,Customer C057398 has insufficient verified documentation. Additional documents are required before onboarding can proceed. The customer was previously investigated for international money laundering activities.,Unsupported Claim,1,1
B0060900,Q0133648,A0133648,C026729,Should Enhanced Due Diligence be applied to customer C026729?,Customer C026729 requires Enhanced Due Diligence because the customer is classified as a Politically Exposed Person (PEP) or presents elevated AML risk.,"Customer C026729 requires Enhanced Due Diligence because the customer is classified as a Politically Exposed Person (PEP) or presents elevated AML risk. As per AML Regulation Section 99.7, onboarding must be delayed for 90 days.",Fabricated Regulation,1,1
B0061040,Q0434898,A0434898,C086979,Should Enhanced Due Diligence be applied to customer C086979?,Customer C086979 requires Enhanced Due Diligence because the customer is classified as a Politically Exposed Person (PEP) or presents elevated AML risk.,Customer C086979 requires no enhanced review.,Contradiction,1,1
B0061123,Q0156730,A0156730,C031345,What verification steps are required for customer C031345?,"Customer C031345 can be approved for onboarding. The customer satisfies KYC requirements, has sufficient verified documentation, and does not require enhanced review.",Customer C031345 must be rejected due to AML concerns.,Contradiction,1,1
B0061167,Q0255765,A0255765,C051152,What verification steps are required for customer C051152?,"Customer C051152 can be approved for onboarding. The customer satisfies KYC requirements, has sufficient verified documentation, and does not require enhanced review.","Customer C051152 can be approved for onboarding. The customer satisfies KYC requirements, has sufficient verified documentation, and does not require enhanced review.",NONE,0,0
B0061475,Q0333399,A0333399,C066679,Can the account for customer C066679 be approved?,Customer C066679 requires Enhanced Due Diligence because the customer is classified as a Politically Exposed Person (PEP) or presents elevated AML risk.,Customer C066679 requires Enhanced Due Diligence because the customer is classified as a Politically Exposed Person (PEP) or presents elevated AML risk. The customer has a Low AML Risk classification.,Wrong Risk Score,1,1
B0061685,Q0410648,A0410648,C082129,Should Enhanced Due Diligence be applied to customer C082129?,Customer C082129 should be escalated for manual review due to elevated risk indicators requiring additional investigation.,Customer C082129 should be escalated for manual review due to elevated risk indicators requiring additional investigation.,NONE,0,0
B0061994,Q0259670,A0259670,C051933,What verification steps are required for customer C051933?,Customer C051933 must be rejected because the customer appears on a sanctions list and violates AML onboarding requirements.,Customer C051933 must be rejected because the customer appears on a sanctions list and violates AML onboarding requirements.,NONE,0,0
B0062132,Q0448673,A0448673,C089734,Should Enhanced Due Diligence be applied to customer C089734?,"Customer C089734 can be approved for onboarding. The customer satisfies KYC requirements, has sufficient verified documentation, and does not require enhanced review.",Customer C089734 requires additional review.,Missing Evidence,1,1
B0062205,Q0382256,A0382256,C076451,Can customer C076451 be onboarded?,Customer C076451 must be rejected because the customer appears on a sanctions list and violates AML onboarding requirements.,Customer C076451 must be rejected because the customer appears on a sanctions list and violates AML onboarding requirements.,NONE,0,0
B0062506,Q0026638,A0026638,C005327,Should Enhanced Due Diligence be applied to customer C005327?,"Customer C005327 can be approved for onboarding. The customer satisfies KYC requirements, has sufficient verified documentation, and does not require enhanced review.","Customer C005327 can be approved for onboarding. The customer satisfies KYC requirements, has sufficient verified documentation, and does not require enhanced review. The customer has a Low AML Risk classification.",Wrong Risk Score,1,1
B0062518,Q0255946,A0255946,C051189,Can customer C051189 be onboarded?,Customer C051189 has insufficient verified documentation. Additional documents are required before onboarding can proceed.,Customer C051189 requires additional review.,Missing Evidence,1,1
B0062557,Q0142772,A0142772,C028554,What is the AML risk associated with customer C028554?,"Customer C028554 can be approved for onboarding. The customer satisfies KYC requirements, has sufficient verified documentation, and does not require enhanced review.",Customer C028554 requires additional review.,Missing Evidence,1,1
B0062593,Q0218483,A0218483,C043696,Should Enhanced Due Diligence be applied to customer C043696?,"Customer C043696 can be approved for onboarding. The customer satisfies KYC requirements, has sufficient verified documentation, and does not require enhanced review.",Customer C043696 requires additional review.,Missing Evidence,1,1
B0063093,Q0258193,A0258193,C051638,Should Enhanced Due Diligence be applied to customer C051638?,Customer C051638 must be rejected because the customer appears on a sanctions list and violates AML onboarding requirements.,"Customer C051638 must be rejected because the customer appears on a sanctions list and violates AML onboarding requirements. As per AML Regulation Section 99.7, onboarding must be delayed for 90 days.",Fabricated Regulation,1,1
B0063190,Q0046885,A0046885,C009376,What verification steps are required for customer C009376?,Customer C009376 requires Enhanced Due Diligence because the customer is classified as a Politically Exposed Person (PEP) or presents elevated AML risk.,"Customer C009376 requires Enhanced Due Diligence because the customer is classified as a Politically Exposed Person (PEP) or presents elevated AML risk. As per AML Regulation Section 99.7, onboarding must be delayed for 90 days.",Fabricated Regulation,1,1
B0063208,Q0468360,A0468360,C093671,What verification steps are required for customer C093671?,Customer C093671 must be rejected because the customer appears on a sanctions list and violates AML onboarding requirements.,Customer C093671 must be rejected because the customer appears on a sanctions list and violates AML onboarding requirements. The customer was previously investigated for international money laundering activities.,Unsupported Claim,1,1
B0063230,Q0012727,A0012727,C002545,What is the AML risk associated with customer C002545?,Customer C002545 must be rejected because the customer appears on a sanctions list and violates AML onboarding requirements.,Customer C002545 requires additional review.,Missing Evidence,1,1
B0063250,Q0193174,A0193174,C038634,Can the account for customer C038634 be approved?,Customer C038634 requires Enhanced Due Diligence because the customer is classified as a Politically Exposed Person (PEP) or presents elevated AML risk.,"Customer C038634 requires Enhanced Due Diligence because the customer is classified as a Politically Exposed Person (PEP) or presents elevated AML risk. As per AML Regulation Section 99.7, onboarding must be delayed for 90 days.",Fabricated Regulation,1,1
B0063410,Q0278062,A0278062,C055612,What is the AML risk associated with customer C055612?,Customer C055612 requires Enhanced Due Diligence because the customer is classified as a Politically Exposed Person (PEP) or presents elevated AML risk.,Customer C055612 requires Enhanced Due Diligence because the customer is classified as a Politically Exposed Person (PEP) or presents elevated AML risk. The customer was previously investigated for international money laundering activities.,Unsupported Claim,1,1
B0063422,Q0013996,A0013996,C002799,Can customer C002799 be onboarded?,"Customer C002799 can be approved for onboarding. The customer satisfies KYC requirements, has sufficient verified documentation, and does not require enhanced review.","Customer C002799 can be approved for onboarding. The customer satisfies KYC requirements, has sufficient verified documentation, and does not require enhanced review. The customer was previously investigated for international money laundering activities.",Unsupported Claim,1,1
B0063618,Q0191925,A0191925,C038384,What verification steps are required for customer C038384?,"Customer C038384 can be approved for onboarding. The customer satisfies KYC requirements, has sufficient verified documentation, and does not require enhanced review.","Customer C038384 can be approved for onboarding. The customer satisfies KYC requirements, has sufficient verified documentation, and does not require enhanced review.",NONE,0,0
B0064222,Q0362432,A0362432,C072486,What is the AML risk associated with customer C072486?,Customer C072486 requires Enhanced Due Diligence because the customer is classified as a Politically Exposed Person (PEP) or presents elevated AML risk.,Customer C072486 requires no enhanced review.,Contradiction,1,1
B0064252,Q0040477,A0040477,C008095,What is the AML risk associated with customer C008095?,"Customer C008095 can be approved for onboarding. The customer satisfies KYC requirements, has sufficient verified documentation, and does not require enhanced review.",Customer C008095 must be rejected due to AML concerns.,Contradiction,1,1
B0064542,Q0460977,A0460977,C092195,What is the AML risk associated with customer C092195?,Customer C092195 requires Enhanced Due Diligence because the customer is classified as a Politically Exposed Person (PEP) or presents elevated AML risk.,Customer C092195 requires Enhanced Due Diligence because the customer is classified as a Politically Exposed Person (PEP) or presents elevated AML risk.,NONE,0,0
B0064560,Q0462581,A0462581,C092516,Can customer C092516 be onboarded?,"Customer C092516 can be approved for onboarding. The customer satisfies KYC requirements, has sufficient verified documentation, and does not require enhanced review.","Customer C092516 can be approved for onboarding. The customer satisfies KYC requirements, has sufficient verified documentation, and does not require enhanced review. The customer has a Low AML Risk classification.",Wrong Risk Score,1,1
B0064679,Q0189112,A0189112,C037822,What is the AML risk associated with customer C037822?,Customer C037822 requires Enhanced Due Diligence because the customer is classified as a Politically Exposed Person (PEP) or presents elevated AML risk.,Customer C037822 requires Enhanced Due Diligence because the customer is classified as a Politically Exposed Person (PEP) or presents elevated AML risk.,NONE,0,0
B0064920,Q0033525,A0033525,C006704,What verification steps are required for customer C006704?,"Customer C006704 can be approved for onboarding. The customer satisfies KYC requirements, has sufficient verified documentation, and does not require enhanced review.","Customer C006704 can be approved for onboarding. The customer satisfies KYC requirements, has sufficient verified documentation, and does not require enhanced review. The customer was previously investigated for international money laundering activities.",Unsupported Claim,1,1
B0065063,Q0488371,A0488371,C097674,Can customer C097674 be onboarded?,"Customer C097674 can be approved for onboarding. The customer satisfies KYC requirements, has sufficient verified documentation, and does not require enhanced review.",Customer C097674 must be rejected due to AML concerns.,Contradiction,1,1
B0065151,Q0462073,A0462073,C092414,Should Enhanced Due Diligence be applied to customer C092414?,Customer C092414 requires Enhanced Due Diligence because the customer is classified as a Politically Exposed Person (PEP) or presents elevated AML risk.,Customer C092414 requires Enhanced Due Diligence because the customer is classified as a Politically Exposed Person (PEP) or presents elevated AML risk.,NONE,0,0
B0065186,Q0283061,A0283061,C056612,Can customer C056612 be onboarded?,Customer C056612 requires Enhanced Due Diligence because the customer is classified as a Politically Exposed Person (PEP) or presents elevated AML risk.,Customer C056612 requires Enhanced Due Diligence because the customer is classified as a Politically Exposed Person (PEP) or presents elevated AML risk. The customer has a Low AML Risk classification.,Wrong Risk Score,1,1
B0065247,Q0380542,A0380542,C076108,What is the AML risk associated with customer C076108?,"Customer C076108 can be approved for onboarding. The customer satisfies KYC requirements, has sufficient verified documentation, and does not require enhanced review.","Customer C076108 can be approved for onboarding. The customer satisfies KYC requirements, has sufficient verified documentation, and does not require enhanced review. The customer was previously investigated for international money laundering activities.",Unsupported Claim,1,1
B0065481,Q0006153,A0006153,C001230,Should Enhanced Due Diligence be applied to customer C001230?,"Customer C001230 can be approved for onboarding. The customer satisfies KYC requirements, has sufficient verified documentation, and does not require enhanced review.","Customer C001230 can be approved for onboarding. The customer satisfies KYC requirements, has sufficient verified documentation, and does not require enhanced review. The customer has a Low AML Risk classification.",Wrong Risk Score,1,1
B0065603,Q0204294,A0204294,C040858,Can the account for customer C040858 be approved?,"Customer C040858 can be approved for onboarding. The customer satisfies KYC requirements, has sufficient verified documentation, and does not require enhanced review.","Customer C040858 can be approved for onboarding. The customer satisfies KYC requirements, has sufficient verified documentation, and does not require enhanced review. As per AML Regulation Section 99.7, onboarding must be delayed for 90 days.",Fabricated Regulation,1,1
B0065623,Q0304728,A0304728,C060945,Should Enhanced Due Diligence be applied to customer C060945?,"Customer C060945 can be approved for onboarding. The customer satisfies KYC requirements, has sufficient verified documentation, and does not require enhanced review.",Customer C060945 requires additional review.,Missing Evidence,1,1
B0065640,Q0314614,A0314614,C062922,Can the account for customer C062922 be approved?,Customer C062922 requires Enhanced Due Diligence because the customer is classified as a Politically Exposed Person (PEP) or presents elevated AML risk.,Customer C062922 requires Enhanced Due Diligence because the customer is classified as a Politically Exposed Person (PEP) or presents elevated AML risk.,NONE,0,0
B0065676,Q0013399,A0013399,C002679,Can the account for customer C002679 be approved?,"Customer C002679 can be approved for onboarding. The customer satisfies KYC requirements, has sufficient verified documentation, and does not require enhanced review.","Customer C002679 can be approved for onboarding. The customer satisfies KYC requirements, has sufficient verified documentation, and does not require enhanced review.",NONE,0,0
B0065763,Q0190797,A0190797,C038159,What is the AML risk associated with customer C038159?,"Customer C038159 can be approved for onboarding. The customer satisfies KYC requirements, has sufficient verified documentation, and does not require enhanced review.","Customer C038159 can be approved for onboarding. The customer satisfies KYC requirements, has sufficient verified documentation, and does not require enhanced review.",NONE,0,0
B0066043,Q0011548,A0011548,C002309,Should Enhanced Due Diligence be applied to customer C002309?,"Customer C002309 can be approved for onboarding. The customer satisfies KYC requirements, has sufficient verified documentation, and does not require enhanced review.",Customer C002309 must be rejected due to AML concerns.,Contradiction,1,1
B0066180,Q0320979,A0320979,C064195,Can the account for customer C064195 be approved?,Customer C064195 should be escalated for manual review due to elevated risk indicators requiring additional investigation.,Customer C064195 should be escalated for manual review due to elevated risk indicators requiring additional investigation.,NONE,0,0
B0066213,Q0196585,A0196585,C039316,What verification steps are required for customer C039316?,"Customer C039316 can be approved for onboarding. The customer satisfies KYC requirements, has sufficient verified documentation, and does not require enhanced review.","Customer C039316 can be approved for onboarding. The customer satisfies KYC requirements, has sufficient verified documentation, and does not require enhanced review. The customer has a Low AML Risk classification.",Wrong Risk Score,1,1
B0066665,Q0324914,A0324914,C064982,Can the account for customer C064982 be approved?,Customer C064982 requires Enhanced Due Diligence because the customer is classified as a Politically Exposed Person (PEP) or presents elevated AML risk.,Customer C064982 requires Enhanced Due Diligence because the customer is classified as a Politically Exposed Person (PEP) or presents elevated AML risk. The customer was previously investigated for international money laundering activities.,Unsupported Claim,1,1
B0066849,Q0183632,A0183632,C036726,What is the AML risk associated with customer C036726?,"Customer C036726 can be approved for onboarding. The customer satisfies KYC requirements, has sufficient verified documentation, and does not require enhanced review.","Customer C036726 can be approved for onboarding. The customer satisfies KYC requirements, has sufficient verified documentation, and does not require enhanced review.",NONE,0,0
B0066983,Q0113936,A0113936,C022787,Can customer C022787 be onboarded?,"Customer C022787 can be approved for onboarding. The customer satisfies KYC requirements, has sufficient verified documentation, and does not require enhanced review.","Customer C022787 can be approved for onboarding. The customer satisfies KYC requirements, has sufficient verified documentation, and does not require enhanced review.",NONE,0,0
B0067014,Q0321005,A0321005,C064200,What verification steps are required for customer C064200?,Customer C064200 requires Enhanced Due Diligence because the customer is classified as a Politically Exposed Person (PEP) or presents elevated AML risk.,Customer C064200 requires Enhanced Due Diligence because the customer is classified as a Politically Exposed Person (PEP) or presents elevated AML risk.,NONE,0,0
B0067033,Q0366090,A0366090,C073217,What verification steps are required for customer C073217?,Customer C073217 requires Enhanced Due Diligence because the customer is classified as a Politically Exposed Person (PEP) or presents elevated AML risk.,"Customer C073217 requires Enhanced Due Diligence because the customer is classified as a Politically Exposed Person (PEP) or presents elevated AML risk. As per AML Regulation Section 99.7, onboarding must be delayed for 90 days.",Fabricated Regulation,1,1
B0067238,Q0341021,A0341021,C068204,Can customer C068204 be onboarded?,Customer C068204 should be escalated for manual review due to elevated risk indicators requiring additional investigation.,Customer C068204 should be escalated for manual review due to elevated risk indicators requiring additional investigation. The customer has a Low AML Risk classification.,Wrong Risk Score,1,1
B0067316,Q0066759,A0066759,C013351,Can the account for customer C013351 be approved?,"Customer C013351 can be approved for onboarding. The customer satisfies KYC requirements, has sufficient verified documentation, and does not require enhanced review.","Customer C013351 can be approved for onboarding. The customer satisfies KYC requirements, has sufficient verified documentation, and does not require enhanced review.",NONE,0,0
B0067468,Q0387068,A0387068,C077413,Should Enhanced Due Diligence be applied to customer C077413?,"Customer C077413 can be approved for onboarding. The customer satisfies KYC requirements, has sufficient verified documentation, and does not require enhanced review.","Customer C077413 can be approved for onboarding. The customer satisfies KYC requirements, has sufficient verified documentation, and does not require enhanced review.",NONE,0,0
B0067500,Q0344900,A0344900,C068979,What verification steps are required for customer C068979?,"Customer C068979 can be approved for onboarding. The customer satisfies KYC requirements, has sufficient verified documentation, and does not require enhanced review.","Customer C068979 can be approved for onboarding. The customer satisfies KYC requirements, has sufficient verified documentation, and does not require enhanced review. As per AML Regulation Section 99.7, onboarding must be delayed for 90 days.",Fabricated Regulation,1,1
B0067547,Q0250864,A0250864,C050172,Can the account for customer C050172 be approved?,"Customer C050172 can be approved for onboarding. The customer satisfies KYC requirements, has sufficient verified documentation, and does not require enhanced review.","Customer C050172 can be approved for onboarding. The customer satisfies KYC requirements, has sufficient verified documentation, and does not require enhanced review. The customer was previously investigated for international money laundering activities.",Unsupported Claim,1,1
B0067667,Q0292109,A0292109,C058421,Can the account for customer C058421 be approved?,"Customer C058421 can be approved for onboarding. The customer satisfies KYC requirements, has sufficient verified documentation, and does not require enhanced review.","Customer C058421 can be approved for onboarding. The customer satisfies KYC requirements, has sufficient verified documentation, and does not require enhanced review.",NONE,0,0
B0067809,Q0384387,A0384387,C076877,What is the AML risk associated with customer C076877?,"Customer C076877 can be approved for onboarding. The customer satisfies KYC requirements, has sufficient verified documentation, and does not require enhanced review.","Customer C076877 can be approved for onboarding. The customer satisfies KYC requirements, has sufficient verified documentation, and does not require enhanced review.",NONE,0,0
B0067898,Q0202791,A0202791,C040558,Can customer C040558 be onboarded?,Customer C040558 requires Enhanced Due Diligence because the customer is classified as a Politically Exposed Person (PEP) or presents elevated AML risk.,Customer C040558 requires Enhanced Due Diligence because the customer is classified as a Politically Exposed Person (PEP) or presents elevated AML risk. The customer has a Low AML Risk classification.,Wrong Risk Score,1,1
B0067918,Q0414987,A0414987,C082997,What is the AML risk associated with customer C082997?,Customer C082997 requires Enhanced Due Diligence because the customer is classified as a Politically Exposed Person (PEP) or presents elevated AML risk.,Customer C082997 requires Enhanced Due Diligence because the customer is classified as a Politically Exposed Person (PEP) or presents elevated AML risk. The customer has a Low AML Risk classification.,Wrong Risk Score,1,1
B0068094,Q0388514,A0388514,C077702,Can the account for customer C077702 be approved?,"Customer C077702 can be approved for onboarding. The customer satisfies KYC requirements, has sufficient verified documentation, and does not require enhanced review.","Customer C077702 can be approved for onboarding. The customer satisfies KYC requirements, has sufficient verified documentation, and does not require enhanced review. As per AML Regulation Section 99.7, onboarding must be delayed for 90 days.",Fabricated Regulation,1,1
B0068284,Q0027792,A0027792,C005558,What is the AML risk associated with customer C005558?,"Customer C005558 can be approved for onboarding. The customer satisfies KYC requirements, has sufficient verified documentation, and does not require enhanced review.","Customer C005558 can be approved for onboarding. The customer satisfies KYC requirements, has sufficient verified documentation, and does not require enhanced review. The customer was previously investigated for international money laundering activities.",Unsupported Claim,1,1
B0068391,Q0123383,A0123383,C024676,Should Enhanced Due Diligence be applied to customer C024676?,"Customer C024676 can be approved for onboarding. The customer satisfies KYC requirements, has sufficient verified documentation, and does not require enhanced review.","Customer C024676 can be approved for onboarding. The customer satisfies KYC requirements, has sufficient verified documentation, and does not require enhanced review. The customer was previously investigated for international money laundering activities.",Unsupported Claim,1,1
B0068405,Q0334109,A0334109,C066821,Can the account for customer C066821 be approved?,Customer C066821 requires Enhanced Due Diligence because the customer is classified as a Politically Exposed Person (PEP) or presents elevated AML risk.,Customer C066821 requires additional review.,Missing Evidence,1,1
B0068429,Q0165033,A0165033,C033006,Should Enhanced Due Diligence be applied to customer C033006?,Customer C033006 has insufficient verified documentation. Additional documents are required before onboarding can proceed.,"Customer C033006 has insufficient verified documentation. Additional documents are required before onboarding can proceed. As per AML Regulation Section 99.7, onboarding must be delayed for 90 days.",Fabricated Regulation,1,1
B0068714,Q0458981,A0458981,C091796,Can customer C091796 be onboarded?,"Customer C091796 can be approved for onboarding. The customer satisfies KYC requirements, has sufficient verified documentation, and does not require enhanced review.",Customer C091796 requires additional review.,Missing Evidence,1,1
B0068749,Q0158429,A0158429,C031685,Can the account for customer C031685 be approved?,"Customer C031685 can be approved for onboarding. The customer satisfies KYC requirements, has sufficient verified documentation, and does not require enhanced review.","Customer C031685 can be approved for onboarding. The customer satisfies KYC requirements, has sufficient verified documentation, and does not require enhanced review. The customer was previously investigated for international money laundering activities.",Unsupported Claim,1,1
B0068847,Q0464296,A0464296,C092859,Can customer C092859 be onboarded?,"Customer C092859 can be approved for onboarding. The customer satisfies KYC requirements, has sufficient verified documentation, and does not require enhanced review.","Customer C092859 can be approved for onboarding. The customer satisfies KYC requirements, has sufficient verified documentation, and does not require enhanced review.",NONE,0,0
B0068893,Q0437957,A0437957,C087591,What is the AML risk associated with customer C087591?,"Customer C087591 can be approved for onboarding. The customer satisfies KYC requirements, has sufficient verified documentation, and does not require enhanced review.",Customer C087591 requires additional review.,Missing Evidence,1,1
B0069081,Q0446086,A0446086,C089217,Can customer C089217 be onboarded?,"Customer C089217 can be approved for onboarding. The customer satisfies KYC requirements, has sufficient verified documentation, and does not require enhanced review.",Customer C089217 requires additional review.,Missing Evidence,1,1
B0069135,Q0224276,A0224276,C044855,Can customer C044855 be onboarded?,Customer C044855 requires Enhanced Due Diligence because the customer is classified as a Politically Exposed Person (PEP) or presents elevated AML risk.,Customer C044855 requires additional review.,Missing Evidence,1,1
B0069228,Q0229318,A0229318,C045863,Should Enhanced Due Diligence be applied to customer C045863?,Customer C045863 requires Enhanced Due Diligence because the customer is classified as a Politically Exposed Person (PEP) or presents elevated AML risk.,Customer C045863 requires Enhanced Due Diligence because the customer is classified as a Politically Exposed Person (PEP) or presents elevated AML risk. The customer has a Low AML Risk classification.,Wrong Risk Score,1,1
B0069338,Q0490670,A0490670,C098133,What verification steps are required for customer C098133?,"Customer C098133 can be approved for onboarding. The customer satisfies KYC requirements, has sufficient verified documentation, and does not require enhanced review.","Customer C098133 can be approved for onboarding. The customer satisfies KYC requirements, has sufficient verified documentation, and does not require enhanced review.",NONE,0,0
B0069348,Q0318593,A0318593,C063718,Should Enhanced Due Diligence be applied to customer C063718?,"Customer C063718 can be approved for onboarding. The customer satisfies KYC requirements, has sufficient verified documentation, and does not require enhanced review.","Customer C063718 can be approved for onboarding. The customer satisfies KYC requirements, has sufficient verified documentation, and does not require enhanced review.",NONE,0,0
B0069403,Q0316343,A0316343,C063268,Should Enhanced Due Diligence be applied to customer C063268?,"Customer C063268 can be approved for onboarding. The customer satisfies KYC requirements, has sufficient verified documentation, and does not require enhanced review.","Customer C063268 can be approved for onboarding. The customer satisfies KYC requirements, has sufficient verified documentation, and does not require enhanced review.",NONE,0,0
B0069421,Q0017857,A0017857,C003571,What is the AML risk associated with customer C003571?,Customer C003571 requires Enhanced Due Diligence because the customer is classified as a Politically Exposed Person (PEP) or presents elevated AML risk.,"Customer C003571 requires Enhanced Due Diligence because the customer is classified as a Politically Exposed Person (PEP) or presents elevated AML risk. As per AML Regulation Section 99.7, onboarding must be delayed for 90 days.",Fabricated Regulation,1,1
B0069699,Q0085548,A0085548,C017109,Should Enhanced Due Diligence be applied to customer C017109?,"Customer C017109 can be approved for onboarding. The customer satisfies KYC requirements, has sufficient verified documentation, and does not require enhanced review.","Customer C017109 can be approved for onboarding. The customer satisfies KYC requirements, has sufficient verified documentation, and does not require enhanced review. The customer was previously investigated for international money laundering activities.",Unsupported Claim,1,1
B0070040,Q0364897,A0364897,C072979,What is the AML risk associated with customer C072979?,"Customer C072979 can be approved for onboarding. The customer satisfies KYC requirements, has sufficient verified documentation, and does not require enhanced review.","Customer C072979 can be approved for onboarding. The customer satisfies KYC requirements, has sufficient verified documentation, and does not require enhanced review.",NONE,0,0
B0070238,Q0407264,A0407264,C081452,Can the account for customer C081452 be approved?,"Customer C081452 can be approved for onboarding. The customer satisfies KYC requirements, has sufficient verified documentation, and does not require enhanced review.",Customer C081452 must be rejected due to AML concerns.,Contradiction,1,1
B0070314,Q0370020,A0370020,C074003,What verification steps are required for customer C074003?,Customer C074003 must be rejected because the customer appears on a sanctions list and violates AML onboarding requirements.,Customer C074003 must be rejected because the customer appears on a sanctions list and violates AML onboarding requirements. The customer was previously investigated for international money laundering activities.,Unsupported Claim,1,1
B0070340,Q0159744,A0159744,C031948,Can the account for customer C031948 be approved?,"Customer C031948 can be approved for onboarding. The customer satisfies KYC requirements, has sufficient verified documentation, and does not require enhanced review.","Customer C031948 can be approved for onboarding. The customer satisfies KYC requirements, has sufficient verified documentation, and does not require enhanced review. The customer has a Low AML Risk classification.",Wrong Risk Score,1,1
B0070458,Q0319726,A0319726,C063945,Can customer C063945 be onboarded?,"Customer C063945 can be approved for onboarding. The customer satisfies KYC requirements, has sufficient verified documentation, and does not require enhanced review.","Customer C063945 can be approved for onboarding. The customer satisfies KYC requirements, has sufficient verified documentation, and does not require enhanced review. The customer has a Low AML Risk classification.",Wrong Risk Score,1,1
B0070688,Q0354744,A0354744,C070948,Can the account for customer C070948 be approved?,"Customer C070948 can be approved for onboarding. The customer satisfies KYC requirements, has sufficient verified documentation, and does not require enhanced review.","Customer C070948 can be approved for onboarding. The customer satisfies KYC requirements, has sufficient verified documentation, and does not require enhanced review.",NONE,0,0
B0070751,Q0316767,A0316767,C063353,What is the AML risk associated with customer C063353?,Customer C063353 requires Enhanced Due Diligence because the customer is classified as a Politically Exposed Person (PEP) or presents elevated AML risk.,Customer C063353 requires Enhanced Due Diligence because the customer is classified as a Politically Exposed Person (PEP) or presents elevated AML risk. The customer was previously investigated for international money laundering activities.,Unsupported Claim,1,1
B0070864,Q0104773,A0104773,C020954,Should Enhanced Due Diligence be applied to customer C020954?,Customer C020954 must be rejected because the customer appears on a sanctions list and violates AML onboarding requirements.,Customer C020954 must be rejected because the customer appears on a sanctions list and violates AML onboarding requirements. The customer was previously investigated for international money laundering activities.,Unsupported Claim,1,1
B0070944,Q0438910,A0438910,C087781,What verification steps are required for customer C087781?,"Customer C087781 can be approved for onboarding. The customer satisfies KYC requirements, has sufficient verified documentation, and does not require enhanced review.","Customer C087781 can be approved for onboarding. The customer satisfies KYC requirements, has sufficient verified documentation, and does not require enhanced review. The customer was previously investigated for international money laundering activities.",Unsupported Claim,1,1
B0071065,Q0164319,A0164319,C032863,Can the account for customer C032863 be approved?,"Customer C032863 can be approved for onboarding. The customer satisfies KYC requirements, has sufficient verified documentation, and does not require enhanced review.","Customer C032863 can be approved for onboarding. The customer satisfies KYC requirements, has sufficient verified documentation, and does not require enhanced review.",NONE,0,0
B0071156,Q0412235,A0412235,C082446,What verification steps are required for customer C082446?,Customer C082446 requires Enhanced Due Diligence because the customer is classified as a Politically Exposed Person (PEP) or presents elevated AML risk.,Customer C082446 requires Enhanced Due Diligence because the customer is classified as a Politically Exposed Person (PEP) or presents elevated AML risk. The customer has a Low AML Risk classification.,Wrong Risk Score,1,1
B0071326,Q0167589,A0167589,C033517,Can the account for customer C033517 be approved?,"Customer C033517 can be approved for onboarding. The customer satisfies KYC requirements, has sufficient verified documentation, and does not require enhanced review.","Customer C033517 can be approved for onboarding. The customer satisfies KYC requirements, has sufficient verified documentation, and does not require enhanced review.",NONE,0,0
B0071670,Q0349770,A0349770,C069953,What verification steps are required for customer C069953?,"Customer C069953 can be approved for onboarding. The customer satisfies KYC requirements, has sufficient verified documentation, and does not require enhanced review.","Customer C069953 can be approved for onboarding. The customer satisfies KYC requirements, has sufficient verified documentation, and does not require enhanced review. The customer was previously investigated for international money laundering activities.",Unsupported Claim,1,1
B0071674,Q0097026,A0097026,C019405,Can customer C019405 be onboarded?,Customer C019405 must be rejected because the customer appears on a sanctions list and violates AML onboarding requirements.,Customer C019405 requires additional review.,Missing Evidence,1,1
B0071697,Q0230697,A0230697,C046139,What is the AML risk associated with customer C046139?,Customer C046139 requires Enhanced Due Diligence because the customer is classified as a Politically Exposed Person (PEP) or presents elevated AML risk.,Customer C046139 requires Enhanced Due Diligence because the customer is classified as a Politically Exposed Person (PEP) or presents elevated AML risk. The customer was previously investigated for international money laundering activities.,Unsupported Claim,1,1
B0072114,Q0156347,A0156347,C031269,What is the AML risk associated with customer C031269?,"Customer C031269 can be approved for onboarding. The customer satisfies KYC requirements, has sufficient verified documentation, and does not require enhanced review.","Customer C031269 can be approved for onboarding. The customer satisfies KYC requirements, has sufficient verified documentation, and does not require enhanced review.",NONE,0,0
B0072366,Q0401782,A0401782,C080356,What is the AML risk associated with customer C080356?,"Customer C080356 can be approved for onboarding. The customer satisfies KYC requirements, has sufficient verified documentation, and does not require enhanced review.",Customer C080356 requires additional review.,Missing Evidence,1,1
B0072646,Q0387536,A0387536,C077507,Can customer C077507 be onboarded?,"Customer C077507 can be approved for onboarding. The customer satisfies KYC requirements, has sufficient verified documentation, and does not require enhanced review.","Customer C077507 can be approved for onboarding. The customer satisfies KYC requirements, has sufficient verified documentation, and does not require enhanced review. The customer was previously investigated for international money laundering activities.",Unsupported Claim,1,1
B0072923,Q0384115,A0384115,C076822,What verification steps are required for customer C076822?,"Customer C076822 can be approved for onboarding. The customer satisfies KYC requirements, has sufficient verified documentation, and does not require enhanced review.","Customer C076822 can be approved for onboarding. The customer satisfies KYC requirements, has sufficient verified documentation, and does not require enhanced review. The customer was previously investigated for international money laundering activities.",Unsupported Claim,1,1
B0073061,Q0440726,A0440726,C088145,Can customer C088145 be onboarded?,"Customer C088145 can be approved for onboarding. The customer satisfies KYC requirements, has sufficient verified documentation, and does not require enhanced review.",Customer C088145 must be rejected due to AML concerns.,Contradiction,1,1
B0073345,Q0175536,A0175536,C035107,Can customer C035107 be onboarded?,"Customer C035107 can be approved for onboarding. The customer satisfies KYC requirements, has sufficient verified documentation, and does not require enhanced review.","Customer C035107 can be approved for onboarding. The customer satisfies KYC requirements, has sufficient verified documentation, and does not require enhanced review.",NONE,0,0
B0073712,Q0342825,A0342825,C068564,What verification steps are required for customer C068564?,Customer C068564 requires Enhanced Due Diligence because the customer is classified as a Politically Exposed Person (PEP) or presents elevated AML risk.,Customer C068564 requires Enhanced Due Diligence because the customer is classified as a Politically Exposed Person (PEP) or presents elevated AML risk. The customer was previously investigated for international money laundering activities.,Unsupported Claim,1,1
B0073825,Q0329977,A0329977,C065995,What is the AML risk associated with customer C065995?,Customer C065995 has insufficient verified documentation. Additional documents are required before onboarding can proceed.,Customer C065995 has insufficient verified documentation. Additional documents are required before onboarding can proceed.,NONE,0,0
B0074020,Q0372573,A0372573,C074514,Should Enhanced Due Diligence be applied to customer C074514?,Customer C074514 should be escalated for manual review due to elevated risk indicators requiring additional investigation.,Customer C074514 should be escalated for manual review due to elevated risk indicators requiring additional investigation.,NONE,0,0
B0074146,Q0119219,A0119219,C023843,Can the account for customer C023843 be approved?,Customer C023843 requires Enhanced Due Diligence because the customer is classified as a Politically Exposed Person (PEP) or presents elevated AML risk.,Customer C023843 requires no enhanced review.,Contradiction,1,1
B0074286,Q0474926,A0474926,C094985,Can customer C094985 be onboarded?,"Customer C094985 can be approved for onboarding. The customer satisfies KYC requirements, has sufficient verified documentation, and does not require enhanced review.","Customer C094985 can be approved for onboarding. The customer satisfies KYC requirements, has sufficient verified documentation, and does not require enhanced review.",NONE,0,0
B0074323,Q0134173,A0134173,C026834,Should Enhanced Due Diligence be applied to customer C026834?,"Customer C026834 can be approved for onboarding. The customer satisfies KYC requirements, has sufficient verified documentation, and does not require enhanced review.","Customer C026834 can be approved for onboarding. The customer satisfies KYC requirements, has sufficient verified documentation, and does not require enhanced review.",NONE,0,0
B0074567,Q0458296,A0458296,C091659,Can customer C091659 be onboarded?,"Customer C091659 can be approved for onboarding. The customer satisfies KYC requirements, has sufficient verified documentation, and does not require enhanced review.",Customer C091659 requires additional review.,Missing Evidence,1,1
B0074622,Q0466774,A0466774,C093354,Can the account for customer C093354 be approved?,Customer C093354 should be escalated for manual review due to elevated risk indicators requiring additional investigation.,Customer C093354 is approved immediately.,Contradiction,1,1
B0074742,Q0055955,A0055955,C011190,What verification steps are required for customer C011190?,Customer C011190 requires Enhanced Due Diligence because the customer is classified as a Politically Exposed Person (PEP) or presents elevated AML risk.,Customer C011190 requires Enhanced Due Diligence because the customer is classified as a Politically Exposed Person (PEP) or presents elevated AML risk. The customer has a Low AML Risk classification.,Wrong Risk Score,1,1
B0074896,Q0006209,A0006209,C001241,Can the account for customer C001241 be approved?,"Customer C001241 can be approved for onboarding. The customer satisfies KYC requirements, has sufficient verified documentation, and does not require enhanced review.","Customer C001241 can be approved for onboarding. The customer satisfies KYC requirements, has sufficient verified documentation, and does not require enhanced review. As per AML Regulation Section 99.7, onboarding must be delayed for 90 days.",Fabricated Regulation,1,1
B0075300,Q0474710,A0474710,C094941,What verification steps are required for customer C094941?,"Customer C094941 can be approved for onboarding. The customer satisfies KYC requirements, has sufficient verified documentation, and does not require enhanced review.","Customer C094941 can be approved for onboarding. The customer satisfies KYC requirements, has sufficient verified documentation, and does not require enhanced review.",NONE,0,0
B0075585,Q0453888,A0453888,C090777,Should Enhanced Due Diligence be applied to customer C090777?,Customer C090777 requires Enhanced Due Diligence because the customer is classified as a Politically Exposed Person (PEP) or presents elevated AML risk.,Customer C090777 requires Enhanced Due Diligence because the customer is classified as a Politically Exposed Person (PEP) or presents elevated AML risk. The customer has a Low AML Risk classification.,Wrong Risk Score,1,1
B0075643,Q0425436,A0425436,C085087,Can customer C085087 be onboarded?,"Customer C085087 can be approved for onboarding. The customer satisfies KYC requirements, has sufficient verified documentation, and does not require enhanced review.","Customer C085087 can be approved for onboarding. The customer satisfies KYC requirements, has sufficient verified documentation, and does not require enhanced review. The customer has a Low AML Risk classification.",Wrong Risk Score,1,1
B0075828,Q0190732,A0190732,C038146,What is the AML risk associated with customer C038146?,"Customer C038146 can be approved for onboarding. The customer satisfies KYC requirements, has sufficient verified documentation, and does not require enhanced review.","Customer C038146 can be approved for onboarding. The customer satisfies KYC requirements, has sufficient verified documentation, and does not require enhanced review. The customer has a Low AML Risk classification.",Wrong Risk Score,1,1
B0075866,Q0353883,A0353883,C070776,Should Enhanced Due Diligence be applied to customer C070776?,"Customer C070776 can be approved for onboarding. The customer satisfies KYC requirements, has sufficient verified documentation, and does not require enhanced review.","Customer C070776 can be approved for onboarding. The customer satisfies KYC requirements, has sufficient verified documentation, and does not require enhanced review.",NONE,0,0
B0076069,Q0064298,A0064298,C012859,Should Enhanced Due Diligence be applied to customer C012859?,"Customer C012859 can be approved for onboarding. The customer satisfies KYC requirements, has sufficient verified documentation, and does not require enhanced review.","Customer C012859 can be approved for onboarding. The customer satisfies KYC requirements, has sufficient verified documentation, and does not require enhanced review. The customer has a Low AML Risk classification.",Wrong Risk Score,1,1
B0076155,Q0235762,A0235762,C047152,What is the AML risk associated with customer C047152?,"Customer C047152 can be approved for onboarding. The customer satisfies KYC requirements, has sufficient verified documentation, and does not require enhanced review.","Customer C047152 can be approved for onboarding. The customer satisfies KYC requirements, has sufficient verified documentation, and does not require enhanced review. The customer was previously investigated for international money laundering activities.",Unsupported Claim,1,1
B0076206,Q0010926,A0010926,C002185,Can customer C002185 be onboarded?,"Customer C002185 can be approved for onboarding. The customer satisfies KYC requirements, has sufficient verified documentation, and does not require enhanced review.",Customer C002185 must be rejected due to AML concerns.,Contradiction,1,1
B0076677,Q0042044,A0042044,C008408,Can the account for customer C008408 be approved?,Customer C008408 requires Enhanced Due Diligence because the customer is classified as a Politically Exposed Person (PEP) or presents elevated AML risk.,Customer C008408 requires no enhanced review.,Contradiction,1,1
B0076870,Q0109914,A0109914,C021982,Can the account for customer C021982 be approved?,Customer C021982 requires Enhanced Due Diligence because the customer is classified as a Politically Exposed Person (PEP) or presents elevated AML risk.,Customer C021982 requires additional review.,Missing Evidence,1,1
B0076935,Q0329877,A0329877,C065975,What is the AML risk associated with customer C065975?,"Customer C065975 can be approved for onboarding. The customer satisfies KYC requirements, has sufficient verified documentation, and does not require enhanced review.",Customer C065975 must be rejected due to AML concerns.,Contradiction,1,1
B0077090,Q0478735,A0478735,C095746,What verification steps are required for customer C095746?,"Customer C095746 can be approved for onboarding. The customer satisfies KYC requirements, has sufficient verified documentation, and does not require enhanced review.","Customer C095746 can be approved for onboarding. The customer satisfies KYC requirements, has sufficient verified documentation, and does not require enhanced review. The customer has a Low AML Risk classification.",Wrong Risk Score,1,1
B0077300,Q0326041,A0326041,C065208,Can customer C065208 be onboarded?,Customer C065208 requires Enhanced Due Diligence because the customer is classified as a Politically Exposed Person (PEP) or presents elevated AML risk.,Customer C065208 requires Enhanced Due Diligence because the customer is classified as a Politically Exposed Person (PEP) or presents elevated AML risk.,NONE,0,0
B0077475,Q0190163,A0190163,C038032,Should Enhanced Due Diligence be applied to customer C038032?,Customer C038032 requires Enhanced Due Diligence because the customer is classified as a Politically Exposed Person (PEP) or presents elevated AML risk.,"Customer C038032 requires Enhanced Due Diligence because the customer is classified as a Politically Exposed Person (PEP) or presents elevated AML risk. As per AML Regulation Section 99.7, onboarding must be delayed for 90 days.",Fabricated Regulation,1,1
B0077907,Q0245138,A0245138,C049027,Should Enhanced Due Diligence be applied to customer C049027?,"Customer C049027 can be approved for onboarding. The customer satisfies KYC requirements, has sufficient verified documentation, and does not require enhanced review.","Customer C049027 can be approved for onboarding. The customer satisfies KYC requirements, has sufficient verified documentation, and does not require enhanced review. The customer was previously investigated for international money laundering activities.",Unsupported Claim,1,1
B0077921,Q0128094,A0128094,C025618,Can the account for customer C025618 be approved?,Customer C025618 must be rejected because the customer appears on a sanctions list and violates AML onboarding requirements.,Customer C025618 must be rejected because the customer appears on a sanctions list and violates AML onboarding requirements.,NONE,0,0
B0077945,Q0206826,A0206826,C041365,Can customer C041365 be onboarded?,"Customer C041365 can be approved for onboarding. The customer satisfies KYC requirements, has sufficient verified documentation, and does not require enhanced review.","Customer C041365 can be approved for onboarding. The customer satisfies KYC requirements, has sufficient verified documentation, and does not require enhanced review.",NONE,0,0
B0077992,Q0216212,A0216212,C043242,What is the AML risk associated with customer C043242?,"Customer C043242 can be approved for onboarding. The customer satisfies KYC requirements, has sufficient verified documentation, and does not require enhanced review.","Customer C043242 can be approved for onboarding. The customer satisfies KYC requirements, has sufficient verified documentation, and does not require enhanced review.",NONE,0,0
B0078197,Q0293156,A0293156,C058631,Can customer C058631 be onboarded?,"Customer C058631 can be approved for onboarding. The customer satisfies KYC requirements, has sufficient verified documentation, and does not require enhanced review.","Customer C058631 can be approved for onboarding. The customer satisfies KYC requirements, has sufficient verified documentation, and does not require enhanced review. As per AML Regulation Section 99.7, onboarding must be delayed for 90 days.",Fabricated Regulation,1,1
B0078199,Q0437981,A0437981,C087596,Can customer C087596 be onboarded?,Customer C087596 should be escalated for manual review due to elevated risk indicators requiring additional investigation.,Customer C087596 requires additional review.,Missing Evidence,1,1
B0078325,Q0376178,A0376178,C075235,Should Enhanced Due Diligence be applied to customer C075235?,"Customer C075235 can be approved for onboarding. The customer satisfies KYC requirements, has sufficient verified documentation, and does not require enhanced review.","Customer C075235 can be approved for onboarding. The customer satisfies KYC requirements, has sufficient verified documentation, and does not require enhanced review. The customer was previously investigated for international money laundering activities.",Unsupported Claim,1,1
B0078506,Q0139165,A0139165,C027832,What verification steps are required for customer C027832?,"Customer C027832 can be approved for onboarding. The customer satisfies KYC requirements, has sufficient verified documentation, and does not require enhanced review.","Customer C027832 can be approved for onboarding. The customer satisfies KYC requirements, has sufficient verified documentation, and does not require enhanced review. The customer was previously investigated for international money laundering activities.",Unsupported Claim,1,1
B0078657,Q0373053,A0373053,C074610,Should Enhanced Due Diligence be applied to customer C074610?,"Customer C074610 can be approved for onboarding. The customer satisfies KYC requirements, has sufficient verified documentation, and does not require enhanced review.","Customer C074610 can be approved for onboarding. The customer satisfies KYC requirements, has sufficient verified documentation, and does not require enhanced review. As per AML Regulation Section 99.7, onboarding must be delayed for 90 days.",Fabricated Regulation,1,1
B0078723,Q0252160,A0252160,C050431,What verification steps are required for customer C050431?,Customer C050431 requires Enhanced Due Diligence because the customer is classified as a Politically Exposed Person (PEP) or presents elevated AML risk.,Customer C050431 requires Enhanced Due Diligence because the customer is classified as a Politically Exposed Person (PEP) or presents elevated AML risk. The customer was previously investigated for international money laundering activities.,Unsupported Claim,1,1
B0079207,Q0427470,A0427470,C085493,What verification steps are required for customer C085493?,"Customer C085493 can be approved for onboarding. The customer satisfies KYC requirements, has sufficient verified documentation, and does not require enhanced review.","Customer C085493 can be approved for onboarding. The customer satisfies KYC requirements, has sufficient verified documentation, and does not require enhanced review.",NONE,0,0
B0079266,Q0158158,A0158158,C031631,Should Enhanced Due Diligence be applied to customer C031631?,Customer C031631 must be rejected because the customer appears on a sanctions list and violates AML onboarding requirements.,Customer C031631 must be rejected because the customer appears on a sanctions list and violates AML onboarding requirements.,NONE,0,0
B0079383,Q0360990,A0360990,C072197,What verification steps are required for customer C072197?,"Customer C072197 can be approved for onboarding. The customer satisfies KYC requirements, has sufficient verified documentation, and does not require enhanced review.",Customer C072197 must be rejected due to AML concerns.,Contradiction,1,1
B0079606,Q0141207,A0141207,C028241,What is the AML risk associated with customer C028241?,Customer C028241 must be rejected because the customer appears on a sanctions list and violates AML onboarding requirements.,Customer C028241 must be rejected because the customer appears on a sanctions list and violates AML onboarding requirements.,NONE,0,0
B0079636,Q0202447,A0202447,C040489,What is the AML risk associated with customer C040489?,"Customer C040489 can be approved for onboarding. The customer satisfies KYC requirements, has sufficient verified documentation, and does not require enhanced review.","Customer C040489 can be approved for onboarding. The customer satisfies KYC requirements, has sufficient verified documentation, and does not require enhanced review.",NONE,0,0
B0079657,Q0215684,A0215684,C043136,Can the account for customer C043136 be approved?,"Customer C043136 can be approved for onboarding. The customer satisfies KYC requirements, has sufficient verified documentation, and does not require enhanced review.","Customer C043136 can be approved for onboarding. The customer satisfies KYC requirements, has sufficient verified documentation, and does not require enhanced review. As per AML Regulation Section 99.7, onboarding must be delayed for 90 days.",Fabricated Regulation,1,1
B0079709,Q0358547,A0358547,C071709,What is the AML risk associated with customer C071709?,"Customer C071709 can be approved for onboarding. The customer satisfies KYC requirements, has sufficient verified documentation, and does not require enhanced review.","Customer C071709 can be approved for onboarding. The customer satisfies KYC requirements, has sufficient verified documentation, and does not require enhanced review.",NONE,0,0
B0080066,Q0430694,A0430694,C086138,Can the account for customer C086138 be approved?,"Customer C086138 can be approved for onboarding. The customer satisfies KYC requirements, has sufficient verified documentation, and does not require enhanced review.",Customer C086138 must be rejected due to AML concerns.,Contradiction,1,1
B0080126,Q0142922,A0142922,C028584,What is the AML risk associated with customer C028584?,Customer C028584 requires Enhanced Due Diligence because the customer is classified as a Politically Exposed Person (PEP) or presents elevated AML risk.,Customer C028584 requires Enhanced Due Diligence because the customer is classified as a Politically Exposed Person (PEP) or presents elevated AML risk.,NONE,0,0
B0080295,Q0173899,A0173899,C034779,Can the account for customer C034779 be approved?,"Customer C034779 can be approved for onboarding. The customer satisfies KYC requirements, has sufficient verified documentation, and does not require enhanced review.",Customer C034779 requires additional review.,Missing Evidence,1,1
B0080423,Q0334101,A0334101,C066820,Can customer C066820 be onboarded?,"Customer C066820 can be approved for onboarding. The customer satisfies KYC requirements, has sufficient verified documentation, and does not require enhanced review.","Customer C066820 can be approved for onboarding. The customer satisfies KYC requirements, has sufficient verified documentation, and does not require enhanced review.",NONE,0,0
B0080470,Q0346123,A0346123,C069224,Should Enhanced Due Diligence be applied to customer C069224?,"Customer C069224 can be approved for onboarding. The customer satisfies KYC requirements, has sufficient verified documentation, and does not require enhanced review.","Customer C069224 can be approved for onboarding. The customer satisfies KYC requirements, has sufficient verified documentation, and does not require enhanced review. The customer has a Low AML Risk classification.",Wrong Risk Score,1,1
B0080484,Q0214191,A0214191,C042838,Can customer C042838 be onboarded?,"Customer C042838 can be approved for onboarding. The customer satisfies KYC requirements, has sufficient verified documentation, and does not require enhanced review.",Customer C042838 requires additional review.,Missing Evidence,1,1
B0080528,Q0455202,A0455202,C091040,What is the AML risk associated with customer C091040?,"Customer C091040 can be approved for onboarding. The customer satisfies KYC requirements, has sufficient verified documentation, and does not require enhanced review.","Customer C091040 can be approved for onboarding. The customer satisfies KYC requirements, has sufficient verified documentation, and does not require enhanced review. As per AML Regulation Section 99.7, onboarding must be delayed for 90 days.",Fabricated Regulation,1,1
B0080835,Q0219431,A0219431,C043886,Can customer C043886 be onboarded?,Customer C043886 requires Enhanced Due Diligence because the customer is classified as a Politically Exposed Person (PEP) or presents elevated AML risk.,Customer C043886 requires Enhanced Due Diligence because the customer is classified as a Politically Exposed Person (PEP) or presents elevated AML risk.,NONE,0,0
B0081023,Q0378613,A0378613,C075722,Should Enhanced Due Diligence be applied to customer C075722?,"Customer C075722 can be approved for onboarding. The customer satisfies KYC requirements, has sufficient verified documentation, and does not require enhanced review.","Customer C075722 can be approved for onboarding. The customer satisfies KYC requirements, has sufficient verified documentation, and does not require enhanced review.",NONE,0,0
B0081031,Q0343775,A0343775,C068754,What verification steps are required for customer C068754?,"Customer C068754 can be approved for onboarding. The customer satisfies KYC requirements, has sufficient verified documentation, and does not require enhanced review.","Customer C068754 can be approved for onboarding. The customer satisfies KYC requirements, has sufficient verified documentation, and does not require enhanced review.",NONE,0,0
B0081202,Q0495967,A0495967,C099193,What is the AML risk associated with customer C099193?,"Customer C099193 can be approved for onboarding. The customer satisfies KYC requirements, has sufficient verified documentation, and does not require enhanced review.","Customer C099193 can be approved for onboarding. The customer satisfies KYC requirements, has sufficient verified documentation, and does not require enhanced review.",NONE,0,0
B0081223,Q0080638,A0080638,C016127,Should Enhanced Due Diligence be applied to customer C016127?,Customer C016127 requires Enhanced Due Diligence because the customer is classified as a Politically Exposed Person (PEP) or presents elevated AML risk.,Customer C016127 requires Enhanced Due Diligence because the customer is classified as a Politically Exposed Person (PEP) or presents elevated AML risk. The customer was previously investigated for international money laundering activities.,Unsupported Claim,1,1
B0081415,Q0397929,A0397929,C079585,Can the account for customer C079585 be approved?,"Customer C079585 can be approved for onboarding. The customer satisfies KYC requirements, has sufficient verified documentation, and does not require enhanced review.",Customer C079585 must be rejected due to AML concerns.,Contradiction,1,1
B0081436,Q0467130,A0467130,C093425,What verification steps are required for customer C093425?,Customer C093425 requires Enhanced Due Diligence because the customer is classified as a Politically Exposed Person (PEP) or presents elevated AML risk.,"Customer C093425 requires Enhanced Due Diligence because the customer is classified as a Politically Exposed Person (PEP) or presents elevated AML risk. As per AML Regulation Section 99.7, onboarding must be delayed for 90 days.",Fabricated Regulation,1,1
B0081482,Q0229791,A0229791,C045958,Can customer C045958 be onboarded?,"Customer C045958 can be approved for onboarding. The customer satisfies KYC requirements, has sufficient verified documentation, and does not require enhanced review.","Customer C045958 can be approved for onboarding. The customer satisfies KYC requirements, has sufficient verified documentation, and does not require enhanced review. The customer has a Low AML Risk classification.",Wrong Risk Score,1,1
B0081646,Q0135541,A0135541,C027108,Can customer C027108 be onboarded?,Customer C027108 must be rejected because the customer appears on a sanctions list and violates AML onboarding requirements.,Customer C027108 requires additional review.,Missing Evidence,1,1
B0081762,Q0426837,A0426837,C085367,What is the AML risk associated with customer C085367?,Customer C085367 requires Enhanced Due Diligence because the customer is classified as a Politically Exposed Person (PEP) or presents elevated AML risk.,Customer C085367 requires Enhanced Due Diligence because the customer is classified as a Politically Exposed Person (PEP) or presents elevated AML risk. The customer has a Low AML Risk classification.,Wrong Risk Score,1,1
B0082309,Q0369256,A0369256,C073851,Can customer C073851 be onboarded?,Customer C073851 must be rejected because the customer appears on a sanctions list and violates AML onboarding requirements.,Customer C073851 must be rejected because the customer appears on a sanctions list and violates AML onboarding requirements.,NONE,0,0
B0082416,Q0272247,A0272247,C054449,What is the AML risk associated with customer C054449?,"Customer C054449 can be approved for onboarding. The customer satisfies KYC requirements, has sufficient verified documentation, and does not require enhanced review.","Customer C054449 can be approved for onboarding. The customer satisfies KYC requirements, has sufficient verified documentation, and does not require enhanced review. As per AML Regulation Section 99.7, onboarding must be delayed for 90 days.",Fabricated Regulation,1,1
B0082607,Q0323849,A0323849,C064769,Can the account for customer C064769 be approved?,Customer C064769 requires Enhanced Due Diligence because the customer is classified as a Politically Exposed Person (PEP) or presents elevated AML risk.,"Customer C064769 requires Enhanced Due Diligence because the customer is classified as a Politically Exposed Person (PEP) or presents elevated AML risk. As per AML Regulation Section 99.7, onboarding must be delayed for 90 days.",Fabricated Regulation,1,1
B0082831,Q0484529,A0484529,C096905,Can the account for customer C096905 be approved?,"Customer C096905 can be approved for onboarding. The customer satisfies KYC requirements, has sufficient verified documentation, and does not require enhanced review.","Customer C096905 can be approved for onboarding. The customer satisfies KYC requirements, has sufficient verified documentation, and does not require enhanced review. As per AML Regulation Section 99.7, onboarding must be delayed for 90 days.",Fabricated Regulation,1,1
B0082931,Q0161426,A0161426,C032285,Can customer C032285 be onboarded?,"Customer C032285 can be approved for onboarding. The customer satisfies KYC requirements, has sufficient verified documentation, and does not require enhanced review.","Customer C032285 can be approved for onboarding. The customer satisfies KYC requirements, has sufficient verified documentation, and does not require enhanced review. The customer was previously investigated for international money laundering activities.",Unsupported Claim,1,1
B0083747,Q0193308,A0193308,C038661,Should Enhanced Due Diligence be applied to customer C038661?,Customer C038661 should be escalated for manual review due to elevated risk indicators requiring additional investigation.,Customer C038661 should be escalated for manual review due to elevated risk indicators requiring additional investigation. The customer has a Low AML Risk classification.,Wrong Risk Score,1,1
B0083862,Q0106982,A0106982,C021396,What is the AML risk associated with customer C021396?,Customer C021396 requires Enhanced Due Diligence because the customer is classified as a Politically Exposed Person (PEP) or presents elevated AML risk.,"Customer C021396 requires Enhanced Due Diligence because the customer is classified as a Politically Exposed Person (PEP) or presents elevated AML risk. As per AML Regulation Section 99.7, onboarding must be delayed for 90 days.",Fabricated Regulation,1,1
B0084179,Q0184436,A0184436,C036887,Can customer C036887 be onboarded?,"Customer C036887 can be approved for onboarding. The customer satisfies KYC requirements, has sufficient verified documentation, and does not require enhanced review.","Customer C036887 can be approved for onboarding. The customer satisfies KYC requirements, has sufficient verified documentation, and does not require enhanced review. As per AML Regulation Section 99.7, onboarding must be delayed for 90 days.",Fabricated Regulation,1,1
B0084195,Q0058761,A0058761,C011752,Can customer C011752 be onboarded?,"Customer C011752 can be approved for onboarding. The customer satisfies KYC requirements, has sufficient verified documentation, and does not require enhanced review.","Customer C011752 can be approved for onboarding. The customer satisfies KYC requirements, has sufficient verified documentation, and does not require enhanced review. The customer has a Low AML Risk classification.",Wrong Risk Score,1,1
B0084297,Q0476101,A0476101,C095220,Can customer C095220 be onboarded?,Customer C095220 requires Enhanced Due Diligence because the customer is classified as a Politically Exposed Person (PEP) or presents elevated AML risk.,Customer C095220 requires Enhanced Due Diligence because the customer is classified as a Politically Exposed Person (PEP) or presents elevated AML risk.,NONE,0,0
B0084385,Q0385692,A0385692,C077138,What is the AML risk associated with customer C077138?,"Customer C077138 can be approved for onboarding. The customer satisfies KYC requirements, has sufficient verified documentation, and does not require enhanced review.",Customer C077138 must be rejected due to AML concerns.,Contradiction,1,1
B0084484,Q0048337,A0048337,C009667,What is the AML risk associated with customer C009667?,Customer C009667 requires Enhanced Due Diligence because the customer is classified as a Politically Exposed Person (PEP) or presents elevated AML risk.,"Customer C009667 requires Enhanced Due Diligence because the customer is classified as a Politically Exposed Person (PEP) or presents elevated AML risk. As per AML Regulation Section 99.7, onboarding must be delayed for 90 days.",Fabricated Regulation,1,1
B0084568,Q0266223,A0266223,C053244,Should Enhanced Due Diligence be applied to customer C053244?,"Customer C053244 can be approved for onboarding. The customer satisfies KYC requirements, has sufficient verified documentation, and does not require enhanced review.","Customer C053244 can be approved for onboarding. The customer satisfies KYC requirements, has sufficient verified documentation, and does not require enhanced review. The customer was previously investigated for international money laundering activities.",Unsupported Claim,1,1
B0084625,Q0084398,A0084398,C016879,Should Enhanced Due Diligence be applied to customer C016879?,"Customer C016879 can be approved for onboarding. The customer satisfies KYC requirements, has sufficient verified documentation, and does not require enhanced review.","Customer C016879 can be approved for onboarding. The customer satisfies KYC requirements, has sufficient verified documentation, and does not require enhanced review.",NONE,0,0
B0084953,Q0321358,A0321358,C064271,Should Enhanced Due Diligence be applied to customer C064271?,"Customer C064271 can be approved for onboarding. The customer satisfies KYC requirements, has sufficient verified documentation, and does not require enhanced review.",Customer C064271 must be rejected due to AML concerns.,Contradiction,1,1
B0084972,Q0443970,A0443970,C088793,What verification steps are required for customer C088793?,"Customer C088793 can be approved for onboarding. The customer satisfies KYC requirements, has sufficient verified documentation, and does not require enhanced review.","Customer C088793 can be approved for onboarding. The customer satisfies KYC requirements, has sufficient verified documentation, and does not require enhanced review. The customer was previously investigated for international money laundering activities.",Unsupported Claim,1,1
B0085004,Q0120300,A0120300,C024059,What verification steps are required for customer C024059?,Customer C024059 has insufficient verified documentation. Additional documents are required before onboarding can proceed.,Customer C024059 has insufficient verified documentation. Additional documents are required before onboarding can proceed.,NONE,0,0
B0085084,Q0492664,A0492664,C098532,Can the account for customer C098532 be approved?,Customer C098532 requires Enhanced Due Diligence because the customer is classified as a Politically Exposed Person (PEP) or presents elevated AML risk.,Customer C098532 requires Enhanced Due Diligence because the customer is classified as a Politically Exposed Person (PEP) or presents elevated AML risk.,NONE,0,0
B0085151,Q0313907,A0313907,C062781,What is the AML risk associated with customer C062781?,"Customer C062781 can be approved for onboarding. The customer satisfies KYC requirements, has sufficient verified documentation, and does not require enhanced review.","Customer C062781 can be approved for onboarding. The customer satisfies KYC requirements, has sufficient verified documentation, and does not require enhanced review. As per AML Regulation Section 99.7, onboarding must be delayed for 90 days.",Fabricated Regulation,1,1
B0085190,Q0432360,A0432360,C086471,What verification steps are required for customer C086471?,Customer C086471 must be rejected because the customer appears on a sanctions list and violates AML onboarding requirements.,Customer C086471 must be rejected because the customer appears on a sanctions list and violates AML onboarding requirements.,NONE,0,0
B0085225,Q0140712,A0140712,C028142,What is the AML risk associated with customer C028142?,Customer C028142 must be rejected because the customer appears on a sanctions list and violates AML onboarding requirements.,"Customer C028142 must be rejected because the customer appears on a sanctions list and violates AML onboarding requirements. As per AML Regulation Section 99.7, onboarding must be delayed for 90 days.",Fabricated Regulation,1,1
B0085913,Q0263267,A0263267,C052653,What is the AML risk associated with customer C052653?,"Customer C052653 can be approved for onboarding. The customer satisfies KYC requirements, has sufficient verified documentation, and does not require enhanced review.","Customer C052653 can be approved for onboarding. The customer satisfies KYC requirements, has sufficient verified documentation, and does not require enhanced review.",NONE,0,0
B0085984,Q0417731,A0417731,C083546,Can customer C083546 be onboarded?,"Customer C083546 can be approved for onboarding. The customer satisfies KYC requirements, has sufficient verified documentation, and does not require enhanced review.",Customer C083546 requires additional review.,Missing Evidence,1,1
B0086259,Q0450100,A0450100,C090019,What verification steps are required for customer C090019?,Customer C090019 must be rejected because the customer appears on a sanctions list and violates AML onboarding requirements.,Customer C090019 must be rejected because the customer appears on a sanctions list and violates AML onboarding requirements. The customer has a Low AML Risk classification.,Wrong Risk Score,1,1
B0086358,Q0222943,A0222943,C044588,Should Enhanced Due Diligence be applied to customer C044588?,"Customer C044588 can be approved for onboarding. The customer satisfies KYC requirements, has sufficient verified documentation, and does not require enhanced review.","Customer C044588 can be approved for onboarding. The customer satisfies KYC requirements, has sufficient verified documentation, and does not require enhanced review. As per AML Regulation Section 99.7, onboarding must be delayed for 90 days.",Fabricated Regulation,1,1
B0086631,Q0127727,A0127727,C025545,What is the AML risk associated with customer C025545?,"Customer C025545 can be approved for onboarding. The customer satisfies KYC requirements, has sufficient verified documentation, and does not require enhanced review.","Customer C025545 can be approved for onboarding. The customer satisfies KYC requirements, has sufficient verified documentation, and does not require enhanced review. The customer was previously investigated for international money laundering activities.",Unsupported Claim,1,1
B0086757,Q0105996,A0105996,C021199,Can customer C021199 be onboarded?,"Customer C021199 can be approved for onboarding. The customer satisfies KYC requirements, has sufficient verified documentation, and does not require enhanced review.","Customer C021199 can be approved for onboarding. The customer satisfies KYC requirements, has sufficient verified documentation, and does not require enhanced review. The customer has a Low AML Risk classification.",Wrong Risk Score,1,1
B0086800,Q0336407,A0336407,C067281,What is the AML risk associated with customer C067281?,"Customer C067281 can be approved for onboarding. The customer satisfies KYC requirements, has sufficient verified documentation, and does not require enhanced review.",Customer C067281 must be rejected due to AML concerns.,Contradiction,1,1
B0086847,Q0313839,A0313839,C062767,Can the account for customer C062767 be approved?,"Customer C062767 can be approved for onboarding. The customer satisfies KYC requirements, has sufficient verified documentation, and does not require enhanced review.","Customer C062767 can be approved for onboarding. The customer satisfies KYC requirements, has sufficient verified documentation, and does not require enhanced review. The customer was previously investigated for international money laundering activities.",Unsupported Claim,1,1
B0086988,Q0251617,A0251617,C050323,What is the AML risk associated with customer C050323?,"Customer C050323 can be approved for onboarding. The customer satisfies KYC requirements, has sufficient verified documentation, and does not require enhanced review.",Customer C050323 must be rejected due to AML concerns.,Contradiction,1,1
B0087025,Q0428527,A0428527,C085705,What is the AML risk associated with customer C085705?,"Customer C085705 can be approved for onboarding. The customer satisfies KYC requirements, has sufficient verified documentation, and does not require enhanced review.","Customer C085705 can be approved for onboarding. The customer satisfies KYC requirements, has sufficient verified documentation, and does not require enhanced review.",NONE,0,0
B0087235,Q0083094,A0083094,C016618,Can the account for customer C016618 be approved?,"Customer C016618 can be approved for onboarding. The customer satisfies KYC requirements, has sufficient verified documentation, and does not require enhanced review.","Customer C016618 can be approved for onboarding. The customer satisfies KYC requirements, has sufficient verified documentation, and does not require enhanced review. As per AML Regulation Section 99.7, onboarding must be delayed for 90 days.",Fabricated Regulation,1,1
B0087421,Q0324364,A0324364,C064872,Can the account for customer C064872 be approved?,"Customer C064872 can be approved for onboarding. The customer satisfies KYC requirements, has sufficient verified documentation, and does not require enhanced review.","Customer C064872 can be approved for onboarding. The customer satisfies KYC requirements, has sufficient verified documentation, and does not require enhanced review. As per AML Regulation Section 99.7, onboarding must be delayed for 90 days.",Fabricated Regulation,1,1
B0087450,Q0104793,A0104793,C020958,Should Enhanced Due Diligence be applied to customer C020958?,Customer C020958 requires Enhanced Due Diligence because the customer is classified as a Politically Exposed Person (PEP) or presents elevated AML risk.,Customer C020958 requires Enhanced Due Diligence because the customer is classified as a Politically Exposed Person (PEP) or presents elevated AML risk. The customer has a Low AML Risk classification.,Wrong Risk Score,1,1
B0087553,Q0163775,A0163775,C032754,What verification steps are required for customer C032754?,"Customer C032754 can be approved for onboarding. The customer satisfies KYC requirements, has sufficient verified documentation, and does not require enhanced review.",Customer C032754 requires additional review.,Missing Evidence,1,1
B0087748,Q0127542,A0127542,C025508,What is the AML risk associated with customer C025508?,"Customer C025508 can be approved for onboarding. The customer satisfies KYC requirements, has sufficient verified documentation, and does not require enhanced review.",Customer C025508 must be rejected due to AML concerns.,Contradiction,1,1
B0087840,Q0451278,A0451278,C090255,Should Enhanced Due Diligence be applied to customer C090255?,Customer C090255 requires Enhanced Due Diligence because the customer is classified as a Politically Exposed Person (PEP) or presents elevated AML risk.,Customer C090255 requires no enhanced review.,Contradiction,1,1
B0087885,Q0071017,A0071017,C014203,What is the AML risk associated with customer C014203?,Customer C014203 must be rejected because the customer appears on a sanctions list and violates AML onboarding requirements.,Customer C014203 requires additional review.,Missing Evidence,1,1
B0088141,Q0354094,A0354094,C070818,Can the account for customer C070818 be approved?,Customer C070818 requires Enhanced Due Diligence because the customer is classified as a Politically Exposed Person (PEP) or presents elevated AML risk.,Customer C070818 requires Enhanced Due Diligence because the customer is classified as a Politically Exposed Person (PEP) or presents elevated AML risk.,NONE,0,0
B0088297,Q0337380,A0337380,C067475,What verification steps are required for customer C067475?,"Customer C067475 can be approved for onboarding. The customer satisfies KYC requirements, has sufficient verified documentation, and does not require enhanced review.",Customer C067475 must be rejected due to AML concerns.,Contradiction,1,1
B0088924,Q0453222,A0453222,C090644,What is the AML risk associated with customer C090644?,Customer C090644 requires Enhanced Due Diligence because the customer is classified as a Politically Exposed Person (PEP) or presents elevated AML risk.,Customer C090644 requires Enhanced Due Diligence because the customer is classified as a Politically Exposed Person (PEP) or presents elevated AML risk. The customer was previously investigated for international money laundering activities.,Unsupported Claim,1,1
B0088949,Q0158604,A0158604,C031720,Can the account for customer C031720 be approved?,"Customer C031720 can be approved for onboarding. The customer satisfies KYC requirements, has sufficient verified documentation, and does not require enhanced review.","Customer C031720 can be approved for onboarding. The customer satisfies KYC requirements, has sufficient verified documentation, and does not require enhanced review. The customer was previously investigated for international money laundering activities.",Unsupported Claim,1,1
B0089370,Q0190430,A0190430,C038085,What verification steps are required for customer C038085?,"Customer C038085 can be approved for onboarding. The customer satisfies KYC requirements, has sufficient verified documentation, and does not require enhanced review.","Customer C038085 can be approved for onboarding. The customer satisfies KYC requirements, has sufficient verified documentation, and does not require enhanced review.",NONE,0,0
B0089380,Q0424996,A0424996,C084999,Can customer C084999 be onboarded?,"Customer C084999 can be approved for onboarding. The customer satisfies KYC requirements, has sufficient verified documentation, and does not require enhanced review.","Customer C084999 can be approved for onboarding. The customer satisfies KYC requirements, has sufficient verified documentation, and does not require enhanced review.",NONE,0,0
B0089391,Q0471076,A0471076,C094215,Can customer C094215 be onboarded?,Customer C094215 requires Enhanced Due Diligence because the customer is classified as a Politically Exposed Person (PEP) or presents elevated AML risk.,Customer C094215 requires Enhanced Due Diligence because the customer is classified as a Politically Exposed Person (PEP) or presents elevated AML risk.,NONE,0,0
B0089667,Q0068030,A0068030,C013605,What verification steps are required for customer C013605?,Customer C013605 requires Enhanced Due Diligence because the customer is classified as a Politically Exposed Person (PEP) or presents elevated AML risk.,Customer C013605 requires Enhanced Due Diligence because the customer is classified as a Politically Exposed Person (PEP) or presents elevated AML risk.,NONE,0,0
B0089882,Q0062591,A0062591,C012518,Can customer C012518 be onboarded?,"Customer C012518 can be approved for onboarding. The customer satisfies KYC requirements, has sufficient verified documentation, and does not require enhanced review.","Customer C012518 can be approved for onboarding. The customer satisfies KYC requirements, has sufficient verified documentation, and does not require enhanced review.",NONE,0,0
B0090262,Q0100538,A0100538,C020107,Should Enhanced Due Diligence be applied to customer C020107?,Customer C020107 requires Enhanced Due Diligence because the customer is classified as a Politically Exposed Person (PEP) or presents elevated AML risk.,Customer C020107 requires Enhanced Due Diligence because the customer is classified as a Politically Exposed Person (PEP) or presents elevated AML risk. The customer was previously investigated for international money laundering activities.,Unsupported Claim,1,1
B0090439,Q0043356,A0043356,C008671,Can customer C008671 be onboarded?,Customer C008671 requires Enhanced Due Diligence because the customer is classified as a Politically Exposed Person (PEP) or presents elevated AML risk.,Customer C008671 requires Enhanced Due Diligence because the customer is classified as a Politically Exposed Person (PEP) or presents elevated AML risk.,NONE,0,0
B0090896,Q0294732,A0294732,C058946,What is the AML risk associated with customer C058946?,Customer C058946 requires Enhanced Due Diligence because the customer is classified as a Politically Exposed Person (PEP) or presents elevated AML risk.,Customer C058946 requires Enhanced Due Diligence because the customer is classified as a Politically Exposed Person (PEP) or presents elevated AML risk.,NONE,0,0
B0090976,Q0206615,A0206615,C041322,What verification steps are required for customer C041322?,"Customer C041322 can be approved for onboarding. The customer satisfies KYC requirements, has sufficient verified documentation, and does not require enhanced review.",Customer C041322 requires additional review.,Missing Evidence,1,1
B0091013,Q0105084,A0105084,C021016,Can the account for customer C021016 be approved?,"Customer C021016 can be approved for onboarding. The customer satisfies KYC requirements, has sufficient verified documentation, and does not require enhanced review.","Customer C021016 can be approved for onboarding. The customer satisfies KYC requirements, has sufficient verified documentation, and does not require enhanced review.",NONE,0,0
B0091265,Q0324428,A0324428,C064885,Should Enhanced Due Diligence be applied to customer C064885?,"Customer C064885 can be approved for onboarding. The customer satisfies KYC requirements, has sufficient verified documentation, and does not require enhanced review.","Customer C064885 can be approved for onboarding. The customer satisfies KYC requirements, has sufficient verified documentation, and does not require enhanced review.",NONE,0,0
B0091492,Q0236774,A0236774,C047354,Can the account for customer C047354 be approved?,"Customer C047354 can be approved for onboarding. The customer satisfies KYC requirements, has sufficient verified documentation, and does not require enhanced review.","Customer C047354 can be approved for onboarding. The customer satisfies KYC requirements, has sufficient verified documentation, and does not require enhanced review. The customer has a Low AML Risk classification.",Wrong Risk Score,1,1
B0091659,Q0305761,A0305761,C061152,Can customer C061152 be onboarded?,Customer C061152 requires Enhanced Due Diligence because the customer is classified as a Politically Exposed Person (PEP) or presents elevated AML risk.,Customer C061152 requires no enhanced review.,Contradiction,1,1
B0091751,Q0386821,A0386821,C077364,Can customer C077364 be onboarded?,Customer C077364 requires Enhanced Due Diligence because the customer is classified as a Politically Exposed Person (PEP) or presents elevated AML risk.,Customer C077364 requires no enhanced review.,Contradiction,1,1
B0092200,Q0384959,A0384959,C076991,Can the account for customer C076991 be approved?,Customer C076991 must be rejected because the customer appears on a sanctions list and violates AML onboarding requirements.,Customer C076991 must be rejected because the customer appears on a sanctions list and violates AML onboarding requirements. The customer was previously investigated for international money laundering activities.,Unsupported Claim,1,1
B0092264,Q0084191,A0084191,C016838,Can customer C016838 be onboarded?,"Customer C016838 can be approved for onboarding. The customer satisfies KYC requirements, has sufficient verified documentation, and does not require enhanced review.","Customer C016838 can be approved for onboarding. The customer satisfies KYC requirements, has sufficient verified documentation, and does not require enhanced review. The customer has a Low AML Risk classification.",Wrong Risk Score,1,1
B0092423,Q0374759,A0374759,C074951,Can the account for customer C074951 be approved?,"Customer C074951 can be approved for onboarding. The customer satisfies KYC requirements, has sufficient verified documentation, and does not require enhanced review.",Customer C074951 requires additional review.,Missing Evidence,1,1
B0092472,Q0161777,A0161777,C032355,What is the AML risk associated with customer C032355?,"Customer C032355 can be approved for onboarding. The customer satisfies KYC requirements, has sufficient verified documentation, and does not require enhanced review.","Customer C032355 can be approved for onboarding. The customer satisfies KYC requirements, has sufficient verified documentation, and does not require enhanced review.",NONE,0,0
B0092517,Q0459039,A0459039,C091807,Can the account for customer C091807 be approved?,Customer C091807 has insufficient verified documentation. Additional documents are required before onboarding can proceed.,Customer C091807 has insufficient verified documentation. Additional documents are required before onboarding can proceed. The customer was previously investigated for international money laundering activities.,Unsupported Claim,1,1
B0092610,Q0415419,A0415419,C083083,Can the account for customer C083083 be approved?,"Customer C083083 can be approved for onboarding. The customer satisfies KYC requirements, has sufficient verified documentation, and does not require enhanced review.","Customer C083083 can be approved for onboarding. The customer satisfies KYC requirements, has sufficient verified documentation, and does not require enhanced review. The customer has a Low AML Risk classification.",Wrong Risk Score,1,1
B0092632,Q0291999,A0291999,C058399,Can the account for customer C058399 be approved?,"Customer C058399 can be approved for onboarding. The customer satisfies KYC requirements, has sufficient verified documentation, and does not require enhanced review.","Customer C058399 can be approved for onboarding. The customer satisfies KYC requirements, has sufficient verified documentation, and does not require enhanced review. As per AML Regulation Section 99.7, onboarding must be delayed for 90 days.",Fabricated Regulation,1,1
B0092639,Q0013597,A0013597,C002719,What is the AML risk associated with customer C002719?,Customer C002719 must be rejected because the customer appears on a sanctions list and violates AML onboarding requirements.,"Customer C002719 must be rejected because the customer appears on a sanctions list and violates AML onboarding requirements. As per AML Regulation Section 99.7, onboarding must be delayed for 90 days.",Fabricated Regulation,1,1
B0092759,Q0383599,A0383599,C076719,Can the account for customer C076719 be approved?,"Customer C076719 can be approved for onboarding. The customer satisfies KYC requirements, has sufficient verified documentation, and does not require enhanced review.","Customer C076719 can be approved for onboarding. The customer satisfies KYC requirements, has sufficient verified documentation, and does not require enhanced review. As per AML Regulation Section 99.7, onboarding must be delayed for 90 days.",Fabricated Regulation,1,1
B0093088,Q0243188,A0243188,C048637,Should Enhanced Due Diligence be applied to customer C048637?,Customer C048637 requires Enhanced Due Diligence because the customer is classified as a Politically Exposed Person (PEP) or presents elevated AML risk.,Customer C048637 requires Enhanced Due Diligence because the customer is classified as a Politically Exposed Person (PEP) or presents elevated AML risk.,NONE,0,0
B0093277,Q0174058,A0174058,C034811,Should Enhanced Due Diligence be applied to customer C034811?,"Customer C034811 can be approved for onboarding. The customer satisfies KYC requirements, has sufficient verified documentation, and does not require enhanced review.",Customer C034811 requires additional review.,Missing Evidence,1,1
B0093411,Q0168927,A0168927,C033785,What is the AML risk associated with customer C033785?,"Customer C033785 can be approved for onboarding. The customer satisfies KYC requirements, has sufficient verified documentation, and does not require enhanced review.",Customer C033785 requires additional review.,Missing Evidence,1,1
B0093421,Q0025188,A0025188,C005037,Should Enhanced Due Diligence be applied to customer C005037?,"Customer C005037 can be approved for onboarding. The customer satisfies KYC requirements, has sufficient verified documentation, and does not require enhanced review.",Customer C005037 must be rejected due to AML concerns.,Contradiction,1,1
B0093674,Q0142480,A0142480,C028495,What verification steps are required for customer C028495?,"Customer C028495 can be approved for onboarding. The customer satisfies KYC requirements, has sufficient verified documentation, and does not require enhanced review.","Customer C028495 can be approved for onboarding. The customer satisfies KYC requirements, has sufficient verified documentation, and does not require enhanced review.",NONE,0,0
B0093822,Q0479368,A0479368,C095873,Should Enhanced Due Diligence be applied to customer C095873?,"Customer C095873 can be approved for onboarding. The customer satisfies KYC requirements, has sufficient verified documentation, and does not require enhanced review.","Customer C095873 can be approved for onboarding. The customer satisfies KYC requirements, has sufficient verified documentation, and does not require enhanced review. The customer has a Low AML Risk classification.",Wrong Risk Score,1,1
B0093836,Q0170651,A0170651,C034130,Can customer C034130 be onboarded?,Customer C034130 requires Enhanced Due Diligence because the customer is classified as a Politically Exposed Person (PEP) or presents elevated AML risk.,Customer C034130 requires Enhanced Due Diligence because the customer is classified as a Politically Exposed Person (PEP) or presents elevated AML risk.,NONE,0,0
B0093848,Q0100657,A0100657,C020131,What is the AML risk associated with customer C020131?,Customer C020131 should be escalated for manual review due to elevated risk indicators requiring additional investigation.,Customer C020131 is approved immediately.,Contradiction,1,1
B0094218,Q0324422,A0324422,C064884,What is the AML risk associated with customer C064884?,Customer C064884 must be rejected because the customer appears on a sanctions list and violates AML onboarding requirements.,"Customer C064884 must be rejected because the customer appears on a sanctions list and violates AML onboarding requirements. As per AML Regulation Section 99.7, onboarding must be delayed for 90 days.",Fabricated Regulation,1,1
B0094299,Q0454926,A0454926,C090985,Can customer C090985 be onboarded?,Customer C090985 must be rejected because the customer appears on a sanctions list and violates AML onboarding requirements.,Customer C090985 requires additional review.,Missing Evidence,1,1
B0094414,Q0278608,A0278608,C055721,Should Enhanced Due Diligence be applied to customer C055721?,Customer C055721 requires Enhanced Due Diligence because the customer is classified as a Politically Exposed Person (PEP) or presents elevated AML risk.,Customer C055721 requires Enhanced Due Diligence because the customer is classified as a Politically Exposed Person (PEP) or presents elevated AML risk. The customer was previously investigated for international money laundering activities.,Unsupported Claim,1,1
B0094554,Q0496055,A0496055,C099210,What verification steps are required for customer C099210?,"Customer C099210 can be approved for onboarding. The customer satisfies KYC requirements, has sufficient verified documentation, and does not require enhanced review.","Customer C099210 can be approved for onboarding. The customer satisfies KYC requirements, has sufficient verified documentation, and does not require enhanced review.",NONE,0,0
B0094658,Q0408585,A0408585,C081716,What verification steps are required for customer C081716?,"Customer C081716 can be approved for onboarding. The customer satisfies KYC requirements, has sufficient verified documentation, and does not require enhanced review.",Customer C081716 requires additional review.,Missing Evidence,1,1
B0094700,Q0344260,A0344260,C068851,What verification steps are required for customer C068851?,Customer C068851 should be escalated for manual review due to elevated risk indicators requiring additional investigation.,Customer C068851 should be escalated for manual review due to elevated risk indicators requiring additional investigation. The customer was previously investigated for international money laundering activities.,Unsupported Claim,1,1
B0094983,Q0477977,A0477977,C095595,What is the AML risk associated with customer C095595?,"Customer C095595 can be approved for onboarding. The customer satisfies KYC requirements, has sufficient verified documentation, and does not require enhanced review.",Customer C095595 requires additional review.,Missing Evidence,1,1
B0095514,Q0087829,A0087829,C017565,Can the account for customer C017565 be approved?,"Customer C017565 can be approved for onboarding. The customer satisfies KYC requirements, has sufficient verified documentation, and does not require enhanced review.","Customer C017565 can be approved for onboarding. The customer satisfies KYC requirements, has sufficient verified documentation, and does not require enhanced review. The customer was previously investigated for international money laundering activities.",Unsupported Claim,1,1
B0095548,Q0182444,A0182444,C036488,Can the account for customer C036488 be approved?,"Customer C036488 can be approved for onboarding. The customer satisfies KYC requirements, has sufficient verified documentation, and does not require enhanced review.",Customer C036488 must be rejected due to AML concerns.,Contradiction,1,1
B0095623,Q0294040,A0294040,C058807,What verification steps are required for customer C058807?,Customer C058807 requires Enhanced Due Diligence because the customer is classified as a Politically Exposed Person (PEP) or presents elevated AML risk.,Customer C058807 requires Enhanced Due Diligence because the customer is classified as a Politically Exposed Person (PEP) or presents elevated AML risk. The customer was previously investigated for international money laundering activities.,Unsupported Claim,1,1
B0095687,Q0329896,A0329896,C065979,Can customer C065979 be onboarded?,"Customer C065979 can be approved for onboarding. The customer satisfies KYC requirements, has sufficient verified documentation, and does not require enhanced review.","Customer C065979 can be approved for onboarding. The customer satisfies KYC requirements, has sufficient verified documentation, and does not require enhanced review.",NONE,0,0
B0096198,Q0142482,A0142482,C028496,What is the AML risk associated with customer C028496?,"Customer C028496 can be approved for onboarding. The customer satisfies KYC requirements, has sufficient verified documentation, and does not require enhanced review.","Customer C028496 can be approved for onboarding. The customer satisfies KYC requirements, has sufficient verified documentation, and does not require enhanced review. As per AML Regulation Section 99.7, onboarding must be delayed for 90 days.",Fabricated Regulation,1,1
B0096461,Q0160049,A0160049,C032009,Can the account for customer C032009 be approved?,"Customer C032009 can be approved for onboarding. The customer satisfies KYC requirements, has sufficient verified documentation, and does not require enhanced review.","Customer C032009 can be approved for onboarding. The customer satisfies KYC requirements, has sufficient verified documentation, and does not require enhanced review. As per AML Regulation Section 99.7, onboarding must be delayed for 90 days.",Fabricated Regulation,1,1
B0096512,Q0323880,A0323880,C064775,What verification steps are required for customer C064775?,Customer C064775 should be escalated for manual review due to elevated risk indicators requiring additional investigation.,"Customer C064775 should be escalated for manual review due to elevated risk indicators requiring additional investigation. As per AML Regulation Section 99.7, onboarding must be delayed for 90 days.",Fabricated Regulation,1,1
B0096588,Q0418583,A0418583,C083716,Should Enhanced Due Diligence be applied to customer C083716?,"Customer C083716 can be approved for onboarding. The customer satisfies KYC requirements, has sufficient verified documentation, and does not require enhanced review.","Customer C083716 can be approved for onboarding. The customer satisfies KYC requirements, has sufficient verified documentation, and does not require enhanced review.",NONE,0,0
B0096888,Q0445978,A0445978,C089195,Should Enhanced Due Diligence be applied to customer C089195?,"Customer C089195 can be approved for onboarding. The customer satisfies KYC requirements, has sufficient verified documentation, and does not require enhanced review.",Customer C089195 requires additional review.,Missing Evidence,1,1
B0097220,Q0094610,A0094610,C018921,What verification steps are required for customer C018921?,"Customer C018921 can be approved for onboarding. The customer satisfies KYC requirements, has sufficient verified documentation, and does not require enhanced review.","Customer C018921 can be approved for onboarding. The customer satisfies KYC requirements, has sufficient verified documentation, and does not require enhanced review. The customer has a Low AML Risk classification.",Wrong Risk Score,1,1
B0097395,Q0218353,A0218353,C043670,Should Enhanced Due Diligence be applied to customer C043670?,Customer C043670 requires Enhanced Due Diligence because the customer is classified as a Politically Exposed Person (PEP) or presents elevated AML risk.,Customer C043670 requires additional review.,Missing Evidence,1,1
B0097399,Q0011281,A0011281,C002256,Can customer C002256 be onboarded?,"Customer C002256 can be approved for onboarding. The customer satisfies KYC requirements, has sufficient verified documentation, and does not require enhanced review.","Customer C002256 can be approved for onboarding. The customer satisfies KYC requirements, has sufficient verified documentation, and does not require enhanced review.",NONE,0,0
B0097420,Q0166030,A0166030,C033205,What verification steps are required for customer C033205?,"Customer C033205 can be approved for onboarding. The customer satisfies KYC requirements, has sufficient verified documentation, and does not require enhanced review.",Customer C033205 requires additional review.,Missing Evidence,1,1
B0097591,Q0194867,A0194867,C038973,What is the AML risk associated with customer C038973?,"Customer C038973 can be approved for onboarding. The customer satisfies KYC requirements, has sufficient verified documentation, and does not require enhanced review.",Customer C038973 must be rejected due to AML concerns.,Contradiction,1,1
B0097627,Q0353922,A0353922,C070784,What is the AML risk associated with customer C070784?,"Customer C070784 can be approved for onboarding. The customer satisfies KYC requirements, has sufficient verified documentation, and does not require enhanced review.","Customer C070784 can be approved for onboarding. The customer satisfies KYC requirements, has sufficient verified documentation, and does not require enhanced review.",NONE,0,0
B0097723,Q0437758,A0437758,C087551,Should Enhanced Due Diligence be applied to customer C087551?,Customer C087551 requires Enhanced Due Diligence because the customer is classified as a Politically Exposed Person (PEP) or presents elevated AML risk.,"Customer C087551 requires Enhanced Due Diligence because the customer is classified as a Politically Exposed Person (PEP) or presents elevated AML risk. As per AML Regulation Section 99.7, onboarding must be delayed for 90 days.",Fabricated Regulation,1,1
B0097730,Q0217176,A0217176,C043435,Can customer C043435 be onboarded?,"Customer C043435 can be approved for onboarding. The customer satisfies KYC requirements, has sufficient verified documentation, and does not require enhanced review.","Customer C043435 can be approved for onboarding. The customer satisfies KYC requirements, has sufficient verified documentation, and does not require enhanced review. The customer was previously investigated for international money laundering activities.",Unsupported Claim,1,1
B0097896,Q0474012,A0474012,C094802,What is the AML risk associated with customer C094802?,"Customer C094802 can be approved for onboarding. The customer satisfies KYC requirements, has sufficient verified documentation, and does not require enhanced review.","Customer C094802 can be approved for onboarding. The customer satisfies KYC requirements, has sufficient verified documentation, and does not require enhanced review.",NONE,0,0
B0097934,Q0261944,A0261944,C052388,Can the account for customer C052388 be approved?,Customer C052388 requires Enhanced Due Diligence because the customer is classified as a Politically Exposed Person (PEP) or presents elevated AML risk.,Customer C052388 requires Enhanced Due Diligence because the customer is classified as a Politically Exposed Person (PEP) or presents elevated AML risk.,NONE,0,0
B0098016,Q0454705,A0454705,C090940,What verification steps are required for customer C090940?,"Customer C090940 can be approved for onboarding. The customer satisfies KYC requirements, has sufficient verified documentation, and does not require enhanced review.","Customer C090940 can be approved for onboarding. The customer satisfies KYC requirements, has sufficient verified documentation, and does not require enhanced review. The customer was previously investigated for international money laundering activities.",Unsupported Claim,1,1
B0098088,Q0125445,A0125445,C025088,What verification steps are required for customer C025088?,Customer C025088 requires Enhanced Due Diligence because the customer is classified as a Politically Exposed Person (PEP) or presents elevated AML risk.,Customer C025088 requires no enhanced review.,Contradiction,1,1
B0098093,Q0429317,A0429317,C085863,What is the AML risk associated with customer C085863?,"Customer C085863 can be approved for onboarding. The customer satisfies KYC requirements, has sufficient verified documentation, and does not require enhanced review.","Customer C085863 can be approved for onboarding. The customer satisfies KYC requirements, has sufficient verified documentation, and does not require enhanced review.",NONE,0,0
B0098237,Q0207871,A0207871,C041574,Can customer C041574 be onboarded?,"Customer C041574 can be approved for onboarding. The customer satisfies KYC requirements, has sufficient verified documentation, and does not require enhanced review.",Customer C041574 requires additional review.,Missing Evidence,1,1
B0098348,Q0431743,A0431743,C086348,Should Enhanced Due Diligence be applied to customer C086348?,Customer C086348 must be rejected because the customer appears on a sanctions list and violates AML onboarding requirements.,Customer C086348 must be rejected because the customer appears on a sanctions list and violates AML onboarding requirements.,NONE,0,0
B0098374,Q0438836,A0438836,C087767,Can customer C087767 be onboarded?,"Customer C087767 can be approved for onboarding. The customer satisfies KYC requirements, has sufficient verified documentation, and does not require enhanced review.","Customer C087767 can be approved for onboarding. The customer satisfies KYC requirements, has sufficient verified documentation, and does not require enhanced review. As per AML Regulation Section 99.7, onboarding must be delayed for 90 days.",Fabricated Regulation,1,1
B0098540,Q0288121,A0288121,C057624,Can customer C057624 be onboarded?,Customer C057624 must be rejected because the customer appears on a sanctions list and violates AML onboarding requirements.,Customer C057624 must be rejected because the customer appears on a sanctions list and violates AML onboarding requirements.,NONE,0,0
B0098833,Q0234243,A0234243,C046848,Should Enhanced Due Diligence be applied to customer C046848?,"Customer C046848 can be approved for onboarding. The customer satisfies KYC requirements, has sufficient verified documentation, and does not require enhanced review.","Customer C046848 can be approved for onboarding. The customer satisfies KYC requirements, has sufficient verified documentation, and does not require enhanced review. The customer was previously investigated for international money laundering activities.",Unsupported Claim,1,1
B0098947,Q0081407,A0081407,C016281,What is the AML risk associated with customer C016281?,Customer C016281 requires Enhanced Due Diligence because the customer is classified as a Politically Exposed Person (PEP) or presents elevated AML risk.,Customer C016281 requires Enhanced Due Diligence because the customer is classified as a Politically Exposed Person (PEP) or presents elevated AML risk. The customer was previously investigated for international money laundering activities.,Unsupported Claim,1,1
B0098957,Q0493385,A0493385,C098676,What verification steps are required for customer C098676?,Customer C098676 requires Enhanced Due Diligence because the customer is classified as a Politically Exposed Person (PEP) or presents elevated AML risk.,Customer C098676 requires Enhanced Due Diligence because the customer is classified as a Politically Exposed Person (PEP) or presents elevated AML risk. The customer has a Low AML Risk classification.,Wrong Risk Score,1,1
B0099016,Q0336310,A0336310,C067261,What verification steps are required for customer C067261?,Customer C067261 must be rejected because the customer appears on a sanctions list and violates AML onboarding requirements.,Customer C067261 must be rejected because the customer appears on a sanctions list and violates AML onboarding requirements.,NONE,0,0
B0099513,Q0402785,A0402785,C080556,What verification steps are required for customer C080556?,Customer C080556 must be rejected because the customer appears on a sanctions list and violates AML onboarding requirements.,"Customer C080556 must be rejected because the customer appears on a sanctions list and violates AML onboarding requirements. As per AML Regulation Section 99.7, onboarding must be delayed for 90 days.",Fabricated Regulation,1,1
B0099560,Q0371544,A0371544,C074308,Can the account for customer C074308 be approved?,"Customer C074308 can be approved for onboarding. The customer satisfies KYC requirements, has sufficient verified documentation, and does not require enhanced review.","Customer C074308 can be approved for onboarding. The customer satisfies KYC requirements, has sufficient verified documentation, and does not require enhanced review.",NONE,0,0
B0099579,Q0092292,A0092292,C018458,What is the AML risk associated with customer C018458?,"Customer C018458 can be approved for onboarding. The customer satisfies KYC requirements, has sufficient verified documentation, and does not require enhanced review.","Customer C018458 can be approved for onboarding. The customer satisfies KYC requirements, has sufficient verified documentation, and does not require enhanced review. The customer was previously investigated for international money laundering activities.",Unsupported Claim,1,1
B0099717,Q0335062,A0335062,C067012,What is the AML risk associated with customer C067012?,"Customer C067012 can be approved for onboarding. The customer satisfies KYC requirements, has sufficient verified documentation, and does not require enhanced review.",Customer C067012 must be rejected due to AML concerns.,Contradiction,1,1
B0100065,Q0388007,A0388007,C077601,What is the AML risk associated with customer C077601?,Customer C077601 requires Enhanced Due Diligence because the customer is classified as a Politically Exposed Person (PEP) or presents elevated AML risk.,Customer C077601 requires Enhanced Due Diligence because the customer is classified as a Politically Exposed Person (PEP) or presents elevated AML risk. The customer has a Low AML Risk classification.,Wrong Risk Score,1,1
B0100086,Q0416491,A0416491,C083298,Can customer C083298 be onboarded?,Customer C083298 requires Enhanced Due Diligence because the customer is classified as a Politically Exposed Person (PEP) or presents elevated AML risk.,Customer C083298 requires Enhanced Due Diligence because the customer is classified as a Politically Exposed Person (PEP) or presents elevated AML risk.,NONE,0,0
B0100357,Q0054684,A0054684,C010936,Can the account for customer C010936 be approved?,Customer C010936 requires Enhanced Due Diligence because the customer is classified as a Politically Exposed Person (PEP) or presents elevated AML risk.,Customer C010936 requires additional review.,Missing Evidence,1,1
B0100580,Q0264158,A0264158,C052831,Should Enhanced Due Diligence be applied to customer C052831?,"Customer C052831 can be approved for onboarding. The customer satisfies KYC requirements, has sufficient verified documentation, and does not require enhanced review.","Customer C052831 can be approved for onboarding. The customer satisfies KYC requirements, has sufficient verified documentation, and does not require enhanced review.",NONE,0,0
B0100612,Q0489177,A0489177,C097835,What is the AML risk associated with customer C097835?,Customer C097835 requires Enhanced Due Diligence because the customer is classified as a Politically Exposed Person (PEP) or presents elevated AML risk.,Customer C097835 requires Enhanced Due Diligence because the customer is classified as a Politically Exposed Person (PEP) or presents elevated AML risk.,NONE,0,0
B0100883,Q0182524,A0182524,C036504,Can the account for customer C036504 be approved?,"Customer C036504 can be approved for onboarding. The customer satisfies KYC requirements, has sufficient verified documentation, and does not require enhanced review.",Customer C036504 must be rejected due to AML concerns.,Contradiction,1,1
B0100968,Q0292522,A0292522,C058504,What is the AML risk associated with customer C058504?,Customer C058504 should be escalated for manual review due to elevated risk indicators requiring additional investigation.,Customer C058504 should be escalated for manual review due to elevated risk indicators requiring additional investigation.,NONE,0,0
B0101060,Q0036326,A0036326,C007265,Can customer C007265 be onboarded?,"Customer C007265 can be approved for onboarding. The customer satisfies KYC requirements, has sufficient verified documentation, and does not require enhanced review.",Customer C007265 must be rejected due to AML concerns.,Contradiction,1,1
B0101119,Q0303809,A0303809,C060761,Can the account for customer C060761 be approved?,Customer C060761 requires Enhanced Due Diligence because the customer is classified as a Politically Exposed Person (PEP) or presents elevated AML risk.,Customer C060761 requires Enhanced Due Diligence because the customer is classified as a Politically Exposed Person (PEP) or presents elevated AML risk.,NONE,0,0
B0101569,Q0343193,A0343193,C068638,Should Enhanced Due Diligence be applied to customer C068638?,"Customer C068638 can be approved for onboarding. The customer satisfies KYC requirements, has sufficient verified documentation, and does not require enhanced review.","Customer C068638 can be approved for onboarding. The customer satisfies KYC requirements, has sufficient verified documentation, and does not require enhanced review. The customer was previously investigated for international money laundering activities.",Unsupported Claim,1,1
B0101692,Q0109429,A0109429,C021885,Can the account for customer C021885 be approved?,"Customer C021885 can be approved for onboarding. The customer satisfies KYC requirements, has sufficient verified documentation, and does not require enhanced review.","Customer C021885 can be approved for onboarding. The customer satisfies KYC requirements, has sufficient verified documentation, and does not require enhanced review. The customer was previously investigated for international money laundering activities.",Unsupported Claim,1,1
B0101814,Q0135155,A0135155,C027030,What verification steps are required for customer C027030?,"Customer C027030 can be approved for onboarding. The customer satisfies KYC requirements, has sufficient verified documentation, and does not require enhanced review.","Customer C027030 can be approved for onboarding. The customer satisfies KYC requirements, has sufficient verified documentation, and does not require enhanced review.",NONE,0,0
B0102010,Q0171133,A0171133,C034226,Should Enhanced Due Diligence be applied to customer C034226?,"Customer C034226 can be approved for onboarding. The customer satisfies KYC requirements, has sufficient verified documentation, and does not require enhanced review.","Customer C034226 can be approved for onboarding. The customer satisfies KYC requirements, has sufficient verified documentation, and does not require enhanced review.",NONE,0,0
B0102223,Q0325855,A0325855,C065170,What verification steps are required for customer C065170?,"Customer C065170 can be approved for onboarding. The customer satisfies KYC requirements, has sufficient verified documentation, and does not require enhanced review.","Customer C065170 can be approved for onboarding. The customer satisfies KYC requirements, has sufficient verified documentation, and does not require enhanced review. The customer was previously investigated for international money laundering activities.",Unsupported Claim,1,1
B0102415,Q0173739,A0173739,C034747,Can the account for customer C034747 be approved?,"Customer C034747 can be approved for onboarding. The customer satisfies KYC requirements, has sufficient verified documentation, and does not require enhanced review.",Customer C034747 requires additional review.,Missing Evidence,1,1
B0103326,Q0060609,A0060609,C012121,Can the account for customer C012121 be approved?,Customer C012121 requires Enhanced Due Diligence because the customer is classified as a Politically Exposed Person (PEP) or presents elevated AML risk.,Customer C012121 requires additional review.,Missing Evidence,1,1
B0103465,Q0110971,A0110971,C022194,Can customer C022194 be onboarded?,"Customer C022194 can be approved for onboarding. The customer satisfies KYC requirements, has sufficient verified documentation, and does not require enhanced review.","Customer C022194 can be approved for onboarding. The customer satisfies KYC requirements, has sufficient verified documentation, and does not require enhanced review.",NONE,0,0
B0103835,Q0010121,A0010121,C002024,Can customer C002024 be onboarded?,"Customer C002024 can be approved for onboarding. The customer satisfies KYC requirements, has sufficient verified documentation, and does not require enhanced review.","Customer C002024 can be approved for onboarding. The customer satisfies KYC requirements, has sufficient verified documentation, and does not require enhanced review. The customer has a Low AML Risk classification.",Wrong Risk Score,1,1
B0104403,Q0079116,A0079116,C015823,Can customer C015823 be onboarded?,Customer C015823 requires Enhanced Due Diligence because the customer is classified as a Politically Exposed Person (PEP) or presents elevated AML risk.,Customer C015823 requires no enhanced review.,Contradiction,1,1
B0104433,Q0088898,A0088898,C017779,Should Enhanced Due Diligence be applied to customer C017779?,"Customer C017779 can be approved for onboarding. The customer satisfies KYC requirements, has sufficient verified documentation, and does not require enhanced review.","Customer C017779 can be approved for onboarding. The customer satisfies KYC requirements, has sufficient verified documentation, and does not require enhanced review. The customer was previously investigated for international money laundering activities.",Unsupported Claim,1,1
B0104439,Q0016668,A0016668,C003333,Should Enhanced Due Diligence be applied to customer C003333?,"Customer C003333 can be approved for onboarding. The customer satisfies KYC requirements, has sufficient verified documentation, and does not require enhanced review.","Customer C003333 can be approved for onboarding. The customer satisfies KYC requirements, has sufficient verified documentation, and does not require enhanced review. The customer was previously investigated for international money laundering activities.",Unsupported Claim,1,1
B0104519,Q0156891,A0156891,C031378,Can customer C031378 be onboarded?,Customer C031378 should be escalated for manual review due to elevated risk indicators requiring additional investigation.,Customer C031378 should be escalated for manual review due to elevated risk indicators requiring additional investigation. The customer was previously investigated for international money laundering activities.,Unsupported Claim,1,1
B0104565,Q0008785,A0008785,C001756,What verification steps are required for customer C001756?,Customer C001756 must be rejected because the customer appears on a sanctions list and violates AML onboarding requirements.,Customer C001756 must be rejected because the customer appears on a sanctions list and violates AML onboarding requirements.,NONE,0,0
B0104593,Q0481817,A0481817,C096363,What is the AML risk associated with customer C096363?,"Customer C096363 can be approved for onboarding. The customer satisfies KYC requirements, has sufficient verified documentation, and does not require enhanced review.","Customer C096363 can be approved for onboarding. The customer satisfies KYC requirements, has sufficient verified documentation, and does not require enhanced review.",NONE,0,0
B0105104,Q0173711,A0173711,C034742,Can customer C034742 be onboarded?,Customer C034742 must be rejected because the customer appears on a sanctions list and violates AML onboarding requirements.,Customer C034742 requires additional review.,Missing Evidence,1,1
B0105616,Q0175528,A0175528,C035105,Should Enhanced Due Diligence be applied to customer C035105?,Customer C035105 requires Enhanced Due Diligence because the customer is classified as a Politically Exposed Person (PEP) or presents elevated AML risk.,Customer C035105 requires Enhanced Due Diligence because the customer is classified as a Politically Exposed Person (PEP) or presents elevated AML risk.,NONE,0,0
B0105710,Q0468942,A0468942,C093788,What is the AML risk associated with customer C093788?,Customer C093788 requires Enhanced Due Diligence because the customer is classified as a Politically Exposed Person (PEP) or presents elevated AML risk.,"Customer C093788 requires Enhanced Due Diligence because the customer is classified as a Politically Exposed Person (PEP) or presents elevated AML risk. As per AML Regulation Section 99.7, onboarding must be delayed for 90 days.",Fabricated Regulation,1,1
B0105711,Q0089742,A0089742,C017948,What is the AML risk associated with customer C017948?,Customer C017948 requires Enhanced Due Diligence because the customer is classified as a Politically Exposed Person (PEP) or presents elevated AML risk.,Customer C017948 requires Enhanced Due Diligence because the customer is classified as a Politically Exposed Person (PEP) or presents elevated AML risk. The customer was previously investigated for international money laundering activities.,Unsupported Claim,1,1
B0106042,Q0360441,A0360441,C072088,Can customer C072088 be onboarded?,Customer C072088 requires Enhanced Due Diligence because the customer is classified as a Politically Exposed Person (PEP) or presents elevated AML risk.,Customer C072088 requires no enhanced review.,Contradiction,1,1
B0106050,Q0324414,A0324414,C064882,Can the account for customer C064882 be approved?,"Customer C064882 can be approved for onboarding. The customer satisfies KYC requirements, has sufficient verified documentation, and does not require enhanced review.",Customer C064882 requires additional review.,Missing Evidence,1,1
B0106096,Q0332236,A0332236,C066447,Can customer C066447 be onboarded?,Customer C066447 should be escalated for manual review due to elevated risk indicators requiring additional investigation.,Customer C066447 should be escalated for manual review due to elevated risk indicators requiring additional investigation.,NONE,0,0
B0106160,Q0193739,A0193739,C038747,Can the account for customer C038747 be approved?,"Customer C038747 can be approved for onboarding. The customer satisfies KYC requirements, has sufficient verified documentation, and does not require enhanced review.",Customer C038747 requires additional review.,Missing Evidence,1,1
B0106502,Q0391367,A0391367,C078273,What is the AML risk associated with customer C078273?,Customer C078273 must be rejected because the customer appears on a sanctions list and violates AML onboarding requirements.,Customer C078273 can be approved without restrictions.,Contradiction,1,1
B0106665,Q0265498,A0265498,C053099,Should Enhanced Due Diligence be applied to customer C053099?,"Customer C053099 can be approved for onboarding. The customer satisfies KYC requirements, has sufficient verified documentation, and does not require enhanced review.","Customer C053099 can be approved for onboarding. The customer satisfies KYC requirements, has sufficient verified documentation, and does not require enhanced review. The customer was previously investigated for international money laundering activities.",Unsupported Claim,1,1
B0106692,Q0078454,A0078454,C015690,Can the account for customer C015690 be approved?,Customer C015690 requires Enhanced Due Diligence because the customer is classified as a Politically Exposed Person (PEP) or presents elevated AML risk.,Customer C015690 requires Enhanced Due Diligence because the customer is classified as a Politically Exposed Person (PEP) or presents elevated AML risk. The customer has a Low AML Risk classification.,Wrong Risk Score,1,1
B0107077,Q0480847,A0480847,C096169,What is the AML risk associated with customer C096169?,"Customer C096169 can be approved for onboarding. The customer satisfies KYC requirements, has sufficient verified documentation, and does not require enhanced review.",Customer C096169 requires additional review.,Missing Evidence,1,1
B0107226,Q0097594,A0097594,C019518,Can the account for customer C019518 be approved?,"Customer C019518 can be approved for onboarding. The customer satisfies KYC requirements, has sufficient verified documentation, and does not require enhanced review.",Customer C019518 must be rejected due to AML concerns.,Contradiction,1,1
B0107230,Q0243349,A0243349,C048669,Can the account for customer C048669 be approved?,Customer C048669 requires Enhanced Due Diligence because the customer is classified as a Politically Exposed Person (PEP) or presents elevated AML risk.,Customer C048669 requires Enhanced Due Diligence because the customer is classified as a Politically Exposed Person (PEP) or presents elevated AML risk. The customer was previously investigated for international money laundering activities.,Unsupported Claim,1,1
B0107295,Q0157037,A0157037,C031407,What is the AML risk associated with customer C031407?,Customer C031407 requires Enhanced Due Diligence because the customer is classified as a Politically Exposed Person (PEP) or presents elevated AML risk.,Customer C031407 requires Enhanced Due Diligence because the customer is classified as a Politically Exposed Person (PEP) or presents elevated AML risk.,NONE,0,0
B0107566,Q0297890,A0297890,C059577,What verification steps are required for customer C059577?,"Customer C059577 can be approved for onboarding. The customer satisfies KYC requirements, has sufficient verified documentation, and does not require enhanced review.",Customer C059577 must be rejected due to AML concerns.,Contradiction,1,1
B0107931,Q0115981,A0115981,C023196,Can customer C023196 be onboarded?,"Customer C023196 can be approved for onboarding. The customer satisfies KYC requirements, has sufficient verified documentation, and does not require enhanced review.",Customer C023196 requires additional review.,Missing Evidence,1,1
B0107937,Q0341760,A0341760,C068351,What verification steps are required for customer C068351?,"Customer C068351 can be approved for onboarding. The customer satisfies KYC requirements, has sufficient verified documentation, and does not require enhanced review.",Customer C068351 must be rejected due to AML concerns.,Contradiction,1,1
B0108090,Q0495979,A0495979,C099195,Can the account for customer C099195 be approved?,"Customer C099195 can be approved for onboarding. The customer satisfies KYC requirements, has sufficient verified documentation, and does not require enhanced review.","Customer C099195 can be approved for onboarding. The customer satisfies KYC requirements, has sufficient verified documentation, and does not require enhanced review. The customer was previously investigated for international money laundering activities.",Unsupported Claim,1,1
B0108177,Q0236121,A0236121,C047224,Can customer C047224 be onboarded?,"Customer C047224 can be approved for onboarding. The customer satisfies KYC requirements, has sufficient verified documentation, and does not require enhanced review.","Customer C047224 can be approved for onboarding. The customer satisfies KYC requirements, has sufficient verified documentation, and does not require enhanced review.",NONE,0,0
B0108178,Q0043205,A0043205,C008640,What verification steps are required for customer C008640?,"Customer C008640 can be approved for onboarding. The customer satisfies KYC requirements, has sufficient verified documentation, and does not require enhanced review.",Customer C008640 must be rejected due to AML concerns.,Contradiction,1,1
B0108215,Q0276761,A0276761,C055352,Can customer C055352 be onboarded?,"Customer C055352 can be approved for onboarding. The customer satisfies KYC requirements, has sufficient verified documentation, and does not require enhanced review.",Customer C055352 requires additional review.,Missing Evidence,1,1
B0108242,Q0377347,A0377347,C075469,What is the AML risk associated with customer C075469?,"Customer C075469 can be approved for onboarding. The customer satisfies KYC requirements, has sufficient verified documentation, and does not require enhanced review.","Customer C075469 can be approved for onboarding. The customer satisfies KYC requirements, has sufficient verified documentation, and does not require enhanced review. The customer has a Low AML Risk classification.",Wrong Risk Score,1,1
B0108474,Q0461341,A0461341,C092268,Can customer C092268 be onboarded?,"Customer C092268 can be approved for onboarding. The customer satisfies KYC requirements, has sufficient verified documentation, and does not require enhanced review.","Customer C092268 can be approved for onboarding. The customer satisfies KYC requirements, has sufficient verified documentation, and does not require enhanced review. The customer has a Low AML Risk classification.",Wrong Risk Score,1,1
B0108571,Q0083344,A0083344,C016668,Can the account for customer C016668 be approved?,"Customer C016668 can be approved for onboarding. The customer satisfies KYC requirements, has sufficient verified documentation, and does not require enhanced review.",Customer C016668 requires additional review.,Missing Evidence,1,1
B0108645,Q0092907,A0092907,C018581,What is the AML risk associated with customer C018581?,Customer C018581 should be escalated for manual review due to elevated risk indicators requiring additional investigation.,Customer C018581 should be escalated for manual review due to elevated risk indicators requiring additional investigation. The customer was previously investigated for international money laundering activities.,Unsupported Claim,1,1
B0109188,Q0315455,A0315455,C063090,What verification steps are required for customer C063090?,"Customer C063090 can be approved for onboarding. The customer satisfies KYC requirements, has sufficient verified documentation, and does not require enhanced review.","Customer C063090 can be approved for onboarding. The customer satisfies KYC requirements, has sufficient verified documentation, and does not require enhanced review.",NONE,0,0
B0109264,Q0396595,A0396595,C079318,What verification steps are required for customer C079318?,"Customer C079318 can be approved for onboarding. The customer satisfies KYC requirements, has sufficient verified documentation, and does not require enhanced review.",Customer C079318 requires additional review.,Missing Evidence,1,1
B0109292,Q0011377,A0011377,C002275,What is the AML risk associated with customer C002275?,"Customer C002275 can be approved for onboarding. The customer satisfies KYC requirements, has sufficient verified documentation, and does not require enhanced review.",Customer C002275 requires additional review.,Missing Evidence,1,1
B0109364,Q0141118,A0141118,C028223,Should Enhanced Due Diligence be applied to customer C028223?,Customer C028223 requires Enhanced Due Diligence because the customer is classified as a Politically Exposed Person (PEP) or presents elevated AML risk.,Customer C028223 requires Enhanced Due Diligence because the customer is classified as a Politically Exposed Person (PEP) or presents elevated AML risk.,NONE,0,0
B0109517,Q0456856,A0456856,C091371,Can customer C091371 be onboarded?,"Customer C091371 can be approved for onboarding. The customer satisfies KYC requirements, has sufficient verified documentation, and does not require enhanced review.","Customer C091371 can be approved for onboarding. The customer satisfies KYC requirements, has sufficient verified documentation, and does not require enhanced review.",NONE,0,0
B0109769,Q0001681,A0001681,C000336,Can customer C000336 be onboarded?,Customer C000336 should be escalated for manual review due to elevated risk indicators requiring additional investigation.,Customer C000336 should be escalated for manual review due to elevated risk indicators requiring additional investigation. The customer was previously investigated for international money laundering activities.,Unsupported Claim,1,1
B0110066,Q0041242,A0041242,C008248,What is the AML risk associated with customer C008248?,Customer C008248 requires Enhanced Due Diligence because the customer is classified as a Politically Exposed Person (PEP) or presents elevated AML risk.,Customer C008248 requires Enhanced Due Diligence because the customer is classified as a Politically Exposed Person (PEP) or presents elevated AML risk. The customer was previously investigated for international money laundering activities.,Unsupported Claim,1,1
B0110082,Q0127048,A0127048,C025409,Should Enhanced Due Diligence be applied to customer C025409?,"Customer C025409 can be approved for onboarding. The customer satisfies KYC requirements, has sufficient verified documentation, and does not require enhanced review.",Customer C025409 requires additional review.,Missing Evidence,1,1
B0110187,Q0014735,A0014735,C002946,What verification steps are required for customer C002946?,"Customer C002946 can be approved for onboarding. The customer satisfies KYC requirements, has sufficient verified documentation, and does not require enhanced review.","Customer C002946 can be approved for onboarding. The customer satisfies KYC requirements, has sufficient verified documentation, and does not require enhanced review.",NONE,0,0
B0110578,Q0488984,A0488984,C097796,Can the account for customer C097796 be approved?,Customer C097796 should be escalated for manual review due to elevated risk indicators requiring additional investigation.,Customer C097796 should be escalated for manual review due to elevated risk indicators requiring additional investigation.,NONE,0,0
B0111133,Q0331446,A0331446,C066289,Can customer C066289 be onboarded?,"Customer C066289 can be approved for onboarding. The customer satisfies KYC requirements, has sufficient verified documentation, and does not require enhanced review.","Customer C066289 can be approved for onboarding. The customer satisfies KYC requirements, has sufficient verified documentation, and does not require enhanced review.",NONE,0,0
B0111178,Q0432258,A0432258,C086451,Should Enhanced Due Diligence be applied to customer C086451?,"Customer C086451 can be approved for onboarding. The customer satisfies KYC requirements, has sufficient verified documentation, and does not require enhanced review.",Customer C086451 must be rejected due to AML concerns.,Contradiction,1,1
B0111247,Q0389783,A0389783,C077956,Should Enhanced Due Diligence be applied to customer C077956?,"Customer C077956 can be approved for onboarding. The customer satisfies KYC requirements, has sufficient verified documentation, and does not require enhanced review.","Customer C077956 can be approved for onboarding. The customer satisfies KYC requirements, has sufficient verified documentation, and does not require enhanced review.",NONE,0,0
B0111251,Q0234653,A0234653,C046930,Should Enhanced Due Diligence be applied to customer C046930?,Customer C046930 requires Enhanced Due Diligence because the customer is classified as a Politically Exposed Person (PEP) or presents elevated AML risk.,Customer C046930 requires Enhanced Due Diligence because the customer is classified as a Politically Exposed Person (PEP) or presents elevated AML risk. The customer has a Low AML Risk classification.,Wrong Risk Score,1,1
B0111443,Q0195967,A0195967,C039193,What is the AML risk associated with customer C039193?,"Customer C039193 can be approved for onboarding. The customer satisfies KYC requirements, has sufficient verified documentation, and does not require enhanced review.",Customer C039193 must be rejected due to AML concerns.,Contradiction,1,1
B0111507,Q0241592,A0241592,C048318,What is the AML risk associated with customer C048318?,"Customer C048318 can be approved for onboarding. The customer satisfies KYC requirements, has sufficient verified documentation, and does not require enhanced review.","Customer C048318 can be approved for onboarding. The customer satisfies KYC requirements, has sufficient verified documentation, and does not require enhanced review.",NONE,0,0
B0111727,Q0485593,A0485593,C097118,Should Enhanced Due Diligence be applied to customer C097118?,"Customer C097118 can be approved for onboarding. The customer satisfies KYC requirements, has sufficient verified documentation, and does not require enhanced review.","Customer C097118 can be approved for onboarding. The customer satisfies KYC requirements, has sufficient verified documentation, and does not require enhanced review. The customer was previously investigated for international money laundering activities.",Unsupported Claim,1,1
B0111796,Q0049684,A0049684,C009936,Can the account for customer C009936 be approved?,Customer C009936 must be rejected because the customer appears on a sanctions list and violates AML onboarding requirements.,Customer C009936 must be rejected because the customer appears on a sanctions list and violates AML onboarding requirements.,NONE,0,0
B0111931,Q0089158,A0089158,C017831,Should Enhanced Due Diligence be applied to customer C017831?,"Customer C017831 can be approved for onboarding. The customer satisfies KYC requirements, has sufficient verified documentation, and does not require enhanced review.",Customer C017831 requires additional review.,Missing Evidence,1,1
B0112011,Q0253852,A0253852,C050770,What is the AML risk associated with customer C050770?,"Customer C050770 can be approved for onboarding. The customer satisfies KYC requirements, has sufficient verified documentation, and does not require enhanced review.",Customer C050770 must be rejected due to AML concerns.,Contradiction,1,1
B0112055,Q0366014,A0366014,C073202,Can the account for customer C073202 be approved?,"Customer C073202 can be approved for onboarding. The customer satisfies KYC requirements, has sufficient verified documentation, and does not require enhanced review.","Customer C073202 can be approved for onboarding. The customer satisfies KYC requirements, has sufficient verified documentation, and does not require enhanced review. The customer was previously investigated for international money laundering activities.",Unsupported Claim,1,1
B0112133,Q0330225,A0330225,C066044,What verification steps are required for customer C066044?,"Customer C066044 can be approved for onboarding. The customer satisfies KYC requirements, has sufficient verified documentation, and does not require enhanced review.",Customer C066044 requires additional review.,Missing Evidence,1,1
B0112245,Q0379425,A0379425,C075884,What verification steps are required for customer C075884?,Customer C075884 requires Enhanced Due Diligence because the customer is classified as a Politically Exposed Person (PEP) or presents elevated AML risk.,Customer C075884 requires no enhanced review.,Contradiction,1,1
B0112360,Q0023833,A0023833,C004766,Should Enhanced Due Diligence be applied to customer C004766?,"Customer C004766 can be approved for onboarding. The customer satisfies KYC requirements, has sufficient verified documentation, and does not require enhanced review.","Customer C004766 can be approved for onboarding. The customer satisfies KYC requirements, has sufficient verified documentation, and does not require enhanced review. As per AML Regulation Section 99.7, onboarding must be delayed for 90 days.",Fabricated Regulation,1,1
B0112600,Q0491876,A0491876,C098375,Can customer C098375 be onboarded?,"Customer C098375 can be approved for onboarding. The customer satisfies KYC requirements, has sufficient verified documentation, and does not require enhanced review.","Customer C098375 can be approved for onboarding. The customer satisfies KYC requirements, has sufficient verified documentation, and does not require enhanced review.",NONE,0,0
B0112760,Q0051541,A0051541,C010308,Can customer C010308 be onboarded?,"Customer C010308 can be approved for onboarding. The customer satisfies KYC requirements, has sufficient verified documentation, and does not require enhanced review.","Customer C010308 can be approved for onboarding. The customer satisfies KYC requirements, has sufficient verified documentation, and does not require enhanced review.",NONE,0,0
B0112775,Q0121483,A0121483,C024296,Should Enhanced Due Diligence be applied to customer C024296?,"Customer C024296 can be approved for onboarding. The customer satisfies KYC requirements, has sufficient verified documentation, and does not require enhanced review.",Customer C024296 must be rejected due to AML concerns.,Contradiction,1,1
B0113035,Q0004698,A0004698,C000939,Should Enhanced Due Diligence be applied to customer C000939?,"Customer C000939 can be approved for onboarding. The customer satisfies KYC requirements, has sufficient verified documentation, and does not require enhanced review.","Customer C000939 can be approved for onboarding. The customer satisfies KYC requirements, has sufficient verified documentation, and does not require enhanced review.",NONE,0,0
B0113250,Q0316223,A0316223,C063244,Should Enhanced Due Diligence be applied to customer C063244?,Customer C063244 requires Enhanced Due Diligence because the customer is classified as a Politically Exposed Person (PEP) or presents elevated AML risk.,Customer C063244 requires no enhanced review.,Contradiction,1,1
B0113428,Q0406919,A0406919,C081383,Can the account for customer C081383 be approved?,"Customer C081383 can be approved for onboarding. The customer satisfies KYC requirements, has sufficient verified documentation, and does not require enhanced review.","Customer C081383 can be approved for onboarding. The customer satisfies KYC requirements, has sufficient verified documentation, and does not require enhanced review. The customer has a Low AML Risk classification.",Wrong Risk Score,1,1
B0113479,Q0076323,A0076323,C015264,Should Enhanced Due Diligence be applied to customer C015264?,"Customer C015264 can be approved for onboarding. The customer satisfies KYC requirements, has sufficient verified documentation, and does not require enhanced review.",Customer C015264 requires additional review.,Missing Evidence,1,1
B0113761,Q0471340,A0471340,C094267,What verification steps are required for customer C094267?,"Customer C094267 can be approved for onboarding. The customer satisfies KYC requirements, has sufficient verified documentation, and does not require enhanced review.","Customer C094267 can be approved for onboarding. The customer satisfies KYC requirements, has sufficient verified documentation, and does not require enhanced review. As per AML Regulation Section 99.7, onboarding must be delayed for 90 days.",Fabricated Regulation,1,1
B0113916,Q0327009,A0327009,C065401,Can the account for customer C065401 be approved?,"Customer C065401 can be approved for onboarding. The customer satisfies KYC requirements, has sufficient verified documentation, and does not require enhanced review.","Customer C065401 can be approved for onboarding. The customer satisfies KYC requirements, has sufficient verified documentation, and does not require enhanced review. The customer was previously investigated for international money laundering activities.",Unsupported Claim,1,1
B0114070,Q0074501,A0074501,C014900,Can customer C014900 be onboarded?,"Customer C014900 can be approved for onboarding. The customer satisfies KYC requirements, has sufficient verified documentation, and does not require enhanced review.","Customer C014900 can be approved for onboarding. The customer satisfies KYC requirements, has sufficient verified documentation, and does not require enhanced review. The customer has a Low AML Risk classification.",Wrong Risk Score,1,1
B0114103,Q0179196,A0179196,C035839,Can customer C035839 be onboarded?,"Customer C035839 can be approved for onboarding. The customer satisfies KYC requirements, has sufficient verified documentation, and does not require enhanced review.","Customer C035839 can be approved for onboarding. The customer satisfies KYC requirements, has sufficient verified documentation, and does not require enhanced review. As per AML Regulation Section 99.7, onboarding must be delayed for 90 days.",Fabricated Regulation,1,1
B0114201,Q0224946,A0224946,C044989,Can customer C044989 be onboarded?,"Customer C044989 can be approved for onboarding. The customer satisfies KYC requirements, has sufficient verified documentation, and does not require enhanced review.","Customer C044989 can be approved for onboarding. The customer satisfies KYC requirements, has sufficient verified documentation, and does not require enhanced review. As per AML Regulation Section 99.7, onboarding must be delayed for 90 days.",Fabricated Regulation,1,1
B0114411,Q0493174,A0493174,C098634,Can the account for customer C098634 be approved?,"Customer C098634 can be approved for onboarding. The customer satisfies KYC requirements, has sufficient verified documentation, and does not require enhanced review.","Customer C098634 can be approved for onboarding. The customer satisfies KYC requirements, has sufficient verified documentation, and does not require enhanced review.",NONE,0,0
B0114515,Q0324837,A0324837,C064967,What is the AML risk associated with customer C064967?,Customer C064967 requires Enhanced Due Diligence because the customer is classified as a Politically Exposed Person (PEP) or presents elevated AML risk.,Customer C064967 requires Enhanced Due Diligence because the customer is classified as a Politically Exposed Person (PEP) or presents elevated AML risk.,NONE,0,0
B0114690,Q0377336,A0377336,C075467,Can customer C075467 be onboarded?,Customer C075467 requires Enhanced Due Diligence because the customer is classified as a Politically Exposed Person (PEP) or presents elevated AML risk.,Customer C075467 requires no enhanced review.,Contradiction,1,1
B0115097,Q0169033,A0169033,C033806,Should Enhanced Due Diligence be applied to customer C033806?,Customer C033806 must be rejected because the customer appears on a sanctions list and violates AML onboarding requirements.,Customer C033806 must be rejected because the customer appears on a sanctions list and violates AML onboarding requirements. The customer was previously investigated for international money laundering activities.,Unsupported Claim,1,1
B0115541,Q0430858,A0430858,C086171,Should Enhanced Due Diligence be applied to customer C086171?,Customer C086171 should be escalated for manual review due to elevated risk indicators requiring additional investigation.,Customer C086171 should be escalated for manual review due to elevated risk indicators requiring additional investigation. The customer was previously investigated for international money laundering activities.,Unsupported Claim,1,1
B0115557,Q0204560,A0204560,C040911,What verification steps are required for customer C040911?,"Customer C040911 can be approved for onboarding. The customer satisfies KYC requirements, has sufficient verified documentation, and does not require enhanced review.","Customer C040911 can be approved for onboarding. The customer satisfies KYC requirements, has sufficient verified documentation, and does not require enhanced review. The customer has a Low AML Risk classification.",Wrong Risk Score,1,1
B0115574,Q0168343,A0168343,C033668,Should Enhanced Due Diligence be applied to customer C033668?,"Customer C033668 can be approved for onboarding. The customer satisfies KYC requirements, has sufficient verified documentation, and does not require enhanced review.","Customer C033668 can be approved for onboarding. The customer satisfies KYC requirements, has sufficient verified documentation, and does not require enhanced review.",NONE,0,0
B0115605,Q0465882,A0465882,C093176,What is the AML risk associated with customer C093176?,Customer C093176 requires Enhanced Due Diligence because the customer is classified as a Politically Exposed Person (PEP) or presents elevated AML risk.,Customer C093176 requires Enhanced Due Diligence because the customer is classified as a Politically Exposed Person (PEP) or presents elevated AML risk.,NONE,0,0
B0115614,Q0401849,A0401849,C080369,Can the account for customer C080369 be approved?,"Customer C080369 can be approved for onboarding. The customer satisfies KYC requirements, has sufficient verified documentation, and does not require enhanced review.","Customer C080369 can be approved for onboarding. The customer satisfies KYC requirements, has sufficient verified documentation, and does not require enhanced review.",NONE,0,0
B0115668,Q0195560,A0195560,C039111,What verification steps are required for customer C039111?,"Customer C039111 can be approved for onboarding. The customer satisfies KYC requirements, has sufficient verified documentation, and does not require enhanced review.","Customer C039111 can be approved for onboarding. The customer satisfies KYC requirements, has sufficient verified documentation, and does not require enhanced review. As per AML Regulation Section 99.7, onboarding must be delayed for 90 days.",Fabricated Regulation,1,1
B0115976,Q0240203,A0240203,C048040,Should Enhanced Due Diligence be applied to customer C048040?,"Customer C048040 can be approved for onboarding. The customer satisfies KYC requirements, has sufficient verified documentation, and does not require enhanced review.","Customer C048040 can be approved for onboarding. The customer satisfies KYC requirements, has sufficient verified documentation, and does not require enhanced review. The customer was previously investigated for international money laundering activities.",Unsupported Claim,1,1
B0116021,Q0441545,A0441545,C088308,What verification steps are required for customer C088308?,"Customer C088308 can be approved for onboarding. The customer satisfies KYC requirements, has sufficient verified documentation, and does not require enhanced review.",Customer C088308 must be rejected due to AML concerns.,Contradiction,1,1
B0116297,Q0330886,A0330886,C066177,Can customer C066177 be onboarded?,"Customer C066177 can be approved for onboarding. The customer satisfies KYC requirements, has sufficient verified documentation, and does not require enhanced review.","Customer C066177 can be approved for onboarding. The customer satisfies KYC requirements, has sufficient verified documentation, and does not require enhanced review. As per AML Regulation Section 99.7, onboarding must be delayed for 90 days.",Fabricated Regulation,1,1
B0116766,Q0489121,A0489121,C097824,Can customer C097824 be onboarded?,"Customer C097824 can be approved for onboarding. The customer satisfies KYC requirements, has sufficient verified documentation, and does not require enhanced review.","Customer C097824 can be approved for onboarding. The customer satisfies KYC requirements, has sufficient verified documentation, and does not require enhanced review. The customer was previously investigated for international money laundering activities.",Unsupported Claim,1,1
B0116871,Q0162430,A0162430,C032485,What verification steps are required for customer C032485?,"Customer C032485 can be approved for onboarding. The customer satisfies KYC requirements, has sufficient verified documentation, and does not require enhanced review.","Customer C032485 can be approved for onboarding. The customer satisfies KYC requirements, has sufficient verified documentation, and does not require enhanced review.",NONE,0,0
B0117255,Q0139867,A0139867,C027973,What is the AML risk associated with customer C027973?,"Customer C027973 can be approved for onboarding. The customer satisfies KYC requirements, has sufficient verified documentation, and does not require enhanced review.","Customer C027973 can be approved for onboarding. The customer satisfies KYC requirements, has sufficient verified documentation, and does not require enhanced review.",NONE,0,0
B0117366,Q0071666,A0071666,C014333,Can customer C014333 be onboarded?,"Customer C014333 can be approved for onboarding. The customer satisfies KYC requirements, has sufficient verified documentation, and does not require enhanced review.","Customer C014333 can be approved for onboarding. The customer satisfies KYC requirements, has sufficient verified documentation, and does not require enhanced review. The customer was previously investigated for international money laundering activities.",Unsupported Claim,1,1
B0117557,Q0347215,A0347215,C069442,What verification steps are required for customer C069442?,Customer C069442 should be escalated for manual review due to elevated risk indicators requiring additional investigation.,Customer C069442 requires additional review.,Missing Evidence,1,1
B0117722,Q0404573,A0404573,C080914,Should Enhanced Due Diligence be applied to customer C080914?,"Customer C080914 can be approved for onboarding. The customer satisfies KYC requirements, has sufficient verified documentation, and does not require enhanced review.",Customer C080914 requires additional review.,Missing Evidence,1,1
B0118008,Q0206949,A0206949,C041389,Can the account for customer C041389 be approved?,Customer C041389 requires Enhanced Due Diligence because the customer is classified as a Politically Exposed Person (PEP) or presents elevated AML risk.,Customer C041389 requires Enhanced Due Diligence because the customer is classified as a Politically Exposed Person (PEP) or presents elevated AML risk.,NONE,0,0
B0118360,Q0299994,A0299994,C059998,Can the account for customer C059998 be approved?,Customer C059998 should be escalated for manual review due to elevated risk indicators requiring additional investigation.,Customer C059998 should be escalated for manual review due to elevated risk indicators requiring additional investigation. The customer was previously investigated for international money laundering activities.,Unsupported Claim,1,1
B0118522,Q0179266,A0179266,C035853,Can customer C035853 be onboarded?,"Customer C035853 can be approved for onboarding. The customer satisfies KYC requirements, has sufficient verified documentation, and does not require enhanced review.","Customer C035853 can be approved for onboarding. The customer satisfies KYC requirements, has sufficient verified documentation, and does not require enhanced review.",NONE,0,0
B0118541,Q0429944,A0429944,C085988,Can the account for customer C085988 be approved?,"Customer C085988 can be approved for onboarding. The customer satisfies KYC requirements, has sufficient verified documentation, and does not require enhanced review.","Customer C085988 can be approved for onboarding. The customer satisfies KYC requirements, has sufficient verified documentation, and does not require enhanced review. The customer has a Low AML Risk classification.",Wrong Risk Score,1,1
B0118769,Q0251628,A0251628,C050325,Should Enhanced Due Diligence be applied to customer C050325?,"Customer C050325 can be approved for onboarding. The customer satisfies KYC requirements, has sufficient verified documentation, and does not require enhanced review.","Customer C050325 can be approved for onboarding. The customer satisfies KYC requirements, has sufficient verified documentation, and does not require enhanced review. The customer was previously investigated for international money laundering activities.",Unsupported Claim,1,1
B0118863,Q0247321,A0247321,C049464,Can customer C049464 be onboarded?,"Customer C049464 can be approved for onboarding. The customer satisfies KYC requirements, has sufficient verified documentation, and does not require enhanced review.",Customer C049464 must be rejected due to AML concerns.,Contradiction,1,1
B0118881,Q0186946,A0186946,C037389,Can customer C037389 be onboarded?,Customer C037389 requires Enhanced Due Diligence because the customer is classified as a Politically Exposed Person (PEP) or presents elevated AML risk.,Customer C037389 requires no enhanced review.,Contradiction,1,1
B0118889,Q0075677,A0075677,C015135,What is the AML risk associated with customer C015135?,"Customer C015135 can be approved for onboarding. The customer satisfies KYC requirements, has sufficient verified documentation, and does not require enhanced review.","Customer C015135 can be approved for onboarding. The customer satisfies KYC requirements, has sufficient verified documentation, and does not require enhanced review. As per AML Regulation Section 99.7, onboarding must be delayed for 90 days.",Fabricated Regulation,1,1
B0118977,Q0362745,A0362745,C072548,What verification steps are required for customer C072548?,Customer C072548 requires Enhanced Due Diligence because the customer is classified as a Politically Exposed Person (PEP) or presents elevated AML risk.,"Customer C072548 requires Enhanced Due Diligence because the customer is classified as a Politically Exposed Person (PEP) or presents elevated AML risk. As per AML Regulation Section 99.7, onboarding must be delayed for 90 days.",Fabricated Regulation,1,1
B0118995,Q0190765,A0190765,C038152,What verification steps are required for customer C038152?,"Customer C038152 can be approved for onboarding. The customer satisfies KYC requirements, has sufficient verified documentation, and does not require enhanced review.",Customer C038152 requires additional review.,Missing Evidence,1,1
B0119236,Q0416672,A0416672,C083334,What is the AML risk associated with customer C083334?,Customer C083334 requires Enhanced Due Diligence because the customer is classified as a Politically Exposed Person (PEP) or presents elevated AML risk.,Customer C083334 requires Enhanced Due Diligence because the customer is classified as a Politically Exposed Person (PEP) or presents elevated AML risk. The customer has a Low AML Risk classification.,Wrong Risk Score,1,1
B0119378,Q0332332,A0332332,C066466,What is the AML risk associated with customer C066466?,Customer C066466 has insufficient verified documentation. Additional documents are required before onboarding can proceed.,Customer C066466 has insufficient verified documentation. Additional documents are required before onboarding can proceed. The customer has a Low AML Risk classification.,Wrong Risk Score,1,1
B0119426,Q0459575,A0459575,C091914,What verification steps are required for customer C091914?,"Customer C091914 can be approved for onboarding. The customer satisfies KYC requirements, has sufficient verified documentation, and does not require enhanced review.","Customer C091914 can be approved for onboarding. The customer satisfies KYC requirements, has sufficient verified documentation, and does not require enhanced review.",NONE,0,0
B0119646,Q0183513,A0183513,C036702,Should Enhanced Due Diligence be applied to customer C036702?,"Customer C036702 can be approved for onboarding. The customer satisfies KYC requirements, has sufficient verified documentation, and does not require enhanced review.","Customer C036702 can be approved for onboarding. The customer satisfies KYC requirements, has sufficient verified documentation, and does not require enhanced review. As per AML Regulation Section 99.7, onboarding must be delayed for 90 days.",Fabricated Regulation,1,1
B0119756,Q0376226,A0376226,C075245,Can customer C075245 be onboarded?,"Customer C075245 can be approved for onboarding. The customer satisfies KYC requirements, has sufficient verified documentation, and does not require enhanced review.","Customer C075245 can be approved for onboarding. The customer satisfies KYC requirements, has sufficient verified documentation, and does not require enhanced review.",NONE,0,0
B0119767,Q0437084,A0437084,C087416,Can the account for customer C087416 be approved?,Customer C087416 requires Enhanced Due Diligence because the customer is classified as a Politically Exposed Person (PEP) or presents elevated AML risk.,Customer C087416 requires Enhanced Due Diligence because the customer is classified as a Politically Exposed Person (PEP) or presents elevated AML risk. The customer was previously investigated for international money laundering activities.,Unsupported Claim,1,1
B0119830,Q0330627,A0330627,C066125,What is the AML risk associated with customer C066125?,"Customer C066125 can be approved for onboarding. The customer satisfies KYC requirements, has sufficient verified documentation, and does not require enhanced review.",Customer C066125 requires additional review.,Missing Evidence,1,1
B0119966,Q0486891,A0486891,C097378,Can customer C097378 be onboarded?,"Customer C097378 can be approved for onboarding. The customer satisfies KYC requirements, has sufficient verified documentation, and does not require enhanced review.",Customer C097378 must be rejected due to AML concerns.,Contradiction,1,1
B0120010,Q0422172,A0422172,C084434,What is the AML risk associated with customer C084434?,Customer C084434 requires Enhanced Due Diligence because the customer is classified as a Politically Exposed Person (PEP) or presents elevated AML risk.,Customer C084434 requires Enhanced Due Diligence because the customer is classified as a Politically Exposed Person (PEP) or presents elevated AML risk.,NONE,0,0
B0120022,Q0235949,A0235949,C047189,Can the account for customer C047189 be approved?,Customer C047189 requires Enhanced Due Diligence because the customer is classified as a Politically Exposed Person (PEP) or presents elevated AML risk.,Customer C047189 requires Enhanced Due Diligence because the customer is classified as a Politically Exposed Person (PEP) or presents elevated AML risk. The customer has a Low AML Risk classification.,Wrong Risk Score,1,1
B0120151,Q0370987,A0370987,C074197,What is the AML risk associated with customer C074197?,Customer C074197 requires Enhanced Due Diligence because the customer is classified as a Politically Exposed Person (PEP) or presents elevated AML risk.,"Customer C074197 requires Enhanced Due Diligence because the customer is classified as a Politically Exposed Person (PEP) or presents elevated AML risk. As per AML Regulation Section 99.7, onboarding must be delayed for 90 days.",Fabricated Regulation,1,1
B0120429,Q0250420,A0250420,C050083,What verification steps are required for customer C050083?,"Customer C050083 can be approved for onboarding. The customer satisfies KYC requirements, has sufficient verified documentation, and does not require enhanced review.","Customer C050083 can be approved for onboarding. The customer satisfies KYC requirements, has sufficient verified documentation, and does not require enhanced review.",NONE,0,0
B0120553,Q0450249,A0450249,C090049,Can the account for customer C090049 be approved?,Customer C090049 requires Enhanced Due Diligence because the customer is classified as a Politically Exposed Person (PEP) or presents elevated AML risk.,"Customer C090049 requires Enhanced Due Diligence because the customer is classified as a Politically Exposed Person (PEP) or presents elevated AML risk. As per AML Regulation Section 99.7, onboarding must be delayed for 90 days.",Fabricated Regulation,1,1
B0120694,Q0039112,A0039112,C007822,What is the AML risk associated with customer C007822?,Customer C007822 should be escalated for manual review due to elevated risk indicators requiring additional investigation.,Customer C007822 should be escalated for manual review due to elevated risk indicators requiring additional investigation.,NONE,0,0
B0121143,Q0207016,A0207016,C041403,Can customer C041403 be onboarded?,"Customer C041403 can be approved for onboarding. The customer satisfies KYC requirements, has sufficient verified documentation, and does not require enhanced review.","Customer C041403 can be approved for onboarding. The customer satisfies KYC requirements, has sufficient verified documentation, and does not require enhanced review. As per AML Regulation Section 99.7, onboarding must be delayed for 90 days.",Fabricated Regulation,1,1
B0121148,Q0129368,A0129368,C025873,Should Enhanced Due Diligence be applied to customer C025873?,"Customer C025873 can be approved for onboarding. The customer satisfies KYC requirements, has sufficient verified documentation, and does not require enhanced review.","Customer C025873 can be approved for onboarding. The customer satisfies KYC requirements, has sufficient verified documentation, and does not require enhanced review.",NONE,0,0
B0121265,Q0020156,A0020156,C004031,Can customer C004031 be onboarded?,Customer C004031 requires Enhanced Due Diligence because the customer is classified as a Politically Exposed Person (PEP) or presents elevated AML risk.,Customer C004031 requires Enhanced Due Diligence because the customer is classified as a Politically Exposed Person (PEP) or presents elevated AML risk. The customer has a Low AML Risk classification.,Wrong Risk Score,1,1
B0121389,Q0408943,A0408943,C081788,Should Enhanced Due Diligence be applied to customer C081788?,Customer C081788 requires Enhanced Due Diligence because the customer is classified as a Politically Exposed Person (PEP) or presents elevated AML risk.,Customer C081788 requires Enhanced Due Diligence because the customer is classified as a Politically Exposed Person (PEP) or presents elevated AML risk. The customer has a Low AML Risk classification.,Wrong Risk Score,1,1
B0121754,Q0453370,A0453370,C090673,What verification steps are required for customer C090673?,"Customer C090673 can be approved for onboarding. The customer satisfies KYC requirements, has sufficient verified documentation, and does not require enhanced review.",Customer C090673 requires additional review.,Missing Evidence,1,1
B0122339,Q0228221,A0228221,C045644,Can customer C045644 be onboarded?,Customer C045644 requires Enhanced Due Diligence because the customer is classified as a Politically Exposed Person (PEP) or presents elevated AML risk.,Customer C045644 requires Enhanced Due Diligence because the customer is classified as a Politically Exposed Person (PEP) or presents elevated AML risk.,NONE,0,0
B0122576,Q0079430,A0079430,C015885,What verification steps are required for customer C015885?,"Customer C015885 can be approved for onboarding. The customer satisfies KYC requirements, has sufficient verified documentation, and does not require enhanced review.","Customer C015885 can be approved for onboarding. The customer satisfies KYC requirements, has sufficient verified documentation, and does not require enhanced review.",NONE,0,0
B0122601,Q0493621,A0493621,C098724,Can customer C098724 be onboarded?,"Customer C098724 can be approved for onboarding. The customer satisfies KYC requirements, has sufficient verified documentation, and does not require enhanced review.","Customer C098724 can be approved for onboarding. The customer satisfies KYC requirements, has sufficient verified documentation, and does not require enhanced review.",NONE,0,0
B0122636,Q0048699,A0048699,C009739,Can the account for customer C009739 be approved?,"Customer C009739 can be approved for onboarding. The customer satisfies KYC requirements, has sufficient verified documentation, and does not require enhanced review.","Customer C009739 can be approved for onboarding. The customer satisfies KYC requirements, has sufficient verified documentation, and does not require enhanced review.",NONE,0,0
B0122916,Q0130476,A0130476,C026095,Can customer C026095 be onboarded?,"Customer C026095 can be approved for onboarding. The customer satisfies KYC requirements, has sufficient verified documentation, and does not require enhanced review.","Customer C026095 can be approved for onboarding. The customer satisfies KYC requirements, has sufficient verified documentation, and does not require enhanced review. As per AML Regulation Section 99.7, onboarding must be delayed for 90 days.",Fabricated Regulation,1,1
B0122922,Q0467246,A0467246,C093449,Can customer C093449 be onboarded?,"Customer C093449 can be approved for onboarding. The customer satisfies KYC requirements, has sufficient verified documentation, and does not require enhanced review.","Customer C093449 can be approved for onboarding. The customer satisfies KYC requirements, has sufficient verified documentation, and does not require enhanced review. The customer has a Low AML Risk classification.",Wrong Risk Score,1,1
B0122951,Q0053588,A0053588,C010717,Should Enhanced Due Diligence be applied to customer C010717?,"Customer C010717 can be approved for onboarding. The customer satisfies KYC requirements, has sufficient verified documentation, and does not require enhanced review.",Customer C010717 requires additional review.,Missing Evidence,1,1
B0123280,Q0192116,A0192116,C038423,Can customer C038423 be onboarded?,"Customer C038423 can be approved for onboarding. The customer satisfies KYC requirements, has sufficient verified documentation, and does not require enhanced review.",Customer C038423 requires additional review.,Missing Evidence,1,1
B0123320,Q0181792,A0181792,C036358,What is the AML risk associated with customer C036358?,"Customer C036358 can be approved for onboarding. The customer satisfies KYC requirements, has sufficient verified documentation, and does not require enhanced review.","Customer C036358 can be approved for onboarding. The customer satisfies KYC requirements, has sufficient verified documentation, and does not require enhanced review. The customer was previously investigated for international money laundering activities.",Unsupported Claim,1,1
B0123326,Q0399279,A0399279,C079855,Can the account for customer C079855 be approved?,"Customer C079855 can be approved for onboarding. The customer satisfies KYC requirements, has sufficient verified documentation, and does not require enhanced review.","Customer C079855 can be approved for onboarding. The customer satisfies KYC requirements, has sufficient verified documentation, and does not require enhanced review.",NONE,0,0
B0123517,Q0028167,A0028167,C005633,What is the AML risk associated with customer C005633?,"Customer C005633 can be approved for onboarding. The customer satisfies KYC requirements, has sufficient verified documentation, and does not require enhanced review.","Customer C005633 can be approved for onboarding. The customer satisfies KYC requirements, has sufficient verified documentation, and does not require enhanced review.",NONE,0,0
B0123697,Q0482068,A0482068,C096413,Should Enhanced Due Diligence be applied to customer C096413?,Customer C096413 must be rejected because the customer appears on a sanctions list and violates AML onboarding requirements.,"Customer C096413 must be rejected because the customer appears on a sanctions list and violates AML onboarding requirements. As per AML Regulation Section 99.7, onboarding must be delayed for 90 days.",Fabricated Regulation,1,1
B0123791,Q0268598,A0268598,C053719,Should Enhanced Due Diligence be applied to customer C053719?,Customer C053719 requires Enhanced Due Diligence because the customer is classified as a Politically Exposed Person (PEP) or presents elevated AML risk.,Customer C053719 requires Enhanced Due Diligence because the customer is classified as a Politically Exposed Person (PEP) or presents elevated AML risk.,NONE,0,0
B0124055,Q0054984,A0054984,C010996,Can the account for customer C010996 be approved?,"Customer C010996 can be approved for onboarding. The customer satisfies KYC requirements, has sufficient verified documentation, and does not require enhanced review.","Customer C010996 can be approved for onboarding. The customer satisfies KYC requirements, has sufficient verified documentation, and does not require enhanced review.",NONE,0,0
B0124225,Q0397851,A0397851,C079570,Can customer C079570 be onboarded?,Customer C079570 requires Enhanced Due Diligence because the customer is classified as a Politically Exposed Person (PEP) or presents elevated AML risk.,Customer C079570 requires Enhanced Due Diligence because the customer is classified as a Politically Exposed Person (PEP) or presents elevated AML risk. The customer has a Low AML Risk classification.,Wrong Risk Score,1,1
B0124253,Q0428939,A0428939,C085787,Can the account for customer C085787 be approved?,Customer C085787 requires Enhanced Due Diligence because the customer is classified as a Politically Exposed Person (PEP) or presents elevated AML risk.,Customer C085787 requires Enhanced Due Diligence because the customer is classified as a Politically Exposed Person (PEP) or presents elevated AML risk. The customer was previously investigated for international money laundering activities.,Unsupported Claim,1,1
B0124356,Q0054173,A0054173,C010834,Should Enhanced Due Diligence be applied to customer C010834?,"Customer C010834 can be approved for onboarding. The customer satisfies KYC requirements, has sufficient verified documentation, and does not require enhanced review.","Customer C010834 can be approved for onboarding. The customer satisfies KYC requirements, has sufficient verified documentation, and does not require enhanced review. As per AML Regulation Section 99.7, onboarding must be delayed for 90 days.",Fabricated Regulation,1,1
B0125032,Q0486198,A0486198,C097239,Should Enhanced Due Diligence be applied to customer C097239?,Customer C097239 must be rejected because the customer appears on a sanctions list and violates AML onboarding requirements.,Customer C097239 must be rejected because the customer appears on a sanctions list and violates AML onboarding requirements.,NONE,0,0
B0125161,Q0063927,A0063927,C012785,What is the AML risk associated with customer C012785?,Customer C012785 requires Enhanced Due Diligence because the customer is classified as a Politically Exposed Person (PEP) or presents elevated AML risk.,"Customer C012785 requires Enhanced Due Diligence because the customer is classified as a Politically Exposed Person (PEP) or presents elevated AML risk. As per AML Regulation Section 99.7, onboarding must be delayed for 90 days.",Fabricated Regulation,1,1
B0125213,Q0406432,A0406432,C081286,What is the AML risk associated with customer C081286?,Customer C081286 requires Enhanced Due Diligence because the customer is classified as a Politically Exposed Person (PEP) or presents elevated AML risk.,Customer C081286 requires Enhanced Due Diligence because the customer is classified as a Politically Exposed Person (PEP) or presents elevated AML risk.,NONE,0,0
B0125411,Q0194984,A0194984,C038996,Can the account for customer C038996 be approved?,"Customer C038996 can be approved for onboarding. The customer satisfies KYC requirements, has sufficient verified documentation, and does not require enhanced review.",Customer C038996 requires additional review.,Missing Evidence,1,1
B0125442,Q0108169,A0108169,C021633,Can the account for customer C021633 be approved?,Customer C021633 requires Enhanced Due Diligence because the customer is classified as a Politically Exposed Person (PEP) or presents elevated AML risk.,Customer C021633 requires no enhanced review.,Contradiction,1,1
B0125516,Q0402055,A0402055,C080410,What verification steps are required for customer C080410?,"Customer C080410 can be approved for onboarding. The customer satisfies KYC requirements, has sufficient verified documentation, and does not require enhanced review.","Customer C080410 can be approved for onboarding. The customer satisfies KYC requirements, has sufficient verified documentation, and does not require enhanced review.",NONE,0,0
B0125616,Q0244881,A0244881,C048976,Can customer C048976 be onboarded?,"Customer C048976 can be approved for onboarding. The customer satisfies KYC requirements, has sufficient verified documentation, and does not require enhanced review.",Customer C048976 must be rejected due to AML concerns.,Contradiction,1,1
B0125798,Q0143692,A0143692,C028738,What is the AML risk associated with customer C028738?,Customer C028738 requires Enhanced Due Diligence because the customer is classified as a Politically Exposed Person (PEP) or presents elevated AML risk.,Customer C028738 requires Enhanced Due Diligence because the customer is classified as a Politically Exposed Person (PEP) or presents elevated AML risk. The customer has a Low AML Risk classification.,Wrong Risk Score,1,1
B0126087,Q0117423,A0117423,C023484,Should Enhanced Due Diligence be applied to customer C023484?,"Customer C023484 can be approved for onboarding. The customer satisfies KYC requirements, has sufficient verified documentation, and does not require enhanced review.",Customer C023484 requires additional review.,Missing Evidence,1,1
B0126171,Q0198760,A0198760,C039751,What verification steps are required for customer C039751?,Customer C039751 should be escalated for manual review due to elevated risk indicators requiring additional investigation.,Customer C039751 is approved immediately.,Contradiction,1,1
B0126178,Q0162274,A0162274,C032454,Can the account for customer C032454 be approved?,"Customer C032454 can be approved for onboarding. The customer satisfies KYC requirements, has sufficient verified documentation, and does not require enhanced review.","Customer C032454 can be approved for onboarding. The customer satisfies KYC requirements, has sufficient verified documentation, and does not require enhanced review. The customer was previously investigated for international money laundering activities.",Unsupported Claim,1,1
B0126377,Q0090188,A0090188,C018037,Should Enhanced Due Diligence be applied to customer C018037?,Customer C018037 requires Enhanced Due Diligence because the customer is classified as a Politically Exposed Person (PEP) or presents elevated AML risk.,Customer C018037 requires Enhanced Due Diligence because the customer is classified as a Politically Exposed Person (PEP) or presents elevated AML risk.,NONE,0,0
B0126758,Q0043957,A0043957,C008791,What is the AML risk associated with customer C008791?,"Customer C008791 can be approved for onboarding. The customer satisfies KYC requirements, has sufficient verified documentation, and does not require enhanced review.",Customer C008791 requires additional review.,Missing Evidence,1,1
B0127029,Q0404485,A0404485,C080896,What verification steps are required for customer C080896?,Customer C080896 requires Enhanced Due Diligence because the customer is classified as a Politically Exposed Person (PEP) or presents elevated AML risk.,Customer C080896 requires Enhanced Due Diligence because the customer is classified as a Politically Exposed Person (PEP) or presents elevated AML risk.,NONE,0,0
B0127341,Q0074058,A0074058,C014811,Should Enhanced Due Diligence be applied to customer C014811?,"Customer C014811 can be approved for onboarding. The customer satisfies KYC requirements, has sufficient verified documentation, and does not require enhanced review.","Customer C014811 can be approved for onboarding. The customer satisfies KYC requirements, has sufficient verified documentation, and does not require enhanced review.",NONE,0,0
B0127342,Q0183423,A0183423,C036684,Should Enhanced Due Diligence be applied to customer C036684?,"Customer C036684 can be approved for onboarding. The customer satisfies KYC requirements, has sufficient verified documentation, and does not require enhanced review.",Customer C036684 must be rejected due to AML concerns.,Contradiction,1,1
B0127373,Q0216066,A0216066,C043213,Can customer C043213 be onboarded?,"Customer C043213 can be approved for onboarding. The customer satisfies KYC requirements, has sufficient verified documentation, and does not require enhanced review.","Customer C043213 can be approved for onboarding. The customer satisfies KYC requirements, has sufficient verified documentation, and does not require enhanced review. As per AML Regulation Section 99.7, onboarding must be delayed for 90 days.",Fabricated Regulation,1,1
B0127443,Q0486028,A0486028,C097205,Should Enhanced Due Diligence be applied to customer C097205?,Customer C097205 requires Enhanced Due Diligence because the customer is classified as a Politically Exposed Person (PEP) or presents elevated AML risk.,Customer C097205 requires Enhanced Due Diligence because the customer is classified as a Politically Exposed Person (PEP) or presents elevated AML risk.,NONE,0,0
B0127449,Q0324535,A0324535,C064906,What verification steps are required for customer C064906?,Customer C064906 requires Enhanced Due Diligence because the customer is classified as a Politically Exposed Person (PEP) or presents elevated AML risk.,"Customer C064906 requires Enhanced Due Diligence because the customer is classified as a Politically Exposed Person (PEP) or presents elevated AML risk. As per AML Regulation Section 99.7, onboarding must be delayed for 90 days.",Fabricated Regulation,1,1
B0127516,Q0479874,A0479874,C095974,Can the account for customer C095974 be approved?,Customer C095974 requires Enhanced Due Diligence because the customer is classified as a Politically Exposed Person (PEP) or presents elevated AML risk.,Customer C095974 requires Enhanced Due Diligence because the customer is classified as a Politically Exposed Person (PEP) or presents elevated AML risk. The customer was previously investigated for international money laundering activities.,Unsupported Claim,1,1
B0127525,Q0300350,A0300350,C060069,What verification steps are required for customer C060069?,Customer C060069 requires Enhanced Due Diligence because the customer is classified as a Politically Exposed Person (PEP) or presents elevated AML risk.,Customer C060069 requires additional review.,Missing Evidence,1,1
B0127768,Q0213096,A0213096,C042619,Can customer C042619 be onboarded?,"Customer C042619 can be approved for onboarding. The customer satisfies KYC requirements, has sufficient verified documentation, and does not require enhanced review.","Customer C042619 can be approved for onboarding. The customer satisfies KYC requirements, has sufficient verified documentation, and does not require enhanced review.",NONE,0,0
B0128067,Q0342308,A0342308,C068461,Should Enhanced Due Diligence be applied to customer C068461?,"Customer C068461 can be approved for onboarding. The customer satisfies KYC requirements, has sufficient verified documentation, and does not require enhanced review.","Customer C068461 can be approved for onboarding. The customer satisfies KYC requirements, has sufficient verified documentation, and does not require enhanced review.",NONE,0,0
B0128320,Q0173162,A0173162,C034632,What is the AML risk associated with customer C034632?,Customer C034632 requires Enhanced Due Diligence because the customer is classified as a Politically Exposed Person (PEP) or presents elevated AML risk.,"Customer C034632 requires Enhanced Due Diligence because the customer is classified as a Politically Exposed Person (PEP) or presents elevated AML risk. As per AML Regulation Section 99.7, onboarding must be delayed for 90 days.",Fabricated Regulation,1,1
B0128397,Q0407950,A0407950,C081589,What verification steps are required for customer C081589?,Customer C081589 must be rejected because the customer appears on a sanctions list and violates AML onboarding requirements.,Customer C081589 requires additional review.,Missing Evidence,1,1
B0128431,Q0201220,A0201220,C040243,What verification steps are required for customer C040243?,"Customer C040243 can be approved for onboarding. The customer satisfies KYC requirements, has sufficient verified documentation, and does not require enhanced review.","Customer C040243 can be approved for onboarding. The customer satisfies KYC requirements, has sufficient verified documentation, and does not require enhanced review.",NONE,0,0
B0128546,Q0144729,A0144729,C028945,Can the account for customer C028945 be approved?,"Customer C028945 can be approved for onboarding. The customer satisfies KYC requirements, has sufficient verified documentation, and does not require enhanced review.","Customer C028945 can be approved for onboarding. The customer satisfies KYC requirements, has sufficient verified documentation, and does not require enhanced review.",NONE,0,0
B0128598,Q0058007,A0058007,C011601,What is the AML risk associated with customer C011601?,"Customer C011601 can be approved for onboarding. The customer satisfies KYC requirements, has sufficient verified documentation, and does not require enhanced review.",Customer C011601 must be rejected due to AML concerns.,Contradiction,1,1
B0128942,Q0318855,A0318855,C063770,What verification steps are required for customer C063770?,Customer C063770 requires Enhanced Due Diligence because the customer is classified as a Politically Exposed Person (PEP) or presents elevated AML risk.,Customer C063770 requires Enhanced Due Diligence because the customer is classified as a Politically Exposed Person (PEP) or presents elevated AML risk. The customer was previously investigated for international money laundering activities.,Unsupported Claim,1,1
B0129146,Q0497257,A0497257,C099451,What is the AML risk associated with customer C099451?,"Customer C099451 can be approved for onboarding. The customer satisfies KYC requirements, has sufficient verified documentation, and does not require enhanced review.","Customer C099451 can be approved for onboarding. The customer satisfies KYC requirements, has sufficient verified documentation, and does not require enhanced review.",NONE,0,0
B0129252,Q0426404,A0426404,C085280,Can the account for customer C085280 be approved?,Customer C085280 requires Enhanced Due Diligence because the customer is classified as a Politically Exposed Person (PEP) or presents elevated AML risk.,Customer C085280 requires Enhanced Due Diligence because the customer is classified as a Politically Exposed Person (PEP) or presents elevated AML risk.,NONE,0,0
B0129370,Q0283432,A0283432,C056686,What is the AML risk associated with customer C056686?,Customer C056686 requires Enhanced Due Diligence because the customer is classified as a Politically Exposed Person (PEP) or presents elevated AML risk.,Customer C056686 requires Enhanced Due Diligence because the customer is classified as a Politically Exposed Person (PEP) or presents elevated AML risk. The customer has a Low AML Risk classification.,Wrong Risk Score,1,1
B0129540,Q0299557,A0299557,C059911,What is the AML risk associated with customer C059911?,"Customer C059911 can be approved for onboarding. The customer satisfies KYC requirements, has sufficient verified documentation, and does not require enhanced review.","Customer C059911 can be approved for onboarding. The customer satisfies KYC requirements, has sufficient verified documentation, and does not require enhanced review. The customer was previously investigated for international money laundering activities.",Unsupported Claim,1,1
B0129541,Q0316153,A0316153,C063230,Should Enhanced Due Diligence be applied to customer C063230?,"Customer C063230 can be approved for onboarding. The customer satisfies KYC requirements, has sufficient verified documentation, and does not require enhanced review.",Customer C063230 requires additional review.,Missing Evidence,1,1
B0129896,Q0108083,A0108083,C021616,Should Enhanced Due Diligence be applied to customer C021616?,"Customer C021616 can be approved for onboarding. The customer satisfies KYC requirements, has sufficient verified documentation, and does not require enhanced review.","Customer C021616 can be approved for onboarding. The customer satisfies KYC requirements, has sufficient verified documentation, and does not require enhanced review.",NONE,0,0
B0129939,Q0239202,A0239202,C047840,What is the AML risk associated with customer C047840?,Customer C047840 requires Enhanced Due Diligence because the customer is classified as a Politically Exposed Person (PEP) or presents elevated AML risk.,Customer C047840 requires Enhanced Due Diligence because the customer is classified as a Politically Exposed Person (PEP) or presents elevated AML risk. The customer has a Low AML Risk classification.,Wrong Risk Score,1,1
B0130398,Q0218054,A0218054,C043610,Can the account for customer C043610 be approved?,Customer C043610 requires Enhanced Due Diligence because the customer is classified as a Politically Exposed Person (PEP) or presents elevated AML risk.,Customer C043610 requires Enhanced Due Diligence because the customer is classified as a Politically Exposed Person (PEP) or presents elevated AML risk. The customer was previously investigated for international money laundering activities.,Unsupported Claim,1,1
B0130500,Q0201325,A0201325,C040264,What verification steps are required for customer C040264?,Customer C040264 requires Enhanced Due Diligence because the customer is classified as a Politically Exposed Person (PEP) or presents elevated AML risk.,Customer C040264 requires additional review.,Missing Evidence,1,1
B0130510,Q0422778,A0422778,C084555,Should Enhanced Due Diligence be applied to customer C084555?,"Customer C084555 can be approved for onboarding. The customer satisfies KYC requirements, has sufficient verified documentation, and does not require enhanced review.","Customer C084555 can be approved for onboarding. The customer satisfies KYC requirements, has sufficient verified documentation, and does not require enhanced review. The customer has a Low AML Risk classification.",Wrong Risk Score,1,1
B0130517,Q0031541,A0031541,C006308,Can customer C006308 be onboarded?,"Customer C006308 can be approved for onboarding. The customer satisfies KYC requirements, has sufficient verified documentation, and does not require enhanced review.","Customer C006308 can be approved for onboarding. The customer satisfies KYC requirements, has sufficient verified documentation, and does not require enhanced review. The customer has a Low AML Risk classification.",Wrong Risk Score,1,1
B0130565,Q0480246,A0480246,C096049,Can customer C096049 be onboarded?,"Customer C096049 can be approved for onboarding. The customer satisfies KYC requirements, has sufficient verified documentation, and does not require enhanced review.","Customer C096049 can be approved for onboarding. The customer satisfies KYC requirements, has sufficient verified documentation, and does not require enhanced review. The customer was previously investigated for international money laundering activities.",Unsupported Claim,1,1
B0130727,Q0027416,A0027416,C005483,Can customer C005483 be onboarded?,"Customer C005483 can be approved for onboarding. The customer satisfies KYC requirements, has sufficient verified documentation, and does not require enhanced review.","Customer C005483 can be approved for onboarding. The customer satisfies KYC requirements, has sufficient verified documentation, and does not require enhanced review. The customer was previously investigated for international money laundering activities.",Unsupported Claim,1,1
B0130844,Q0323511,A0323511,C064702,Can customer C064702 be onboarded?,"Customer C064702 can be approved for onboarding. The customer satisfies KYC requirements, has sufficient verified documentation, and does not require enhanced review.","Customer C064702 can be approved for onboarding. The customer satisfies KYC requirements, has sufficient verified documentation, and does not require enhanced review.",NONE,0,0
B0130898,Q0064208,A0064208,C012841,Should Enhanced Due Diligence be applied to customer C012841?,"Customer C012841 can be approved for onboarding. The customer satisfies KYC requirements, has sufficient verified documentation, and does not require enhanced review.","Customer C012841 can be approved for onboarding. The customer satisfies KYC requirements, has sufficient verified documentation, and does not require enhanced review. The customer was previously investigated for international money laundering activities.",Unsupported Claim,1,1
B0130983,Q0093344,A0093344,C018668,Can the account for customer C018668 be approved?,"Customer C018668 can be approved for onboarding. The customer satisfies KYC requirements, has sufficient verified documentation, and does not require enhanced review.","Customer C018668 can be approved for onboarding. The customer satisfies KYC requirements, has sufficient verified documentation, and does not require enhanced review. The customer was previously investigated for international money laundering activities.",Unsupported Claim,1,1
B0131250,Q0128899,A0128899,C025779,Can the account for customer C025779 be approved?,"Customer C025779 can be approved for onboarding. The customer satisfies KYC requirements, has sufficient verified documentation, and does not require enhanced review.","Customer C025779 can be approved for onboarding. The customer satisfies KYC requirements, has sufficient verified documentation, and does not require enhanced review.",NONE,0,0
B0131441,Q0381640,A0381640,C076327,What verification steps are required for customer C076327?,Customer C076327 requires Enhanced Due Diligence because the customer is classified as a Politically Exposed Person (PEP) or presents elevated AML risk.,"Customer C076327 requires Enhanced Due Diligence because the customer is classified as a Politically Exposed Person (PEP) or presents elevated AML risk. As per AML Regulation Section 99.7, onboarding must be delayed for 90 days.",Fabricated Regulation,1,1
B0131510,Q0464957,A0464957,C092991,What is the AML risk associated with customer C092991?,"Customer C092991 can be approved for onboarding. The customer satisfies KYC requirements, has sufficient verified documentation, and does not require enhanced review.","Customer C092991 can be approved for onboarding. The customer satisfies KYC requirements, has sufficient verified documentation, and does not require enhanced review. As per AML Regulation Section 99.7, onboarding must be delayed for 90 days.",Fabricated Regulation,1,1
B0131782,Q0205584,A0205584,C041116,Can the account for customer C041116 be approved?,"Customer C041116 can be approved for onboarding. The customer satisfies KYC requirements, has sufficient verified documentation, and does not require enhanced review.",Customer C041116 requires additional review.,Missing Evidence,1,1
B0131919,Q0012003,A0012003,C002400,Should Enhanced Due Diligence be applied to customer C002400?,Customer C002400 requires Enhanced Due Diligence because the customer is classified as a Politically Exposed Person (PEP) or presents elevated AML risk.,"Customer C002400 requires Enhanced Due Diligence because the customer is classified as a Politically Exposed Person (PEP) or presents elevated AML risk. As per AML Regulation Section 99.7, onboarding must be delayed for 90 days.",Fabricated Regulation,1,1
B0132056,Q0212814,A0212814,C042562,Can the account for customer C042562 be approved?,"Customer C042562 can be approved for onboarding. The customer satisfies KYC requirements, has sufficient verified documentation, and does not require enhanced review.","Customer C042562 can be approved for onboarding. The customer satisfies KYC requirements, has sufficient verified documentation, and does not require enhanced review. As per AML Regulation Section 99.7, onboarding must be delayed for 90 days.",Fabricated Regulation,1,1
B0132298,Q0080950,A0080950,C016189,What verification steps are required for customer C016189?,"Customer C016189 can be approved for onboarding. The customer satisfies KYC requirements, has sufficient verified documentation, and does not require enhanced review.","Customer C016189 can be approved for onboarding. The customer satisfies KYC requirements, has sufficient verified documentation, and does not require enhanced review.",NONE,0,0
B0132412,Q0041342,A0041342,C008268,What is the AML risk associated with customer C008268?,"Customer C008268 can be approved for onboarding. The customer satisfies KYC requirements, has sufficient verified documentation, and does not require enhanced review.","Customer C008268 can be approved for onboarding. The customer satisfies KYC requirements, has sufficient verified documentation, and does not require enhanced review. The customer has a Low AML Risk classification.",Wrong Risk Score,1,1
B0132810,Q0337575,A0337575,C067514,What verification steps are required for customer C067514?,"Customer C067514 can be approved for onboarding. The customer satisfies KYC requirements, has sufficient verified documentation, and does not require enhanced review.","Customer C067514 can be approved for onboarding. The customer satisfies KYC requirements, has sufficient verified documentation, and does not require enhanced review.",NONE,0,0
B0133020,Q0011513,A0011513,C002302,Should Enhanced Due Diligence be applied to customer C002302?,"Customer C002302 can be approved for onboarding. The customer satisfies KYC requirements, has sufficient verified documentation, and does not require enhanced review.","Customer C002302 can be approved for onboarding. The customer satisfies KYC requirements, has sufficient verified documentation, and does not require enhanced review. The customer was previously investigated for international money laundering activities.",Unsupported Claim,1,1
B0133053,Q0117496,A0117496,C023499,Can customer C023499 be onboarded?,"Customer C023499 can be approved for onboarding. The customer satisfies KYC requirements, has sufficient verified documentation, and does not require enhanced review.","Customer C023499 can be approved for onboarding. The customer satisfies KYC requirements, has sufficient verified documentation, and does not require enhanced review. The customer was previously investigated for international money laundering activities.",Unsupported Claim,1,1
B0133306,Q0365198,A0365198,C073039,Should Enhanced Due Diligence be applied to customer C073039?,"Customer C073039 can be approved for onboarding. The customer satisfies KYC requirements, has sufficient verified documentation, and does not require enhanced review.","Customer C073039 can be approved for onboarding. The customer satisfies KYC requirements, has sufficient verified documentation, and does not require enhanced review. The customer has a Low AML Risk classification.",Wrong Risk Score,1,1
B0133331,Q0345922,A0345922,C069184,What is the AML risk associated with customer C069184?,"Customer C069184 can be approved for onboarding. The customer satisfies KYC requirements, has sufficient verified documentation, and does not require enhanced review.",Customer C069184 must be rejected due to AML concerns.,Contradiction,1,1
B0133381,Q0064071,A0064071,C012814,Can customer C012814 be onboarded?,Customer C012814 requires Enhanced Due Diligence because the customer is classified as a Politically Exposed Person (PEP) or presents elevated AML risk.,Customer C012814 requires Enhanced Due Diligence because the customer is classified as a Politically Exposed Person (PEP) or presents elevated AML risk.,NONE,0,0
B0133683,Q0197284,A0197284,C039456,Can the account for customer C039456 be approved?,Customer C039456 should be escalated for manual review due to elevated risk indicators requiring additional investigation.,Customer C039456 should be escalated for manual review due to elevated risk indicators requiring additional investigation.,NONE,0,0
B0134495,Q0033332,A0033332,C006666,What is the AML risk associated with customer C006666?,"Customer C006666 can be approved for onboarding. The customer satisfies KYC requirements, has sufficient verified documentation, and does not require enhanced review.",Customer C006666 must be rejected due to AML concerns.,Contradiction,1,1
B0134694,Q0409022,A0409022,C081804,What is the AML risk associated with customer C081804?,"Customer C081804 can be approved for onboarding. The customer satisfies KYC requirements, has sufficient verified documentation, and does not require enhanced review.","Customer C081804 can be approved for onboarding. The customer satisfies KYC requirements, has sufficient verified documentation, and does not require enhanced review. As per AML Regulation Section 99.7, onboarding must be delayed for 90 days.",Fabricated Regulation,1,1
B0135219,Q0342916,A0342916,C068583,Can customer C068583 be onboarded?,"Customer C068583 can be approved for onboarding. The customer satisfies KYC requirements, has sufficient verified documentation, and does not require enhanced review.","Customer C068583 can be approved for onboarding. The customer satisfies KYC requirements, has sufficient verified documentation, and does not require enhanced review.",NONE,0,0
B0135249,Q0487571,A0487571,C097514,Can customer C097514 be onboarded?,Customer C097514 must be rejected because the customer appears on a sanctions list and violates AML onboarding requirements.,Customer C097514 must be rejected because the customer appears on a sanctions list and violates AML onboarding requirements.,NONE,0,0
B0135271,Q0468577,A0468577,C093715,What is the AML risk associated with customer C093715?,Customer C093715 must be rejected because the customer appears on a sanctions list and violates AML onboarding requirements.,Customer C093715 must be rejected because the customer appears on a sanctions list and violates AML onboarding requirements.,NONE,0,0
B0135345,Q0393103,A0393103,C078620,Should Enhanced Due Diligence be applied to customer C078620?,"Customer C078620 can be approved for onboarding. The customer satisfies KYC requirements, has sufficient verified documentation, and does not require enhanced review.","Customer C078620 can be approved for onboarding. The customer satisfies KYC requirements, has sufficient verified documentation, and does not require enhanced review.",NONE,0,0
B0135501,Q0015678,A0015678,C003135,Should Enhanced Due Diligence be applied to customer C003135?,Customer C003135 requires Enhanced Due Diligence because the customer is classified as a Politically Exposed Person (PEP) or presents elevated AML risk.,Customer C003135 requires Enhanced Due Diligence because the customer is classified as a Politically Exposed Person (PEP) or presents elevated AML risk. The customer has a Low AML Risk classification.,Wrong Risk Score,1,1
B0135744,Q0184599,A0184599,C036919,Can the account for customer C036919 be approved?,"Customer C036919 can be approved for onboarding. The customer satisfies KYC requirements, has sufficient verified documentation, and does not require enhanced review.","Customer C036919 can be approved for onboarding. The customer satisfies KYC requirements, has sufficient verified documentation, and does not require enhanced review. The customer was previously investigated for international money laundering activities.",Unsupported Claim,1,1
B0136139,Q0123063,A0123063,C024612,Should Enhanced Due Diligence be applied to customer C024612?,Customer C024612 must be rejected because the customer appears on a sanctions list and violates AML onboarding requirements.,Customer C024612 requires additional review.,Missing Evidence,1,1
B0136162,Q0237683,A0237683,C047536,Should Enhanced Due Diligence be applied to customer C047536?,"Customer C047536 can be approved for onboarding. The customer satisfies KYC requirements, has sufficient verified documentation, and does not require enhanced review.","Customer C047536 can be approved for onboarding. The customer satisfies KYC requirements, has sufficient verified documentation, and does not require enhanced review.",NONE,0,0
B0136234,Q0387671,A0387671,C077534,Can customer C077534 be onboarded?,"Customer C077534 can be approved for onboarding. The customer satisfies KYC requirements, has sufficient verified documentation, and does not require enhanced review.",Customer C077534 must be rejected due to AML concerns.,Contradiction,1,1
B0136349,Q0369846,A0369846,C073969,Can customer C073969 be onboarded?,Customer C073969 should be escalated for manual review due to elevated risk indicators requiring additional investigation.,Customer C073969 should be escalated for manual review due to elevated risk indicators requiring additional investigation.,NONE,0,0
B0136546,Q0384362,A0384362,C076872,What is the AML risk associated with customer C076872?,"Customer C076872 can be approved for onboarding. The customer satisfies KYC requirements, has sufficient verified documentation, and does not require enhanced review.","Customer C076872 can be approved for onboarding. The customer satisfies KYC requirements, has sufficient verified documentation, and does not require enhanced review.",NONE,0,0
B0136680,Q0494545,A0494545,C098908,What verification steps are required for customer C098908?,Customer C098908 requires Enhanced Due Diligence because the customer is classified as a Politically Exposed Person (PEP) or presents elevated AML risk.,Customer C098908 requires Enhanced Due Diligence because the customer is classified as a Politically Exposed Person (PEP) or presents elevated AML risk.,NONE,0,0
B0136725,Q0482868,A0482868,C096573,Should Enhanced Due Diligence be applied to customer C096573?,Customer C096573 should be escalated for manual review due to elevated risk indicators requiring additional investigation.,"Customer C096573 should be escalated for manual review due to elevated risk indicators requiring additional investigation. As per AML Regulation Section 99.7, onboarding must be delayed for 90 days.",Fabricated Regulation,1,1
B0136772,Q0192301,A0192301,C038460,Can customer C038460 be onboarded?,"Customer C038460 can be approved for onboarding. The customer satisfies KYC requirements, has sufficient verified documentation, and does not require enhanced review.",Customer C038460 must be rejected due to AML concerns.,Contradiction,1,1
B0136936,Q0065233,A0065233,C013046,Should Enhanced Due Diligence be applied to customer C013046?,"Customer C013046 can be approved for onboarding. The customer satisfies KYC requirements, has sufficient verified documentation, and does not require enhanced review.",Customer C013046 requires additional review.,Missing Evidence,1,1
B0137117,Q0005252,A0005252,C001050,What is the AML risk associated with customer C001050?,Customer C001050 requires Enhanced Due Diligence because the customer is classified as a Politically Exposed Person (PEP) or presents elevated AML risk.,Customer C001050 requires no enhanced review.,Contradiction,1,1
B0137176,Q0358030,A0358030,C071605,What verification steps are required for customer C071605?,"Customer C071605 can be approved for onboarding. The customer satisfies KYC requirements, has sufficient verified documentation, and does not require enhanced review.","Customer C071605 can be approved for onboarding. The customer satisfies KYC requirements, has sufficient verified documentation, and does not require enhanced review. The customer was previously investigated for international money laundering activities.",Unsupported Claim,1,1
B0137370,Q0460963,A0460963,C092192,Should Enhanced Due Diligence be applied to customer C092192?,"Customer C092192 can be approved for onboarding. The customer satisfies KYC requirements, has sufficient verified documentation, and does not require enhanced review.","Customer C092192 can be approved for onboarding. The customer satisfies KYC requirements, has sufficient verified documentation, and does not require enhanced review. The customer was previously investigated for international money laundering activities.",Unsupported Claim,1,1
B0137812,Q0099991,A0099991,C019998,Can customer C019998 be onboarded?,"Customer C019998 can be approved for onboarding. The customer satisfies KYC requirements, has sufficient verified documentation, and does not require enhanced review.",Customer C019998 requires additional review.,Missing Evidence,1,1
B0137854,Q0144460,A0144460,C028891,What verification steps are required for customer C028891?,"Customer C028891 can be approved for onboarding. The customer satisfies KYC requirements, has sufficient verified documentation, and does not require enhanced review.","Customer C028891 can be approved for onboarding. The customer satisfies KYC requirements, has sufficient verified documentation, and does not require enhanced review.",NONE,0,0
B0138224,Q0055177,A0055177,C011035,What is the AML risk associated with customer C011035?,Customer C011035 requires Enhanced Due Diligence because the customer is classified as a Politically Exposed Person (PEP) or presents elevated AML risk.,Customer C011035 requires Enhanced Due Diligence because the customer is classified as a Politically Exposed Person (PEP) or presents elevated AML risk. The customer was previously investigated for international money laundering activities.,Unsupported Claim,1,1
B0138239,Q0288806,A0288806,C057761,Can customer C057761 be onboarded?,"Customer C057761 can be approved for onboarding. The customer satisfies KYC requirements, has sufficient verified documentation, and does not require enhanced review.",Customer C057761 must be rejected due to AML concerns.,Contradiction,1,1
B0138281,Q0225169,A0225169,C045033,Can the account for customer C045033 be approved?,Customer C045033 requires Enhanced Due Diligence because the customer is classified as a Politically Exposed Person (PEP) or presents elevated AML risk.,Customer C045033 requires Enhanced Due Diligence because the customer is classified as a Politically Exposed Person (PEP) or presents elevated AML risk. The customer has a Low AML Risk classification.,Wrong Risk Score,1,1
B0138311,Q0364194,A0364194,C072838,Can the account for customer C072838 be approved?,"Customer C072838 can be approved for onboarding. The customer satisfies KYC requirements, has sufficient verified documentation, and does not require enhanced review.","Customer C072838 can be approved for onboarding. The customer satisfies KYC requirements, has sufficient verified documentation, and does not require enhanced review. The customer was previously investigated for international money laundering activities.",Unsupported Claim,1,1
B0138618,Q0024283,A0024283,C004856,Should Enhanced Due Diligence be applied to customer C004856?,Customer C004856 requires Enhanced Due Diligence because the customer is classified as a Politically Exposed Person (PEP) or presents elevated AML risk.,Customer C004856 requires Enhanced Due Diligence because the customer is classified as a Politically Exposed Person (PEP) or presents elevated AML risk. The customer has a Low AML Risk classification.,Wrong Risk Score,1,1
B0138767,Q0225274,A0225274,C045054,Can the account for customer C045054 be approved?,"Customer C045054 can be approved for onboarding. The customer satisfies KYC requirements, has sufficient verified documentation, and does not require enhanced review.","Customer C045054 can be approved for onboarding. The customer satisfies KYC requirements, has sufficient verified documentation, and does not require enhanced review.",NONE,0,0
B0138931,Q0008082,A0008082,C001616,What is the AML risk associated with customer C001616?,"Customer C001616 can be approved for onboarding. The customer satisfies KYC requirements, has sufficient verified documentation, and does not require enhanced review.","Customer C001616 can be approved for onboarding. The customer satisfies KYC requirements, has sufficient verified documentation, and does not require enhanced review.",NONE,0,0
B0138987,Q0026449,A0026449,C005289,Can the account for customer C005289 be approved?,Customer C005289 should be escalated for manual review due to elevated risk indicators requiring additional investigation.,Customer C005289 should be escalated for manual review due to elevated risk indicators requiring additional investigation.,NONE,0,0
B0139099,Q0096462,A0096462,C019292,What is the AML risk associated with customer C019292?,"Customer C019292 can be approved for onboarding. The customer satisfies KYC requirements, has sufficient verified documentation, and does not require enhanced review.","Customer C019292 can be approved for onboarding. The customer satisfies KYC requirements, has sufficient verified documentation, and does not require enhanced review.",NONE,0,0
B0139216,Q0208918,A0208918,C041783,Should Enhanced Due Diligence be applied to customer C041783?,"Customer C041783 can be approved for onboarding. The customer satisfies KYC requirements, has sufficient verified documentation, and does not require enhanced review.",Customer C041783 must be rejected due to AML concerns.,Contradiction,1,1
B0139363,Q0132732,A0132732,C026546,What is the AML risk associated with customer C026546?,"Customer C026546 can be approved for onboarding. The customer satisfies KYC requirements, has sufficient verified documentation, and does not require enhanced review.","Customer C026546 can be approved for onboarding. The customer satisfies KYC requirements, has sufficient verified documentation, and does not require enhanced review. The customer was previously investigated for international money laundering activities.",Unsupported Claim,1,1
B0139476,Q0105569,A0105569,C021113,Can the account for customer C021113 be approved?,"Customer C021113 can be approved for onboarding. The customer satisfies KYC requirements, has sufficient verified documentation, and does not require enhanced review.",Customer C021113 requires additional review.,Missing Evidence,1,1
B0139519,Q0459667,A0459667,C091933,What is the AML risk associated with customer C091933?,Customer C091933 requires Enhanced Due Diligence because the customer is classified as a Politically Exposed Person (PEP) or presents elevated AML risk.,Customer C091933 requires Enhanced Due Diligence because the customer is classified as a Politically Exposed Person (PEP) or presents elevated AML risk.,NONE,0,0
B0139595,Q0063738,A0063738,C012747,Should Enhanced Due Diligence be applied to customer C012747?,Customer C012747 requires Enhanced Due Diligence because the customer is classified as a Politically Exposed Person (PEP) or presents elevated AML risk.,Customer C012747 requires Enhanced Due Diligence because the customer is classified as a Politically Exposed Person (PEP) or presents elevated AML risk.,NONE,0,0
B0139637,Q0049541,A0049541,C009908,Can customer C009908 be onboarded?,"Customer C009908 can be approved for onboarding. The customer satisfies KYC requirements, has sufficient verified documentation, and does not require enhanced review.","Customer C009908 can be approved for onboarding. The customer satisfies KYC requirements, has sufficient verified documentation, and does not require enhanced review. The customer was previously investigated for international money laundering activities.",Unsupported Claim,1,1
B0139808,Q0210498,A0210498,C042099,Should Enhanced Due Diligence be applied to customer C042099?,"Customer C042099 can be approved for onboarding. The customer satisfies KYC requirements, has sufficient verified documentation, and does not require enhanced review.",Customer C042099 requires additional review.,Missing Evidence,1,1
B0139826,Q0159410,A0159410,C031881,What verification steps are required for customer C031881?,Customer C031881 requires Enhanced Due Diligence because the customer is classified as a Politically Exposed Person (PEP) or presents elevated AML risk.,Customer C031881 requires Enhanced Due Diligence because the customer is classified as a Politically Exposed Person (PEP) or presents elevated AML risk.,NONE,0,0
B0139834,Q0490723,A0490723,C098144,Should Enhanced Due Diligence be applied to customer C098144?,Customer C098144 requires Enhanced Due Diligence because the customer is classified as a Politically Exposed Person (PEP) or presents elevated AML risk.,Customer C098144 requires Enhanced Due Diligence because the customer is classified as a Politically Exposed Person (PEP) or presents elevated AML risk.,NONE,0,0
B0139959,Q0258554,A0258554,C051710,Can the account for customer C051710 be approved?,"Customer C051710 can be approved for onboarding. The customer satisfies KYC requirements, has sufficient verified documentation, and does not require enhanced review.","Customer C051710 can be approved for onboarding. The customer satisfies KYC requirements, has sufficient verified documentation, and does not require enhanced review. The customer was previously investigated for international money laundering activities.",Unsupported Claim,1,1
B0140010,Q0064734,A0064734,C012946,Can the account for customer C012946 be approved?,"Customer C012946 can be approved for onboarding. The customer satisfies KYC requirements, has sufficient verified documentation, and does not require enhanced review.","Customer C012946 can be approved for onboarding. The customer satisfies KYC requirements, has sufficient verified documentation, and does not require enhanced review.",NONE,0,0
B0140049,Q0095972,A0095972,C019194,What is the AML risk associated with customer C019194?,"Customer C019194 can be approved for onboarding. The customer satisfies KYC requirements, has sufficient verified documentation, and does not require enhanced review.","Customer C019194 can be approved for onboarding. The customer satisfies KYC requirements, has sufficient verified documentation, and does not require enhanced review.",NONE,0,0
B0140113,Q0418922,A0418922,C083784,What is the AML risk associated with customer C083784?,Customer C083784 has insufficient verified documentation. Additional documents are required before onboarding can proceed.,Customer C083784 has insufficient verified documentation. Additional documents are required before onboarding can proceed. The customer was previously investigated for international money laundering activities.,Unsupported Claim,1,1
B0140114,Q0179225,A0179225,C035844,What verification steps are required for customer C035844?,"Customer C035844 can be approved for onboarding. The customer satisfies KYC requirements, has sufficient verified documentation, and does not require enhanced review.","Customer C035844 can be approved for onboarding. The customer satisfies KYC requirements, has sufficient verified documentation, and does not require enhanced review. The customer was previously investigated for international money laundering activities.",Unsupported Claim,1,1
B0140179,Q0405640,A0405640,C081127,What verification steps are required for customer C081127?,Customer C081127 requires Enhanced Due Diligence because the customer is classified as a Politically Exposed Person (PEP) or presents elevated AML risk.,Customer C081127 requires Enhanced Due Diligence because the customer is classified as a Politically Exposed Person (PEP) or presents elevated AML risk.,NONE,0,0
B0140314,Q0371433,A0371433,C074286,Should Enhanced Due Diligence be applied to customer C074286?,Customer C074286 requires Enhanced Due Diligence because the customer is classified as a Politically Exposed Person (PEP) or presents elevated AML risk.,Customer C074286 requires additional review.,Missing Evidence,1,1
B0140348,Q0361059,A0361059,C072211,Can the account for customer C072211 be approved?,"Customer C072211 can be approved for onboarding. The customer satisfies KYC requirements, has sufficient verified documentation, and does not require enhanced review.",Customer C072211 requires additional review.,Missing Evidence,1,1
B0140448,Q0183520,A0183520,C036703,What verification steps are required for customer C036703?,"Customer C036703 can be approved for onboarding. The customer satisfies KYC requirements, has sufficient verified documentation, and does not require enhanced review.","Customer C036703 can be approved for onboarding. The customer satisfies KYC requirements, has sufficient verified documentation, and does not require enhanced review. The customer has a Low AML Risk classification.",Wrong Risk Score,1,1
B0140469,Q0167711,A0167711,C033542,Can customer C033542 be onboarded?,Customer C033542 must be rejected because the customer appears on a sanctions list and violates AML onboarding requirements.,Customer C033542 must be rejected because the customer appears on a sanctions list and violates AML onboarding requirements. The customer was previously investigated for international money laundering activities.,Unsupported Claim,1,1
B0140732,Q0417991,A0417991,C083598,Can customer C083598 be onboarded?,Customer C083598 requires Enhanced Due Diligence because the customer is classified as a Politically Exposed Person (PEP) or presents elevated AML risk.,Customer C083598 requires additional review.,Missing Evidence,1,1
B0141150,Q0002815,A0002815,C000562,What verification steps are required for customer C000562?,"Customer C000562 can be approved for onboarding. The customer satisfies KYC requirements, has sufficient verified documentation, and does not require enhanced review.",Customer C000562 requires additional review.,Missing Evidence,1,1
B0141235,Q0138586,A0138586,C027717,Can customer C027717 be onboarded?,"Customer C027717 can be approved for onboarding. The customer satisfies KYC requirements, has sufficient verified documentation, and does not require enhanced review.","Customer C027717 can be approved for onboarding. The customer satisfies KYC requirements, has sufficient verified documentation, and does not require enhanced review.",NONE,0,0
B0141347,Q0393245,A0393245,C078648,What verification steps are required for customer C078648?,Customer C078648 requires Enhanced Due Diligence because the customer is classified as a Politically Exposed Person (PEP) or presents elevated AML risk.,Customer C078648 requires additional review.,Missing Evidence,1,1
B0141418,Q0328856,A0328856,C065771,Can customer C065771 be onboarded?,"Customer C065771 can be approved for onboarding. The customer satisfies KYC requirements, has sufficient verified documentation, and does not require enhanced review.","Customer C065771 can be approved for onboarding. The customer satisfies KYC requirements, has sufficient verified documentation, and does not require enhanced review. The customer has a Low AML Risk classification.",Wrong Risk Score,1,1
B0141470,Q0253957,A0253957,C050791,What is the AML risk associated with customer C050791?,"Customer C050791 can be approved for onboarding. The customer satisfies KYC requirements, has sufficient verified documentation, and does not require enhanced review.",Customer C050791 must be rejected due to AML concerns.,Contradiction,1,1
B0141587,Q0249492,A0249492,C049898,What is the AML risk associated with customer C049898?,Customer C049898 requires Enhanced Due Diligence because the customer is classified as a Politically Exposed Person (PEP) or presents elevated AML risk.,Customer C049898 requires Enhanced Due Diligence because the customer is classified as a Politically Exposed Person (PEP) or presents elevated AML risk.,NONE,0,0
B0141778,Q0154579,A0154579,C030915,Can the account for customer C030915 be approved?,Customer C030915 requires Enhanced Due Diligence because the customer is classified as a Politically Exposed Person (PEP) or presents elevated AML risk.,Customer C030915 requires Enhanced Due Diligence because the customer is classified as a Politically Exposed Person (PEP) or presents elevated AML risk. The customer has a Low AML Risk classification.,Wrong Risk Score,1,1
B0141851,Q0446663,A0446663,C089332,Should Enhanced Due Diligence be applied to customer C089332?,Customer C089332 requires Enhanced Due Diligence because the customer is classified as a Politically Exposed Person (PEP) or presents elevated AML risk.,Customer C089332 requires Enhanced Due Diligence because the customer is classified as a Politically Exposed Person (PEP) or presents elevated AML risk.,NONE,0,0
B0141857,Q0224792,A0224792,C044958,What is the AML risk associated with customer C044958?,"Customer C044958 can be approved for onboarding. The customer satisfies KYC requirements, has sufficient verified documentation, and does not require enhanced review.","Customer C044958 can be approved for onboarding. The customer satisfies KYC requirements, has sufficient verified documentation, and does not require enhanced review.",NONE,0,0
B0142103,Q0445457,A0445457,C089091,What is the AML risk associated with customer C089091?,Customer C089091 requires Enhanced Due Diligence because the customer is classified as a Politically Exposed Person (PEP) or presents elevated AML risk.,Customer C089091 requires additional review.,Missing Evidence,1,1
B0142241,Q0008060,A0008060,C001611,What verification steps are required for customer C001611?,"Customer C001611 can be approved for onboarding. The customer satisfies KYC requirements, has sufficient verified documentation, and does not require enhanced review.",Customer C001611 must be rejected due to AML concerns.,Contradiction,1,1
B0142364,Q0466810,A0466810,C093361,What verification steps are required for customer C093361?,"Customer C093361 can be approved for onboarding. The customer satisfies KYC requirements, has sufficient verified documentation, and does not require enhanced review.","Customer C093361 can be approved for onboarding. The customer satisfies KYC requirements, has sufficient verified documentation, and does not require enhanced review.",NONE,0,0
B0142372,Q0130707,A0130707,C026141,What is the AML risk associated with customer C026141?,Customer C026141 must be rejected because the customer appears on a sanctions list and violates AML onboarding requirements.,Customer C026141 must be rejected because the customer appears on a sanctions list and violates AML onboarding requirements.,NONE,0,0
B0142774,Q0373169,A0373169,C074633,Can the account for customer C074633 be approved?,"Customer C074633 can be approved for onboarding. The customer satisfies KYC requirements, has sufficient verified documentation, and does not require enhanced review.",Customer C074633 requires additional review.,Missing Evidence,1,1
B0143039,Q0079056,A0079056,C015811,Can customer C015811 be onboarded?,"Customer C015811 can be approved for onboarding. The customer satisfies KYC requirements, has sufficient verified documentation, and does not require enhanced review.","Customer C015811 can be approved for onboarding. The customer satisfies KYC requirements, has sufficient verified documentation, and does not require enhanced review.",NONE,0,0
B0143240,Q0479425,A0479425,C095884,What verification steps are required for customer C095884?,"Customer C095884 can be approved for onboarding. The customer satisfies KYC requirements, has sufficient verified documentation, and does not require enhanced review.",Customer C095884 requires additional review.,Missing Evidence,1,1
B0143544,Q0484931,A0484931,C096986,Can customer C096986 be onboarded?,Customer C096986 requires Enhanced Due Diligence because the customer is classified as a Politically Exposed Person (PEP) or presents elevated AML risk.,Customer C096986 requires Enhanced Due Diligence because the customer is classified as a Politically Exposed Person (PEP) or presents elevated AML risk. The customer was previously investigated for international money laundering activities.,Unsupported Claim,1,1
B0143587,Q0223273,A0223273,C044654,Should Enhanced Due Diligence be applied to customer C044654?,Customer C044654 must be rejected because the customer appears on a sanctions list and violates AML onboarding requirements.,Customer C044654 must be rejected because the customer appears on a sanctions list and violates AML onboarding requirements. The customer has a Low AML Risk classification.,Wrong Risk Score,1,1
B0143665,Q0427071,A0427071,C085414,Can customer C085414 be onboarded?,"Customer C085414 can be approved for onboarding. The customer satisfies KYC requirements, has sufficient verified documentation, and does not require enhanced review.",Customer C085414 requires additional review.,Missing Evidence,1,1
B0143901,Q0445474,A0445474,C089094,Can the account for customer C089094 be approved?,Customer C089094 requires Enhanced Due Diligence because the customer is classified as a Politically Exposed Person (PEP) or presents elevated AML risk.,Customer C089094 requires Enhanced Due Diligence because the customer is classified as a Politically Exposed Person (PEP) or presents elevated AML risk.,NONE,0,0
B0143926,Q0316978,A0316978,C063395,Should Enhanced Due Diligence be applied to customer C063395?,Customer C063395 should be escalated for manual review due to elevated risk indicators requiring additional investigation.,Customer C063395 is approved immediately.,Contradiction,1,1
B0144014,Q0042673,A0042673,C008534,Should Enhanced Due Diligence be applied to customer C008534?,"Customer C008534 can be approved for onboarding. The customer satisfies KYC requirements, has sufficient verified documentation, and does not require enhanced review.",Customer C008534 requires additional review.,Missing Evidence,1,1
B0144220,Q0447220,A0447220,C089443,What verification steps are required for customer C089443?,Customer C089443 should be escalated for manual review due to elevated risk indicators requiring additional investigation.,Customer C089443 should be escalated for manual review due to elevated risk indicators requiring additional investigation. The customer has a Low AML Risk classification.,Wrong Risk Score,1,1
B0144478,Q0453395,A0453395,C090678,What verification steps are required for customer C090678?,Customer C090678 must be rejected because the customer appears on a sanctions list and violates AML onboarding requirements.,Customer C090678 must be rejected because the customer appears on a sanctions list and violates AML onboarding requirements. The customer was previously investigated for international money laundering activities.,Unsupported Claim,1,1
B0144493,Q0085465,A0085465,C017092,What verification steps are required for customer C017092?,"Customer C017092 can be approved for onboarding. The customer satisfies KYC requirements, has sufficient verified documentation, and does not require enhanced review.","Customer C017092 can be approved for onboarding. The customer satisfies KYC requirements, has sufficient verified documentation, and does not require enhanced review. The customer was previously investigated for international money laundering activities.",Unsupported Claim,1,1
B0144650,Q0104853,A0104853,C020970,Should Enhanced Due Diligence be applied to customer C020970?,Customer C020970 has insufficient verified documentation. Additional documents are required before onboarding can proceed.,Customer C020970 has insufficient verified documentation. Additional documents are required before onboarding can proceed.,NONE,0,0
B0144885,Q0357637,A0357637,C071527,What is the AML risk associated with customer C071527?,"Customer C071527 can be approved for onboarding. The customer satisfies KYC requirements, has sufficient verified documentation, and does not require enhanced review.",Customer C071527 requires additional review.,Missing Evidence,1,1
B0144989,Q0374469,A0374469,C074893,Can the account for customer C074893 be approved?,"Customer C074893 can be approved for onboarding. The customer satisfies KYC requirements, has sufficient verified documentation, and does not require enhanced review.","Customer C074893 can be approved for onboarding. The customer satisfies KYC requirements, has sufficient verified documentation, and does not require enhanced review. As per AML Regulation Section 99.7, onboarding must be delayed for 90 days.",Fabricated Regulation,1,1
B0145126,Q0079497,A0079497,C015899,What is the AML risk associated with customer C015899?,"Customer C015899 can be approved for onboarding. The customer satisfies KYC requirements, has sufficient verified documentation, and does not require enhanced review.","Customer C015899 can be approved for onboarding. The customer satisfies KYC requirements, has sufficient verified documentation, and does not require enhanced review.",NONE,0,0
B0145138,Q0020478,A0020478,C004095,Should Enhanced Due Diligence be applied to customer C004095?,"Customer C004095 can be approved for onboarding. The customer satisfies KYC requirements, has sufficient verified documentation, and does not require enhanced review.",Customer C004095 requires additional review.,Missing Evidence,1,1
B0145190,Q0478709,A0478709,C095741,Can the account for customer C095741 be approved?,"Customer C095741 can be approved for onboarding. The customer satisfies KYC requirements, has sufficient verified documentation, and does not require enhanced review.","Customer C095741 can be approved for onboarding. The customer satisfies KYC requirements, has sufficient verified documentation, and does not require enhanced review.",NONE,0,0
B0145223,Q0336815,A0336815,C067362,What verification steps are required for customer C067362?,"Customer C067362 can be approved for onboarding. The customer satisfies KYC requirements, has sufficient verified documentation, and does not require enhanced review.","Customer C067362 can be approved for onboarding. The customer satisfies KYC requirements, has sufficient verified documentation, and does not require enhanced review.",NONE,0,0
B0145573,Q0432444,A0432444,C086488,Can the account for customer C086488 be approved?,"Customer C086488 can be approved for onboarding. The customer satisfies KYC requirements, has sufficient verified documentation, and does not require enhanced review.",Customer C086488 requires additional review.,Missing Evidence,1,1
B0145617,Q0250226,A0250226,C050045,Can customer C050045 be onboarded?,Customer C050045 requires Enhanced Due Diligence because the customer is classified as a Politically Exposed Person (PEP) or presents elevated AML risk.,Customer C050045 requires Enhanced Due Diligence because the customer is classified as a Politically Exposed Person (PEP) or presents elevated AML risk.,NONE,0,0
B0145744,Q0484323,A0484323,C096864,Should Enhanced Due Diligence be applied to customer C096864?,"Customer C096864 can be approved for onboarding. The customer satisfies KYC requirements, has sufficient verified documentation, and does not require enhanced review.","Customer C096864 can be approved for onboarding. The customer satisfies KYC requirements, has sufficient verified documentation, and does not require enhanced review. The customer was previously investigated for international money laundering activities.",Unsupported Claim,1,1
B0145788,Q0421106,A0421106,C084221,Can customer C084221 be onboarded?,Customer C084221 requires Enhanced Due Diligence because the customer is classified as a Politically Exposed Person (PEP) or presents elevated AML risk.,"Customer C084221 requires Enhanced Due Diligence because the customer is classified as a Politically Exposed Person (PEP) or presents elevated AML risk. As per AML Regulation Section 99.7, onboarding must be delayed for 90 days.",Fabricated Regulation,1,1
B0145920,Q0012903,A0012903,C002580,Should Enhanced Due Diligence be applied to customer C002580?,"Customer C002580 can be approved for onboarding. The customer satisfies KYC requirements, has sufficient verified documentation, and does not require enhanced review.","Customer C002580 can be approved for onboarding. The customer satisfies KYC requirements, has sufficient verified documentation, and does not require enhanced review. The customer has a Low AML Risk classification.",Wrong Risk Score,1,1
B0145961,Q0112612,A0112612,C022522,What is the AML risk associated with customer C022522?,Customer C022522 must be rejected because the customer appears on a sanctions list and violates AML onboarding requirements.,"Customer C022522 must be rejected because the customer appears on a sanctions list and violates AML onboarding requirements. As per AML Regulation Section 99.7, onboarding must be delayed for 90 days.",Fabricated Regulation,1,1
B0146214,Q0298171,A0298171,C059634,Can customer C059634 be onboarded?,"Customer C059634 can be approved for onboarding. The customer satisfies KYC requirements, has sufficient verified documentation, and does not require enhanced review.","Customer C059634 can be approved for onboarding. The customer satisfies KYC requirements, has sufficient verified documentation, and does not require enhanced review.",NONE,0,0
B0146237,Q0088429,A0088429,C017685,Can the account for customer C017685 be approved?,"Customer C017685 can be approved for onboarding. The customer satisfies KYC requirements, has sufficient verified documentation, and does not require enhanced review.","Customer C017685 can be approved for onboarding. The customer satisfies KYC requirements, has sufficient verified documentation, and does not require enhanced review.",NONE,0,0
B0146343,Q0103164,A0103164,C020632,Can the account for customer C020632 be approved?,"Customer C020632 can be approved for onboarding. The customer satisfies KYC requirements, has sufficient verified documentation, and does not require enhanced review.","Customer C020632 can be approved for onboarding. The customer satisfies KYC requirements, has sufficient verified documentation, and does not require enhanced review.",NONE,0,0
B0146369,Q0333151,A0333151,C066630,Can customer C066630 be onboarded?,"Customer C066630 can be approved for onboarding. The customer satisfies KYC requirements, has sufficient verified documentation, and does not require enhanced review.","Customer C066630 can be approved for onboarding. The customer satisfies KYC requirements, has sufficient verified documentation, and does not require enhanced review. As per AML Regulation Section 99.7, onboarding must be delayed for 90 days.",Fabricated Regulation,1,1
B0146463,Q0229624,A0229624,C045924,Can the account for customer C045924 be approved?,Customer C045924 requires Enhanced Due Diligence because the customer is classified as a Politically Exposed Person (PEP) or presents elevated AML risk.,Customer C045924 requires no enhanced review.,Contradiction,1,1
B0146471,Q0141739,A0141739,C028347,Can the account for customer C028347 be approved?,"Customer C028347 can be approved for onboarding. The customer satisfies KYC requirements, has sufficient verified documentation, and does not require enhanced review.",Customer C028347 requires additional review.,Missing Evidence,1,1
B0146846,Q0494731,A0494731,C098946,Can customer C098946 be onboarded?,"Customer C098946 can be approved for onboarding. The customer satisfies KYC requirements, has sufficient verified documentation, and does not require enhanced review.","Customer C098946 can be approved for onboarding. The customer satisfies KYC requirements, has sufficient verified documentation, and does not require enhanced review. As per AML Regulation Section 99.7, onboarding must be delayed for 90 days.",Fabricated Regulation,1,1
B0146977,Q0381849,A0381849,C076369,Can the account for customer C076369 be approved?,"Customer C076369 can be approved for onboarding. The customer satisfies KYC requirements, has sufficient verified documentation, and does not require enhanced review.","Customer C076369 can be approved for onboarding. The customer satisfies KYC requirements, has sufficient verified documentation, and does not require enhanced review.",NONE,0,0
B0147019,Q0305462,A0305462,C061092,What is the AML risk associated with customer C061092?,"Customer C061092 can be approved for onboarding. The customer satisfies KYC requirements, has sufficient verified documentation, and does not require enhanced review.",Customer C061092 requires additional review.,Missing Evidence,1,1
B0147184,Q0476168,A0476168,C095233,Should Enhanced Due Diligence be applied to customer C095233?,Customer C095233 requires Enhanced Due Diligence because the customer is classified as a Politically Exposed Person (PEP) or presents elevated AML risk.,Customer C095233 requires Enhanced Due Diligence because the customer is classified as a Politically Exposed Person (PEP) or presents elevated AML risk.,NONE,0,0
B0147248,Q0361098,A0361098,C072219,Should Enhanced Due Diligence be applied to customer C072219?,"Customer C072219 can be approved for onboarding. The customer satisfies KYC requirements, has sufficient verified documentation, and does not require enhanced review.",Customer C072219 must be rejected due to AML concerns.,Contradiction,1,1
B0147549,Q0460979,A0460979,C092195,Can the account for customer C092195 be approved?,Customer C092195 requires Enhanced Due Diligence because the customer is classified as a Politically Exposed Person (PEP) or presents elevated AML risk.,Customer C092195 requires Enhanced Due Diligence because the customer is classified as a Politically Exposed Person (PEP) or presents elevated AML risk.,NONE,0,0
B0147826,Q0025015,A0025015,C005002,What verification steps are required for customer C005002?,"Customer C005002 can be approved for onboarding. The customer satisfies KYC requirements, has sufficient verified documentation, and does not require enhanced review.",Customer C005002 requires additional review.,Missing Evidence,1,1
B0147916,Q0412013,A0412013,C082402,Should Enhanced Due Diligence be applied to customer C082402?,"Customer C082402 can be approved for onboarding. The customer satisfies KYC requirements, has sufficient verified documentation, and does not require enhanced review.",Customer C082402 requires additional review.,Missing Evidence,1,1
B0147942,Q0444427,A0444427,C088885,What is the AML risk associated with customer C088885?,"Customer C088885 can be approved for onboarding. The customer satisfies KYC requirements, has sufficient verified documentation, and does not require enhanced review.","Customer C088885 can be approved for onboarding. The customer satisfies KYC requirements, has sufficient verified documentation, and does not require enhanced review. The customer has a Low AML Risk classification.",Wrong Risk Score,1,1
B0148074,Q0067808,A0067808,C013561,Should Enhanced Due Diligence be applied to customer C013561?,"Customer C013561 can be approved for onboarding. The customer satisfies KYC requirements, has sufficient verified documentation, and does not require enhanced review.","Customer C013561 can be approved for onboarding. The customer satisfies KYC requirements, has sufficient verified documentation, and does not require enhanced review. The customer was previously investigated for international money laundering activities.",Unsupported Claim,1,1
B0148183,Q0494617,A0494617,C098923,What is the AML risk associated with customer C098923?,Customer C098923 has insufficient verified documentation. Additional documents are required before onboarding can proceed.,Customer C098923 requires additional review.,Missing Evidence,1,1
B0148370,Q0403674,A0403674,C080734,Can the account for customer C080734 be approved?,Customer C080734 requires Enhanced Due Diligence because the customer is classified as a Politically Exposed Person (PEP) or presents elevated AML risk.,Customer C080734 requires Enhanced Due Diligence because the customer is classified as a Politically Exposed Person (PEP) or presents elevated AML risk.,NONE,0,0
B0148472,Q0321741,A0321741,C064348,Can customer C064348 be onboarded?,"Customer C064348 can be approved for onboarding. The customer satisfies KYC requirements, has sufficient verified documentation, and does not require enhanced review.","Customer C064348 can be approved for onboarding. The customer satisfies KYC requirements, has sufficient verified documentation, and does not require enhanced review. The customer has a Low AML Risk classification.",Wrong Risk Score,1,1
B0148689,Q0245115,A0245115,C049022,What verification steps are required for customer C049022?,"Customer C049022 can be approved for onboarding. The customer satisfies KYC requirements, has sufficient verified documentation, and does not require enhanced review.","Customer C049022 can be approved for onboarding. The customer satisfies KYC requirements, has sufficient verified documentation, and does not require enhanced review.",NONE,0,0
B0148802,Q0119786,A0119786,C023957,Can customer C023957 be onboarded?,Customer C023957 must be rejected because the customer appears on a sanctions list and violates AML onboarding requirements.,Customer C023957 requires additional review.,Missing Evidence,1,1
B0149012,Q0250966,A0250966,C050193,Can customer C050193 be onboarded?,"Customer C050193 can be approved for onboarding. The customer satisfies KYC requirements, has sufficient verified documentation, and does not require enhanced review.","Customer C050193 can be approved for onboarding. The customer satisfies KYC requirements, has sufficient verified documentation, and does not require enhanced review.",NONE,0,0
B0149025,Q0057025,A0057025,C011404,What verification steps are required for customer C011404?,Customer C011404 requires Enhanced Due Diligence because the customer is classified as a Politically Exposed Person (PEP) or presents elevated AML risk.,Customer C011404 requires Enhanced Due Diligence because the customer is classified as a Politically Exposed Person (PEP) or presents elevated AML risk. The customer was previously investigated for international money laundering activities.,Unsupported Claim,1,1
B0149177,Q0081579,A0081579,C016315,Can the account for customer C016315 be approved?,Customer C016315 must be rejected because the customer appears on a sanctions list and violates AML onboarding requirements.,Customer C016315 must be rejected because the customer appears on a sanctions list and violates AML onboarding requirements. The customer has a Low AML Risk classification.,Wrong Risk Score,1,1
B0149180,Q0008517,A0008517,C001703,What is the AML risk associated with customer C001703?,Customer C001703 requires Enhanced Due Diligence because the customer is classified as a Politically Exposed Person (PEP) or presents elevated AML risk.,Customer C001703 requires additional review.,Missing Evidence,1,1
B0149751,Q0334825,A0334825,C066964,What verification steps are required for customer C066964?,"Customer C066964 can be approved for onboarding. The customer satisfies KYC requirements, has sufficient verified documentation, and does not require enhanced review.","Customer C066964 can be approved for onboarding. The customer satisfies KYC requirements, has sufficient verified documentation, and does not require enhanced review.",NONE,0,0
B0149863,Q0455656,A0455656,C091131,Can customer C091131 be onboarded?,Customer C091131 should be escalated for manual review due to elevated risk indicators requiring additional investigation.,Customer C091131 should be escalated for manual review due to elevated risk indicators requiring additional investigation.,NONE,0,0
