CustomerID,FullName,DOB,Age,Gender,Nationality,Country,Occupation,Income,TaxResident,PEPStatus,SanctionStatus,AddressVerified,IdentityVerified,RiskCategory,AMLFlag,AccountType,LastUpdated
C000437,Aarnav Mangal,1949-05-04,77,Male,Indian,India,Lawyer,6416897,India,No,No,No,No,Low,No,Salary,2024-11-08
C000487,Amber Rowland,1993-06-12,33,Female,British,UK,Accountant,5812113,UK,No,No,No,Yes,Medium,No,Salary,2025-04-29
C000527,Brian Jones,1991-11-06,34,Male,British,UK,Accountant,4018462,UK,Yes,No,No,Yes,High,Yes,Business,2026-05-14
C000542,Krish Kara,2002-10-11,23,Female,Indian,India,Accountant,4485941,India,No,No,No,No,High,Yes,Savings,2025-09-01
C000546,Marvin David,1947-10-26,78,Male,Russian,Russia,Consultant,3357852,Russia,Yes,No,Yes,No,High,No,Current,2025-05-24
C000647,Steven Lawson,1982-06-05,44,Male,American,USA,Banker,8948557,USA,No,No,No,No,High,Yes,Business,2026-03-05
C000704,Azaan Dar,2000-09-17,25,Male,Indian,India,Banker,7573571,India,No,No,No,Yes,Medium,No,Current,2026-01-28
C000729,Falguni Kata,2003-12-30,22,Male,Indian,India,Student,6666950,India,Yes,No,No,Yes,High,No,Current,2026-03-25
C000783,Steven Bates,1975-08-21,50,Male,Iranian,Iran,Accountant,5256292,Iran,No,No,Yes,No,Medium,No,Current,2026-02-19
C000984,Kellie Thompson,1968-06-01,58,Male,Russian,Russia,Consultant,1585792,Russia,No,No,Yes,Yes,Medium,No,Business,2026-05-12
C001206,Kelli Diaz,2007-07-31,18,Male,British,UK,Business Owner,843958,UK,No,No,Yes,No,Low,No,Business,2025-08-31
C001227,Sara Mitchell,1950-11-06,75,Male,American,USA,Doctor,4949803,USA,No,No,No,Yes,Medium,No,Savings,2025-01-08
C001385,Todd Thompson,2001-02-01,25,Female,Iranian,Iran,Government Employee,9443791,Iran,No,No,Yes,No,Medium,No,Business,2026-03-10
C001454,Denise Randolph,1998-03-22,28,Male,British,UK,Government Employee,9959190,UK,Yes,No,No,Yes,High,Yes,Current,2024-07-26
C001573,David Borra,1964-07-02,61,Female,Indian,India,Doctor,7450811,India,No,No,Yes,No,Low,No,Salary,2024-09-22
C001774,Nicholas Gross,1984-06-26,41,Female,Iranian,Iran,Business Owner,8419568,Iran,No,No,Yes,Yes,Low,No,Business,2025-05-26
C001785,Jhalak Chand,1997-01-15,29,Female,Indian,India,Banker,827301,India,No,No,Yes,Yes,Medium,No,Savings,2025-08-19
C001937,Nicholas Bullock,1982-01-28,44,Female,Iranian,Iran,Lawyer,2513153,Iran,No,No,No,Yes,Medium,Yes,Current,2026-02-21
C002105,Kristin Cunningham,1946-09-05,79,Female,Russian,Russia,Student,2805478,Russia,No,No,No,Yes,Medium,No,Current,2025-12-24
C002146,Randall Phillips,1992-01-24,34,Male,American,USA,Teacher,5120598,USA,Yes,Yes,Yes,Yes,High,No,Business,2025-06-29
C002197,Oviya Chowdhury,1959-09-03,66,Male,Indian,India,Software Engineer,7458319,India,Yes,No,No,Yes,High,No,Savings,2024-10-01
C002252,Jonathan Garcia,1995-08-20,30,Male,Russian,Russia,Government Employee,5889866,Russia,No,No,No,Yes,Medium,Yes,Current,2024-10-04
C002263,Brian Martinez,1973-02-28,53,Male,American,USA,Banker,3871585,USA,No,No,No,No,Low,No,Savings,2026-05-15
C002392,Jennifer Riley,2004-03-20,22,Female,British,UK,Consultant,1167330,UK,No,No,Yes,Yes,High,Yes,Salary,2025-08-25
C002472,Gregory Turner,1988-05-08,38,Female,Russian,Russia,Lawyer,911033,Russia,No,No,No,Yes,Medium,No,Business,2026-06-02
C002495,Linda Garcia,1990-06-27,35,Female,Russian,Russia,Consultant,4203060,Russia,No,No,Yes,No,Low,No,Business,2026-03-25
C002895,Oviya Purohit,2005-11-05,20,Female,Indian,India,Teacher,9262069,India,Yes,No,Yes,Yes,High,No,Salary,2024-08-19
C003055,Keith Flores,1977-12-14,48,Female,British,UK,Business Owner,9679831,UK,No,No,Yes,Yes,Medium,No,Business,2025-09-22
C003171,Deanna Smith,1965-06-03,61,Female,British,UK,Teacher,7959448,UK,Yes,No,Yes,Yes,High,No,Savings,2026-04-02
C003230,Andrew Adams,1976-10-27,49,Female,Iranian,Iran,Banker,3761487,Iran,No,No,Yes,No,Low,No,Savings,2026-05-18
C003439,Vedant Suresh,1981-05-02,45,Female,Indian,India,Software Engineer,677893,India,Yes,No,Yes,No,High,No,Salary,2024-12-12
C003502,Sharon Lawson,1978-03-17,48,Male,Russian,Russia,Government Employee,9129575,Russia,No,No,Yes,No,Medium,No,Current,2025-06-19
C003604,Andrew West,1984-06-26,41,Male,Iranian,Iran,Accountant,4688838,Iran,No,No,No,Yes,Low,No,Salary,2025-02-28
C003610,Carolyn Barrett,1998-08-22,27,Female,Iranian,Iran,Government Employee,8902680,Iran,No,No,Yes,Yes,High,Yes,Current,2025-03-14
C003693,Joshua Lowery,2007-08-20,18,Female,Russian,Russia,Teacher,2718639,Russia,Yes,No,Yes,No,High,No,Savings,2024-06-27
C003716,Brianna Bates,1947-12-23,78,Male,British,UK,Business Owner,7321829,UK,Yes,No,No,No,High,No,Current,2025-11-20
C004009,Jessica Walters,1960-09-02,65,Female,British,UK,Accountant,6538148,UK,No,No,Yes,Yes,Medium,No,Savings,2024-08-26
C004130,John Smith,1985-09-30,40,Female,Russian,Russia,Accountant,604779,Russia,No,No,Yes,No,Medium,No,Business,2025-08-10
C004230,Abhimanyu Mandal,1960-03-16,66,Male,Indian,India,Teacher,5240007,India,Yes,No,No,No,High,No,Current,2026-01-18
C004314,Anthony Costa,1991-02-18,35,Female,American,USA,Government Employee,6369943,USA,No,No,No,Yes,Low,No,Current,2025-11-03
C004328,Julia Peterson,1964-06-17,62,Male,Russian,Russia,Teacher,4733811,Russia,No,No,Yes,Yes,High,Yes,Current,2025-09-24
C004339,Siddharth Gala,1993-09-30,32,Female,Indian,India,Lawyer,9345864,India,No,No,No,No,Low,No,Savings,2025-12-31
C004408,Kevin Randhawa,2000-12-17,25,Male,Indian,India,Teacher,1999621,India,No,Yes,No,No,High,No,Current,2024-12-13
C004451,Sarah Johnson,1996-05-24,30,Female,Russian,Russia,Government Employee,8289070,Russia,Yes,No,Yes,No,High,Yes,Savings,2026-05-12
C004461,Amanda Rose,1982-01-16,44,Male,Russian,Russia,Lawyer,8651844,Russia,No,No,Yes,No,Medium,No,Savings,2026-02-04
C004904,Calvin Goodwin,1950-02-27,76,Female,American,USA,Consultant,2738980,USA,No,No,No,No,High,Yes,Business,2025-03-27
C004999,Juan Adams,1990-04-30,36,Female,Russian,Russia,Student,4871343,Russia,Yes,No,Yes,Yes,High,No,Current,2025-01-26
C005157,Matthew Dixon,1985-11-15,40,Male,Russian,Russia,Government Employee,8036447,Russia,No,No,Yes,Yes,High,Yes,Salary,2025-02-23
C005174,Samarth Lanka,1952-02-25,74,Male,Indian,India,Accountant,3607240,India,No,No,Yes,No,Medium,No,Savings,2024-07-18
C005296,Erik Brown,1950-03-15,76,Male,American,USA,Student,4101414,USA,No,No,Yes,Yes,Low,No,Business,2026-02-16
C005313,Carrie Russo,1985-08-06,40,Male,American,USA,Lawyer,9010951,USA,No,No,Yes,No,Low,No,Salary,2024-07-30
C005444,Jason Ewing,1999-10-10,26,Male,Iranian,Iran,Lawyer,5248695,Iran,Yes,No,No,No,High,No,Current,2024-10-05
C005514,John Moss,1999-04-11,27,Male,Russian,Russia,Business Owner,717085,Russia,No,No,Yes,Yes,Low,No,Current,2024-07-02
C005715,Christopher Rocha,1959-11-30,66,Male,Russian,Russia,Banker,8550418,Russia,Yes,No,No,No,High,Yes,Salary,2026-04-11
C005780,Amrita Cheema,1969-12-28,56,Male,Indian,India,Government Employee,9159995,India,No,No,Yes,Yes,Medium,No,Savings,2024-09-05
C006090,Chad Johnson,1948-06-30,77,Male,American,USA,Consultant,1929804,USA,No,No,No,No,Medium,No,Current,2024-09-01
C006320,Brian Jones,2005-10-23,20,Male,American,USA,Government Employee,4884253,USA,No,No,No,Yes,Low,No,Business,2026-03-31
C006448,Veronica Miller,1958-09-02,67,Female,British,UK,Government Employee,1475166,UK,No,No,Yes,Yes,Low,No,Business,2025-07-04
C006623,Kristen Perez,1965-12-03,60,Male,American,USA,Lawyer,8663853,USA,Yes,No,Yes,No,High,No,Current,2024-06-26
C006722,Timothy Conner Jr.,1980-12-07,45,Male,British,UK,Consultant,3727875,UK,No,Yes,Yes,No,High,No,Salary,2025-12-30
C006727,Tina Robbins,2004-02-09,22,Male,Russian,Russia,Government Employee,5342203,Russia,No,No,No,No,Low,No,Current,2025-03-13
C007013,Louis Martin,1987-07-01,38,Male,Russian,Russia,Software Engineer,7641670,Russia,No,No,Yes,Yes,Medium,No,Business,2025-01-10
C007221,Dr. Elizabeth Thomas,1950-12-27,75,Female,British,UK,Teacher,3438944,UK,Yes,No,Yes,No,High,Yes,Current,2025-06-27
C007563,Vanessa Allen,1986-09-10,39,Female,British,UK,Teacher,4675080,UK,Yes,No,No,No,High,No,Business,2025-05-18
C007850,Darren Fisher,1963-05-04,63,Male,British,UK,Doctor,5778398,UK,No,No,Yes,No,Low,No,Current,2025-09-20
C007863,Widisha Jain,1972-10-15,53,Male,Indian,India,Lawyer,5381057,India,Yes,No,No,Yes,High,No,Savings,2026-02-10
C008041,Deborah Davis,1977-10-11,48,Male,American,USA,Teacher,2538380,USA,Yes,No,Yes,No,High,No,Salary,2025-01-30
C008213,Keith Terrell,1971-04-01,55,Male,Russian,Russia,Doctor,9063461,Russia,No,No,Yes,No,Medium,Yes,Savings,2024-11-01
C008380,Shawn Wright,1999-03-10,27,Male,Russian,Russia,Lawyer,9906397,Russia,No,No,No,Yes,Low,No,Business,2024-08-14
C008390,Keith Miller,1982-11-20,43,Female,American,USA,Student,4105158,USA,No,No,No,Yes,Medium,Yes,Current,2025-03-22
C008422,Ikbal Mallick,1981-09-16,44,Female,Indian,India,Lawyer,9740102,India,Yes,No,No,Yes,High,No,Salary,2026-04-22
C008509,Peter Howard,1967-10-10,58,Female,American,USA,Teacher,5705001,USA,Yes,No,Yes,Yes,High,No,Salary,2026-01-08
C008592,Ekiya Loke,1958-04-27,68,Male,Indian,India,Business Owner,8076475,India,No,No,No,Yes,Low,No,Business,2025-06-02
C008604,Melanie Mack,2007-09-09,18,Female,American,USA,Teacher,4825251,USA,No,No,Yes,Yes,Low,No,Savings,2026-03-17
C008694,Isabella Mills,1968-08-20,57,Female,Iranian,Iran,Consultant,1252737,Iran,No,No,Yes,Yes,Low,No,Savings,2025-09-12
C008747,Luis Rodriguez,1997-05-04,29,Female,Russian,Russia,Software Engineer,1844103,Russia,No,No,No,Yes,Medium,No,Salary,2025-05-26
C008835,Jose Hardy,1964-09-24,61,Male,Iranian,Iran,Teacher,8052939,Iran,No,No,Yes,Yes,Medium,Yes,Current,2024-07-19
C008930,Tony Henderson,1957-06-19,69,Male,Russian,Russia,Student,7331824,Russia,No,No,No,Yes,Medium,No,Salary,2024-09-22
C008978,David Jackson,1950-04-10,76,Female,American,USA,Lawyer,6324629,USA,No,No,No,No,Low,No,Savings,2026-03-02
C008983,David Taylor,1963-11-11,62,Male,American,USA,Lawyer,7297643,USA,No,No,No,Yes,Medium,No,Salary,2025-10-21
C009028,Mallory Watson,2008-01-14,18,Female,British,UK,Teacher,6831148,UK,No,No,No,No,Medium,Yes,Business,2025-10-25
C009034,William Clarke,1974-12-06,51,Male,British,UK,Teacher,764151,UK,No,No,No,No,Low,No,Business,2025-03-10
C009124,Steven Rivera,1954-09-08,71,Female,Russian,Russia,Doctor,5584552,Russia,No,No,No,Yes,Medium,No,Savings,2025-06-11
C009163,Dawn Watson MD,1986-11-24,39,Female,Russian,Russia,Banker,4316533,Russia,No,No,Yes,Yes,Low,No,Salary,2025-07-04
C009292,Anna Schwartz,1970-12-23,55,Female,Iranian,Iran,Business Owner,8977255,Iran,No,No,No,Yes,Medium,No,Current,2025-11-08
C009324,Ojasvi Kapoor,1959-02-10,67,Female,Indian,India,Lawyer,677457,India,No,No,Yes,No,Medium,No,Salary,2026-03-04
C009336,Adam Mora,1967-10-22,58,Female,Russian,Russia,Accountant,8169594,Russia,No,No,No,Yes,Low,No,Savings,2026-06-01
C009387,Stephanie Harris,2004-01-19,22,Male,Russian,Russia,Government Employee,3270570,Russia,No,No,No,No,High,Yes,Savings,2024-12-23
C009397,Nidhi Bali,1999-05-02,27,Male,Indian,India,Software Engineer,2384896,India,No,No,No,Yes,Medium,No,Business,2025-02-10
C009476,David Scott,1984-11-28,41,Male,Russian,Russia,Government Employee,372738,Russia,No,No,No,Yes,High,Yes,Business,2025-04-17
C009478,Maurice Ingram,2002-09-01,23,Female,Russian,Russia,Accountant,869747,Russia,Yes,No,No,Yes,High,No,Savings,2026-01-05
C009522,Terry Stokes,1980-07-29,45,Female,Iranian,Iran,Teacher,1017129,Iran,No,No,No,No,Low,No,Salary,2025-12-16
C009547,Michael Rodriguez,1974-12-20,51,Female,Iranian,Iran,Teacher,6053266,Iran,Yes,Yes,No,No,High,No,Current,2025-06-10
C009563,Randy Johnson,1971-09-04,54,Female,British,UK,Government Employee,3006343,UK,Yes,No,Yes,Yes,High,No,Salary,2025-03-22
C009633,Darpan Choudhury,1973-10-02,52,Male,Indian,India,Student,5038077,India,No,No,No,Yes,High,Yes,Salary,2025-08-04
C009870,Rodney Melton,1975-08-01,50,Female,Iranian,Iran,Government Employee,253767,Iran,Yes,No,Yes,No,High,Yes,Current,2026-05-31
C009987,Jessica Gonzalez,1956-03-12,70,Female,American,USA,Government Employee,6918709,USA,No,No,No,Yes,High,Yes,Salary,2025-10-29
C010124,Eric Finley,1994-10-05,31,Female,American,USA,Student,3246495,USA,No,No,No,Yes,Medium,No,Business,2025-10-31
C010263,Carrie Gonzalez,1959-10-20,66,Female,British,UK,Student,3247634,UK,No,No,No,No,Low,No,Current,2024-08-03
C010476,Jared Romero,2007-03-13,19,Male,British,UK,Teacher,9585609,UK,No,No,No,Yes,Low,No,Business,2025-07-10
C010526,Nitesh Mandal,1962-08-27,63,Female,Indian,India,Banker,6976109,India,No,No,Yes,Yes,Medium,No,Salary,2024-11-17
C010532,Sarah Stevenson,1980-07-31,45,Female,Russian,Russia,Banker,3279774,Russia,No,No,Yes,Yes,High,Yes,Business,2024-06-30
C010622,Mark Garza,1993-03-04,33,Female,Russian,Russia,Government Employee,1221705,Russia,No,No,Yes,No,Low,No,Business,2024-10-17
C010629,William Garcia,1976-06-26,49,Female,British,UK,Government Employee,3778791,UK,No,No,Yes,No,Medium,No,Salary,2025-02-27
C010701,Mackenzie Swanson,1995-07-13,30,Female,British,UK,Teacher,291858,UK,No,No,No,No,Low,No,Savings,2026-03-16
C010782,Janani Keer,1953-08-18,72,Male,Indian,India,Doctor,2974063,India,No,No,No,Yes,Low,No,Current,2025-12-16
C010857,Christina Reed,1982-10-05,43,Male,Russian,Russia,Doctor,4356341,Russia,Yes,No,Yes,Yes,High,No,Savings,2024-11-13
C011037,Amber Taylor,1968-04-26,58,Male,American,USA,Doctor,9392084,USA,No,No,Yes,Yes,High,Yes,Savings,2024-10-18
C011316,Jerry Parker,1981-09-03,44,Male,British,UK,Accountant,8817019,UK,No,No,No,No,Medium,Yes,Business,2025-02-17
C011352,Paul Diaz,1973-10-24,52,Male,American,USA,Teacher,5625011,USA,No,No,No,No,High,Yes,Salary,2025-08-30
C011358,Deborah Soto,2002-12-10,23,Female,Iranian,Iran,Lawyer,2072686,Iran,No,No,Yes,No,High,Yes,Salary,2025-01-22
C011495,Brenda Wilson,1960-07-24,65,Male,Iranian,Iran,Software Engineer,9680066,Iran,No,Yes,No,Yes,High,No,Business,2025-10-05
C011524,Erin Jackson,1999-01-08,27,Male,Iranian,Iran,Business Owner,3387770,Iran,No,No,No,No,Medium,No,Savings,2025-07-30
C011678,Justin Mills,1992-05-02,34,Female,British,UK,Business Owner,4784811,UK,Yes,No,No,No,High,No,Current,2024-09-08
C011705,Chakradhar Singhal,1959-12-27,66,Male,Indian,India,Business Owner,638795,India,No,Yes,No,No,High,Yes,Salary,2024-12-28
C011805,Hannah Garcia,1987-05-03,39,Female,American,USA,Software Engineer,920095,USA,No,No,No,Yes,High,Yes,Current,2024-09-23
C011821,Benjamin Adams,1970-11-19,55,Female,American,USA,Accountant,5969973,USA,No,No,Yes,Yes,Medium,No,Savings,2025-07-03
C011829,Sharon Barker,1963-04-17,63,Male,British,UK,Banker,4107003,UK,No,No,Yes,Yes,Medium,No,Salary,2024-08-10
C011915,Jeremy Richardson,2007-12-14,18,Female,Russian,Russia,Consultant,5938481,Russia,No,No,Yes,No,Low,No,Salary,2024-12-20
C011940,Tina Sullivan,1974-11-10,51,Male,British,UK,Business Owner,7063231,UK,Yes,Yes,No,No,High,No,Business,2025-07-09
C012006,Amanda Shaw PhD,1965-05-13,61,Male,American,USA,Banker,4694822,USA,No,No,No,Yes,Medium,No,Savings,2025-07-23
C012112,Robert Martin,1999-08-19,26,Male,British,UK,Lawyer,6191294,UK,No,No,Yes,No,Medium,No,Business,2026-06-01
C012165,Natalie Olsen,1982-08-18,43,Male,Russian,Russia,Government Employee,4049345,Russia,Yes,No,No,Yes,High,No,Salary,2024-09-09
C012200,Sara Knapp,1982-05-29,44,Female,British,UK,Student,499116,UK,No,No,Yes,No,Medium,No,Savings,2025-05-14
C012247,Pranit Sarkar,1986-08-02,39,Female,Indian,India,Accountant,5372802,India,No,No,No,No,Low,No,Business,2025-12-19
C012305,Zarna Banerjee,1994-03-05,32,Female,Indian,India,Accountant,1574755,India,No,No,Yes,No,High,Yes,Savings,2024-08-09
C012476,Mark Martinez,1955-02-11,71,Female,Iranian,Iran,Banker,4328262,Iran,No,No,No,Yes,Medium,No,Savings,2025-04-17
C012521,James Burns,1980-07-31,45,Female,Iranian,Iran,Banker,6563133,Iran,No,Yes,Yes,Yes,High,Yes,Current,2025-01-12
C012658,Gina Aguilar,1977-09-03,48,Male,Russian,Russia,Accountant,8062653,Russia,No,No,Yes,Yes,Medium,Yes,Current,2025-12-08
C012685,April Thompson,1971-12-18,54,Female,Iranian,Iran,Student,2833482,Iran,No,No,Yes,No,Low,No,Business,2026-04-23
C012761,Justin Patton,2001-12-10,24,Male,British,UK,Lawyer,921916,UK,Yes,No,No,No,High,Yes,Savings,2024-12-18
C012871,Edhitha Kunda,1965-10-12,60,Female,Indian,India,Government Employee,9230861,India,No,No,No,No,High,Yes,Salary,2024-12-30
C012895,Bridget Oneill,1985-11-24,40,Female,American,USA,Student,9983319,USA,No,No,Yes,No,Medium,No,Current,2026-03-19
C012926,Todd Alvarez,1956-05-22,70,Male,American,USA,Lawyer,6015718,USA,No,No,Yes,No,Medium,No,Current,2024-08-10
C013031,Dennis Hayes,1956-07-08,69,Male,Russian,Russia,Banker,4863950,Russia,Yes,No,No,Yes,High,No,Current,2025-04-12
C013104,Douglas Shepard,2007-02-01,19,Female,Iranian,Iran,Doctor,5545405,Iran,Yes,No,No,Yes,High,No,Salary,2024-06-30
C013148,Margaret Leonard,1980-11-01,45,Male,Iranian,Iran,Accountant,1259942,Iran,No,No,Yes,No,High,Yes,Current,2024-12-05
C013166,Janya Ratti,2007-03-16,19,Male,Indian,India,Government Employee,4185754,India,No,No,Yes,No,Low,No,Savings,2024-10-12
C013401,Jeffrey Thomas,1961-10-06,64,Male,Russian,Russia,Consultant,7924140,Russia,No,No,Yes,No,High,Yes,Current,2025-06-30
C013402,Darpan Halder,1969-03-13,57,Female,Indian,India,Business Owner,725749,India,No,No,No,Yes,Medium,No,Salary,2024-12-29
C013628,Siya Sekhon,1972-06-22,54,Female,Indian,India,Government Employee,2530321,India,No,No,No,Yes,Medium,No,Savings,2025-11-15
C013697,James Abbott,1959-09-03,66,Female,Iranian,Iran,Lawyer,9136501,Iran,No,No,Yes,No,Low,No,Current,2024-11-23
C013849,Zachary Orozco,1980-03-28,46,Female,British,UK,Teacher,1586673,UK,No,No,No,Yes,Medium,No,Salary,2026-02-05
C013856,Daniel Caldwell,1992-04-28,34,Male,Russian,Russia,Teacher,9904035,Russia,No,No,No,No,Medium,No,Salary,2025-10-23
C013874,Harrison Pant,1978-02-28,48,Male,Indian,India,Doctor,391990,India,No,No,Yes,Yes,Low,No,Current,2026-03-29
C013915,Cynthia Ramos,2000-06-26,25,Female,Iranian,Iran,Doctor,7700534,Iran,Yes,No,Yes,Yes,High,No,Savings,2026-06-12
C013923,Samuel Smith,1953-01-08,73,Female,British,UK,Accountant,9877633,UK,No,No,No,No,Low,No,Salary,2025-07-11
C013927,Dalton Howard,2007-12-02,18,Male,American,USA,Business Owner,7756683,USA,No,No,No,No,Medium,Yes,Current,2025-01-30
C013958,Abhiram Om,1949-09-16,76,Male,Indian,India,Accountant,9423061,India,Yes,No,Yes,No,High,No,Savings,2025-08-12
C013960,Jordan Powell,1988-12-24,37,Male,British,UK,Business Owner,5933117,UK,No,No,No,No,Medium,No,Salary,2026-06-19
C014031,Melissa Mclaughlin,1948-09-15,77,Male,American,USA,Banker,9559287,USA,No,No,No,Yes,Medium,Yes,Business,2025-10-25
C014278,Omkaar Bal,2003-06-24,23,Female,Indian,India,Business Owner,5113348,India,Yes,No,Yes,No,High,No,Business,2026-01-30
C014304,Jill Rowland,2001-01-22,25,Male,Iranian,Iran,Software Engineer,2528650,Iran,No,No,Yes,No,Medium,No,Current,2026-05-01
C014319,Michelle Love,1971-09-28,54,Female,Iranian,Iran,Accountant,9448033,Iran,No,No,Yes,Yes,Low,No,Salary,2025-02-17
C014344,Advay Sheth,1989-12-07,36,Female,Indian,India,Student,6106946,India,No,No,Yes,Yes,Low,No,Salary,2024-11-25
C014501,Christopher Kirby,1975-01-10,51,Male,Iranian,Iran,Student,3016011,Iran,No,No,Yes,Yes,Medium,No,Salary,2025-01-18
C014547,Vanessa Riley,1977-01-29,49,Female,American,USA,Software Engineer,2414548,USA,No,No,Yes,No,Low,No,Business,2024-07-28
C014740,Catherine Henson,1963-11-13,62,Male,Russian,Russia,Accountant,1530645,Russia,No,No,Yes,No,High,Yes,Business,2025-04-23
C014741,Jeet Sundaram,1945-12-12,80,Female,Indian,India,Software Engineer,3174352,India,No,No,No,No,Medium,No,Business,2025-09-30
C014788,Qarin Dave,1969-03-22,57,Female,Indian,India,Accountant,816951,India,No,No,No,No,Low,No,Current,2024-09-11
C014834,Tracey Kane,1997-07-08,28,Female,British,UK,Consultant,4646141,UK,Yes,No,No,Yes,High,No,Business,2025-11-16
C015039,Amy Smith,1960-08-24,65,Male,American,USA,Government Employee,9815036,USA,No,No,No,Yes,Low,No,Current,2024-08-02
C015056,Aashi Lalla,1948-02-07,78,Male,Indian,India,Student,3016628,India,No,No,Yes,No,Medium,No,Business,2025-02-07
C015106,Christine Turner,1992-10-13,33,Female,American,USA,Business Owner,3355534,USA,Yes,No,No,Yes,High,No,Business,2024-06-25
C015234,Patrick Gray,1988-02-12,38,Male,American,USA,Accountant,8988150,USA,No,No,No,Yes,Medium,Yes,Current,2025-12-16
C015283,Neha Choudhury,1985-04-18,41,Male,Indian,India,Consultant,9443132,India,No,No,No,No,Medium,No,Current,2025-11-10
C015290,Kathleen Armstrong,1974-02-15,52,Female,Russian,Russia,Government Employee,9743326,Russia,No,No,Yes,Yes,Low,No,Current,2026-05-16
C015338,Joy Greene,1960-03-22,66,Male,Russian,Russia,Business Owner,2061637,Russia,No,No,No,Yes,Medium,Yes,Savings,2026-06-16
C015503,Patricia Cox,2002-01-09,24,Female,British,UK,Business Owner,559803,UK,No,No,Yes,Yes,Medium,No,Savings,2026-05-13
C015513,James Gaines,1971-09-23,54,Male,Russian,Russia,Doctor,6051859,Russia,No,No,No,Yes,High,Yes,Current,2024-07-22
C015608,Roger Carr,1956-06-14,70,Male,American,USA,Government Employee,1800481,USA,No,No,No,No,Medium,No,Savings,2025-10-16
C015721,Joe Brown,1953-05-18,73,Female,American,USA,Doctor,2856922,USA,No,No,Yes,Yes,Medium,No,Salary,2025-03-19
C015782,Joshua Kelley,2002-11-18,23,Male,American,USA,Doctor,3965455,USA,No,No,No,No,Medium,No,Business,2024-09-06
C015921,Francisco Valencia,1957-12-14,68,Female,British,UK,Student,4381861,UK,No,No,Yes,No,Medium,No,Current,2026-06-22
C015987,Brian Smith,1956-05-11,70,Female,British,UK,Lawyer,3397664,UK,Yes,No,Yes,Yes,High,Yes,Savings,2025-09-01
C015994,Christopher Daugherty,1992-09-26,33,Male,British,UK,Business Owner,4287759,UK,Yes,No,No,Yes,High,No,Business,2026-03-14
C016353,Kenneth Wolfe,1948-05-14,78,Male,Russian,Russia,Teacher,3339395,Russia,No,No,No,Yes,Medium,No,Business,2025-01-23
C016364,Jill Lee,1945-09-16,80,Female,Iranian,Iran,Software Engineer,8090928,Iran,No,No,No,Yes,Low,No,Current,2024-10-19
C016449,Kristine Crawford,1985-12-30,40,Male,American,USA,Student,762469,USA,No,No,No,Yes,Medium,No,Savings,2026-05-07
C016475,Ishwar Anne,1958-05-05,68,Male,Indian,India,Student,6348005,India,Yes,No,No,No,High,No,Business,2025-12-29
C016486,Maria Smith,1949-10-02,76,Female,Russian,Russia,Accountant,6020448,Russia,No,No,No,Yes,Medium,No,Savings,2025-11-28
C016508,Paula Gonzalez,1990-12-24,35,Female,Russian,Russia,Software Engineer,9119542,Russia,No,No,No,Yes,Medium,No,Business,2025-12-23
C016558,Jerome Davis,2007-09-21,18,Female,British,UK,Accountant,6072431,UK,No,No,No,No,Low,No,Salary,2024-09-05
C016722,Gina Moore,2002-01-07,24,Male,Russian,Russia,Student,5208517,Russia,No,No,Yes,Yes,High,Yes,Current,2025-08-24
C016886,Scott Gonzalez,1997-03-17,29,Male,Iranian,Iran,Lawyer,3274443,Iran,No,No,No,No,Medium,No,Current,2025-04-10
C016933,Ms. Natalie Lucas,1971-07-11,54,Male,American,USA,Doctor,842676,USA,Yes,No,No,No,High,No,Business,2025-02-07
C017078,Jordan Howard,1986-10-18,39,Female,Iranian,Iran,Software Engineer,7706011,Iran,Yes,No,No,Yes,High,No,Current,2025-02-16
C017296,John West,1957-06-17,69,Male,British,UK,Government Employee,5431652,UK,No,No,Yes,Yes,Low,No,Business,2026-06-01
C017325,Jason Davis,1962-04-06,64,Male,Iranian,Iran,Banker,3257694,Iran,No,No,No,Yes,Low,No,Current,2025-03-13
C017384,John Rubio,1962-12-23,63,Male,American,USA,Teacher,3997725,USA,No,No,No,No,Medium,Yes,Savings,2024-09-05
C017388,Osha Mane,2000-07-13,25,Female,Indian,India,Lawyer,3405823,India,No,No,No,Yes,Medium,No,Business,2025-10-21
C017541,Suzanne Mathews,2006-07-29,19,Male,American,USA,Student,286126,USA,No,No,No,Yes,Medium,Yes,Current,2024-07-10
C017557,Shelby Williams,1999-12-06,26,Female,Russian,Russia,Banker,5326080,Russia,No,No,No,No,Medium,Yes,Business,2024-08-22
C017611,Thomas Stewart,1970-03-21,56,Female,British,UK,Consultant,5151513,UK,Yes,No,No,No,High,No,Salary,2025-03-09
C017811,Robert Wilson,1967-06-19,59,Female,Iranian,Iran,Business Owner,6286568,Iran,Yes,No,Yes,Yes,High,Yes,Current,2026-06-23
C017817,Joy Holmes,1990-12-10,35,Male,British,UK,Doctor,4857966,UK,No,No,No,Yes,Low,No,Current,2026-01-28
C017952,Jasmine Jones,1979-08-16,46,Male,Iranian,Iran,Doctor,5340577,Iran,No,No,No,Yes,Low,No,Business,2025-02-19
C018050,Karen Parker,1993-10-30,32,Female,British,UK,Consultant,4320219,UK,No,No,No,No,Medium,Yes,Business,2024-07-31
C018070,Holly Williams,1947-06-01,79,Male,Russian,Russia,Lawyer,3133927,Russia,No,No,No,No,Medium,No,Business,2024-08-03
C018076,Mindy Lucero,1983-04-10,43,Female,Russian,Russia,Software Engineer,6559330,Russia,No,No,Yes,Yes,Medium,No,Savings,2025-11-26
C018224,Rachel Barnett,1989-12-11,36,Male,Russian,Russia,Lawyer,9220920,Russia,No,No,No,Yes,High,Yes,Current,2025-11-23
C018337,Sandra Jordan,1953-02-23,73,Female,American,USA,Business Owner,8622525,USA,No,No,Yes,No,Medium,No,Business,2025-04-16
C018681,Michael Elliott,1975-08-22,50,Female,Iranian,Iran,Doctor,5177721,Iran,No,No,No,Yes,High,Yes,Current,2024-11-22
C018771,Robert Werner,1953-07-07,72,Male,American,USA,Banker,4382640,USA,No,No,No,No,Low,No,Current,2024-10-26
C019138,Ishanvi Kothari,1965-08-11,60,Male,Indian,India,Business Owner,1514520,India,No,No,Yes,Yes,High,Yes,Business,2025-11-10
C019279,William Baker,1970-07-11,55,Female,Russian,Russia,Consultant,7875517,Russia,No,No,Yes,No,Medium,No,Savings,2024-09-13
C019282,Michael Hernandez,2005-04-10,21,Male,American,USA,Government Employee,4721308,USA,Yes,No,No,No,High,No,Savings,2025-10-03
C019393,Arthur Sanford,1963-09-04,62,Male,Iranian,Iran,Lawyer,7215610,Iran,Yes,No,Yes,Yes,High,No,Salary,2024-09-25
C019525,Cindy Wright,1947-01-07,79,Female,Russian,Russia,Business Owner,4188410,Russia,No,No,No,Yes,Low,No,Salary,2025-10-13
C019695,Desiree Lynch,1978-09-05,47,Male,Iranian,Iran,Consultant,9665913,Iran,No,No,No,Yes,Low,No,Business,2026-04-30
C019788,Christina Friedman,1985-05-02,41,Male,Iranian,Iran,Business Owner,5420345,Iran,No,No,Yes,Yes,Low,No,Savings,2025-06-26
C019811,Mary Petty,1980-11-21,45,Male,Russian,Russia,Accountant,6915002,Russia,Yes,No,Yes,No,High,No,Current,2025-05-22
C019862,Denise Conner,1972-01-07,54,Male,Iranian,Iran,Lawyer,2928565,Iran,No,Yes,No,No,High,Yes,Salary,2024-06-30
C019947,Brenda Copeland,1948-05-28,78,Female,Iranian,Iran,Lawyer,705062,Iran,No,No,Yes,Yes,Low,No,Salary,2025-05-19
C020079,Brian Mckee,1974-07-16,51,Male,British,UK,Government Employee,4457883,UK,No,No,No,No,Medium,No,Business,2026-06-22
C020139,Bina Rajan,2006-09-01,19,Female,Indian,India,Business Owner,7700024,India,No,No,No,No,Medium,No,Savings,2025-02-01
C020152,Paula Gonzalez,1997-05-07,29,Female,British,UK,Banker,5875680,UK,No,No,Yes,Yes,Medium,No,Current,2024-09-22
C020165,David Mane,1987-12-24,38,Male,Indian,India,Banker,3259677,India,No,No,Yes,Yes,Medium,No,Business,2025-01-26
C020172,Arjun Borah,1974-11-10,51,Male,Indian,India,Teacher,7375946,India,No,Yes,No,No,High,No,Savings,2025-05-14
C020771,Kevin Simpson,1964-10-21,61,Female,Iranian,Iran,Student,1761024,Iran,No,No,Yes,No,High,Yes,Salary,2026-03-07
C021274,Mark Hardy,2000-05-19,26,Female,British,UK,Doctor,6053231,UK,No,No,Yes,No,Low,No,Business,2026-04-20
C021755,Courtney Barron,1986-10-25,39,Male,Russian,Russia,Teacher,7353898,Russia,Yes,No,Yes,Yes,High,No,Current,2025-06-16
C021892,Yuvraj Ray,1952-06-02,74,Male,Indian,India,Business Owner,7316361,India,No,No,Yes,Yes,Low,No,Business,2024-12-18
C022199,Christopher Olson,1994-04-28,32,Male,Iranian,Iran,Business Owner,9622313,Iran,No,Yes,No,No,High,No,Salary,2025-02-12
C022481,Ashley Cobb,1969-07-21,56,Male,American,USA,Government Employee,2919340,USA,No,Yes,No,No,High,Yes,Business,2026-06-08
C022503,Krishna Halder,1957-05-07,69,Male,Indian,India,Lawyer,645612,India,No,Yes,No,No,High,No,Savings,2025-09-02
C022553,Meera Suri,2005-12-10,20,Male,Indian,India,Consultant,827149,India,No,No,No,No,Medium,No,Salary,2025-03-13
C022708,Philip Williamson,1973-05-29,53,Male,Russian,Russia,Teacher,1753144,Russia,No,No,Yes,No,Low,No,Current,2025-12-10
C022830,Sathvik Bhagat,1997-01-24,29,Female,Indian,India,Lawyer,8626882,India,No,No,Yes,No,Low,No,Current,2024-12-19
C022866,David Terrell,1985-08-01,40,Male,British,UK,Teacher,9992742,UK,No,Yes,No,Yes,High,No,Savings,2025-11-06
C023144,Sheila Martin,1995-01-27,31,Female,Russian,Russia,Government Employee,7904461,Russia,No,No,No,No,Medium,No,Savings,2024-07-29
C023170,John Wong,1949-04-05,77,Female,American,USA,Accountant,5075195,USA,No,Yes,No,No,High,No,Salary,2024-10-14
C023194,Diane Boyer,1990-10-19,35,Female,Russian,Russia,Student,4471119,Russia,No,No,No,No,Medium,No,Salary,2025-06-08
C023459,Meagan Mcguire,1995-02-11,31,Female,Russian,Russia,Business Owner,536563,Russia,No,No,No,No,Low,No,Business,2026-06-08
C023486,Charlotte Nolan,1951-11-06,74,Female,British,UK,Business Owner,7614076,UK,No,No,No,Yes,Medium,No,Salary,2026-04-23
C023504,Patricia Bryant,1980-12-31,45,Male,Russian,Russia,Accountant,2790727,Russia,No,No,Yes,No,Medium,No,Business,2024-07-02
C023550,Gregory Cook,1996-05-29,30,Male,Russian,Russia,Business Owner,2586625,Russia,Yes,No,Yes,Yes,High,No,Salary,2025-04-05
C023571,Wanda Fletcher,1970-08-17,55,Male,British,UK,Teacher,8544151,UK,No,No,Yes,Yes,Medium,Yes,Salary,2025-10-04
C023682,Rebecca Dixon,1958-06-20,68,Male,Russian,Russia,Government Employee,1727428,Russia,No,No,No,Yes,Low,No,Business,2024-10-25
C023739,Erika Werner,1952-10-30,73,Male,Russian,Russia,Consultant,6251252,Russia,No,No,No,No,Medium,No,Savings,2025-03-25
C023820,Daniel Freeman,1958-05-12,68,Male,British,UK,Software Engineer,7511259,UK,No,Yes,Yes,No,High,No,Savings,2025-11-04
C023890,Jennifer Price,1966-08-31,59,Male,American,USA,Teacher,2349914,USA,Yes,No,No,No,High,Yes,Current,2025-12-09
C023948,Adam Vasquez,1992-04-21,34,Male,American,USA,Teacher,2318750,USA,No,No,No,No,Low,No,Salary,2025-12-09
C024042,Bruce Taylor,1961-05-23,65,Male,American,USA,Student,4160719,USA,No,No,No,Yes,Medium,Yes,Current,2025-08-21
C024220,Nisha Palan,1994-11-01,31,Male,Indian,India,Lawyer,319141,India,No,No,Yes,No,Medium,No,Salary,2025-05-28
C024331,Thomas Gregory,1987-01-11,39,Male,Russian,Russia,Lawyer,1863037,Russia,No,No,Yes,Yes,Low,No,Savings,2025-02-11
C024453,Owen Chahal,1982-09-13,43,Female,Indian,India,Government Employee,3808625,India,No,No,No,Yes,Medium,No,Current,2025-04-24
C024550,Harini Lad,1966-12-22,59,Male,Indian,India,Student,5867864,India,No,No,Yes,Yes,Low,No,Savings,2025-04-05
C024625,Ayushman Bora,1981-12-21,44,Male,Indian,India,Consultant,6556901,India,No,No,Yes,Yes,Medium,No,Current,2025-05-25
C024662,Jonathan Ramirez,1960-11-22,65,Female,Iranian,Iran,Business Owner,6079644,Iran,Yes,No,No,Yes,High,Yes,Business,2026-01-13
C024810,Michael Alexander,1971-06-23,55,Male,Russian,Russia,Accountant,3824033,Russia,Yes,Yes,Yes,Yes,High,Yes,Current,2024-11-23
C024831,Traci Singh,1984-01-03,42,Male,Russian,Russia,Software Engineer,9029696,Russia,No,No,No,Yes,Low,No,Savings,2026-02-05
C024884,Benjamin Barron,1958-02-06,68,Female,British,UK,Government Employee,7725613,UK,No,Yes,Yes,No,High,Yes,Current,2025-12-22
C024921,Anna Andrews,1994-08-13,31,Male,Russian,Russia,Student,3597851,Russia,No,No,No,No,Low,No,Business,2026-06-07
C025261,Cynthia Gonzales,1953-12-22,72,Male,Iranian,Iran,Teacher,2780871,Iran,No,Yes,No,Yes,High,No,Business,2024-07-22
C025427,Michelle Hall DVM,1980-02-01,46,Male,British,UK,Accountant,9035779,UK,No,Yes,No,Yes,High,No,Current,2024-10-15
C025429,Karen Sellers,1978-09-11,47,Female,Russian,Russia,Doctor,7851932,Russia,No,No,No,Yes,Medium,No,Savings,2024-08-21
C025732,Tammy Carr,1967-03-13,59,Female,Russian,Russia,Government Employee,985977,Russia,No,No,No,Yes,Medium,No,Current,2025-04-14
C025907,David Levine,1966-03-03,60,Male,Iranian,Iran,Banker,251900,Iran,No,No,No,No,Medium,No,Business,2025-05-18
C026083,Aayush Batta,2004-03-13,22,Male,Indian,India,Doctor,7323320,India,Yes,No,No,No,High,No,Current,2025-05-12
C026144,Omkaar Doctor,1975-10-15,50,Male,Indian,India,Government Employee,8496743,India,No,No,No,No,High,Yes,Current,2025-06-26
C026375,Tanya Holmes,1991-06-09,35,Male,Iranian,Iran,Student,6595332,Iran,No,Yes,Yes,Yes,High,No,Current,2026-03-01
C026508,Hardik Dua,1964-06-23,62,Male,Indian,India,Government Employee,5896630,India,No,No,Yes,No,Medium,No,Savings,2024-10-07
C026544,Linda Cantu,1995-04-19,31,Male,Russian,Russia,Accountant,341975,Russia,No,No,No,No,Medium,Yes,Salary,2025-03-28
C026737,Indali Singh,1949-09-27,76,Female,Indian,India,Consultant,4591008,India,No,No,Yes,Yes,Low,No,Current,2025-05-21
C026984,Jesus Murphy,1981-03-22,45,Female,American,USA,Accountant,7387255,USA,No,No,No,Yes,Medium,Yes,Savings,2025-04-16
C027010,Christopher Adams,1984-04-13,42,Male,Russian,Russia,Software Engineer,8769012,Russia,No,No,Yes,Yes,Low,No,Business,2024-09-28
C027036,Victor Bhatia,1979-11-05,46,Male,Indian,India,Software Engineer,2201317,India,Yes,No,Yes,No,High,No,Current,2025-12-20
C027046,Julie Martinez,1958-03-26,68,Female,British,UK,Banker,3725178,UK,No,No,Yes,Yes,Medium,No,Current,2026-04-11
C027271,Amy Snyder,1991-06-16,35,Female,Iranian,Iran,Accountant,3107600,Iran,No,Yes,Yes,Yes,High,No,Business,2024-08-27
C027386,Jennifer Wyatt,1988-03-06,38,Female,American,USA,Doctor,9636481,USA,No,No,No,Yes,Medium,No,Current,2024-08-11
C027410,Chad Hess,1961-09-04,64,Male,Russian,Russia,Government Employee,5295387,Russia,No,No,Yes,Yes,Low,No,Salary,2025-02-06
C027417,Ira Minhas,2004-03-10,22,Male,Indian,India,Doctor,4988302,India,No,No,Yes,Yes,Low,No,Salary,2025-12-08
C027465,Cynthia Lucas,1952-03-17,74,Female,British,UK,Accountant,9611354,UK,Yes,No,No,No,High,Yes,Savings,2026-02-21
C027765,Manan Aurora,1959-09-29,66,Male,Indian,India,Student,1442336,India,No,No,Yes,No,Medium,No,Current,2026-03-30
C027793,Megan Spencer,1964-10-20,61,Female,Iranian,Iran,Student,2861356,Iran,No,No,No,Yes,Medium,No,Savings,2024-07-04
C027882,Teresa Price,1957-04-28,69,Male,British,UK,Banker,4061646,UK,No,No,No,No,Low,No,Business,2024-09-20
C027899,Barbara Garza,1986-10-11,39,Female,Russian,Russia,Software Engineer,8082549,Russia,No,Yes,No,Yes,High,No,Savings,2024-09-23
C027930,Angel Robinson,1996-12-19,29,Male,British,UK,Software Engineer,2622962,UK,Yes,No,Yes,Yes,High,No,Business,2025-09-03
C028107,Elizabeth Romero,1998-01-02,28,Female,Iranian,Iran,Consultant,1018066,Iran,No,No,No,Yes,Low,No,Current,2025-10-06
C028256,Jasmine Crawford,1976-08-23,49,Male,British,UK,Software Engineer,1659540,UK,No,No,Yes,No,Low,No,Savings,2025-03-03
C028338,Urvi Venkataraman,2002-02-27,24,Female,Indian,India,Banker,1321169,India,No,No,No,Yes,Medium,No,Business,2025-12-05
C028339,Jessica Knight,2004-06-26,21,Female,Russian,Russia,Business Owner,9299909,Russia,No,No,Yes,Yes,Medium,Yes,Savings,2024-10-14
C028487,Patrick Bala,1954-11-30,71,Male,Indian,India,Doctor,5876885,India,No,No,Yes,Yes,Medium,No,Business,2024-12-20
C028572,Christopher Calderon,1995-09-13,30,Female,American,USA,Accountant,598609,USA,No,No,No,Yes,Medium,No,Current,2025-11-09
C028643,Morgan Cunningham,1997-05-13,29,Female,British,UK,Lawyer,1104478,UK,No,No,No,No,Medium,No,Business,2026-04-20
C028717,Joel Olson,1997-05-05,29,Female,American,USA,Software Engineer,6867680,USA,No,No,No,No,Medium,No,Current,2025-05-27
C028738,Joshua Fisher,2000-08-13,25,Male,Iranian,Iran,Doctor,1343395,Iran,Yes,No,Yes,Yes,High,No,Business,2025-10-16
C028839,Brittany Morrison,1995-06-23,31,Male,Russian,Russia,Software Engineer,451123,Russia,No,No,No,Yes,Medium,No,Salary,2025-06-13
C028844,Daniel Young,1996-07-28,29,Female,Iranian,Iran,Doctor,1396487,Iran,No,No,No,Yes,Low,No,Current,2025-05-09
C028900,Shawn Gibson,1994-01-14,32,Female,British,UK,Consultant,9744583,UK,No,No,No,No,Medium,Yes,Current,2026-06-05
C029110,Lakshit Salvi,1968-08-29,57,Female,Indian,India,Banker,5741395,India,No,No,Yes,No,Medium,Yes,Salary,2025-08-02
C029260,Theodore Bala,1960-12-18,65,Male,Indian,India,Banker,8872662,India,Yes,No,No,Yes,High,No,Savings,2025-09-03
C029475,Carolyn Montes,1994-09-17,31,Female,American,USA,Student,5122406,USA,No,No,Yes,No,Medium,No,Business,2025-05-29
C029481,Jennifer Briggs,1992-01-18,34,Male,Russian,Russia,Doctor,8044231,Russia,Yes,No,Yes,No,High,No,Current,2025-10-25
C029580,Rhonda Vasquez,2000-06-04,26,Female,Iranian,Iran,Student,7848680,Iran,No,No,Yes,No,Low,No,Business,2025-11-20
C029686,Tammy Fitzgerald,1981-04-07,45,Female,British,UK,Teacher,9151806,UK,Yes,No,No,No,High,No,Salary,2025-08-26
C029778,Adweta Balay,1971-11-24,54,Female,Indian,India,Software Engineer,3740507,India,Yes,No,No,Yes,High,Yes,Current,2026-01-28
C029858,Yashoda Mallick,1974-02-14,52,Male,Indian,India,Doctor,6019369,India,No,No,No,Yes,Medium,No,Business,2025-11-17
C029906,Sabrina Ochoa,1989-07-30,36,Male,British,UK,Accountant,1336936,UK,No,No,No,Yes,Low,No,Salary,2025-08-28
C029926,Krystal Moore,1959-11-10,66,Male,Iranian,Iran,Student,7472703,Iran,No,No,Yes,No,Medium,No,Business,2026-04-11
C030008,Johnny Singh,2006-07-16,19,Female,Iranian,Iran,Accountant,7950668,Iran,Yes,No,Yes,Yes,High,No,Current,2025-11-30
C030112,Monique Le,1958-06-13,68,Male,Russian,Russia,Student,8103917,Russia,No,No,Yes,Yes,Low,No,Savings,2025-06-27
C030132,Elizabeth Sanchez,1972-03-17,54,Male,Russian,Russia,Business Owner,3524189,Russia,No,Yes,No,Yes,High,No,Current,2025-03-04
C030358,Christopher Thompson,1959-09-15,66,Female,Russian,Russia,Teacher,3684485,Russia,No,No,Yes,Yes,Low,No,Current,2025-04-02
C030455,Theresa Simon,1983-11-04,42,Female,Iranian,Iran,Student,5599559,Iran,No,No,Yes,No,Medium,Yes,Savings,2024-12-18
C030631,Pedro Perez,1999-09-25,26,Male,British,UK,Banker,1302233,UK,No,No,No,Yes,Medium,No,Current,2025-09-02
C030788,Joseph Massey,1991-03-01,35,Male,American,USA,Software Engineer,4336983,USA,No,No,Yes,No,High,Yes,Salary,2026-04-22
C030846,Andrew Pruitt,1947-12-11,78,Male,British,UK,Software Engineer,5666187,UK,No,Yes,No,No,High,Yes,Savings,2026-05-24
C030886,Bradley Graves,1997-04-04,29,Female,Iranian,Iran,Consultant,1884699,Iran,No,Yes,No,No,High,No,Savings,2025-12-21
C030951,Praneel Varty,1957-09-11,68,Female,Indian,India,Teacher,422227,India,No,No,Yes,No,Medium,No,Savings,2026-03-04
C031200,Yesenia Bishop,1967-05-30,59,Male,British,UK,Lawyer,6910360,UK,No,Yes,No,Yes,High,Yes,Business,2026-02-06
C031223,George Henry,1986-01-24,40,Male,Iranian,Iran,Banker,4463093,Iran,No,No,No,Yes,Low,No,Savings,2025-07-16
C031351,Kelsey Castro,1972-12-12,53,Male,Iranian,Iran,Consultant,955976,Iran,No,No,No,No,Low,No,Business,2025-12-19
C031364,Jamie Myers,1964-05-08,62,Female,Iranian,Iran,Teacher,7019949,Iran,No,No,No,Yes,Low,No,Current,2024-10-26
C031393,Jonathan Miller,1975-09-07,50,Female,British,UK,Business Owner,9884122,UK,No,No,No,No,Low,No,Business,2026-02-28
C031475,Chris Jenkins,1958-07-18,67,Female,Iranian,Iran,Government Employee,3810800,Iran,No,No,No,No,Low,No,Salary,2024-10-29
C031503,Michael Miller,1946-08-11,79,Male,Russian,Russia,Student,5728823,Russia,No,No,Yes,No,Low,No,Business,2024-08-18
C031617,Christopher Smith,1999-11-23,26,Male,British,UK,Doctor,814254,UK,No,No,No,No,Medium,Yes,Savings,2026-05-29
C031657,Martha French,1994-06-24,32,Female,British,UK,Consultant,9366482,UK,Yes,No,Yes,No,High,No,Business,2024-09-25
C031693,Christina Wilson,1985-07-23,40,Male,Russian,Russia,Teacher,1392232,Russia,No,No,Yes,Yes,Medium,No,Business,2025-02-11
C031720,Sherri Colon,1988-12-01,37,Male,Iranian,Iran,Accountant,4864325,Iran,No,No,No,Yes,Medium,No,Current,2025-03-28
C031850,Lynn Tapia,2005-11-28,20,Male,British,UK,Software Engineer,1326899,UK,No,No,Yes,No,Low,No,Current,2025-04-26
C031854,Luis Cooper,1993-07-01,32,Female,American,USA,Lawyer,1236491,USA,No,No,Yes,No,Low,No,Savings,2025-12-14
C031939,Meera Batta,1987-07-08,38,Male,Indian,India,Lawyer,240027,India,No,No,No,Yes,Medium,Yes,Business,2024-09-13
C032181,Michele Peters,2004-06-10,22,Male,American,USA,Software Engineer,811255,USA,No,No,Yes,Yes,Low,No,Salary,2025-07-10
C032278,Michael Shelton,1969-04-03,57,Female,American,USA,Government Employee,6550444,USA,No,No,Yes,Yes,Medium,No,Current,2025-07-07
C032629,Warda Patla,1964-12-16,61,Male,Indian,India,Teacher,4329553,India,No,No,No,No,Medium,No,Savings,2025-11-19
C032714,Timothy Freeman,2006-05-05,20,Male,Iranian,Iran,Doctor,2845074,Iran,No,No,Yes,Yes,Low,No,Business,2025-10-22
C032719,Cynthia Sutton,1980-01-10,46,Male,British,UK,Software Engineer,662341,UK,No,No,No,Yes,High,Yes,Salary,2026-02-25
C032740,William Boyd,1996-07-26,29,Female,Iranian,Iran,Software Engineer,4422027,Iran,No,No,No,Yes,High,Yes,Salary,2025-12-05
C032922,Robert Cowan,1995-03-06,31,Male,American,USA,Consultant,4476536,USA,Yes,No,No,No,High,No,Current,2026-03-21
C033151,Bryan Wood,1946-08-16,79,Female,Russian,Russia,Business Owner,1675839,Russia,No,No,No,No,Medium,No,Current,2025-04-18
C033252,Michael Miller,1948-02-13,78,Male,Russian,Russia,Business Owner,8952943,Russia,Yes,No,No,No,High,No,Business,2025-01-26
C033276,Wahab Tata,1989-09-13,36,Female,Indian,India,Business Owner,2137493,India,No,No,No,No,Medium,Yes,Business,2025-04-22
C033347,Bruce Blevins,1981-06-16,45,Female,American,USA,Consultant,9487402,USA,Yes,No,No,No,High,No,Savings,2024-06-25
C033622,Bill Knight,1973-03-29,53,Male,American,USA,Accountant,2093705,USA,No,No,Yes,No,Low,No,Current,2024-11-13
C033697,Mariah Roberts,1946-04-29,80,Male,British,UK,Banker,5751785,UK,Yes,No,No,No,High,No,Current,2025-04-04
C033983,Vyanjana Sodhi,2005-12-03,20,Male,Indian,India,Consultant,9820019,India,No,No,No,Yes,Low,No,Business,2025-07-24
C034267,Patrick Abbott,1953-03-28,73,Male,American,USA,Banker,9705874,USA,No,No,No,Yes,Medium,No,Salary,2026-06-16
C034433,Michael Smith,1951-10-23,74,Male,American,USA,Teacher,5769625,USA,No,No,No,Yes,High,Yes,Savings,2025-08-02
C034450,Regina Barrett,1991-12-04,34,Female,British,UK,Business Owner,3475304,UK,No,No,Yes,Yes,High,Yes,Current,2026-03-17
C035079,Mrs. Sandra Sims,1979-12-16,46,Male,American,USA,Software Engineer,1763434,USA,No,No,No,Yes,Medium,Yes,Current,2025-06-22
C035113,Michael Pope,2008-06-01,18,Female,British,UK,Doctor,1032810,UK,No,No,No,No,High,Yes,Business,2026-04-15
C035614,Samantha Hanson,1959-11-15,66,Female,American,USA,Banker,346794,USA,No,No,No,No,Medium,No,Savings,2024-11-08
C035889,Anay Pall,1978-09-22,47,Female,Indian,India,Government Employee,7004137,India,No,No,Yes,No,Medium,No,Business,2026-05-07
C035993,Andrew Byrd,1980-04-02,46,Female,Russian,Russia,Doctor,1759733,Russia,No,No,No,No,Medium,Yes,Salary,2025-05-18
C036045,Alexandra Goodwin,1958-10-02,67,Female,Russian,Russia,Software Engineer,3408543,Russia,No,No,Yes,Yes,Medium,No,Business,2024-10-27
C036065,Peter Gill,1967-07-05,58,Male,Iranian,Iran,Government Employee,3236315,Iran,No,No,Yes,No,High,Yes,Savings,2025-01-25
C036113,Brett Brandt,1968-12-03,57,Male,American,USA,Banker,9701034,USA,No,No,No,No,Medium,Yes,Business,2025-05-06
C036320,Jeanne Dawson,1964-07-06,61,Male,British,UK,Business Owner,6656137,UK,No,No,Yes,Yes,Medium,No,Current,2024-08-16
C036326,Bethany Martin,1960-11-04,65,Male,British,UK,Accountant,1696430,UK,Yes,No,Yes,No,High,No,Business,2024-09-12
C036333,Banjeet Subramaniam,1958-04-14,68,Male,Indian,India,Software Engineer,5852949,India,No,No,No,Yes,High,Yes,Savings,2024-09-09
C036498,Sharon Valencia,1982-03-16,44,Female,Russian,Russia,Software Engineer,7657060,Russia,Yes,No,No,Yes,High,No,Salary,2026-05-31
C036503,Kathryn Jackson,1976-04-05,50,Male,British,UK,Accountant,8034979,UK,No,No,Yes,Yes,High,Yes,Business,2025-01-10
C036614,Chakrika Brahmbhatt,1986-10-17,39,Male,Indian,India,Government Employee,7609677,India,No,No,Yes,Yes,Medium,No,Savings,2025-07-27
C036700,Niharika Natt,2002-06-18,24,Female,Indian,India,Teacher,3806837,India,No,No,No,Yes,Medium,No,Current,2026-04-09
C036717,Lohit Sharma,1994-04-10,32,Male,Indian,India,Banker,6692688,India,No,Yes,Yes,Yes,High,No,Savings,2025-01-02
C036844,Douglas Swanson,1981-08-12,44,Female,Iranian,Iran,Doctor,3102186,Iran,No,No,Yes,Yes,Low,No,Business,2025-08-19
C037081,Leonard Vasquez,1983-11-22,42,Male,American,USA,Government Employee,3183152,USA,No,No,No,No,High,Yes,Business,2025-10-13
C037131,Ishanvi Keer,1987-02-04,39,Male,Indian,India,Doctor,4732555,India,No,No,No,Yes,Low,No,Salary,2025-10-04
C037203,Rhonda Yang,1984-11-28,41,Female,Russian,Russia,Student,5014235,Russia,No,No,No,No,Low,No,Business,2024-11-28
C037230,Andrew Mitchell,1960-05-03,66,Male,Iranian,Iran,Consultant,2267388,Iran,No,No,No,No,Low,No,Current,2024-08-05
C037549,Anya Nanda,1986-03-15,40,Male,Indian,India,Business Owner,985106,India,No,No,No,No,High,Yes,Salary,2025-10-16
C037604,Louis Johnson,1988-05-12,38,Male,Iranian,Iran,Software Engineer,3748482,Iran,No,No,Yes,No,Medium,No,Savings,2026-05-27
C037763,Blake Gill,1985-05-07,41,Male,American,USA,Accountant,5754314,USA,No,No,Yes,Yes,Medium,No,Business,2025-02-23
C037792,Mrs. Kristen Blankenship,1949-06-20,77,Male,British,UK,Government Employee,3289560,UK,Yes,No,No,No,High,Yes,Business,2026-06-03
C037807,Chaitanya Dara,1979-07-17,46,Female,Indian,India,Student,6220545,India,No,No,Yes,No,Low,No,Current,2025-07-31
C038239,Kayla Oconnor,1991-02-06,35,Male,British,UK,Student,4103050,UK,No,No,Yes,No,Medium,No,Current,2025-04-05
C038360,Cassandra Bennett,1970-01-09,56,Female,Russian,Russia,Banker,8179853,Russia,Yes,No,Yes,Yes,High,No,Business,2024-11-07
C038396,Stephanie Walton,1995-09-23,30,Male,Russian,Russia,Government Employee,8943747,Russia,No,Yes,No,No,High,No,Savings,2025-05-17
C039017,Terry Lewis,1955-02-21,71,Male,British,UK,Teacher,2474197,UK,No,No,No,Yes,Low,No,Salary,2026-03-28
C039186,Panini Badami,2005-08-20,20,Female,Indian,India,Teacher,7576270,India,No,No,No,Yes,Low,No,Current,2026-03-10
C039535,Amy Butler,1962-12-12,63,Male,Iranian,Iran,Business Owner,7421174,Iran,Yes,No,No,Yes,High,No,Current,2026-04-06
C039849,Derrick Tucker,1985-10-12,40,Female,Russian,Russia,Software Engineer,6796799,Russia,Yes,No,Yes,Yes,High,Yes,Salary,2026-01-07
C040061,Anita Martin,1961-05-22,65,Male,Iranian,Iran,Accountant,4306413,Iran,No,No,No,No,Low,No,Savings,2025-03-10
C040241,Unnati Jhaveri,1950-01-13,76,Male,Indian,India,Government Employee,8213289,India,No,No,No,No,Medium,No,Savings,2025-11-11
C040298,Devin Krueger,1959-09-24,66,Male,British,UK,Banker,9174173,UK,No,No,No,No,High,Yes,Savings,2025-11-18
C040380,John Yoder,1986-04-07,40,Female,Iranian,Iran,Business Owner,2868479,Iran,No,No,Yes,No,Medium,No,Salary,2026-04-08
C040503,Bishakha Chaudhary,1960-03-22,66,Female,Indian,India,Software Engineer,2311697,India,No,No,No,Yes,High,Yes,Current,2024-09-21
C040544,Scott Foster,1969-12-14,56,Male,Iranian,Iran,Lawyer,2663865,Iran,No,No,No,Yes,Low,No,Salary,2026-06-12
C040576,David Davis,1988-10-06,37,Male,American,USA,Software Engineer,4377544,USA,No,No,No,Yes,Medium,No,Business,2024-07-17
C040700,Triveni Raman,2006-09-23,19,Male,Indian,India,Teacher,1962405,India,No,No,Yes,No,Low,No,Current,2025-08-08
C040764,Stephen Myers,1989-04-03,37,Male,Iranian,Iran,Banker,5970962,Iran,No,No,No,Yes,High,Yes,Current,2025-07-31
C040862,Bailey Schmidt,1989-03-24,37,Male,British,UK,Business Owner,8457916,UK,Yes,No,Yes,Yes,High,Yes,Current,2026-03-10
C041049,Michelle Hoover,1950-12-05,75,Female,Iranian,Iran,Consultant,6455240,Iran,No,No,No,No,High,Yes,Savings,2024-11-13
C041117,Mia Jennings,1951-03-19,75,Male,Iranian,Iran,Business Owner,4744724,Iran,No,No,No,Yes,Medium,Yes,Current,2024-07-18
C041164,Patrick Bishop,1964-12-16,61,Male,Russian,Russia,Accountant,7215581,Russia,No,No,Yes,Yes,Low,No,Business,2025-01-16
C041268,Christopher Chambers,2007-09-22,18,Male,British,UK,Consultant,8415596,UK,Yes,No,Yes,Yes,High,No,Current,2024-08-09
C041446,Colleen Henry,1993-09-10,32,Male,Iranian,Iran,Doctor,3876503,Iran,No,No,Yes,Yes,Medium,No,Business,2026-03-20
C041448,Ian Knight,1998-03-22,28,Male,American,USA,Banker,279843,USA,No,No,No,Yes,Medium,Yes,Business,2025-06-11
C041463,Kevin Clark,1974-08-23,51,Female,British,UK,Accountant,1872470,UK,No,No,Yes,Yes,Medium,No,Savings,2026-04-25
C041512,William Thomas,1962-09-17,63,Female,Russian,Russia,Software Engineer,1076162,Russia,No,No,Yes,No,Medium,No,Salary,2025-01-24
C041532,Tyrone Mitchell,2008-03-09,18,Female,Russian,Russia,Consultant,1063600,Russia,No,No,Yes,Yes,Low,No,Salary,2026-05-21
C041686,Triya Borde,2003-02-04,23,Male,Indian,India,Government Employee,6199761,India,No,No,Yes,Yes,Medium,No,Business,2025-08-29
C041748,Eric Johnson,1952-04-23,74,Female,Iranian,Iran,Lawyer,6613290,Iran,Yes,Yes,Yes,No,High,No,Salary,2025-06-06
C041807,Kathleen Hamilton,1963-09-21,62,Male,British,UK,Consultant,2933569,UK,No,No,No,Yes,Medium,No,Savings,2025-02-08
C041828,Kyle Smith,1953-10-06,72,Male,British,UK,Student,6327424,UK,Yes,No,No,Yes,High,No,Salary,2024-07-19
C042285,Praneel Sankar,1960-03-31,66,Male,Indian,India,Banker,6967750,India,No,No,No,No,Medium,Yes,Salary,2025-08-16
C042375,Jason Fisher,1994-08-16,31,Female,Russian,Russia,Student,7629219,Russia,Yes,Yes,Yes,Yes,High,No,Savings,2024-12-16
C042731,Ryan Horton,1950-10-01,75,Male,British,UK,Consultant,9411533,UK,No,No,No,No,Low,No,Salary,2025-09-01
C042770,Stephen Waters,1989-08-30,36,Female,British,UK,Lawyer,1677451,UK,No,No,No,No,Medium,No,Savings,2025-10-25
C042870,Vedhika Ganesh,1983-08-26,42,Male,Indian,India,Accountant,5205738,India,Yes,No,Yes,No,High,No,Savings,2026-05-12
C042880,Jason Nigam,1969-01-26,57,Male,Indian,India,Government Employee,5091106,India,No,No,No,Yes,Low,No,Savings,2024-11-26
C042980,Wyatt Saha,1999-06-17,27,Male,Indian,India,Software Engineer,7799251,India,No,Yes,Yes,Yes,High,No,Current,2024-11-08
C043041,Bhavini Goswami,1980-07-10,45,Female,Indian,India,Lawyer,8381742,India,No,No,No,Yes,Low,No,Business,2026-03-24
C043064,Jill Clark,1974-02-01,52,Female,British,UK,Government Employee,2250632,UK,No,No,Yes,No,Medium,No,Savings,2025-08-22
C043112,Jeffery Bridges,2008-05-10,18,Male,American,USA,Banker,9885475,USA,No,No,Yes,No,Medium,Yes,Savings,2025-06-21
C043126,Ucchal Halder,1977-02-02,49,Female,Indian,India,Student,9198771,India,No,Yes,No,Yes,High,No,Current,2025-10-20
C043138,Ashley Kelly,1946-06-02,80,Male,British,UK,Banker,9808394,UK,No,No,No,Yes,Medium,No,Savings,2024-07-10
C043139,Advika Parikh,1991-07-22,34,Male,Indian,India,Government Employee,3606638,India,Yes,No,No,No,High,Yes,Current,2025-04-01
C043197,Jennifer Bell,1959-10-03,66,Female,Iranian,Iran,Accountant,6458356,Iran,No,No,Yes,No,Medium,Yes,Business,2026-06-01
C043228,Ricky Phillips,2000-02-19,26,Male,American,USA,Accountant,3826000,USA,No,No,Yes,No,Low,No,Savings,2026-06-11
C043230,Joe Carroll,1960-01-27,66,Female,Russian,Russia,Student,2778689,Russia,No,No,No,No,Medium,No,Current,2025-04-07
C043296,John Johnson,2000-01-24,26,Female,Iranian,Iran,Teacher,8240169,Iran,No,No,Yes,No,Low,No,Business,2024-11-02
C043313,Ethan Nelson,1957-10-08,68,Female,British,UK,Business Owner,3763965,UK,No,No,Yes,No,Medium,No,Business,2024-07-13
C043450,Cory Chapman,1965-04-26,61,Male,American,USA,Student,4644417,USA,No,No,No,Yes,Medium,No,Salary,2026-05-09
C043574,Amy Farmer,2000-04-18,26,Male,American,USA,Accountant,7190638,USA,No,No,No,Yes,Medium,Yes,Business,2024-09-20
C043583,Brandon Greer,1989-06-08,37,Male,Russian,Russia,Accountant,2570679,Russia,No,No,No,No,Medium,Yes,Salary,2025-09-12
C043683,Jasmine Adams,1997-12-08,28,Male,American,USA,Business Owner,7968022,USA,No,No,No,Yes,Medium,Yes,Salary,2025-07-27
C043801,Oviya Chakraborty,1994-12-15,31,Female,Indian,India,Banker,2877609,India,Yes,No,No,No,High,No,Salary,2025-12-12
C043911,Joshua Baird,1946-01-21,80,Female,Russian,Russia,Software Engineer,711570,Russia,Yes,No,Yes,No,High,No,Savings,2025-04-12
C044142,Eric Phelps,1948-04-15,78,Female,British,UK,Doctor,4841781,UK,Yes,No,Yes,Yes,High,No,Savings,2025-04-20
C044144,Mary Mathews,1989-02-11,37,Male,British,UK,Government Employee,5143240,UK,No,No,No,No,Low,No,Savings,2024-09-12
C044238,Scott Davis,1995-09-22,30,Female,British,UK,Software Engineer,7695360,UK,No,No,No,Yes,Medium,No,Salary,2025-07-07
C044252,Ryan Solomon,1950-02-06,76,Male,British,UK,Lawyer,3625906,UK,No,No,Yes,No,Medium,No,Savings,2024-07-27
C044353,Amanda Wells,1999-08-27,26,Female,British,UK,Lawyer,5411438,UK,No,No,No,Yes,Low,No,Salary,2026-05-05
C044376,Courtney Coffey,1999-01-15,27,Male,American,USA,Software Engineer,3278540,USA,No,No,No,Yes,Medium,No,Savings,2024-11-04
C044380,Autumn Rodriguez,1967-10-17,58,Female,Russian,Russia,Student,5514188,Russia,Yes,No,No,No,High,No,Salary,2025-10-27
C044582,Jerry Keller,1989-01-27,37,Female,Russian,Russia,Doctor,9676877,Russia,No,No,Yes,No,Low,No,Salary,2024-08-22
C044596,Lucas Stewart,2007-10-15,18,Male,British,UK,Software Engineer,5805884,UK,No,No,No,Yes,Medium,No,Business,2025-03-02
C044597,Annette Lowery,2001-07-01,24,Female,American,USA,Lawyer,3715521,USA,Yes,No,No,No,High,No,Business,2026-03-16
C044609,Joanne Clayton,1979-07-19,46,Female,Iranian,Iran,Student,7294168,Iran,No,No,No,No,Low,No,Salary,2026-03-15
C044619,Jesse Figueroa,2002-09-04,23,Male,American,USA,Lawyer,8369688,USA,No,No,Yes,Yes,Low,No,Savings,2024-09-28
C044825,Julie Briggs,1996-04-11,30,Female,British,UK,Consultant,4467059,UK,No,No,Yes,Yes,Low,No,Savings,2025-01-08
C045165,Jonathan Quinn,2001-10-09,24,Female,American,USA,Government Employee,4390742,USA,Yes,No,No,No,High,No,Current,2026-03-25
C045223,Nicole Lopez,1950-09-01,75,Male,Russian,Russia,Student,1905585,Russia,Yes,No,No,Yes,High,No,Current,2025-02-24
C045253,Dwayne Johnston,1960-01-25,66,Female,British,UK,Banker,1499912,UK,No,No,Yes,Yes,Low,No,Salary,2025-08-26
C045337,Sabrina Douglas,1998-10-20,27,Female,American,USA,Business Owner,4255227,USA,No,No,Yes,Yes,Low,No,Savings,2025-03-16
C045354,Tyler Munoz,1952-03-27,74,Male,Iranian,Iran,Banker,5097709,Iran,No,No,Yes,Yes,Low,No,Current,2025-04-16
C045378,Sandra Smith,2004-07-14,21,Female,British,UK,Government Employee,1446244,UK,No,No,Yes,No,Medium,Yes,Current,2025-06-26
C045484,Crystal Martinez,1998-10-09,27,Male,British,UK,Business Owner,8047633,UK,No,No,Yes,No,Medium,No,Salary,2025-04-15
C045560,Jennifer Walter,1952-02-17,74,Female,Iranian,Iran,Consultant,374914,Iran,Yes,No,Yes,No,High,No,Salary,2026-05-14
C045697,Joseph Ryan,1963-11-26,62,Female,Russian,Russia,Lawyer,3131310,Russia,No,No,Yes,Yes,High,Yes,Savings,2025-03-13
C045762,Brett White,1982-11-20,43,Male,Russian,Russia,Consultant,5739343,Russia,No,No,No,No,Low,No,Salary,2025-08-12
C045807,Andrew Higgins,1993-10-04,32,Male,Russian,Russia,Business Owner,9998341,Russia,No,No,No,No,Low,No,Savings,2025-11-23
C045817,Jason Matthews,1966-03-26,60,Male,Russian,Russia,Government Employee,9201734,Russia,No,No,No,Yes,Medium,No,Business,2026-02-20
C045849,Dylan Griffith MD,1978-07-20,47,Female,British,UK,Business Owner,3200129,UK,No,No,Yes,No,Medium,Yes,Savings,2024-10-13
C045864,Stephen Morgan,1956-03-10,70,Female,Iranian,Iran,Consultant,9653980,Iran,No,No,Yes,No,Medium,No,Salary,2026-04-11
C045887,Claudia Garcia,1963-02-16,63,Male,Iranian,Iran,Consultant,452422,Iran,No,No,Yes,Yes,Low,No,Business,2024-07-03
C045964,Debra Bush,1958-02-06,68,Male,British,UK,Teacher,591092,UK,No,No,Yes,Yes,Low,No,Current,2025-10-02
C046062,Elizabeth Taylor,1956-04-02,70,Male,Russian,Russia,Student,5208527,Russia,No,No,Yes,No,High,Yes,Current,2025-09-22
C046100,Nathan Miranda,1988-12-12,37,Male,American,USA,Accountant,5779384,USA,No,No,No,No,Low,No,Salary,2025-10-21
C046137,Thomas Mendez,2006-08-31,19,Female,Iranian,Iran,Consultant,6306267,Iran,No,No,Yes,Yes,Medium,Yes,Savings,2024-07-20
C046230,Kevin Myers,2007-03-03,19,Male,American,USA,Consultant,1455695,USA,Yes,No,Yes,No,High,Yes,Savings,2026-05-09
C046373,Jacob Kade,1949-10-26,76,Female,Indian,India,Government Employee,5793806,India,No,No,Yes,No,High,Yes,Savings,2025-08-13
C046463,Courtney Lopez,1973-09-05,52,Female,British,UK,Doctor,3665535,UK,Yes,Yes,No,No,High,No,Business,2026-04-23
C046492,Kathy Berg,1991-09-06,34,Female,American,USA,Teacher,4747932,USA,No,No,No,No,Low,No,Current,2025-05-04
C046518,Robert Sims,1998-10-29,27,Male,American,USA,Banker,4863362,USA,No,No,No,No,Medium,Yes,Salary,2025-03-27
C046657,Allison Jackson,2002-04-10,24,Male,American,USA,Software Engineer,9982482,USA,No,No,No,No,Low,No,Salary,2025-03-14
C046696,Thomas Sullivan,1999-02-22,27,Female,Iranian,Iran,Student,2930565,Iran,No,No,Yes,No,Medium,No,Current,2024-07-11
C046736,Robert Edwards,1953-07-13,72,Female,Iranian,Iran,Lawyer,8760841,Iran,No,No,No,No,Medium,No,Salary,2025-06-29
C047012,Kiara Bennett,1992-04-13,34,Female,Russian,Russia,Government Employee,5853979,Russia,No,No,No,No,Medium,No,Business,2024-08-15
C047130,Eric Garrett,2007-01-22,19,Male,Russian,Russia,Doctor,746077,Russia,No,No,No,Yes,Medium,No,Salary,2026-06-05
C047313,Jeremiah Sanchez,1968-06-19,58,Male,British,UK,Government Employee,3954374,UK,No,No,Yes,No,Medium,No,Savings,2025-07-07
C047390,Brooke Hartman,1951-08-21,74,Female,Russian,Russia,Software Engineer,3713356,Russia,No,No,No,No,Medium,No,Salary,2025-01-24
C047400,Anita Smith,1972-11-27,53,Female,American,USA,Government Employee,5352266,USA,No,No,No,Yes,Medium,No,Business,2025-12-23
C047454,Maria Hoover,1979-04-18,47,Male,American,USA,Banker,8337557,USA,No,No,No,Yes,Low,No,Business,2025-12-01
C047607,Jennifer Petersen,2002-03-16,24,Male,British,UK,Business Owner,5495807,UK,No,No,Yes,No,Medium,No,Salary,2025-10-28
C047714,Barkha Shetty,1961-12-13,64,Female,Indian,India,Accountant,9178032,India,No,Yes,Yes,No,High,No,Business,2024-08-02
C047825,Ganga Raghavan,1967-02-18,59,Male,Indian,India,Consultant,6078673,India,No,No,Yes,No,Medium,No,Salary,2025-05-16
C047881,Tina Archer,1977-04-18,49,Male,American,USA,Accountant,8327459,USA,No,No,No,Yes,Low,No,Salary,2024-07-22
C047919,Melissa Farmer,1957-10-30,68,Male,Russian,Russia,Lawyer,5669798,Russia,No,No,No,No,Medium,No,Current,2025-09-23
C048316,Amy Cook,1954-08-26,71,Male,American,USA,Software Engineer,2345399,USA,Yes,No,No,Yes,High,No,Current,2026-01-08
C048586,Bianca Boyd,1984-12-21,41,Female,British,UK,Doctor,6699655,UK,Yes,Yes,No,No,High,No,Savings,2025-05-28
C048687,Katherine Rangel,1976-02-26,50,Female,Russian,Russia,Student,8478895,Russia,No,No,No,Yes,Medium,Yes,Salary,2025-07-20
C048719,Kevin Golden,1947-10-27,78,Male,American,USA,Lawyer,8948764,USA,No,No,Yes,No,Medium,Yes,Salary,2026-05-25
C048754,Lauren Howard,1974-09-22,51,Female,British,UK,Government Employee,7573049,UK,Yes,No,Yes,Yes,High,No,Savings,2025-07-01
C048899,Michelle Spence,1976-11-16,49,Male,Russian,Russia,Student,9092935,Russia,Yes,Yes,Yes,Yes,High,No,Current,2025-03-25
C049029,Penny Orr,1991-11-07,34,Male,British,UK,Government Employee,3307396,UK,No,No,Yes,Yes,Low,No,Current,2025-12-11
C049076,David Taylor,1956-12-19,69,Female,Russian,Russia,Consultant,3191131,Russia,No,No,No,No,Medium,No,Salary,2024-08-03
C049092,Kelli Powers,1960-01-08,66,Male,American,USA,Teacher,4854270,USA,No,No,No,Yes,Low,No,Salary,2025-11-09
C049111,William Anderson,1991-06-18,35,Female,Iranian,Iran,Consultant,5285633,Iran,No,No,No,Yes,Low,No,Current,2025-02-09
C049158,Sherry Brady,1987-06-05,39,Female,British,UK,Business Owner,4425013,UK,No,No,No,No,High,Yes,Salary,2025-05-26
C049308,Christopher Watts,1954-11-05,71,Female,Iranian,Iran,Consultant,8009800,Iran,No,No,Yes,Yes,Low,No,Salary,2026-06-01
C049326,Radhika Sani,2008-01-06,18,Male,Indian,India,Software Engineer,7852650,India,Yes,No,No,Yes,High,No,Current,2025-11-13
C049545,Sarah Chapman,1986-04-29,40,Female,British,UK,Accountant,1539797,UK,No,No,Yes,Yes,Medium,Yes,Savings,2026-05-29
C049633,Amy Robinson,1965-03-11,61,Male,Russian,Russia,Student,3581926,Russia,No,No,No,No,Low,No,Business,2025-05-31
C049643,Candice Hughes,1955-06-01,71,Male,Russian,Russia,Doctor,4636579,Russia,No,No,Yes,No,Low,No,Salary,2025-02-16
C049693,Trevor Graham MD,1947-03-30,79,Male,Iranian,Iran,Doctor,4624047,Iran,No,No,Yes,No,Medium,Yes,Salary,2025-09-06
C049776,Dawn Werner,1980-09-27,45,Male,Russian,Russia,Software Engineer,4413183,Russia,No,No,No,Yes,Medium,No,Savings,2025-04-12
C050076,Joy Jones,1955-10-17,70,Male,British,UK,Software Engineer,4331694,UK,Yes,No,No,No,High,Yes,Salary,2025-01-18
C050113,Tiffany Ramirez,1988-12-14,37,Female,American,USA,Banker,9832554,USA,No,No,Yes,No,High,Yes,Salary,2024-07-03
C050162,Kelly Herrera,2003-12-16,22,Female,Iranian,Iran,Lawyer,7876939,Iran,No,No,Yes,No,Medium,No,Savings,2025-09-20
C050228,Amanda Smith,1990-02-26,36,Male,Russian,Russia,Doctor,4770366,Russia,No,No,No,No,High,Yes,Business,2025-11-06
C050318,Edward Golden,1956-03-09,70,Female,British,UK,Government Employee,9604833,UK,No,No,Yes,No,Medium,No,Business,2026-03-07
C050339,Zarna Koshy,1983-12-24,42,Female,Indian,India,Business Owner,7336285,India,No,No,Yes,Yes,Low,No,Salary,2024-08-25
C050390,Kelly Krause,1980-02-05,46,Male,American,USA,Business Owner,2349508,USA,Yes,No,Yes,Yes,High,No,Savings,2024-08-15
C050555,Tammy Moore,1956-07-04,69,Male,American,USA,Software Engineer,419722,USA,No,No,Yes,Yes,High,Yes,Savings,2024-09-27
C050804,Aarini Raj,1982-11-01,43,Male,Indian,India,Teacher,2471873,India,No,No,No,Yes,High,Yes,Salary,2026-05-11
C050818,Kevin Hahn,1961-10-15,64,Male,Iranian,Iran,Business Owner,5464250,Iran,No,No,No,Yes,Medium,Yes,Business,2025-05-28
C050878,Daniel Cantrell,2002-05-27,24,Male,Russian,Russia,Banker,1785322,Russia,No,No,Yes,No,Medium,No,Current,2025-04-07
C051167,Gaurang Gokhale,1992-10-19,33,Female,Indian,India,Government Employee,6697324,India,No,No,No,Yes,Medium,Yes,Business,2025-01-24
C051220,Patrick Williams,1956-07-27,69,Male,Russian,Russia,Government Employee,5964780,Russia,No,No,No,No,Low,No,Salary,2026-04-01
C051273,Nikita Madan,1949-10-12,76,Male,Indian,India,Banker,2966669,India,No,No,Yes,No,Low,No,Current,2025-12-09
C051366,Joseph Wilson,2000-09-15,25,Female,Iranian,Iran,Consultant,3322987,Iran,No,No,Yes,Yes,Medium,No,Business,2026-05-17
C051453,Daniel Miller,1980-05-24,46,Female,Iranian,Iran,Banker,4103291,Iran,No,Yes,No,No,High,Yes,Salary,2024-10-02
C051556,Paul Wallace,1978-07-12,47,Female,British,UK,Lawyer,2632791,UK,No,No,No,No,Medium,Yes,Current,2024-12-18
C051624,Lucas Morse,1959-04-29,67,Male,British,UK,Banker,1791525,UK,Yes,No,No,Yes,High,No,Business,2024-11-24
C051700,Naksh Saxena,1961-03-23,65,Male,Indian,India,Lawyer,2215809,India,Yes,No,Yes,No,High,No,Savings,2026-01-25
C051815,Praneel Sandal,1959-09-09,66,Male,Indian,India,Accountant,2222931,India,No,No,No,No,Low,No,Savings,2025-07-03
C051899,Susan White,1959-02-08,67,Female,Russian,Russia,Teacher,8418845,Russia,No,No,Yes,Yes,Medium,No,Business,2025-09-23
C052112,Robert Singleton,1972-04-17,54,Female,Russian,Russia,Accountant,625464,Russia,No,No,Yes,No,Medium,Yes,Salary,2026-03-22
C052127,Jeanne Evans,1967-08-08,58,Female,American,USA,Lawyer,1323091,USA,No,No,Yes,No,Low,No,Savings,2025-08-19
C052154,Amanda Watson MD,1995-03-08,31,Male,Iranian,Iran,Software Engineer,909841,Iran,No,No,No,No,Low,No,Business,2024-07-03
C052199,Matthew Fritz,1955-04-04,71,Female,American,USA,Banker,3266550,USA,No,No,No,Yes,Medium,No,Salary,2025-11-30
C052636,Annette Shah,1959-07-25,66,Male,Iranian,Iran,Teacher,4782295,Iran,No,No,Yes,No,Medium,No,Business,2024-11-20
C052805,Brad Carlson,1954-05-21,72,Male,British,UK,Consultant,3788963,UK,No,No,Yes,No,Medium,No,Salary,2025-04-23
C052839,Robyn Brown,1986-07-03,39,Male,British,UK,Teacher,4637920,UK,No,Yes,Yes,Yes,High,No,Salary,2026-04-24
C052963,Andrew Dyer,1958-02-01,68,Male,British,UK,Accountant,5741842,UK,No,Yes,Yes,Yes,High,No,Savings,2025-02-25
C052969,Dr. Angel Martin MD,1984-01-30,42,Female,Russian,Russia,Software Engineer,934410,Russia,No,No,Yes,No,Medium,Yes,Business,2025-12-06
C053085,Joseph Nunez,1995-10-28,30,Male,Iranian,Iran,Accountant,6950497,Iran,No,No,No,Yes,Low,No,Business,2025-10-02
C053088,John Torres,2005-09-06,20,Female,Russian,Russia,Student,5886838,Russia,No,No,No,Yes,Medium,No,Current,2025-08-03
C053355,Rachit Dewan,2000-05-01,26,Male,Indian,India,Lawyer,2985759,India,No,No,No,Yes,Low,No,Current,2025-11-30
C053395,Kevin English,2007-02-26,19,Male,American,USA,Accountant,1182866,USA,Yes,No,Yes,No,High,Yes,Savings,2025-08-09
C053415,Sherri Williams,1969-07-15,56,Male,American,USA,Teacher,7906049,USA,No,Yes,Yes,Yes,High,No,Savings,2026-01-11
C053717,Bethany Miranda,2006-09-29,19,Female,American,USA,Consultant,4530238,USA,No,No,No,Yes,Low,No,Salary,2025-08-02
C053779,Tiffany Smith,1958-12-12,67,Female,British,UK,Lawyer,4075249,UK,No,No,No,No,Medium,No,Current,2025-11-15
C053838,Victoria Glover,1975-03-14,51,Female,British,UK,Accountant,5222680,UK,No,No,No,No,Medium,No,Salary,2025-01-03
C053905,Osha Sant,1983-09-21,42,Female,Indian,India,Business Owner,2585971,India,No,Yes,Yes,Yes,High,No,Business,2025-12-01
C053917,Kristen Martin,1950-08-23,75,Male,American,USA,Lawyer,9590363,USA,No,No,No,Yes,Low,No,Business,2026-03-10
C054013,Nathaniel Mittal,1994-01-15,32,Male,Indian,India,Government Employee,4961803,India,Yes,No,Yes,No,High,No,Current,2026-03-10
C054086,Kelly Escobar,1982-09-06,43,Male,Russian,Russia,Lawyer,3584952,Russia,No,No,No,Yes,Medium,Yes,Salary,2025-11-08
C054116,Megha Saraf,1978-05-11,48,Female,Indian,India,Doctor,4822359,India,No,No,No,Yes,Medium,No,Salary,2025-11-29
C054141,Mary Soto,1947-04-30,79,Female,British,UK,Government Employee,6256857,UK,No,Yes,No,No,High,No,Salary,2026-05-06
C054256,Victor Mcdonald,2008-01-06,18,Female,British,UK,Accountant,4124540,UK,No,No,Yes,No,Low,No,Business,2025-09-18
C054269,Anthony Stevenson,2003-04-09,23,Male,Russian,Russia,Accountant,4884611,Russia,No,No,No,No,Medium,No,Current,2024-09-17
C054314,Elizabeth Sullivan,1999-02-28,27,Female,American,USA,Student,2786981,USA,No,No,No,Yes,Medium,No,Business,2025-04-19
C054336,Kamala Konda,1990-08-08,35,Female,Indian,India,Doctor,2686301,India,Yes,No,Yes,No,High,No,Current,2025-03-05
C054385,Isaac Reddy,1971-04-23,55,Female,Indian,India,Banker,9177765,India,No,No,Yes,No,Low,No,Business,2025-02-10
C054694,Jason Santana,1979-06-06,47,Male,American,USA,Business Owner,520763,USA,No,No,Yes,No,Low,No,Savings,2025-11-20
C054760,Joseph Fisher,1969-04-22,57,Male,British,UK,Banker,4756685,UK,No,Yes,Yes,Yes,High,No,Salary,2025-12-22
C054877,Lisa Allen,1969-07-12,56,Male,British,UK,Student,8266101,UK,No,No,Yes,Yes,Medium,No,Business,2025-05-19
C054910,Candace Lindsey,1952-11-23,73,Male,Russian,Russia,Lawyer,2566694,Russia,No,No,Yes,Yes,Low,No,Current,2026-04-29
C054922,Terry Robertson,1953-09-03,72,Female,American,USA,Banker,1639077,USA,No,No,Yes,Yes,Medium,Yes,Current,2024-09-27
C055020,Julie Dyer,1969-04-14,57,Female,American,USA,Student,8246882,USA,No,Yes,No,No,High,Yes,Salary,2026-02-04
C055071,Andre Stewart,1997-01-26,29,Male,Russian,Russia,Software Engineer,8143116,Russia,No,No,Yes,Yes,High,Yes,Current,2025-04-29
C055112,Bhavna Srinivasan,2000-03-15,26,Female,Indian,India,Doctor,9894337,India,No,Yes,No,No,High,No,Current,2025-01-04
C055113,Barbara Morris,1955-04-05,71,Female,Russian,Russia,Accountant,8212196,Russia,No,No,No,Yes,Medium,No,Savings,2025-11-28
C055167,Naveen Kalla,1959-11-30,66,Female,Indian,India,Consultant,7435183,India,No,No,No,No,Medium,No,Business,2024-10-27
C055217,Megan Lawson,1982-10-26,43,Female,American,USA,Lawyer,655314,USA,Yes,No,Yes,No,High,No,Savings,2025-01-31
C055234,Teresa Christensen,1950-11-30,75,Female,British,UK,Student,2477584,UK,No,No,No,Yes,Low,No,Salary,2025-10-21
C055365,Yasti Dalal,1995-11-10,30,Male,Indian,India,Accountant,5753812,India,No,No,Yes,Yes,Medium,No,Savings,2024-10-07
C055436,Jennifer Sanders,1972-12-03,53,Female,Iranian,Iran,Consultant,600249,Iran,No,No,No,No,Medium,No,Salary,2025-06-30
C055930,Cindy Hamilton,1975-10-14,50,Male,Russian,Russia,Accountant,8409429,Russia,No,No,Yes,Yes,High,Yes,Current,2025-12-24
C056029,Michelle Brooks,1946-09-02,79,Female,American,USA,Accountant,1805653,USA,No,No,No,Yes,Low,No,Business,2025-08-31
C056046,Nidhi Basu,1998-10-03,27,Male,Indian,India,Lawyer,7621613,India,No,No,No,Yes,Low,No,Current,2025-05-03
C056328,Naksh Kumer,2005-03-09,21,Male,Indian,India,Accountant,3787514,India,No,No,Yes,No,Low,No,Salary,2024-07-24
C056371,Sara Perez,1951-03-25,75,Male,American,USA,Consultant,2358572,USA,No,No,No,Yes,Medium,Yes,Salary,2025-02-03
C056408,Alice Pace,1987-03-11,39,Male,Russian,Russia,Student,5200373,Russia,No,No,Yes,Yes,Low,No,Current,2025-01-06
C056565,Meghan Marsh,1952-05-10,74,Female,American,USA,Teacher,2300621,USA,Yes,No,Yes,No,High,No,Business,2025-12-12
C056765,Megan White,1978-12-03,47,Male,Iranian,Iran,Consultant,1068113,Iran,No,No,No,No,Medium,No,Business,2026-02-17
C056877,Brittany Taylor,1990-03-20,36,Female,American,USA,Government Employee,4493445,USA,No,No,Yes,No,Medium,No,Current,2026-06-19
C056959,Jack Aggarwal,1947-12-06,78,Male,Indian,India,Banker,614337,India,Yes,No,Yes,Yes,High,Yes,Savings,2024-12-02
C057075,Adweta Chakraborty,1956-07-16,69,Male,Indian,India,Software Engineer,9021945,India,No,No,No,Yes,Low,No,Savings,2024-11-02
C057196,Calvin Singh,1956-02-15,70,Female,American,USA,Business Owner,6598139,USA,No,No,No,No,High,Yes,Savings,2024-07-22
C057233,Anya Sood,1983-02-14,43,Female,Indian,India,Business Owner,2684047,India,No,No,No,No,Medium,No,Current,2025-03-26
C057473,Jennifer Leonard,1995-04-05,31,Male,Russian,Russia,Student,1201321,Russia,No,No,Yes,Yes,Medium,No,Salary,2024-11-29
C057474,Jesse Carter,1969-03-06,57,Female,Russian,Russia,Lawyer,1687880,Russia,No,No,No,Yes,Medium,No,Business,2025-02-21
C057679,Jonathon Vang,1962-02-25,64,Female,Iranian,Iran,Banker,7174784,Iran,No,No,Yes,No,Medium,No,Current,2024-11-11
C057702,Kelsey Estrada,1989-05-15,37,Female,Russian,Russia,Doctor,1790468,Russia,No,No,No,No,Medium,No,Savings,2026-05-09
C057761,Christopher Knight,1992-11-17,33,Male,American,USA,Teacher,9901531,USA,No,No,No,Yes,Medium,No,Savings,2025-01-09
C057776,Jeremiah Booker,1948-11-26,77,Male,British,UK,Government Employee,3503220,UK,Yes,No,Yes,Yes,High,Yes,Salary,2025-11-19
C057891,Mackenzie Walker,1957-06-10,69,Female,Iranian,Iran,Business Owner,8130918,Iran,Yes,No,Yes,No,High,No,Business,2026-01-15
C057967,Bianca Espinoza,1962-07-28,63,Male,Russian,Russia,Software Engineer,6671961,Russia,No,No,Yes,Yes,Medium,Yes,Current,2025-07-11
C058329,Shawn Henderson,1957-07-21,68,Female,American,USA,Software Engineer,5885392,USA,No,No,Yes,Yes,Low,No,Salary,2025-11-06
C058660,John Moore,2003-12-07,22,Male,Iranian,Iran,Accountant,9130991,Iran,No,No,No,No,Medium,No,Salary,2026-02-18
C058699,Holly Davis,1962-09-28,63,Male,American,USA,Student,2985400,USA,Yes,No,No,No,High,Yes,Savings,2025-06-13
C058706,Alexis Davis,1957-12-24,68,Female,British,UK,Teacher,4437452,UK,Yes,Yes,No,Yes,High,No,Savings,2026-02-06
C058810,Sandra Blevins,1963-01-05,63,Female,Iranian,Iran,Banker,2390016,Iran,Yes,No,No,No,High,No,Current,2024-11-16
C058829,Robert Wilson,1971-09-11,54,Male,Iranian,Iran,Software Engineer,5294144,Iran,No,No,Yes,No,Medium,No,Salary,2025-09-12
C058847,Dayamai Sani,1980-02-10,46,Male,Indian,India,Doctor,9251645,India,No,No,Yes,Yes,Low,No,Savings,2026-05-22
C058960,Laura Brown,1984-01-14,42,Male,American,USA,Government Employee,2683026,USA,No,No,No,Yes,Medium,No,Savings,2025-10-15
C059146,Varsha Gade,1988-08-14,37,Female,Indian,India,Banker,9501835,India,No,No,Yes,No,Low,No,Business,2024-07-15
C059158,Matthew Martinez,1976-09-04,49,Male,American,USA,Doctor,2401487,USA,No,No,No,No,High,Yes,Current,2025-06-29
C059182,Kevin Jones,1989-09-17,36,Female,Iranian,Iran,Consultant,5239373,Iran,No,No,Yes,No,Low,No,Current,2024-10-21
C059287,John Matthews,1968-01-13,58,Male,Russian,Russia,Government Employee,4639754,Russia,No,No,No,No,Low,No,Business,2025-08-18
C059368,Monica Rodriguez,1956-01-22,70,Male,Russian,Russia,Banker,2263006,Russia,Yes,Yes,No,No,High,Yes,Current,2025-02-10
C059544,Manuel Reynolds,1964-11-11,61,Male,Russian,Russia,Business Owner,3367543,Russia,Yes,No,Yes,No,High,No,Salary,2025-11-06
C059575,William Lyons,1991-07-26,34,Female,British,UK,Teacher,9537389,UK,No,No,No,No,Medium,No,Business,2026-06-01
C059763,Nicholas Schmidt MD,1979-05-09,47,Male,American,USA,Government Employee,4160283,USA,No,No,Yes,Yes,High,Yes,Business,2025-02-04
C059791,Regina Johnson,1997-04-06,29,Male,Iranian,Iran,Banker,9482132,Iran,Yes,No,No,Yes,High,No,Salary,2024-12-11
C060005,Sean Soto,1985-07-23,40,Female,Russian,Russia,Doctor,6222827,Russia,No,No,No,Yes,Medium,No,Current,2024-08-03
C060137,Stephanie Cannon,1952-11-18,73,Male,British,UK,Teacher,8120615,UK,No,No,Yes,Yes,Medium,Yes,Business,2025-08-29
C060191,Martin Garrett,1981-07-11,44,Female,Iranian,Iran,Student,2454604,Iran,No,No,No,No,High,Yes,Current,2024-08-31
C060229,Jai Bassi,1961-05-31,65,Male,Indian,India,Software Engineer,2495875,India,No,No,No,Yes,Low,No,Salary,2026-03-02
C060292,James Schneider,2001-04-09,25,Male,British,UK,Business Owner,7949598,UK,No,No,Yes,No,High,Yes,Current,2025-05-02
C060501,Brooke White,1959-06-17,67,Male,British,UK,Doctor,2538955,UK,No,No,No,Yes,High,Yes,Savings,2024-08-29
C060797,Stephanie Lee,1950-11-09,75,Female,Russian,Russia,Business Owner,6288473,Russia,Yes,No,Yes,Yes,High,Yes,Current,2025-08-19
C061048,Theodore Patla,1948-09-09,77,Male,Indian,India,Teacher,4172699,India,No,No,No,No,Medium,No,Salary,2024-09-26
C061071,Ridhi Banerjee,1994-12-12,31,Female,Indian,India,Software Engineer,8990544,India,No,No,Yes,No,Medium,Yes,Business,2026-01-28
C061090,Daniel Mcdowell,2003-02-25,23,Female,American,USA,Banker,5270090,USA,Yes,No,Yes,Yes,High,No,Savings,2025-05-29
C061124,Daniel Jones,1967-01-16,59,Female,Iranian,Iran,Business Owner,8414914,Iran,No,No,No,Yes,Medium,No,Current,2025-03-30
C061236,Rebecca Greene,1987-02-13,39,Female,Russian,Russia,Banker,5473928,Russia,No,No,No,No,Low,No,Current,2025-02-08
C061382,James Castillo,1980-12-19,45,Male,Iranian,Iran,Doctor,6725712,Iran,No,No,No,No,Medium,No,Business,2024-08-27
C061432,Benjamin Kelly,1985-06-13,41,Female,Russian,Russia,Business Owner,5437037,Russia,No,No,Yes,Yes,Medium,No,Business,2025-07-09
C061440,Atharv Bassi,1957-11-13,68,Female,Indian,India,Student,3753325,India,No,No,No,No,Medium,No,Salary,2024-08-16
C061569,Lisa Atkins,1951-01-24,75,Male,Russian,Russia,Lawyer,5772606,Russia,No,No,No,Yes,Low,No,Salary,2024-06-25
C061656,Irya Subramaniam,1979-10-08,46,Female,Indian,India,Teacher,2625136,India,No,No,Yes,No,Low,No,Salary,2025-09-02
C061777,Courtney Sanders,1961-04-04,65,Male,American,USA,Banker,7199971,USA,No,No,No,No,Medium,No,Salary,2024-09-19
C061985,Austin Fitzgerald,1946-08-09,79,Male,British,UK,Teacher,1878060,UK,No,No,Yes,Yes,Medium,Yes,Savings,2026-06-11
C062222,Sarah Hill,1999-02-24,27,Male,Iranian,Iran,Lawyer,5884538,Iran,No,No,No,No,Medium,No,Salary,2025-02-09
C062254,Ikbal Butala,1990-12-23,35,Male,Indian,India,Consultant,5145703,India,No,No,No,Yes,High,Yes,Savings,2025-06-25
C062399,Carlos Moore,1946-05-01,80,Female,Iranian,Iran,Business Owner,7572355,Iran,No,No,Yes,No,High,Yes,Business,2025-08-27
C062400,Veda Salvi,1996-01-21,30,Female,Indian,India,Teacher,7992170,India,No,No,No,Yes,Low,No,Savings,2025-10-22
C062518,Omya Prasad,1976-01-18,50,Female,Indian,India,Government Employee,6021621,India,No,No,No,Yes,Low,No,Salary,2026-01-09
C062530,Michelle Boyle,1954-03-12,72,Male,Iranian,Iran,Banker,6338396,Iran,No,No,Yes,No,Low,No,Current,2026-05-05
C062560,Jenny Taylor,1980-04-09,46,Female,Russian,Russia,Accountant,9771970,Russia,No,No,Yes,No,High,Yes,Savings,2024-09-18
C062598,Raymond Hoffman,1985-04-12,41,Female,Iranian,Iran,Banker,7625136,Iran,Yes,No,Yes,Yes,High,No,Salary,2026-04-08
C062919,Mahika Rana,1968-07-19,57,Female,Indian,India,Student,7391672,India,No,No,Yes,No,High,Yes,Salary,2025-03-16
C062925,Terri Bright,1947-03-03,79,Female,American,USA,Student,928844,USA,No,No,Yes,No,Low,No,Current,2024-12-14
C063053,Anthony Sanders,1980-11-19,45,Male,Iranian,Iran,Software Engineer,7751785,Iran,No,No,Yes,No,Low,No,Current,2024-08-11
C063064,Jeffrey Phelps,1973-05-04,53,Male,British,UK,Student,6639489,UK,No,No,No,No,Medium,Yes,Savings,2025-07-13
C063075,Miss Marissa Holloway,1965-01-29,61,Female,British,UK,Consultant,2996577,UK,No,No,No,No,Medium,No,Salary,2025-11-18
C063097,William West,1952-05-27,74,Female,Iranian,Iran,Government Employee,2729152,Iran,No,No,Yes,No,Medium,No,Current,2025-02-17
C063102,Kaitlyn Nguyen,1990-09-25,35,Male,Iranian,Iran,Business Owner,5387793,Iran,Yes,Yes,No,Yes,High,No,Current,2025-12-31
C063286,Laksh Mall,1946-02-04,80,Female,Indian,India,Consultant,4252346,India,No,No,No,No,High,Yes,Business,2025-03-12
C063413,Ekalinga Mall,2004-09-13,21,Female,Indian,India,Lawyer,3451675,India,No,No,No,No,Medium,Yes,Salary,2025-03-31
C063436,Robert Shaw,2006-07-09,19,Female,Iranian,Iran,Lawyer,6973984,Iran,Yes,No,No,Yes,High,No,Current,2024-08-19
C063568,Chaitanya Bandi,1980-09-17,45,Male,Indian,India,Student,6301079,India,No,No,Yes,Yes,Low,No,Current,2024-12-02
C063589,Barbara Beck,1976-06-27,49,Male,American,USA,Teacher,4445727,USA,Yes,Yes,No,No,High,Yes,Business,2024-08-06
C063710,Tristan Gupta,1996-05-02,30,Male,Indian,India,Teacher,781512,India,No,No,No,No,Medium,Yes,Current,2025-04-08
C063759,Tony Frederick,1975-05-15,51,Male,British,UK,Student,548022,UK,No,No,Yes,Yes,Medium,Yes,Salary,2026-04-09
C063979,Kyle Graham,1962-10-08,63,Female,British,UK,Government Employee,3151917,UK,No,No,Yes,Yes,Medium,No,Business,2024-12-20
C063991,Paul Sutton,1972-04-27,54,Female,British,UK,Doctor,8163547,UK,Yes,No,Yes,No,High,No,Business,2025-09-17
C064493,Matthew Gentry,1996-11-03,29,Female,Iranian,Iran,Doctor,5531162,Iran,No,No,Yes,Yes,Medium,Yes,Savings,2025-10-03
C064784,Ojas Krish,1948-10-30,77,Female,Indian,India,Lawyer,4235872,India,No,No,Yes,No,Medium,No,Business,2025-12-08
C064804,Hannah Andersen,1989-04-10,37,Female,American,USA,Government Employee,3697398,USA,Yes,No,Yes,Yes,High,Yes,Current,2026-03-16
C064868,Frank Calderon Jr.,1970-08-09,55,Female,Iranian,Iran,Government Employee,7446382,Iran,No,No,No,Yes,Low,No,Salary,2024-10-19
C064880,Rodney Ferguson,1977-05-19,49,Female,British,UK,Teacher,2925828,UK,No,No,Yes,Yes,High,Yes,Savings,2024-10-28
C064898,Pooja Tata,2001-09-29,24,Female,Indian,India,Accountant,5830700,India,No,No,Yes,No,Low,No,Salary,2026-05-19
C065031,Daniel Kelley,1972-05-16,54,Male,British,UK,Teacher,9730674,UK,No,No,Yes,No,Medium,No,Current,2024-10-19
C065042,Steven Hawkins,1986-10-04,39,Female,Iranian,Iran,Accountant,7050413,Iran,No,No,Yes,Yes,High,Yes,Current,2025-11-23
C065234,Michael King,1966-02-25,60,Female,American,USA,Software Engineer,8541937,USA,No,No,Yes,No,Medium,No,Current,2025-02-04
C065491,Lisa Smith,2001-04-27,25,Female,American,USA,Government Employee,2655475,USA,No,No,No,No,Medium,Yes,Current,2025-10-03
C065523,Robert Schwartz,1946-09-25,79,Male,British,UK,Government Employee,1890108,UK,No,No,Yes,Yes,Medium,No,Salary,2026-04-26
C065567,Faraj Amble,1969-09-19,56,Male,Indian,India,Student,7146083,India,No,No,Yes,Yes,Low,No,Current,2025-10-02
C065608,Nicholas Johnson,1961-08-09,64,Male,Russian,Russia,Doctor,2135207,Russia,Yes,No,Yes,Yes,High,No,Salary,2024-10-08
C065632,Urishilla Agate,1968-12-10,57,Male,Indian,India,Consultant,3846777,India,No,No,No,No,Medium,No,Current,2025-01-20
C065750,Imaran Kade,1961-04-03,65,Male,Indian,India,Banker,1088409,India,No,No,No,Yes,Medium,No,Savings,2025-01-18
C065823,Crystal Decker,1965-11-11,60,Male,Iranian,Iran,Doctor,4501048,Iran,No,No,Yes,No,Medium,No,Business,2025-06-14
C065874,Tiffany Obrien,1949-07-13,76,Male,Iranian,Iran,Lawyer,7839647,Iran,No,No,No,Yes,Medium,No,Business,2025-04-20
C065892,Frank Perkins,1981-03-07,45,Male,Russian,Russia,Government Employee,832576,Russia,No,No,No,No,Medium,No,Business,2026-06-10
C065919,Ranbir Dalal,2005-12-18,20,Female,Indian,India,Government Employee,2864590,India,No,No,No,Yes,Medium,No,Savings,2026-06-14
C066010,Christine Williams DDS,1951-09-23,74,Male,British,UK,Banker,3399863,UK,Yes,No,Yes,Yes,High,No,Savings,2026-02-05
C066140,Cody Cameron,1958-04-28,68,Male,British,UK,Software Engineer,1096165,UK,Yes,Yes,No,Yes,High,Yes,Salary,2025-04-24
C066253,Oscar Sibal,1994-07-04,31,Female,Indian,India,Software Engineer,395488,India,No,No,No,Yes,Medium,No,Salary,2026-04-18
C066365,Mrs. Judy Martin,1961-12-28,64,Female,British,UK,Doctor,4068149,UK,No,No,Yes,No,Low,No,Business,2025-05-05
C066449,Elizabeth Ortiz,1969-01-17,57,Female,Iranian,Iran,Software Engineer,3536698,Iran,No,No,No,No,Low,No,Current,2025-07-07
C066454,Christina Smith,1992-06-13,34,Male,Iranian,Iran,Student,2145763,Iran,No,No,Yes,No,Low,No,Savings,2026-02-01
C066631,Urvashi Mital,1967-10-25,58,Male,Indian,India,Doctor,3135183,India,No,No,Yes,Yes,Medium,No,Current,2024-10-20
C066761,Lee Schultz,1964-12-03,61,Female,Russian,Russia,Business Owner,8645817,Russia,No,No,Yes,Yes,Medium,Yes,Salary,2025-01-10
C066818,Zaid Kota,1986-10-28,39,Male,Indian,India,Banker,4946855,India,Yes,No,No,Yes,High,No,Business,2025-12-24
C066843,Pranit Radhakrishnan,1970-05-31,56,Male,Indian,India,Student,2541128,India,No,No,Yes,Yes,Low,No,Current,2025-11-18
C066945,Nancy Pham,1994-10-16,31,Female,American,USA,Teacher,5872333,USA,No,No,Yes,No,Low,No,Salary,2025-02-19
C067147,Baljiwan Zacharia,1947-08-25,78,Female,Indian,India,Teacher,8840044,India,No,No,Yes,No,Medium,No,Current,2025-11-13
C067266,Derek Dominguez,1969-06-29,56,Male,American,USA,Consultant,4786753,USA,No,No,No,No,High,Yes,Business,2024-10-28
C067370,David Campbell,1985-03-14,41,Female,Russian,Russia,Banker,3672730,Russia,No,No,Yes,No,Medium,No,Savings,2026-06-03
C067633,Julian Edwards,2006-09-29,19,Female,British,UK,Banker,7955363,UK,Yes,No,No,No,High,No,Salary,2024-07-14
C067662,Dana Andersen,1972-02-13,54,Female,British,UK,Software Engineer,7107725,UK,No,No,Yes,Yes,High,Yes,Current,2025-01-10
C067731,Prisha Solanki,1989-02-12,37,Male,Indian,India,Business Owner,7353527,India,No,No,No,Yes,Low,No,Current,2026-05-15
C067765,Nathaniel Wells,1959-01-20,67,Male,American,USA,Business Owner,4247399,USA,No,No,No,No,Medium,No,Salary,2024-09-19
C067816,Chaman Raval,1966-12-31,59,Male,Indian,India,Student,4996147,India,No,No,No,No,Low,No,Current,2025-03-25
C067955,Dr. Catherine Stanley DDS,1951-09-10,74,Male,British,UK,Doctor,4726333,UK,No,No,No,Yes,Low,No,Salary,2026-01-01
C068012,Cynthia Deleon,1997-06-16,29,Male,British,UK,Business Owner,3086584,UK,No,No,No,Yes,Low,No,Current,2025-09-06
C068321,Bradley Carson,1957-08-22,68,Female,American,USA,Business Owner,2081694,USA,Yes,No,No,Yes,High,No,Current,2025-08-23
C068324,Sean Miles,2005-10-20,20,Male,British,UK,Accountant,3731733,UK,No,No,No,No,Low,No,Current,2026-01-15
C068352,Kiara Preston,2006-04-04,20,Male,Russian,Russia,Teacher,6352817,Russia,Yes,No,No,No,High,No,Savings,2024-10-23
C068464,Jordan Rivera DDS,1956-10-22,69,Male,Iranian,Iran,Doctor,223760,Iran,No,No,No,Yes,Medium,Yes,Current,2025-05-17
C068653,Jeremy Williams,1981-02-16,45,Male,American,USA,Government Employee,9224133,USA,No,No,Yes,Yes,High,Yes,Savings,2026-01-25
C069024,Amanda Zimmerman,1973-06-11,53,Male,American,USA,Teacher,9319581,USA,Yes,No,No,Yes,High,No,Business,2024-09-07
C069045,Jonathan Rosales,2002-03-29,24,Male,American,USA,Consultant,7067340,USA,No,No,Yes,No,Low,No,Business,2024-06-24
C069046,Krisha Salvi,1991-08-19,34,Male,Indian,India,Software Engineer,329314,India,No,No,Yes,Yes,Medium,No,Salary,2024-07-06
C069063,Sara Perez,1970-09-27,55,Male,Iranian,Iran,Banker,3593623,Iran,No,No,Yes,Yes,High,Yes,Current,2025-04-18
C069102,Lucky Rau,1960-04-04,66,Male,Indian,India,Government Employee,6810726,India,No,No,Yes,Yes,Medium,No,Salary,2024-07-06
C069247,Todd Henderson,1973-03-30,53,Female,American,USA,Government Employee,6560663,USA,No,No,Yes,No,Low,No,Salary,2026-01-13
C069381,Melissa Mullins,2005-06-27,20,Male,British,UK,Government Employee,8930795,UK,No,No,Yes,Yes,High,Yes,Current,2025-01-20
C069386,Gina Garcia,1997-08-01,28,Female,Iranian,Iran,Banker,6018331,Iran,Yes,No,Yes,Yes,High,Yes,Business,2025-12-10
C069413,Tara Raja,1951-01-06,75,Male,Indian,India,Banker,8707384,India,No,No,No,No,High,Yes,Business,2025-06-23
C069650,Cathy Cordova,1974-06-17,52,Female,American,USA,Business Owner,9857251,USA,No,No,Yes,Yes,Low,No,Savings,2025-09-09
C069718,Joshua Owens,1978-09-07,47,Male,Iranian,Iran,Student,1388311,Iran,No,No,Yes,No,Low,No,Savings,2024-09-29
C069856,William Roberts,1963-08-11,62,Female,Russian,Russia,Software Engineer,5010567,Russia,Yes,No,Yes,Yes,High,No,Salary,2025-12-29
C069888,Lauren Obrien,1982-10-21,43,Male,American,USA,Government Employee,5142879,USA,No,No,Yes,No,Medium,Yes,Current,2025-01-05
C069930,Amy Bennett,1976-03-31,50,Male,American,USA,Banker,9094561,USA,No,No,No,No,Medium,No,Savings,2025-02-11
C070187,Juan Lowe,1985-04-25,41,Male,Iranian,Iran,Accountant,4980160,Iran,No,No,Yes,No,Low,No,Salary,2024-11-10
C070578,Yvette Powell,1978-12-12,47,Male,American,USA,Software Engineer,2567409,USA,No,No,No,Yes,Low,No,Salary,2025-12-20
C070891,Shawn Bolton,1990-05-18,36,Male,Iranian,Iran,Teacher,5693949,Iran,No,No,Yes,Yes,Medium,No,Salary,2024-12-31
C070913,Samuel Jones,1950-04-06,76,Female,Iranian,Iran,Banker,3601237,Iran,No,No,No,Yes,Medium,No,Current,2026-01-21
C071041,Alexandra Vance,2001-09-20,24,Female,British,UK,Accountant,5638939,UK,No,No,Yes,Yes,Medium,No,Salary,2025-05-21
C071115,Brenda Baker,1968-05-24,58,Female,Iranian,Iran,Business Owner,6085404,Iran,No,Yes,Yes,No,High,Yes,Business,2024-11-16
C071124,Carol Valencia,1979-09-22,46,Female,British,UK,Business Owner,240340,UK,No,No,Yes,Yes,High,Yes,Current,2025-02-18
C071132,Pranit Sundaram,1945-12-31,80,Male,Indian,India,Lawyer,9060538,India,No,No,No,Yes,Low,No,Business,2024-11-18
C071396,Richard Fisher,1970-03-10,56,Male,Russian,Russia,Doctor,9882997,Russia,No,No,Yes,Yes,Medium,Yes,Salary,2024-09-14
C071557,Nihal Sarin,1993-09-30,32,Male,Indian,India,Accountant,5876636,India,No,No,No,Yes,Medium,No,Business,2024-07-18
C071602,Nicholas Gallagher,2002-04-07,24,Male,Russian,Russia,Lawyer,1554035,Russia,No,No,Yes,No,Low,No,Business,2026-01-27
C071613,Janice Dorsey,1980-03-10,46,Male,American,USA,Student,2615212,USA,No,No,Yes,No,Medium,No,Savings,2026-04-19
C071639,Elizabeth Meyers,1952-03-19,74,Female,British,UK,Government Employee,9234513,UK,No,No,No,Yes,Medium,Yes,Business,2026-05-28
C071925,Ayushman Bora,1965-11-22,60,Female,Indian,India,Software Engineer,5368858,India,Yes,No,Yes,No,High,No,Current,2025-04-29
C071942,Alexa Riddle,1953-01-15,73,Male,American,USA,Government Employee,8656403,USA,No,No,No,Yes,Medium,No,Savings,2024-12-23
C071966,Jennifer Duncan,1970-05-18,56,Male,American,USA,Consultant,6389982,USA,No,No,No,Yes,High,Yes,Current,2025-09-25
C072108,Chakradhar Bhat,1985-04-14,41,Male,Indian,India,Accountant,3596488,India,No,No,No,No,Medium,No,Business,2025-01-21
C072110,Kimberly Clark,1988-03-05,38,Male,American,USA,Business Owner,503484,USA,No,Yes,Yes,Yes,High,No,Current,2024-12-15
C072203,Melanie Moss,1956-10-04,69,Male,British,UK,Teacher,422376,UK,No,No,No,No,Low,No,Current,2024-12-22
C072336,Robert Jackson,1990-11-17,35,Female,Iranian,Iran,Banker,361400,Iran,No,No,Yes,No,Medium,Yes,Savings,2026-04-16
C072530,Jonathan Cunningham,1949-09-07,76,Female,American,USA,Accountant,4979498,USA,No,No,Yes,No,Medium,No,Salary,2025-12-10
C072566,Benjamin Chapman,1959-01-07,67,Male,American,USA,Consultant,3329756,USA,No,No,No,No,High,Yes,Business,2025-03-20
C072685,Carrie Thompson,1948-08-23,77,Female,Russian,Russia,Software Engineer,2057667,Russia,No,No,Yes,Yes,Low,No,Business,2025-02-10
C072793,Joyce Moore,2004-10-23,21,Female,British,UK,Government Employee,2497676,UK,Yes,No,Yes,No,High,No,Business,2024-08-30
C072849,Dylan Dunn,1988-07-06,37,Male,American,USA,Business Owner,2110067,USA,Yes,No,Yes,Yes,High,No,Salary,2026-01-26
C072861,Terry Sanders,1950-02-07,76,Male,British,UK,Software Engineer,8148496,UK,No,No,No,No,Low,No,Savings,2026-03-06
C073113,Kayla Dalton,1974-04-05,52,Male,Iranian,Iran,Consultant,792718,Iran,No,No,Yes,No,High,Yes,Savings,2025-12-13
C073202,Mario Hall,1991-07-01,34,Female,American,USA,Doctor,2592211,USA,No,No,Yes,Yes,Medium,Yes,Salary,2026-05-17
C073240,Megan Phillips,1978-01-20,48,Female,Russian,Russia,Government Employee,2472014,Russia,Yes,No,Yes,No,High,No,Savings,2026-04-20
C073275,Ashley Gill,2003-09-25,22,Female,Iranian,Iran,Banker,7693202,Iran,Yes,No,No,No,High,No,Current,2025-09-03
C073378,Kristi Anderson,1973-07-21,52,Male,Iranian,Iran,Government Employee,3032155,Iran,No,Yes,Yes,No,High,No,Business,2025-07-12
C073422,Kayla Chapman,1956-08-27,69,Male,British,UK,Business Owner,1337606,UK,No,No,No,Yes,Low,No,Current,2024-10-03
C073441,Angela Harrington,1959-01-28,67,Male,Russian,Russia,Business Owner,8511768,Russia,Yes,Yes,Yes,No,High,No,Salary,2025-01-14
C073478,Aadhya Vig,1961-01-11,65,Male,Indian,India,Doctor,6436987,India,No,No,Yes,Yes,Low,No,Current,2025-01-27
C073569,Mr. Joshua Walker PhD,1960-09-04,65,Male,Iranian,Iran,Banker,4342316,Iran,No,Yes,Yes,No,High,No,Savings,2024-10-21
C073610,Mr. Marco Weber,1995-02-03,31,Female,British,UK,Banker,9839305,UK,Yes,Yes,Yes,Yes,High,No,Salary,2026-05-24
C073630,Robert Bradshaw,2007-03-11,19,Male,American,USA,Software Engineer,4209226,USA,Yes,No,Yes,No,High,No,Current,2024-07-29
C073638,Michael Fisher,1981-04-05,45,Male,British,UK,Accountant,5391608,UK,No,No,Yes,No,Medium,No,Savings,2026-04-12
C073678,Marcus Romero,2000-08-28,25,Male,British,UK,Business Owner,1217692,UK,No,No,No,No,High,Yes,Business,2025-11-06
C073777,Megan Andrews,1976-01-23,50,Male,Iranian,Iran,Teacher,3226450,Iran,No,No,Yes,No,Low,No,Salary,2024-07-21
C074214,Travis Maldonado DDS,1974-09-07,51,Male,American,USA,Doctor,8974866,USA,No,No,Yes,Yes,Low,No,Current,2024-10-31
C074219,John Morrison,1950-09-11,75,Female,American,USA,Business Owner,4477363,USA,No,No,No,Yes,Low,No,Business,2026-01-15
C074237,Mrs. Lisa Lopez,1958-06-01,68,Male,Iranian,Iran,Accountant,6047953,Iran,Yes,No,No,Yes,High,Yes,Savings,2025-07-16
C074381,Ishwar Swaminathan,2003-07-02,22,Male,Indian,India,Accountant,7041129,India,No,No,No,Yes,Low,No,Savings,2026-02-21
C074427,Michael Nelson,1959-03-30,67,Female,American,USA,Student,1255051,USA,No,No,Yes,No,Medium,Yes,Savings,2025-08-20
C074480,Trevor Walter,1991-08-23,34,Female,American,USA,Software Engineer,7467968,USA,No,No,No,Yes,High,Yes,Salary,2026-05-27
C074863,Matthew Ramos MD,1988-01-25,38,Female,Iranian,Iran,Government Employee,7541958,Iran,No,No,No,No,Low,No,Savings,2025-12-16
C074953,Joshua Knox,1996-09-01,29,Male,American,USA,Teacher,5997830,USA,No,No,No,Yes,Medium,No,Business,2025-09-27
C075082,Jerry Hansen,2004-09-07,21,Female,British,UK,Software Engineer,9275485,UK,No,No,No,Yes,Medium,No,Salary,2025-10-11
C075178,Indali Tailor,1962-08-16,63,Female,Indian,India,Teacher,2608978,India,No,No,No,Yes,Low,No,Current,2026-05-03
C075268,Toni Bowers,1953-12-22,72,Female,Iranian,Iran,Lawyer,5421015,Iran,No,No,No,Yes,Low,No,Current,2026-02-01
C075270,Cory Smith,1979-04-24,47,Female,Iranian,Iran,Banker,7705922,Iran,No,No,No,No,Low,No,Savings,2025-03-08
C075363,Danny Harris,1964-05-02,62,Female,Iranian,Iran,Consultant,7133331,Iran,No,No,Yes,Yes,High,Yes,Savings,2025-10-21
C075816,Michael Day,1984-10-22,41,Female,American,USA,Consultant,7063368,USA,No,No,Yes,No,Low,No,Salary,2025-01-14
C075832,Ekavir Arora,1989-07-06,36,Female,Indian,India,Business Owner,1733109,India,No,No,Yes,No,Low,No,Salary,2026-06-18
C076056,Daniel Willis,1972-05-21,54,Male,American,USA,Doctor,7661634,USA,No,No,No,Yes,High,Yes,Current,2025-03-07
C076084,Anthony Miranda,2001-07-17,24,Female,Iranian,Iran,Accountant,8472777,Iran,No,No,Yes,Yes,Low,No,Savings,2026-01-04
C076123,Russell Campbell,1955-01-16,71,Male,British,UK,Doctor,1549225,UK,No,No,No,No,High,Yes,Salary,2026-01-24
C076173,Amy Tanner,2001-12-08,24,Male,Iranian,Iran,Banker,1328579,Iran,No,No,No,No,Medium,No,Current,2026-05-22
C076176,Chatura Goel,1957-02-10,69,Male,Indian,India,Lawyer,6259943,India,No,No,Yes,No,Low,No,Savings,2025-01-20
C076342,Mario Roberts,1955-04-05,71,Male,American,USA,Software Engineer,8745806,USA,No,No,No,Yes,Medium,No,Savings,2025-08-06
C076365,Robin Nielsen,1960-03-21,66,Male,Iranian,Iran,Doctor,7111552,Iran,Yes,Yes,No,Yes,High,No,Salary,2026-06-21
C076517,Jagat Narula,1978-05-25,48,Male,Indian,India,Business Owner,4533442,India,No,No,Yes,No,Medium,No,Current,2025-06-05
C076623,Jimmy Jones,1971-12-26,54,Female,British,UK,Teacher,7436883,UK,Yes,No,No,Yes,High,No,Salary,2026-03-07
C076714,Priscilla Butler,1989-04-03,37,Male,Iranian,Iran,Government Employee,1384761,Iran,No,No,Yes,Yes,Medium,No,Business,2025-05-08
C076755,Stephanie Gray,1969-01-09,57,Female,American,USA,Student,9286744,USA,No,No,Yes,No,High,Yes,Savings,2025-06-06
C076956,Kristen Wright,1978-03-20,48,Male,Iranian,Iran,Government Employee,595479,Iran,No,No,No,No,High,Yes,Savings,2026-06-13
C077098,Steven Wiley,1969-01-04,57,Female,Russian,Russia,Student,3115185,Russia,No,No,Yes,No,Medium,Yes,Current,2025-04-23
C077105,Cory Nelson,1951-04-29,75,Male,Iranian,Iran,Consultant,9654279,Iran,Yes,No,Yes,No,High,No,Business,2025-07-12
C077226,Timothy Stewart II,1993-08-21,32,Female,American,USA,Consultant,7654930,USA,No,No,No,Yes,Low,No,Business,2025-05-22
C077259,Lindsay Bailey MD,1969-08-22,56,Male,Russian,Russia,Banker,8849445,Russia,No,No,Yes,No,Medium,No,Current,2025-08-28
C077275,Andrew Robinson,1974-05-08,52,Male,American,USA,Student,3403475,USA,No,No,No,Yes,Medium,Yes,Salary,2024-12-24
C077339,Tiffany Jackson,1988-02-06,38,Female,Russian,Russia,Consultant,8696847,Russia,No,No,No,Yes,Medium,No,Current,2026-05-31
C077379,Stacy Dyer,1952-06-17,74,Male,American,USA,Consultant,2349110,USA,No,No,No,Yes,Low,No,Savings,2024-10-04
C077394,Christopher Harper,2006-11-14,19,Male,Russian,Russia,Business Owner,857357,Russia,No,No,Yes,No,Medium,No,Savings,2026-06-06
C077549,Mackenzie Christensen PhD,1982-06-24,44,Male,American,USA,Business Owner,4309345,USA,No,No,Yes,Yes,Low,No,Salary,2024-11-30
C077589,Brett Graham,1969-01-22,57,Male,Russian,Russia,Doctor,1095842,Russia,No,Yes,No,Yes,High,Yes,Salary,2026-05-31
C077634,Michael Garza,1953-06-22,73,Female,American,USA,Software Engineer,7586620,USA,No,No,No,Yes,Low,No,Business,2024-12-31
C077654,Amy Mcdonald,1959-02-21,67,Female,Russian,Russia,Accountant,4592906,Russia,Yes,No,No,Yes,High,No,Business,2024-10-31
C077708,Shawn Washington,1956-08-31,69,Female,American,USA,Doctor,5907393,USA,No,No,Yes,Yes,Medium,No,Savings,2025-06-18
C077731,Nirja Menon,1963-08-28,62,Female,Indian,India,Teacher,3543038,India,No,No,Yes,No,Medium,No,Savings,2024-06-24
C077832,Ekanta Rastogi,1994-10-30,31,Male,Indian,India,Banker,1030256,India,No,No,Yes,Yes,Low,No,Business,2025-12-02
C077847,Deborah Fox,1975-01-21,51,Female,American,USA,Student,3659566,USA,No,No,No,Yes,High,Yes,Current,2024-09-10
C077977,Victoria Carr,1952-04-28,74,Male,American,USA,Student,9979149,USA,No,Yes,No,Yes,High,No,Savings,2025-09-12
C077988,Gaurang Prasad,1962-03-15,64,Female,Indian,India,Lawyer,4816681,India,Yes,No,No,No,High,No,Current,2024-08-08
C078019,Renee Mcclure,1988-09-30,37,Female,Russian,Russia,Consultant,2603318,Russia,No,No,No,No,Low,No,Business,2026-02-23
C078065,Michael Harris,1969-08-14,56,Male,Iranian,Iran,Accountant,9860480,Iran,No,No,Yes,Yes,Medium,No,Business,2025-07-02
C078097,Matthew Mcfarland,1974-09-04,51,Female,Russian,Russia,Accountant,3792604,Russia,No,No,Yes,No,Low,No,Business,2025-09-18
C078110,Cameron Bailey,2003-11-17,22,Female,Iranian,Iran,Teacher,8145443,Iran,No,No,Yes,Yes,Low,No,Business,2024-09-24
C078279,Annette Montgomery,1968-09-01,57,Male,Iranian,Iran,Banker,5808402,Iran,Yes,No,Yes,Yes,High,No,Business,2025-04-18
C078343,Rebecca Wise,1982-08-08,43,Male,Russian,Russia,Banker,3447857,Russia,No,No,No,No,Low,No,Savings,2025-03-20
C078379,Jessica Carlson,1951-06-05,75,Female,British,UK,Software Engineer,8698964,UK,No,No,Yes,Yes,Medium,No,Savings,2024-07-10
C078522,Panini Srivastava,1993-04-10,33,Male,Indian,India,Doctor,2415824,India,No,No,Yes,No,High,Yes,Salary,2024-09-05
C078735,Michael Hall,1998-09-20,27,Male,Iranian,Iran,Business Owner,3809170,Iran,No,No,Yes,No,Low,No,Business,2026-03-24
C078761,Douglas Martin,1957-04-11,69,Female,American,USA,Banker,3609365,USA,No,No,Yes,Yes,Low,No,Savings,2025-07-20
C078803,Christopher Howard,1969-01-06,57,Female,American,USA,Accountant,9948359,USA,Yes,Yes,No,Yes,High,No,Salary,2025-04-22
C078828,Triveni Garde,1978-08-29,47,Female,Indian,India,Government Employee,8115140,India,Yes,No,Yes,Yes,High,Yes,Business,2024-08-22
C078915,Danielle Martinez,1946-07-15,79,Male,American,USA,Government Employee,1309019,USA,No,No,Yes,No,High,Yes,Business,2026-02-25
C078971,Aayush Jaggi,1977-08-31,48,Female,Indian,India,Student,538761,India,No,No,Yes,No,Low,No,Current,2025-09-11
C078989,Qushi Krishnan,1988-07-27,37,Female,Indian,India,Consultant,8523040,India,Yes,No,No,No,High,No,Salary,2025-10-09
C079266,Dawn Jones,1993-02-03,33,Female,British,UK,Accountant,5112747,UK,No,No,No,Yes,Low,No,Salary,2025-08-30
C079270,Grant Lopez,1956-12-27,69,Male,Russian,Russia,Software Engineer,5154894,Russia,No,No,No,No,Medium,No,Current,2026-03-12
C079319,Jessica Petersen,1993-08-10,32,Male,Iranian,Iran,Banker,7571500,Iran,Yes,No,No,Yes,High,No,Salary,2026-06-09
C079697,Elizabeth Davis,1963-11-02,62,Female,Iranian,Iran,Lawyer,3002664,Iran,No,No,No,No,Medium,No,Business,2026-05-18
C079742,Teresa Parker,2006-02-25,20,Male,American,USA,Business Owner,8446208,USA,No,No,Yes,No,Low,No,Salary,2025-05-31
C079745,Jennifer Perez,2000-04-05,26,Male,American,USA,Government Employee,6774096,USA,No,Yes,No,No,High,Yes,Business,2026-04-26
C079767,Matthew Gilmore,1998-09-11,27,Male,Iranian,Iran,Government Employee,251753,Iran,No,No,No,Yes,Medium,No,Business,2024-10-06
C079836,Jasmit Wali,1992-05-17,34,Male,Indian,India,Business Owner,3980384,India,No,No,Yes,Yes,Medium,No,Current,2026-04-21
C079878,Mary Wolf,1974-11-22,51,Female,Russian,Russia,Lawyer,4158979,Russia,No,No,Yes,Yes,Low,No,Salary,2025-07-27
C079949,Aaron Fleming,1965-06-20,61,Male,Iranian,Iran,Consultant,3147480,Iran,No,No,Yes,No,Medium,Yes,Current,2024-11-17
C079952,Henry Parsa,2002-09-27,23,Male,Indian,India,Accountant,5103860,India,No,Yes,Yes,No,High,No,Business,2025-06-08
C079984,Bhavini Narasimhan,1948-10-20,77,Male,Indian,India,Student,5592823,India,No,No,Yes,Yes,High,Yes,Salary,2024-08-03
C080011,John Roberts,1974-07-23,51,Male,British,UK,Doctor,5683018,UK,No,Yes,Yes,No,High,Yes,Business,2024-12-18
C080029,Kenneth Alvarez Jr.,1950-07-31,75,Female,British,UK,Teacher,7319370,UK,No,No,Yes,No,Low,No,Current,2025-03-08
C080160,Gregory Russell,1974-07-22,51,Male,American,USA,Consultant,2865918,USA,No,No,Yes,Yes,Low,No,Current,2024-12-28
C080187,Jennifer Warren,1966-09-06,59,Male,British,UK,Software Engineer,9355301,UK,No,No,No,No,Low,No,Business,2026-03-14
C080240,Aadhya Kadakia,1963-08-18,62,Male,Indian,India,Business Owner,5952999,India,No,No,Yes,No,Low,No,Current,2026-02-20
C080288,Joseph Barron,2005-11-14,20,Male,American,USA,Business Owner,7823557,USA,No,No,Yes,Yes,Low,No,Salary,2026-02-01
C080703,Ryan Shepherd,1999-06-27,26,Female,British,UK,Student,213475,UK,No,Yes,No,Yes,High,No,Business,2025-12-08
C080723,Advik Chaudhuri,2006-07-20,19,Female,Indian,India,Consultant,9430862,India,No,No,Yes,Yes,Low,No,Salary,2026-06-10
C081239,Julie Mccarthy,2008-02-10,18,Male,British,UK,Software Engineer,3345216,UK,No,No,No,Yes,Low,No,Business,2026-05-29
C081260,Jessica Phillips,1976-03-21,50,Male,Iranian,Iran,Teacher,9936068,Iran,No,No,Yes,No,Medium,No,Business,2025-02-11
C081468,Shane Fuentes,1985-12-12,40,Female,British,UK,Lawyer,7021101,UK,Yes,Yes,Yes,Yes,High,No,Salary,2024-10-21
C081476,Vedhika Sant,1991-09-07,34,Male,Indian,India,Software Engineer,6759187,India,Yes,No,No,Yes,High,Yes,Savings,2025-03-03
C081499,Laban Dewan,1959-06-06,67,Male,Indian,India,Lawyer,7914779,India,No,No,No,No,High,Yes,Salary,2024-07-18
C081870,Betty Mcintyre,1979-06-02,47,Male,Russian,Russia,Government Employee,9778780,Russia,No,No,No,Yes,Medium,No,Savings,2025-02-06
C081874,Gayathri Deshpande,1971-04-23,55,Female,Indian,India,Doctor,5348743,India,No,No,Yes,No,Low,No,Current,2026-01-06
C081966,Alicia Harris,1955-01-20,71,Female,Russian,Russia,Consultant,4877499,Russia,No,No,Yes,Yes,Medium,No,Salary,2025-10-14
C082052,Alka Gara,1973-01-31,53,Male,Indian,India,Student,1438174,India,No,No,No,Yes,High,Yes,Business,2025-10-14
C082073,Steven Chambers,1964-02-13,62,Male,British,UK,Accountant,444953,UK,Yes,No,No,No,High,No,Current,2025-10-28
C082127,Katelyn Mcmillan,1972-11-02,53,Female,Russian,Russia,Software Engineer,1804674,Russia,No,Yes,No,No,High,No,Savings,2025-07-13
C082279,Katie Olson,1969-04-19,57,Male,American,USA,Business Owner,5825012,USA,No,No,Yes,Yes,Medium,No,Business,2026-03-29
C082369,Paul Elliott,1998-07-21,27,Female,Iranian,Iran,Software Engineer,712807,Iran,Yes,No,No,Yes,High,No,Savings,2026-03-29
C082426,Wahab Saran,1950-04-08,76,Male,Indian,India,Lawyer,6888190,India,Yes,No,No,Yes,High,No,Current,2025-07-16
C082451,Paula Greer,2007-07-30,18,Female,Russian,Russia,Lawyer,5581022,Russia,No,No,Yes,No,High,Yes,Salary,2024-08-17
C082468,Rodney Brown DDS,1988-11-12,37,Female,British,UK,Teacher,4955568,UK,No,No,No,No,Medium,No,Salary,2026-01-18
C082505,Mason Crosby,1974-10-03,51,Male,American,USA,Software Engineer,5348166,USA,No,No,No,No,Medium,Yes,Current,2026-06-16
C082513,Brian Whitaker,2007-08-04,18,Male,American,USA,Software Engineer,6747418,USA,No,Yes,Yes,No,High,Yes,Salary,2026-01-21
C082525,Yochana Devi,1987-02-03,39,Male,Indian,India,Banker,1248133,India,Yes,No,No,Yes,High,Yes,Salary,2025-11-07
C082602,Austin Martinez,1990-04-06,36,Male,American,USA,Student,3348169,USA,No,No,No,No,Medium,No,Salary,2025-04-06
C082721,Eric Beck,1987-08-04,38,Female,Russian,Russia,Lawyer,8276968,Russia,Yes,No,No,No,High,No,Business,2024-11-03
C082997,Omkaar Dugar,1981-11-09,44,Male,Indian,India,Accountant,3456700,India,Yes,No,No,Yes,High,Yes,Business,2025-12-24
C083045,Mark Cunningham,1963-05-15,63,Female,Iranian,Iran,Teacher,8495814,Iran,No,No,Yes,Yes,Low,No,Salary,2025-01-22
C083151,Misty Norman,1962-10-29,63,Male,Russian,Russia,Student,9461443,Russia,No,No,No,No,Medium,No,Salary,2026-04-13
C083369,Julie Hicks,2000-09-13,25,Male,Iranian,Iran,Teacher,3746884,Iran,Yes,No,No,Yes,High,No,Savings,2024-09-04
C083405,Paul Lawrence,1987-10-23,38,Female,British,UK,Banker,7998694,UK,No,No,No,Yes,Medium,No,Salary,2025-05-16
C083535,Suzanne Anderson,1958-01-30,68,Male,American,USA,Business Owner,3449454,USA,No,No,No,No,Medium,No,Salary,2026-03-03
C083624,Peter Mccormick,1950-01-18,76,Female,Iranian,Iran,Banker,9760035,Iran,No,No,Yes,Yes,Medium,No,Savings,2025-07-31
C083676,Vincent Brennan,1987-08-07,38,Female,Russian,Russia,Banker,1708654,Russia,No,No,Yes,No,Low,No,Savings,2024-10-29
C083687,Erica Weiss,1984-11-16,41,Male,Iranian,Iran,Business Owner,1149465,Iran,No,No,Yes,Yes,Medium,No,Current,2024-07-08
C083980,Jennifer Koch,1997-09-03,28,Female,American,USA,Student,7353343,USA,No,No,No,Yes,Low,No,Salary,2026-05-30
C084011,Richard Perez,1954-05-09,72,Female,Iranian,Iran,Consultant,7513233,Iran,Yes,No,No,No,High,No,Savings,2024-10-05
C084023,Christine Atkinson,2006-05-21,20,Male,American,USA,Business Owner,597703,USA,No,No,Yes,No,Low,No,Business,2025-11-19
C084254,Joe Fleming,1991-11-12,34,Female,Iranian,Iran,Consultant,5673838,Iran,No,No,Yes,No,Low,No,Savings,2026-03-05
C084270,Kristin Howe,1976-09-07,49,Male,Russian,Russia,Consultant,5992665,Russia,No,No,No,Yes,Medium,No,Current,2026-05-18
C084380,Dayamai Sidhu,1977-10-16,48,Female,Indian,India,Doctor,3389549,India,No,No,Yes,Yes,Medium,No,Salary,2025-05-18
C084443,Zarna Ramachandran,2002-02-01,24,Male,Indian,India,Teacher,8620987,India,No,No,No,Yes,Medium,Yes,Business,2025-10-13
C084498,Kimberly White,1968-04-07,58,Female,Russian,Russia,Software Engineer,9895973,Russia,No,No,No,No,Low,No,Current,2026-03-11
C084559,Zachary Bruce,1995-06-18,31,Male,Russian,Russia,Consultant,4848732,Russia,No,No,No,No,Medium,No,Salary,2025-04-19
C084611,Nancy Riley,1997-12-22,28,Male,Russian,Russia,Teacher,9022956,Russia,Yes,No,No,Yes,High,No,Business,2024-09-04
C084738,Gerald Cantu,1961-08-02,64,Female,British,UK,Government Employee,4797200,UK,No,No,Yes,Yes,Medium,No,Business,2025-07-14
C084759,Sabrina Lewis,1999-06-07,27,Male,British,UK,Teacher,9043121,UK,No,No,No,No,Medium,No,Savings,2025-02-05
C084818,William Norton,2001-12-03,24,Female,British,UK,Software Engineer,6253405,UK,No,No,Yes,No,Medium,No,Current,2024-11-15
C084840,Mary Bennett,2003-07-19,22,Male,Iranian,Iran,Consultant,995870,Iran,Yes,No,Yes,Yes,High,Yes,Salary,2025-04-30
C084866,Carlos Trujillo,1998-08-04,27,Female,Iranian,Iran,Lawyer,7520194,Iran,No,No,Yes,Yes,Medium,No,Current,2025-01-14
C085002,Robert Jones,1966-03-13,60,Male,Iranian,Iran,Business Owner,2418631,Iran,No,No,Yes,No,Low,No,Savings,2025-11-20
C085003,Julie Kennedy,1999-04-28,27,Female,Russian,Russia,Doctor,323529,Russia,No,No,Yes,No,Low,No,Salary,2025-11-27
C085006,Angela Simpson,1953-11-23,72,Female,Iranian,Iran,Government Employee,7203355,Iran,No,No,Yes,Yes,Medium,No,Business,2026-01-31
C085012,Mark Alvarez,2004-10-20,21,Male,Iranian,Iran,Student,3156462,Iran,No,No,Yes,Yes,High,Yes,Savings,2025-10-03
C085114,Derek Smith,2003-02-18,23,Female,British,UK,Software Engineer,1400030,UK,Yes,Yes,Yes,Yes,High,No,Current,2024-09-08
C085293,Cameron Smith,1955-08-21,70,Male,British,UK,Banker,632149,UK,No,No,No,No,Low,No,Salary,2026-06-08
C085422,Michael Barnes,1998-04-29,28,Male,American,USA,Doctor,1167566,USA,Yes,No,No,Yes,High,No,Savings,2025-09-08
C085786,Alexa Swanson,1955-10-07,70,Male,American,USA,Lawyer,4834811,USA,No,No,Yes,No,Low,No,Business,2026-04-15
C085936,Stephanie Steele,1945-08-01,80,Female,Iranian,Iran,Student,3839808,Iran,No,No,Yes,No,Low,No,Salary,2024-10-17
C086196,Kelly Li,1982-09-24,43,Male,British,UK,Consultant,6917075,UK,No,No,No,No,Medium,No,Salary,2025-08-12
C086318,Oviya Gaba,1998-07-07,27,Female,Indian,India,Government Employee,3974480,India,No,No,Yes,No,High,Yes,Savings,2025-09-10
C086333,Daniel Jackson,1949-08-15,76,Male,Iranian,Iran,Student,2450078,Iran,No,No,Yes,Yes,High,Yes,Savings,2025-06-09
C086927,Joshua Saunders,1975-06-10,51,Female,American,USA,Teacher,4421267,USA,No,No,Yes,No,Low,No,Current,2024-09-20
C087113,Ernest Johnson,2002-07-16,23,Female,American,USA,Accountant,9095201,USA,Yes,No,Yes,Yes,High,No,Salary,2025-07-12
C087200,Lindsey Williams,2000-03-01,26,Male,American,USA,Business Owner,3139472,USA,Yes,No,No,No,High,No,Business,2025-05-26
C087601,Brian King,2002-11-30,23,Male,Iranian,Iran,Business Owner,4378195,Iran,No,No,No,No,Medium,No,Savings,2025-07-21
C087737,Charles Vega,1946-07-21,79,Male,American,USA,Student,9107633,USA,No,No,No,Yes,Low,No,Current,2024-12-20
C087754,Melvin White,1961-01-01,65,Male,Iranian,Iran,Consultant,7801883,Iran,No,No,No,Yes,Medium,No,Savings,2024-11-07
C087932,Brandon Bryant,1970-03-15,56,Male,British,UK,Lawyer,2365879,UK,Yes,No,No,Yes,High,Yes,Savings,2026-05-24
C088075,Gary Blevins,1962-01-04,64,Male,Iranian,Iran,Banker,5152713,Iran,No,No,Yes,No,Medium,No,Salary,2026-03-25
C088329,Julia Santos,1970-12-14,55,Female,Russian,Russia,Consultant,3792687,Russia,No,No,No,No,Low,No,Salary,2025-10-28
C088461,Yashodhara Mander,2006-07-06,19,Male,Indian,India,Business Owner,5687462,India,No,No,Yes,No,Medium,No,Current,2024-12-01
C088510,Angela Miller,1965-07-01,60,Female,British,UK,Government Employee,5935812,UK,No,No,Yes,No,Medium,No,Savings,2025-04-03
C088524,Ivan Cox,1977-03-17,49,Male,Russian,Russia,Software Engineer,4864450,Russia,Yes,No,No,Yes,High,No,Salary,2025-04-26
C088595,Wridesh Oza,1952-10-25,73,Female,Indian,India,Student,8601556,India,No,No,Yes,No,Low,No,Savings,2026-01-22
C088646,Jason Washington,2006-05-31,20,Male,British,UK,Banker,6912638,UK,No,Yes,Yes,Yes,High,No,Business,2025-11-14
C088776,Sarah Kim,1948-01-29,78,Female,American,USA,Banker,8117837,USA,No,No,Yes,No,Medium,No,Current,2025-01-03
C088978,Michael Franco,1962-10-10,63,Female,British,UK,Consultant,1608395,UK,Yes,No,No,No,High,Yes,Current,2025-02-20
C088992,Rhonda Wallace,2001-01-30,25,Male,American,USA,Business Owner,3740526,USA,Yes,No,Yes,No,High,No,Salary,2025-04-05
C088995,Randy Sandoval,1962-02-17,64,Male,British,UK,Student,8819855,UK,No,No,Yes,No,Low,No,Current,2025-12-21
C089322,Pamela Massey,1986-02-13,40,Male,Iranian,Iran,Business Owner,8958622,Iran,No,No,No,Yes,Low,No,Current,2024-10-22
C089549,Karen Andrews,1983-12-24,42,Female,Iranian,Iran,Teacher,8511829,Iran,No,Yes,No,No,High,No,Current,2025-10-23
C089556,Kevin Bright,1978-03-08,48,Female,American,USA,Accountant,3864721,USA,No,No,No,No,Medium,Yes,Salary,2025-01-14
C089603,Jay Shaw,1960-10-18,65,Female,Iranian,Iran,Doctor,5996130,Iran,No,No,No,Yes,Medium,No,Business,2026-01-31
C089708,Dawn Smith,1952-09-06,73,Female,American,USA,Teacher,3589425,USA,Yes,No,No,No,High,No,Current,2025-09-28
C089897,Karen Turner,1952-04-09,74,Female,Russian,Russia,Government Employee,1742545,Russia,No,No,No,No,Medium,No,Business,2026-03-25
C089960,Carolyn French,1987-05-08,39,Female,British,UK,Lawyer,9197632,UK,No,No,No,No,Medium,No,Current,2025-07-31
C090133,George Brown,1984-02-28,42,Female,British,UK,Accountant,6312934,UK,Yes,No,No,No,High,No,Business,2024-12-31
C090800,John Huffman,1953-12-18,72,Female,Iranian,Iran,Business Owner,9047170,Iran,No,No,Yes,Yes,Low,No,Current,2024-11-06
C090918,Scott Williams,1982-02-04,44,Female,British,UK,Doctor,3210388,UK,Yes,No,No,No,High,Yes,Business,2025-08-09
C090981,Alexis Mcdaniel,2000-06-07,26,Female,Russian,Russia,Teacher,1956376,Russia,No,No,No,No,Low,No,Business,2025-08-24
C090987,Jennifer Mahoney,1959-10-13,66,Male,Russian,Russia,Business Owner,6721580,Russia,No,No,No,No,Low,No,Savings,2025-09-28
C091095,Latasha Rivera,1979-09-07,46,Female,Iranian,Iran,Software Engineer,3718492,Iran,No,No,No,No,Medium,No,Business,2025-05-18
C091306,Oliver Prakash,1974-04-27,52,Male,Indian,India,Consultant,1572854,India,No,No,Yes,Yes,Medium,Yes,Savings,2024-07-30
C091319,Nathaniel Andra,2004-10-22,21,Female,Indian,India,Software Engineer,9548066,India,No,No,Yes,No,Low,No,Salary,2024-06-24
C091386,Bruce Willis,1976-08-06,49,Female,Iranian,Iran,Software Engineer,8677007,Iran,No,No,Yes,No,Medium,Yes,Savings,2025-05-20
C091589,Kimberly Ramirez,1986-04-20,40,Female,Iranian,Iran,Business Owner,9359776,Iran,No,No,No,Yes,Low,No,Savings,2024-09-29
C091664,Jose Salas,1990-02-06,36,Female,British,UK,Teacher,8915708,UK,No,No,Yes,No,Medium,No,Business,2025-06-19
C091749,Robert Dorsey,1997-07-24,28,Male,American,USA,Consultant,1574482,USA,No,No,Yes,Yes,Medium,No,Salary,2025-12-29
C091771,Danielle Shelton,1999-01-13,27,Male,Iranian,Iran,Doctor,7768780,Iran,No,No,No,Yes,Medium,Yes,Salary,2025-12-29
C091831,Danny Roberts,1986-02-06,40,Male,American,USA,Student,8774502,USA,Yes,No,Yes,No,High,No,Business,2025-08-04
C091899,Felicia Turner,1961-10-22,64,Male,American,USA,Accountant,8725890,USA,Yes,No,No,Yes,High,No,Savings,2025-12-04
C091916,Kelli Mueller,2004-04-15,22,Female,British,UK,Banker,6595366,UK,No,No,Yes,Yes,Medium,No,Salary,2025-11-21
C091974,James Pierce,1978-03-20,48,Male,Iranian,Iran,Consultant,5347028,Iran,No,No,No,Yes,Medium,Yes,Current,2025-11-26
C092017,Rachel Williams,1972-06-30,53,Female,American,USA,Government Employee,9953818,USA,No,No,Yes,No,Medium,No,Business,2024-12-13
C092101,Kathy Williams,1995-06-08,31,Male,British,UK,Accountant,2719267,UK,Yes,No,No,No,High,No,Current,2024-11-13
C092183,Terri Golden,1978-05-05,48,Male,American,USA,Business Owner,4426136,USA,No,No,No,No,Low,No,Salary,2026-05-13
C092190,Bahadurjit Tata,1967-10-03,58,Male,Indian,India,Lawyer,3093522,India,No,No,Yes,Yes,Medium,No,Salary,2024-10-14
C092213,Joseph Newman MD,1973-05-28,53,Female,American,USA,Banker,4128253,USA,Yes,No,No,No,High,Yes,Savings,2025-02-01
C092234,Melissa Serrano,1948-03-20,78,Male,British,UK,Business Owner,6931158,UK,Yes,No,Yes,Yes,High,No,Salary,2026-03-21
C092651,Vamakshi Malhotra,1991-01-11,35,Female,Indian,India,Doctor,404508,India,Yes,No,No,Yes,High,No,Business,2026-02-07
C092807,Andrew Copeland,1984-02-04,42,Male,Iranian,Iran,Government Employee,484945,Iran,No,No,Yes,Yes,Low,No,Salary,2026-02-04
C092847,David Taylor,1967-08-08,58,Male,Iranian,Iran,Software Engineer,3714989,Iran,No,No,No,Yes,Low,No,Business,2024-12-20
C092851,Mrs. Mindy Boyer PhD,1968-01-07,58,Male,American,USA,Software Engineer,5092860,USA,No,No,Yes,No,Low,No,Business,2025-02-12
C092864,Richard Webster,2008-02-14,18,Male,American,USA,Consultant,1889395,USA,No,No,Yes,Yes,Medium,No,Current,2026-02-01
C092885,Yvette Long,1984-08-25,41,Female,British,UK,Banker,7745437,UK,No,No,Yes,No,Low,No,Business,2025-09-03
C092994,Steve Escobar,1947-08-05,78,Male,American,USA,Banker,1855087,USA,No,No,No,No,High,Yes,Business,2024-08-04
C093036,Cassidy Blake,1957-02-15,69,Male,Russian,Russia,Business Owner,3351504,Russia,Yes,No,Yes,No,High,Yes,Salary,2024-07-26
C093102,Jennifer Allison,2002-10-10,23,Male,Iranian,Iran,Government Employee,9749944,Iran,Yes,No,Yes,No,High,No,Business,2024-09-09
C093113,Thomas Patterson,2005-05-06,21,Male,British,UK,Doctor,3732496,UK,No,No,Yes,No,High,Yes,Current,2026-01-12
C093166,Carolyn Benson,1990-07-09,35,Male,Iranian,Iran,Doctor,969438,Iran,No,No,Yes,Yes,Low,No,Savings,2024-08-17
C093236,Kelli Mejia,1959-11-06,66,Male,Russian,Russia,Accountant,9082987,Russia,No,No,Yes,Yes,Low,No,Current,2025-05-10
C093294,William Mukherjee,1987-11-03,38,Female,Indian,India,Accountant,897606,India,Yes,No,No,No,High,No,Business,2024-07-04
C093382,Timothy Boyle,1971-01-03,55,Female,British,UK,Software Engineer,6352095,UK,Yes,No,No,No,High,No,Current,2026-06-05
C093393,Anthony Lawrence,1989-01-11,37,Male,American,USA,Accountant,9453677,USA,No,No,No,No,Low,No,Current,2024-09-30
C093999,Agastya Borde,1950-08-19,75,Female,Indian,India,Lawyer,1725760,India,No,No,Yes,No,Low,No,Salary,2024-07-01
C094188,Michael Medina,1963-02-24,63,Male,American,USA,Accountant,9927291,USA,No,No,No,No,Low,No,Salary,2024-08-18
C094313,Miranda Pena,1959-11-30,66,Female,Russian,Russia,Teacher,2023277,Russia,No,No,No,No,Medium,No,Savings,2025-12-20
C094477,Jyoti Solanki,1973-10-17,52,Female,Indian,India,Consultant,8320290,India,No,No,No,No,Low,No,Salary,2025-06-24
C094532,Joy Smith,1984-07-24,41,Male,British,UK,Software Engineer,3347915,UK,No,No,Yes,No,Low,No,Business,2024-07-19
C094544,Tony Gomez,1978-11-05,47,Male,British,UK,Student,4445948,UK,No,No,Yes,No,Low,No,Savings,2025-09-29
C094661,Karen Williams,1948-10-06,77,Male,British,UK,Software Engineer,1323749,UK,Yes,No,No,No,High,No,Savings,2025-08-14
C094681,Meera Sane,1987-07-05,38,Female,Indian,India,Doctor,9377576,India,No,No,No,Yes,Medium,No,Salary,2025-12-23
C094702,Alexandra Mahoney,1975-03-05,51,Male,American,USA,Teacher,6335612,USA,No,No,No,Yes,Low,No,Business,2025-08-19
C094736,Richard Fisher,1963-01-26,63,Female,American,USA,Software Engineer,4630487,USA,Yes,No,No,Yes,High,No,Salary,2024-08-18
C094881,Benjamin Curry,1977-02-06,49,Female,Iranian,Iran,Banker,3759501,Iran,No,No,Yes,Yes,Low,No,Salary,2026-06-17
C094906,Chaman Andra,1979-05-08,47,Female,Indian,India,Accountant,8912113,India,No,No,No,No,Medium,No,Salary,2026-06-13
C094937,Sanaya Kothari,1989-07-23,36,Male,Indian,India,Banker,6150749,India,No,No,Yes,No,Medium,No,Current,2024-11-01
C095034,Shane Chase,1975-01-01,51,Male,Iranian,Iran,Software Engineer,3794082,Iran,No,No,No,No,High,Yes,Salary,2025-04-19
C095160,Janet Williams,1998-05-13,28,Male,British,UK,Student,3776613,UK,No,No,Yes,Yes,High,Yes,Current,2024-06-25
C095196,Michelle Long,1990-01-11,36,Female,Iranian,Iran,Lawyer,5623920,Iran,Yes,No,No,No,High,Yes,Current,2026-02-08
C095420,Peter Valdez,2000-02-26,26,Male,American,USA,Government Employee,3464209,USA,No,No,Yes,Yes,Low,No,Business,2024-09-13
C095449,Cynthia Kelley,1990-11-10,35,Female,British,UK,Accountant,5759846,UK,No,No,No,No,Low,No,Salary,2024-09-09
C095501,Craig Johnson,1992-03-17,34,Male,Iranian,Iran,Business Owner,1890520,Iran,Yes,No,Yes,No,High,Yes,Business,2025-12-29
C095585,Hemal Suresh,1955-04-02,71,Female,Indian,India,Banker,8099710,India,No,No,No,No,Low,No,Business,2025-03-28
C095682,Thomas Rodriguez,1999-10-16,26,Male,American,USA,Banker,9732977,USA,No,No,Yes,No,Medium,Yes,Current,2025-05-07
C095689,Kelly Lopez,1974-07-03,51,Female,Russian,Russia,Business Owner,2444121,Russia,Yes,No,No,Yes,High,No,Current,2024-12-29
C095712,James Snyder,1951-07-15,74,Male,American,USA,Software Engineer,9190840,USA,No,No,Yes,No,High,Yes,Savings,2025-04-24
C095783,Tammy Porter,1971-02-24,55,Male,Iranian,Iran,Doctor,8646325,Iran,No,No,Yes,No,Low,No,Business,2025-03-01
C095845,Rehaan Cherian,1964-12-18,61,Male,Indian,India,Teacher,8745274,India,No,No,No,No,Medium,No,Current,2025-11-02
C095890,Urvi Mitra,2001-07-15,24,Female,Indian,India,Accountant,3444118,India,No,No,Yes,No,Medium,Yes,Savings,2025-03-10
C096107,Derek Vaughan,1963-06-05,63,Female,Russian,Russia,Government Employee,8459420,Russia,No,No,No,Yes,High,Yes,Savings,2026-05-10
C096143,Ricardo Joseph,1981-08-27,44,Female,Russian,Russia,Business Owner,1219414,Russia,No,No,No,Yes,Medium,No,Savings,2024-11-02
C096150,Martin Schmitt MD,1986-08-05,39,Female,American,USA,Lawyer,9115909,USA,Yes,No,Yes,No,High,No,Current,2025-06-11
C096176,Vasatika Maharaj,1984-02-17,42,Female,Indian,India,Government Employee,2148420,India,No,No,Yes,Yes,Medium,No,Salary,2025-01-07
C096177,Adam Nelson,1988-06-08,38,Female,Russian,Russia,Business Owner,7053087,Russia,Yes,No,No,Yes,High,Yes,Business,2024-09-09
C096312,Lakshmi Kurian,1981-08-21,44,Male,Indian,India,Lawyer,1549871,India,No,No,No,No,Medium,No,Savings,2025-02-17
C096320,Anthony Mitchell,1969-06-21,57,Male,Iranian,Iran,Business Owner,4004346,Iran,Yes,No,Yes,No,High,No,Current,2024-10-28
C096365,Connie Wall,1983-01-03,43,Female,British,UK,Consultant,2865125,UK,Yes,No,No,Yes,High,No,Savings,2025-03-31
C096598,Debbie Williams,1986-07-28,39,Female,Russian,Russia,Accountant,8410776,Russia,Yes,No,Yes,No,High,No,Savings,2025-02-15
C096603,Andrew Miller,1968-04-24,58,Male,American,USA,Government Employee,3563187,USA,No,No,No,No,Low,No,Salary,2025-09-05
C096634,Michelle Nelson,1951-09-10,74,Female,Iranian,Iran,Software Engineer,3688079,Iran,No,No,Yes,No,Medium,No,Business,2025-01-25
C096685,Joseph Pennington,1974-04-20,52,Male,American,USA,Lawyer,8098003,USA,No,Yes,Yes,Yes,High,Yes,Business,2025-08-13
C096768,Todd Brooks,2001-09-18,24,Male,Iranian,Iran,Lawyer,3029353,Iran,No,No,No,No,Low,No,Savings,2025-11-11
C096857,Margaret Wood,1950-06-15,76,Female,Russian,Russia,Doctor,3893523,Russia,No,No,Yes,Yes,High,Yes,Current,2025-11-13
C097106,Gregory Ramirez,1967-07-14,58,Male,Russian,Russia,Government Employee,2541978,Russia,No,Yes,No,No,High,No,Savings,2026-01-11
C097288,Derrick Nelson,1950-08-12,75,Male,Iranian,Iran,Software Engineer,1389638,Iran,No,No,No,No,Low,No,Salary,2025-09-28
C097429,Brianna Gonzalez,1975-03-18,51,Female,British,UK,Banker,1961291,UK,Yes,No,No,Yes,High,No,Current,2024-08-30
C097559,Lisa Hansen,1977-09-29,48,Male,British,UK,Teacher,538219,UK,No,No,Yes,No,Low,No,Current,2025-03-26
C097858,Warhi Swamy,1967-04-04,59,Male,Indian,India,Student,8768913,India,No,No,Yes,No,Low,No,Business,2025-06-11
C097916,Zilmil Sami,2002-03-29,24,Female,Indian,India,Student,2439262,India,No,No,Yes,No,Medium,No,Salary,2025-08-31
C097918,Vrishti Murty,2006-04-09,20,Female,Indian,India,Student,9926182,India,No,No,No,No,Medium,No,Current,2026-06-15
C098004,George Smith,2003-07-02,22,Male,British,UK,Accountant,6649726,UK,No,No,Yes,Yes,Medium,Yes,Salary,2025-04-17
C098240,Ashlee Owens,2008-03-10,18,Female,Russian,Russia,Lawyer,2851261,Russia,No,No,Yes,No,High,Yes,Business,2025-01-06
C098417,Udyati Chokshi,1964-10-23,61,Male,Indian,India,Consultant,6962670,India,No,No,No,No,Low,No,Current,2024-08-19
C098438,Keith Wong,1969-12-19,56,Female,British,UK,Banker,8598407,UK,No,No,Yes,No,Low,No,Salary,2025-06-23
C098490,Ayushman Morar,1972-04-19,54,Male,Indian,India,Doctor,3629753,India,No,No,No,Yes,High,Yes,Savings,2024-09-02
C098598,Luis Hart,1985-11-19,40,Female,Russian,Russia,Lawyer,3308638,Russia,No,No,Yes,Yes,Medium,No,Salary,2025-09-28
C098774,Yagnesh Borra,1965-02-17,61,Male,Indian,India,Software Engineer,665826,India,No,No,No,No,Medium,Yes,Savings,2025-07-07
C098971,Angela James,1955-11-16,70,Female,American,USA,Consultant,2247262,USA,Yes,No,Yes,Yes,High,No,Savings,2024-06-30
C099204,Angel Farley,1953-01-31,73,Male,British,UK,Banker,3424035,UK,No,No,No,Yes,Medium,No,Savings,2025-08-16
C099358,Natasha Campbell,1965-04-27,61,Female,Russian,Russia,Lawyer,5610444,Russia,Yes,No,No,No,High,No,Savings,2024-10-12
C099402,Melissa Dennis,1966-03-11,60,Female,British,UK,Software Engineer,6747648,UK,No,No,Yes,Yes,Medium,Yes,Business,2026-02-23
C099501,Alexander Gomez,1988-08-27,37,Female,British,UK,Consultant,5736497,UK,No,Yes,Yes,No,High,No,Savings,2025-07-25
C099514,Alex Phillips,1991-09-27,34,Female,British,UK,Lawyer,9638158,UK,No,No,Yes,No,Medium,No,Savings,2026-03-08
C099530,Michael Boone,1955-01-05,71,Female,American,USA,Consultant,2156550,USA,Yes,No,Yes,No,High,Yes,Savings,2024-07-27
C099678,Joseph Smith,1961-03-25,65,Male,American,USA,Government Employee,6110405,USA,No,No,No,Yes,Medium,No,Salary,2025-12-28
C099730,Anirudh Kakar,1962-11-17,63,Male,Indian,India,Business Owner,3369578,India,No,No,Yes,No,Medium,Yes,Salary,2024-06-30
C099801,Triveni Soman,1962-07-06,63,Male,Indian,India,Lawyer,2431100,India,No,No,Yes,No,Medium,No,Business,2025-03-05
C099803,Patricia Oliver,1993-09-01,32,Male,Iranian,Iran,Software Engineer,952648,Iran,Yes,No,Yes,No,High,No,Business,2025-01-18
C099972,Tommy Martinez,1963-02-16,63,Male,Iranian,Iran,Lawyer,7133511,Iran,No,No,No,No,High,Yes,Savings,2024-12-07
