DocumentID,CustomerID,DocumentType,DocumentNumber,IssueCountry,ExpiryDate,Verified,Confidence,Source
DOC5892261,C000437,Aadhaar,552888978628,India,2030-06-17,Yes,0.87,Synthetic
DOC4256615,C000437,Driving License,DL6301853584,India,2033-03-06,Yes,0.8,Synthetic
DOC8165262,C000437,PAN,LKEDS5678E,India,2034-09-14,Yes,0.97,Synthetic
DOC1435247,C000437,Passport,Y7993990,India,2031-09-24,Yes,0.86,Synthetic
DOC6665322,C000437,Utility Bill,UB884011,India,2028-09-14,Yes,0.98,Synthetic
DOC2159964,C000487,Aadhaar,882717490261,UK,2029-08-19,Yes,0.98,Synthetic
DOC9258819,C000487,Driving License,DL9973338720,UK,2027-10-06,Yes,0.9,Synthetic
DOC7555307,C000487,PAN,VRSWR7804F,UK,2030-06-29,Yes,0.85,Synthetic
DOC6820050,C000487,Passport,N6567767,UK,2034-08-11,Yes,0.9,Synthetic
DOC7874020,C000487,Utility Bill,UB143668,UK,2032-12-07,No,0.98,Synthetic
DOC7947629,C000527,Aadhaar,846331600678,UK,2033-03-28,No,0.88,Synthetic
DOC7824268,C000527,Driving License,DL5477309522,UK,2034-07-20,Yes,0.93,Synthetic
DOC7323519,C000527,PAN,CWZDM5066C,UK,2031-12-28,Yes,0.9,Synthetic
DOC7025138,C000527,Passport,D8965302,UK,2035-10-30,Yes,0.81,Synthetic
DOC9334431,C000527,Utility Bill,UB266860,UK,2032-11-07,Yes,0.86,Synthetic
DOC1479266,C000542,Aadhaar,453302754728,India,2033-01-10,Yes,0.97,Synthetic
DOC3899119,C000542,Driving License,DL6447460618,India,2035-04-17,Yes,0.92,Synthetic
DOC5040130,C000542,PAN,VHBDV6667P,India,2033-09-19,Yes,0.81,Synthetic
DOC1449495,C000542,Passport,J9466017,India,2029-03-03,Yes,0.94,Synthetic
DOC8494724,C000542,Utility Bill,UB251006,India,2031-06-15,Yes,0.81,Synthetic
DOC4903487,C000546,Aadhaar,781430876031,Russia,2028-08-01,Yes,0.83,Synthetic
DOC4601244,C000546,Driving License,DL9008460989,Russia,2029-04-22,Yes,0.83,Synthetic
DOC5054791,C000546,PAN,VLIPR5414J,Russia,2030-12-27,Yes,0.83,Synthetic
DOC7901812,C000546,Passport,T9590720,Russia,2034-05-26,Yes,0.86,Synthetic
DOC4588477,C000546,Utility Bill,UB184038,Russia,2028-10-24,Yes,0.88,Synthetic
DOC6706332,C000647,Aadhaar,277495417935,USA,2031-09-09,Yes,0.8,Synthetic
DOC7348496,C000647,Driving License,DL3331421196,USA,2031-06-16,Yes,0.86,Synthetic
DOC3332061,C000647,PAN,ELQKJ8432D,USA,2028-01-31,Yes,0.93,Synthetic
DOC5436173,C000647,Passport,W5379064,USA,2035-01-18,Yes,0.99,Synthetic
DOC3028533,C000647,Utility Bill,UB255776,USA,2033-06-18,Yes,0.87,Synthetic
DOC9546795,C000704,Aadhaar,884848677797,India,2032-11-11,Yes,0.98,Synthetic
DOC2329032,C000704,Driving License,DL5472392849,India,2030-06-18,Yes,0.85,Synthetic
DOC4412076,C000704,PAN,TVDZA5449W,India,2030-06-25,Yes,0.96,Synthetic
DOC3643437,C000704,Passport,B1697582,India,2028-11-09,Yes,0.89,Synthetic
DOC8746473,C000704,Utility Bill,UB135302,India,2033-12-12,Yes,0.92,Synthetic
DOC8133680,C000729,Aadhaar,555670736225,India,2031-04-02,Yes,0.91,Synthetic
DOC3130691,C000729,Driving License,DL4839875194,India,2036-01-17,Yes,0.89,Synthetic
DOC4721452,C000729,PAN,IFHIQ2631P,India,2033-11-08,Yes,0.85,Synthetic
DOC7250819,C000729,Passport,V5533302,India,2030-12-05,Yes,0.93,Synthetic
DOC3793318,C000729,Utility Bill,UB454696,India,2028-11-21,No,0.98,Synthetic
DOC7179429,C000783,Aadhaar,152461334298,Iran,2029-06-17,Yes,0.91,Synthetic
DOC2258686,C000783,Driving License,DL1730351298,Iran,2028-06-03,Yes,0.83,Synthetic
DOC4546586,C000783,PAN,RFPLF8903Q,Iran,2035-01-19,Yes,0.9,Synthetic
DOC2211473,C000783,Passport,Y1395154,Iran,2030-04-08,Yes,0.82,Synthetic
DOC4141706,C000783,Utility Bill,UB379558,Iran,2029-06-15,Yes,0.82,Synthetic
DOC3042658,C000984,Aadhaar,571923792215,Russia,2034-12-04,Yes,0.9,Synthetic
DOC3370751,C000984,Driving License,DL1439110457,Russia,2030-03-02,Yes,0.86,Synthetic
DOC8506499,C000984,PAN,DKDEM7085Y,Russia,2029-04-22,Yes,0.92,Synthetic
DOC6541925,C000984,Passport,N5562210,Russia,2029-02-22,Yes,0.98,Synthetic
DOC5640113,C000984,Utility Bill,UB869523,Russia,2032-05-24,Yes,0.91,Synthetic
DOC2332144,C001206,Aadhaar,936611944981,UK,2031-07-03,Yes,0.86,Synthetic
DOC9448914,C001206,Driving License,DL4660932283,UK,2035-05-11,Yes,0.81,Synthetic
DOC2134015,C001206,PAN,MJNPZ7047J,UK,2036-02-28,No,0.83,Synthetic
DOC2427470,C001206,Passport,X3485845,UK,2027-09-12,Yes,0.86,Synthetic
DOC6696112,C001206,Utility Bill,UB113398,UK,2034-01-28,Yes,0.95,Synthetic
DOC3697466,C001227,Aadhaar,384457804011,USA,2030-10-25,Yes,0.98,Synthetic
DOC7288524,C001227,Driving License,DL4315719940,USA,2032-08-19,Yes,0.94,Synthetic
DOC1705477,C001227,PAN,SHSHJ7205D,USA,2031-09-09,Yes,0.81,Synthetic
DOC3564795,C001227,Passport,X8495092,USA,2034-10-19,Yes,0.99,Synthetic
DOC1141133,C001227,Utility Bill,UB221000,USA,2035-08-22,Yes,0.93,Synthetic
DOC1821766,C001385,Aadhaar,728429988945,Iran,2033-03-10,Yes,0.86,Synthetic
DOC7982804,C001385,Driving License,DL4649997714,Iran,2030-05-06,Yes,0.99,Synthetic
DOC8920474,C001385,PAN,YXPQB3830O,Iran,2032-11-29,Yes,0.93,Synthetic
DOC2747314,C001385,Passport,H1035771,Iran,2027-12-21,Yes,0.99,Synthetic
DOC3421841,C001385,Utility Bill,UB999174,Iran,2032-06-27,Yes,0.88,Synthetic
DOC4838997,C001454,Aadhaar,295091837989,UK,2033-05-08,Yes,0.81,Synthetic
DOC4089375,C001454,Driving License,DL7137334029,UK,2031-04-11,Yes,0.84,Synthetic
DOC8170061,C001454,PAN,MCNLU4012X,UK,2027-11-03,Yes,0.89,Synthetic
DOC4144132,C001454,Passport,G6843057,UK,2034-07-19,Yes,0.91,Synthetic
DOC6619683,C001454,Utility Bill,UB786959,UK,2030-08-12,Yes,0.88,Synthetic
DOC3980861,C001573,Aadhaar,850990718317,India,2032-07-17,Yes,0.92,Synthetic
DOC7553391,C001573,Driving License,DL8548752136,India,2029-02-06,Yes,0.81,Synthetic
DOC3124636,C001573,PAN,DIOLH9196R,India,2029-09-27,Yes,0.89,Synthetic
DOC8485313,C001573,Passport,F7818403,India,2031-10-27,Yes,0.97,Synthetic
DOC1267826,C001573,Utility Bill,UB553514,India,2033-02-05,Yes,0.94,Synthetic
DOC7761054,C001774,Aadhaar,182729697278,Iran,2028-08-04,No,0.98,Synthetic
DOC8406101,C001774,Driving License,DL8712983600,Iran,2029-11-26,Yes,0.88,Synthetic
DOC2519961,C001774,PAN,FYUTT1513V,Iran,2032-03-05,Yes,0.82,Synthetic
DOC8123231,C001774,Passport,P8854794,Iran,2030-10-06,Yes,0.8,Synthetic
DOC5419336,C001774,Utility Bill,UB904327,Iran,2035-12-28,Yes,0.93,Synthetic
DOC8571635,C001785,Aadhaar,050400119780,India,2032-09-16,Yes,0.91,Synthetic
DOC7914120,C001785,Driving License,DL4483680228,India,2028-07-25,Yes,0.87,Synthetic
DOC4472246,C001785,PAN,NAMDZ4331M,India,2031-03-04,Yes,0.85,Synthetic
DOC5308922,C001785,Passport,W2637254,India,2027-10-01,Yes,0.82,Synthetic
DOC6497465,C001785,Utility Bill,UB863932,India,2032-09-07,Yes,0.96,Synthetic
DOC4448989,C001937,Aadhaar,218628144807,Iran,2029-06-05,Yes,0.98,Synthetic
DOC9349212,C001937,Driving License,DL5530268369,Iran,2027-11-09,Yes,0.9,Synthetic
DOC9728042,C001937,PAN,YULVS2766V,Iran,2027-08-26,Yes,0.96,Synthetic
DOC8704782,C001937,Passport,C6607179,Iran,2034-01-30,No,0.87,Synthetic
DOC3907088,C001937,Utility Bill,UB407882,Iran,2034-06-10,Yes,0.91,Synthetic
DOC3828569,C002105,Aadhaar,217563183103,Russia,2029-05-17,Yes,0.81,Synthetic
DOC4638247,C002105,Driving License,DL5285189330,Russia,2036-04-15,Yes,0.87,Synthetic
DOC8337454,C002105,PAN,QACZL4649D,Russia,2034-01-01,Yes,0.84,Synthetic
DOC1487745,C002105,Passport,K8534591,Russia,2032-09-24,Yes,0.88,Synthetic
DOC6194968,C002105,Utility Bill,UB840074,Russia,2029-10-28,Yes,0.86,Synthetic
DOC1541875,C002146,Aadhaar,922495619189,USA,2035-11-03,Yes,0.82,Synthetic
DOC6834533,C002146,Driving License,DL4845224840,USA,2028-12-28,Yes,0.86,Synthetic
DOC1366619,C002146,PAN,KRYSP7651W,USA,2034-05-23,Yes,0.81,Synthetic
DOC9705004,C002146,Passport,W4819248,USA,2029-04-04,Yes,0.87,Synthetic
DOC1890954,C002146,Utility Bill,UB309355,USA,2033-06-01,Yes,0.95,Synthetic
DOC2475699,C002197,Aadhaar,745839914873,India,2029-01-14,Yes,0.89,Synthetic
DOC4054295,C002197,Driving License,DL6307769017,India,2032-01-16,Yes,0.92,Synthetic
DOC5194498,C002197,PAN,OHDMC9020R,India,2030-12-19,Yes,0.8,Synthetic
DOC1588055,C002197,Passport,X3762351,India,2030-10-24,Yes,0.88,Synthetic
DOC3516439,C002197,Utility Bill,UB951623,India,2033-05-18,Yes,0.84,Synthetic
DOC6718359,C002252,Aadhaar,758358839679,Russia,2030-07-25,Yes,0.89,Synthetic
DOC3866192,C002252,Driving License,DL8905762271,Russia,2034-02-16,No,0.86,Synthetic
DOC7557617,C002252,PAN,KHWXD8744H,Russia,2035-03-21,Yes,0.97,Synthetic
DOC2387119,C002252,Passport,Z3309895,Russia,2036-03-30,No,0.88,Synthetic
DOC1292643,C002252,Utility Bill,UB384563,Russia,2036-03-12,Yes,0.87,Synthetic
DOC8611770,C002263,Aadhaar,738566527890,USA,2036-06-04,Yes,0.85,Synthetic
DOC4172032,C002263,Driving License,DL9232828054,USA,2029-11-04,Yes,0.82,Synthetic
DOC3349590,C002263,PAN,VZKVR2687L,USA,2032-05-31,Yes,0.82,Synthetic
DOC5223603,C002263,Passport,S2471579,USA,2028-04-26,Yes,0.93,Synthetic
DOC6331623,C002263,Utility Bill,UB665736,USA,2033-11-08,Yes,0.84,Synthetic
DOC4825579,C002392,Aadhaar,832141175730,UK,2030-05-17,Yes,0.88,Synthetic
DOC3593605,C002392,Driving License,DL9173973028,UK,2035-01-18,Yes,0.83,Synthetic
DOC6042639,C002392,PAN,TIYQH3077Q,UK,2034-09-16,Yes,0.82,Synthetic
DOC3062223,C002392,Passport,D1757339,UK,2035-05-18,Yes,0.94,Synthetic
DOC3978587,C002392,Utility Bill,UB577660,UK,2033-09-15,Yes,0.89,Synthetic
DOC8327156,C002472,Aadhaar,558577766449,Russia,2032-03-19,Yes,0.84,Synthetic
DOC3847344,C002472,Driving License,DL9217984298,Russia,2030-01-17,Yes,0.85,Synthetic
DOC1846843,C002472,PAN,GMKWY9332B,Russia,2036-01-19,Yes,0.85,Synthetic
DOC9126438,C002472,Passport,N7090846,Russia,2036-06-03,Yes,0.89,Synthetic
DOC2152884,C002472,Utility Bill,UB717173,Russia,2028-02-24,Yes,0.92,Synthetic
DOC4239234,C002495,Aadhaar,164501387995,Russia,2029-01-12,Yes,0.9,Synthetic
DOC4270335,C002495,Driving License,DL3395647538,Russia,2035-09-06,Yes,0.96,Synthetic
DOC5265769,C002495,PAN,SYRRJ9633N,Russia,2035-11-12,Yes,0.92,Synthetic
DOC3876638,C002495,Passport,R4820170,Russia,2033-05-18,Yes,0.97,Synthetic
DOC9817636,C002495,Utility Bill,UB188933,Russia,2035-03-27,Yes,0.86,Synthetic
DOC8272504,C002895,Aadhaar,975944247965,India,2030-05-23,Yes,0.84,Synthetic
DOC5558765,C002895,Driving License,DL9782729948,India,2034-05-07,Yes,0.96,Synthetic
DOC4375159,C002895,PAN,NFRFU8464R,India,2030-07-17,Yes,0.87,Synthetic
DOC4240895,C002895,Passport,P6649659,India,2029-08-01,Yes,0.91,Synthetic
DOC8001966,C002895,Utility Bill,UB197391,India,2034-03-12,No,0.83,Synthetic
DOC4384695,C003055,Aadhaar,298171317685,UK,2035-04-26,Yes,0.97,Synthetic
DOC1064836,C003055,Driving License,DL4220870823,UK,2036-06-10,Yes,0.88,Synthetic
DOC6566600,C003055,PAN,DBSNI8878Z,UK,2030-10-26,Yes,0.87,Synthetic
DOC8458942,C003055,Passport,G9745869,UK,2028-12-21,Yes,0.98,Synthetic
DOC3508296,C003055,Utility Bill,UB213244,UK,2031-09-05,Yes,0.98,Synthetic
DOC5840304,C003171,Aadhaar,063993909546,UK,2031-07-22,Yes,0.94,Synthetic
DOC5764922,C003171,Driving License,DL1227917564,UK,2036-03-15,Yes,0.99,Synthetic
DOC8940494,C003171,PAN,NXOOO8689I,UK,2032-05-03,Yes,0.98,Synthetic
DOC8170359,C003171,Passport,J2998827,UK,2032-05-03,Yes,0.86,Synthetic
DOC5642691,C003171,Utility Bill,UB910057,UK,2034-04-10,Yes,0.83,Synthetic
DOC2905593,C003230,Aadhaar,347308954659,Iran,2030-06-06,Yes,0.88,Synthetic
DOC1387394,C003230,Driving License,DL9408141812,Iran,2034-04-08,Yes,0.81,Synthetic
DOC1705970,C003230,PAN,MQFZK3702U,Iran,2035-09-12,Yes,0.89,Synthetic
DOC9408565,C003230,Passport,L8798242,Iran,2032-06-15,Yes,0.8,Synthetic
DOC1631124,C003230,Utility Bill,UB359431,Iran,2032-11-22,Yes,0.9,Synthetic
DOC3514524,C003439,Aadhaar,350813482980,India,2031-01-22,Yes,0.96,Synthetic
DOC6187209,C003439,Driving License,DL2513917270,India,2027-06-27,Yes,0.84,Synthetic
DOC6659945,C003439,PAN,LZDIC1191B,India,2034-06-27,Yes,0.92,Synthetic
DOC8962462,C003439,Passport,E8074210,India,2034-12-22,Yes,0.84,Synthetic
DOC9203592,C003439,Utility Bill,UB875944,India,2031-01-24,Yes,0.84,Synthetic
DOC4166255,C003502,Aadhaar,238836411009,Russia,2033-01-24,Yes,0.94,Synthetic
DOC1659277,C003502,Driving License,DL1512325873,Russia,2028-11-28,Yes,0.86,Synthetic
DOC3889477,C003502,PAN,MGFYJ1922Q,Russia,2035-02-08,Yes,0.99,Synthetic
DOC4196486,C003502,Passport,K8282140,Russia,2033-06-29,Yes,0.94,Synthetic
DOC1286810,C003502,Utility Bill,UB198385,Russia,2034-06-06,Yes,0.91,Synthetic
DOC1317615,C003604,Aadhaar,885601210445,Iran,2032-03-03,Yes,0.96,Synthetic
DOC2731134,C003604,Driving License,DL8139602987,Iran,2032-09-03,Yes,0.85,Synthetic
DOC6188295,C003604,PAN,USQIX5901I,Iran,2033-12-12,Yes,0.97,Synthetic
DOC4680112,C003604,Passport,T1923624,Iran,2033-06-03,Yes,0.98,Synthetic
DOC6238210,C003604,Utility Bill,UB823735,Iran,2031-06-16,Yes,0.95,Synthetic
DOC9683683,C003610,Aadhaar,600118508579,Iran,2034-09-07,Yes,0.87,Synthetic
DOC1988305,C003610,Driving License,DL1536662958,Iran,2031-05-03,Yes,0.86,Synthetic
DOC9400487,C003610,PAN,IKBKY3670L,Iran,2031-02-13,Yes,0.81,Synthetic
DOC7827283,C003610,Passport,E9042785,Iran,2028-09-12,Yes,0.83,Synthetic
DOC8311405,C003610,Utility Bill,UB372424,Iran,2033-07-14,Yes,0.82,Synthetic
DOC1818012,C003693,Aadhaar,254596166656,Russia,2031-09-17,Yes,0.88,Synthetic
DOC3209596,C003693,Driving License,DL4168494492,Russia,2029-10-20,Yes,0.96,Synthetic
DOC2832919,C003693,PAN,KTHIV4132C,Russia,2032-02-19,Yes,0.93,Synthetic
DOC7921536,C003693,Passport,A4284649,Russia,2029-02-26,Yes,0.83,Synthetic
DOC9201645,C003693,Utility Bill,UB987120,Russia,2029-08-08,Yes,0.96,Synthetic
DOC3336468,C003716,Aadhaar,225892247888,UK,2033-12-11,Yes,0.94,Synthetic
DOC4233343,C003716,Driving License,DL7677311651,UK,2030-04-07,Yes,0.93,Synthetic
DOC5446609,C003716,PAN,LIBUW6929B,UK,2034-01-23,Yes,0.86,Synthetic
DOC5288496,C003716,Passport,Q4529284,UK,2031-05-11,Yes,0.8,Synthetic
DOC1396476,C003716,Utility Bill,UB218885,UK,2028-12-18,Yes,0.82,Synthetic
DOC3305683,C004009,Aadhaar,706578089516,UK,2032-03-01,Yes,0.82,Synthetic
DOC2183391,C004009,Driving License,DL9620299405,UK,2035-10-09,Yes,0.98,Synthetic
DOC8854605,C004009,PAN,GSUFI2712A,UK,2027-07-05,Yes,0.96,Synthetic
DOC9124541,C004009,Passport,Q6247637,UK,2027-07-16,Yes,0.82,Synthetic
DOC5321657,C004009,Utility Bill,UB576855,UK,2029-11-25,Yes,0.86,Synthetic
DOC2480890,C004130,Aadhaar,598293282593,Russia,2030-09-29,Yes,0.87,Synthetic
DOC9717056,C004130,Driving License,DL6359347812,Russia,2036-02-28,Yes,0.89,Synthetic
DOC4428358,C004130,PAN,PPJOO3204A,Russia,2034-09-26,Yes,0.87,Synthetic
DOC2169670,C004130,Passport,J8238958,Russia,2031-10-21,Yes,0.84,Synthetic
DOC5735160,C004130,Utility Bill,UB249374,Russia,2036-06-10,Yes,0.83,Synthetic
DOC8299713,C004230,Aadhaar,719070318495,India,2036-03-17,Yes,0.82,Synthetic
DOC1386417,C004230,Driving License,DL4045763835,India,2035-03-19,Yes,0.9,Synthetic
DOC4765679,C004230,PAN,CQPMS3653S,India,2030-04-29,Yes,0.95,Synthetic
DOC2785883,C004230,Passport,L9885047,India,2034-09-12,Yes,0.95,Synthetic
DOC5853774,C004230,Utility Bill,UB904303,India,2034-02-27,Yes,0.86,Synthetic
DOC9173934,C004314,Aadhaar,021654478968,USA,2028-06-06,Yes,0.9,Synthetic
DOC5522093,C004314,Driving License,DL8725131574,USA,2034-01-05,Yes,0.92,Synthetic
DOC3337112,C004314,PAN,JTLTW5207H,USA,2034-11-29,Yes,0.83,Synthetic
DOC9147527,C004314,Passport,L1493230,USA,2031-07-03,Yes,0.8,Synthetic
DOC3152437,C004314,Utility Bill,UB672652,USA,2033-05-04,Yes,0.99,Synthetic
DOC1474085,C004328,Aadhaar,038859020336,Russia,2027-11-17,Yes,0.89,Synthetic
DOC7448410,C004328,Driving License,DL8415661725,Russia,2032-08-05,Yes,0.96,Synthetic
DOC8978651,C004328,PAN,HYDZY7775Y,Russia,2031-04-07,Yes,0.86,Synthetic
DOC4680772,C004328,Passport,L4654328,Russia,2027-06-29,Yes,0.93,Synthetic
DOC5458412,C004328,Utility Bill,UB252074,Russia,2031-05-12,Yes,0.87,Synthetic
DOC7153615,C004339,Aadhaar,262226858414,India,2028-06-27,Yes,0.81,Synthetic
DOC6674455,C004339,Driving License,DL1453198897,India,2034-08-16,Yes,0.89,Synthetic
DOC6008985,C004339,PAN,VJRCO1727E,India,2035-06-19,Yes,0.94,Synthetic
DOC1923616,C004339,Passport,K9751325,India,2031-11-26,Yes,0.91,Synthetic
DOC4615393,C004339,Utility Bill,UB396808,India,2030-02-22,Yes,0.92,Synthetic
DOC2526874,C004408,Aadhaar,781609214364,India,2033-04-24,Yes,0.97,Synthetic
DOC5898112,C004408,Driving License,DL9059519904,India,2032-07-13,Yes,0.86,Synthetic
DOC4458579,C004408,PAN,ABQAR4836K,India,2034-09-30,Yes,0.92,Synthetic
DOC9120867,C004408,Passport,L6235853,India,2032-03-02,Yes,0.94,Synthetic
DOC5668958,C004408,Utility Bill,UB726859,India,2031-12-01,Yes,0.94,Synthetic
DOC8131968,C004451,Aadhaar,091037167109,Russia,2031-01-09,Yes,0.95,Synthetic
DOC7861403,C004451,Driving License,DL5517941019,Russia,2029-09-10,Yes,0.84,Synthetic
DOC3846037,C004451,PAN,PSGYK9627G,Russia,2027-09-16,Yes,0.85,Synthetic
DOC9827664,C004451,Passport,T3140776,Russia,2030-12-15,No,0.89,Synthetic
DOC6768857,C004451,Utility Bill,UB610576,Russia,2035-10-17,Yes,0.96,Synthetic
DOC4149907,C004461,Aadhaar,389899700055,Russia,2035-01-11,Yes,0.89,Synthetic
DOC5121680,C004461,Driving License,DL8981038526,Russia,2033-10-01,Yes,0.97,Synthetic
DOC8205072,C004461,PAN,BOJJL5741I,Russia,2035-06-30,Yes,0.89,Synthetic
DOC7764819,C004461,Passport,D6919852,Russia,2033-11-09,Yes,0.9,Synthetic
DOC4876137,C004461,Utility Bill,UB557389,Russia,2028-07-01,Yes,0.82,Synthetic
DOC6866357,C004904,Aadhaar,747947726849,USA,2028-04-14,Yes,0.87,Synthetic
DOC9575087,C004904,Driving License,DL3888290074,USA,2031-05-06,Yes,0.86,Synthetic
DOC7039443,C004904,PAN,GQIOZ9536X,USA,2027-11-16,Yes,0.88,Synthetic
DOC5434360,C004904,Passport,V2582672,USA,2028-06-04,Yes,0.93,Synthetic
DOC1075093,C004904,Utility Bill,UB676248,USA,2035-10-23,Yes,0.96,Synthetic
DOC7736578,C004999,Aadhaar,020863102728,Russia,2031-09-19,Yes,0.92,Synthetic
DOC4612311,C004999,Driving License,DL4500133872,Russia,2033-03-31,Yes,0.9,Synthetic
DOC3733907,C004999,PAN,LZBGR9148T,Russia,2028-12-04,Yes,0.91,Synthetic
DOC8159653,C004999,Passport,I5593499,Russia,2030-09-21,Yes,0.89,Synthetic
DOC4718234,C004999,Utility Bill,UB611618,Russia,2032-10-31,Yes,0.87,Synthetic
DOC1515194,C005157,Aadhaar,879825205033,Russia,2036-05-03,Yes,0.87,Synthetic
DOC7694778,C005157,Driving License,DL4047051135,Russia,2035-06-07,Yes,0.83,Synthetic
DOC2380405,C005157,PAN,URUAG6314E,Russia,2028-06-15,Yes,0.84,Synthetic
DOC3512737,C005157,Passport,B9294407,Russia,2033-10-26,Yes,0.83,Synthetic
DOC3881882,C005157,Utility Bill,UB432283,Russia,2035-09-22,Yes,0.96,Synthetic
DOC4426118,C005174,Aadhaar,047555027038,India,2033-05-02,Yes,0.99,Synthetic
DOC9828421,C005174,Driving License,DL9135773659,India,2030-03-07,Yes,0.89,Synthetic
DOC1959824,C005174,PAN,PTXKH5651G,India,2029-04-25,No,0.95,Synthetic
DOC6956978,C005174,Passport,R5330621,India,2030-09-11,Yes,0.86,Synthetic
DOC6929438,C005174,Utility Bill,UB567578,India,2033-11-05,Yes,0.89,Synthetic
DOC5568148,C005296,Aadhaar,208834596628,USA,2036-03-12,Yes,0.91,Synthetic
DOC6954702,C005296,Driving License,DL1354992820,USA,2030-07-12,Yes,0.83,Synthetic
DOC9325749,C005296,PAN,DIYIR8668M,USA,2034-01-10,Yes,0.97,Synthetic
DOC6519960,C005296,Passport,O9972619,USA,2032-08-15,Yes,0.89,Synthetic
DOC4211814,C005296,Utility Bill,UB452346,USA,2033-05-31,Yes,0.84,Synthetic
DOC1640581,C005313,Aadhaar,727873078643,USA,2029-08-09,Yes,0.99,Synthetic
DOC3329441,C005313,Driving License,DL3984059754,USA,2027-07-25,Yes,0.91,Synthetic
DOC9213151,C005313,PAN,PTCKI3498U,USA,2031-09-02,Yes,0.99,Synthetic
DOC9493587,C005313,Passport,L6708320,USA,2033-06-07,Yes,0.93,Synthetic
DOC3207656,C005313,Utility Bill,UB316380,USA,2033-07-19,Yes,0.87,Synthetic
DOC2264579,C005444,Aadhaar,029153432544,Iran,2032-01-20,Yes,0.9,Synthetic
DOC7547991,C005444,Driving License,DL4255784844,Iran,2035-08-25,Yes,0.92,Synthetic
DOC5798045,C005444,PAN,VCCAT3131S,Iran,2033-05-06,Yes,0.83,Synthetic
DOC4610142,C005444,Passport,X5115444,Iran,2029-11-24,No,0.85,Synthetic
DOC8132778,C005444,Utility Bill,UB309779,Iran,2027-10-21,Yes,0.82,Synthetic
DOC7700996,C005514,Aadhaar,774815615761,Russia,2033-08-17,Yes,0.99,Synthetic
DOC4864383,C005514,Driving License,DL1008793365,Russia,2035-02-05,Yes,0.94,Synthetic
DOC9836732,C005514,PAN,GMESY5678X,Russia,2034-03-09,Yes,0.94,Synthetic
DOC8165096,C005514,Passport,W3200908,Russia,2028-09-20,Yes,0.84,Synthetic
DOC8508724,C005514,Utility Bill,UB732442,Russia,2035-11-10,Yes,0.91,Synthetic
DOC5206625,C005715,Aadhaar,773410370332,Russia,2035-09-15,Yes,0.9,Synthetic
DOC1809617,C005715,Driving License,DL6846143364,Russia,2032-05-01,Yes,0.85,Synthetic
DOC1686002,C005715,PAN,QIKBY6333N,Russia,2033-10-10,Yes,0.97,Synthetic
DOC4269633,C005715,Passport,W2706173,Russia,2029-07-17,Yes,0.88,Synthetic
DOC7599271,C005715,Utility Bill,UB391725,Russia,2030-08-17,Yes,0.89,Synthetic
DOC9664763,C005780,Aadhaar,156923665806,India,2030-10-21,Yes,0.95,Synthetic
DOC2033215,C005780,Driving License,DL4138341629,India,2035-04-03,Yes,0.86,Synthetic
DOC8902725,C005780,PAN,SQPDV3106F,India,2034-07-08,No,0.96,Synthetic
DOC3453083,C005780,Passport,B1128916,India,2033-09-09,Yes,0.82,Synthetic
DOC1781761,C005780,Utility Bill,UB594637,India,2028-12-28,Yes,0.82,Synthetic
DOC8569786,C006090,Aadhaar,297036683093,USA,2034-04-03,Yes,0.8,Synthetic
DOC2928785,C006090,Driving License,DL1515714207,USA,2032-12-30,Yes,0.91,Synthetic
DOC4794778,C006090,PAN,WSNSF5661K,USA,2030-04-30,Yes,0.87,Synthetic
DOC2290965,C006090,Passport,Y3454863,USA,2028-03-07,Yes,0.93,Synthetic
DOC6354460,C006090,Utility Bill,UB350421,USA,2033-08-10,Yes,0.83,Synthetic
DOC7932094,C006320,Aadhaar,568100649659,USA,2032-10-20,Yes,0.92,Synthetic
DOC3703919,C006320,Driving License,DL1002696618,USA,2032-12-02,Yes,0.94,Synthetic
DOC8977478,C006320,PAN,OBNBS1037O,USA,2036-02-04,Yes,0.86,Synthetic
DOC4580506,C006320,Passport,C1462175,USA,2031-06-07,Yes,0.82,Synthetic
DOC3885138,C006320,Utility Bill,UB162782,USA,2031-12-30,Yes,0.84,Synthetic
DOC6264716,C006448,Aadhaar,319179154029,UK,2032-10-14,Yes,0.86,Synthetic
DOC7786105,C006448,Driving License,DL7820604070,UK,2033-10-18,Yes,0.82,Synthetic
DOC5289416,C006448,PAN,PQCIM4813S,UK,2032-02-09,Yes,0.89,Synthetic
DOC4286411,C006448,Passport,B2144422,UK,2031-11-20,Yes,0.86,Synthetic
DOC1344025,C006448,Utility Bill,UB615486,UK,2028-07-19,Yes,0.82,Synthetic
DOC9310912,C006623,Aadhaar,194765466710,USA,2027-09-14,Yes,0.92,Synthetic
DOC9122552,C006623,Driving License,DL4210664799,USA,2030-08-17,Yes,0.98,Synthetic
DOC7918307,C006623,PAN,ALZZW3764Y,USA,2034-12-03,Yes,0.87,Synthetic
DOC1046340,C006623,Passport,T8883334,USA,2031-09-27,Yes,0.8,Synthetic
DOC8038031,C006623,Utility Bill,UB201049,USA,2033-08-08,Yes,0.82,Synthetic
DOC2034686,C006722,Aadhaar,803440108439,UK,2031-03-14,Yes,0.89,Synthetic
DOC8289180,C006722,Driving License,DL3791228993,UK,2029-01-11,Yes,0.87,Synthetic
DOC8590104,C006722,PAN,DEGAD7742W,UK,2029-04-07,Yes,0.86,Synthetic
DOC9807433,C006722,Passport,V9502885,UK,2034-03-22,Yes,0.93,Synthetic
DOC4544904,C006722,Utility Bill,UB440019,UK,2034-05-04,Yes,0.99,Synthetic
DOC7706740,C006727,Aadhaar,669603660257,Russia,2034-11-18,Yes,0.94,Synthetic
DOC2358797,C006727,Driving License,DL1791806904,Russia,2030-05-19,Yes,0.81,Synthetic
DOC6162459,C006727,PAN,XHFLD6170M,Russia,2028-04-17,Yes,0.93,Synthetic
DOC1719411,C006727,Passport,K3742987,Russia,2035-03-30,Yes,0.97,Synthetic
DOC1473239,C006727,Utility Bill,UB475125,Russia,2028-07-29,Yes,0.82,Synthetic
DOC6201256,C007013,Aadhaar,716046070747,Russia,2031-08-21,Yes,0.9,Synthetic
DOC5089252,C007013,Driving License,DL4307104886,Russia,2030-09-16,Yes,0.91,Synthetic
DOC4301809,C007013,PAN,RLLMT3790K,Russia,2035-12-10,Yes,0.89,Synthetic
DOC4950737,C007013,Passport,R5076074,Russia,2032-01-15,Yes,0.89,Synthetic
DOC6710181,C007013,Utility Bill,UB296322,Russia,2034-10-01,Yes,0.96,Synthetic
DOC4898154,C007221,Aadhaar,907701581037,UK,2030-04-26,Yes,0.96,Synthetic
DOC3487722,C007221,Driving License,DL1039577779,UK,2029-03-07,Yes,0.88,Synthetic
DOC5057756,C007221,PAN,RPCXB6021V,UK,2034-05-14,Yes,0.9,Synthetic
DOC3772312,C007221,Passport,Y1134594,UK,2028-01-31,Yes,0.96,Synthetic
DOC7172325,C007221,Utility Bill,UB209633,UK,2031-08-14,Yes,0.89,Synthetic
DOC7379274,C007563,Aadhaar,199446469055,UK,2030-01-20,Yes,0.83,Synthetic
DOC4746076,C007563,Driving License,DL8959174510,UK,2031-06-14,Yes,0.88,Synthetic
DOC1702364,C007563,PAN,ULTQD3210R,UK,2030-03-05,Yes,0.98,Synthetic
DOC8559611,C007563,Passport,M3966093,UK,2034-05-11,Yes,0.98,Synthetic
DOC6555665,C007563,Utility Bill,UB870084,UK,2033-12-04,No,0.87,Synthetic
DOC8455719,C007850,Aadhaar,667292811749,UK,2027-12-16,Yes,0.94,Synthetic
DOC4815228,C007850,Driving License,DL9947620165,UK,2030-06-10,Yes,0.81,Synthetic
DOC2268557,C007850,PAN,DGNNC1065I,UK,2028-03-30,No,0.82,Synthetic
DOC8237774,C007850,Passport,N7807517,UK,2036-04-08,Yes,0.83,Synthetic
DOC1880368,C007850,Utility Bill,UB965070,UK,2031-05-10,Yes,0.85,Synthetic
DOC4090360,C007863,Aadhaar,798681299275,India,2030-10-28,Yes,0.96,Synthetic
DOC6021642,C007863,Driving License,DL7803237668,India,2031-12-12,Yes,0.93,Synthetic
DOC7795769,C007863,PAN,TGAPU2215Q,India,2028-03-28,Yes,0.9,Synthetic
DOC9213261,C007863,Passport,W2000606,India,2028-12-05,Yes,0.86,Synthetic
DOC6186876,C007863,Utility Bill,UB598162,India,2029-01-17,Yes,0.84,Synthetic
DOC2237183,C008041,Aadhaar,891633006355,USA,2034-09-11,Yes,0.87,Synthetic
DOC9438101,C008041,Driving License,DL3519720549,USA,2032-03-25,Yes,0.93,Synthetic
DOC2150437,C008041,PAN,HJHDR1853Q,USA,2030-08-03,Yes,0.91,Synthetic
DOC9388942,C008041,Passport,C7874956,USA,2034-01-24,Yes,0.82,Synthetic
DOC5709453,C008041,Utility Bill,UB249516,USA,2032-10-11,Yes,0.94,Synthetic
DOC4842984,C008213,Aadhaar,925224876136,Russia,2031-05-28,Yes,0.8,Synthetic
DOC5759657,C008213,Driving License,DL7501166781,Russia,2031-11-08,Yes,0.82,Synthetic
DOC5820917,C008213,PAN,ONPQA2948T,Russia,2032-11-12,Yes,0.84,Synthetic
DOC1819303,C008213,Passport,J4700284,Russia,2031-12-13,Yes,0.93,Synthetic
DOC4326509,C008213,Utility Bill,UB223094,Russia,2030-05-19,Yes,0.9,Synthetic
DOC1341877,C008380,Aadhaar,799916864398,Russia,2036-02-02,Yes,0.89,Synthetic
DOC2766668,C008380,Driving License,DL4820041532,Russia,2032-12-02,Yes,0.97,Synthetic
DOC2276814,C008380,PAN,FSKPN7752Z,Russia,2030-01-04,Yes,0.89,Synthetic
DOC9154625,C008380,Passport,N2401851,Russia,2035-08-05,Yes,0.82,Synthetic
DOC5523778,C008380,Utility Bill,UB331910,Russia,2035-09-18,Yes,0.8,Synthetic
DOC4753638,C008390,Aadhaar,170457418418,USA,2031-07-17,Yes,0.9,Synthetic
DOC8458314,C008390,Driving License,DL2030989153,USA,2029-10-01,Yes,0.95,Synthetic
DOC3604960,C008390,PAN,GNIWB1619E,USA,2034-02-26,Yes,0.96,Synthetic
DOC1208926,C008390,Passport,V9450033,USA,2036-02-22,Yes,0.87,Synthetic
DOC9339016,C008390,Utility Bill,UB263054,USA,2035-08-25,Yes,0.8,Synthetic
DOC3314880,C008422,Aadhaar,762432513137,India,2029-02-19,Yes,0.84,Synthetic
DOC2773688,C008422,Driving License,DL2546031075,India,2032-02-18,Yes,0.94,Synthetic
DOC1111467,C008422,PAN,XLYBZ2035Z,India,2032-08-31,Yes,0.82,Synthetic
DOC3322763,C008422,Passport,I7601903,India,2034-04-12,Yes,0.97,Synthetic
DOC2903193,C008422,Utility Bill,UB487127,India,2035-12-25,Yes,0.81,Synthetic
DOC7988967,C008509,Aadhaar,388479150957,USA,2035-11-17,Yes,0.87,Synthetic
DOC7453151,C008509,Driving License,DL9677315011,USA,2028-05-12,Yes,0.81,Synthetic
DOC9424878,C008509,PAN,LTFBX9026J,USA,2032-03-25,Yes,0.97,Synthetic
DOC1439367,C008509,Passport,O1685364,USA,2030-09-07,Yes,0.98,Synthetic
DOC1176461,C008509,Utility Bill,UB336859,USA,2033-01-07,Yes,0.93,Synthetic
DOC6678932,C008592,Aadhaar,001447683548,India,2033-08-17,Yes,0.93,Synthetic
DOC6692683,C008592,Driving License,DL4733065770,India,2032-12-30,Yes,0.96,Synthetic
DOC9435463,C008592,PAN,GEVZL4446Q,India,2035-09-17,Yes,0.89,Synthetic
DOC3123480,C008592,Passport,H2519701,India,2027-12-11,Yes,0.88,Synthetic
DOC7251364,C008592,Utility Bill,UB463158,India,2032-09-28,Yes,0.83,Synthetic
DOC1272956,C008604,Aadhaar,577132745253,USA,2027-11-21,Yes,0.94,Synthetic
DOC2398711,C008604,Driving License,DL7248484630,USA,2027-07-10,Yes,0.93,Synthetic
DOC3831367,C008604,PAN,YJUKX5096E,USA,2028-03-29,Yes,0.85,Synthetic
DOC5461366,C008604,Passport,R3809492,USA,2036-03-05,Yes,0.81,Synthetic
DOC7344474,C008604,Utility Bill,UB806991,USA,2028-11-04,Yes,0.86,Synthetic
DOC7468134,C008694,Aadhaar,274923874303,Iran,2030-04-14,Yes,0.9,Synthetic
DOC6499216,C008694,Driving License,DL3232753271,Iran,2029-10-22,Yes,0.81,Synthetic
DOC2329313,C008694,PAN,ZKEFD5228O,Iran,2029-11-12,Yes,0.8,Synthetic
DOC3026308,C008694,Passport,N2089632,Iran,2031-08-22,Yes,0.93,Synthetic
DOC1433166,C008694,Utility Bill,UB423137,Iran,2033-12-09,Yes,0.89,Synthetic
DOC3725930,C008747,Aadhaar,578651615736,Russia,2032-08-26,Yes,0.81,Synthetic
DOC9141166,C008747,Driving License,DL3896659429,Russia,2035-03-16,Yes,0.85,Synthetic
DOC1340593,C008747,PAN,MDGUH4620D,Russia,2032-08-04,Yes,0.84,Synthetic
DOC3388356,C008747,Passport,Y8892324,Russia,2033-08-23,Yes,0.94,Synthetic
DOC1669248,C008747,Utility Bill,UB236985,Russia,2028-11-30,Yes,0.81,Synthetic
DOC5158116,C008835,Aadhaar,643051306949,Iran,2030-11-26,Yes,0.97,Synthetic
DOC2186323,C008835,Driving License,DL3840996673,Iran,2030-06-22,Yes,0.94,Synthetic
DOC7785192,C008835,PAN,LLWSV8088X,Iran,2035-08-25,Yes,0.83,Synthetic
DOC8789772,C008835,Passport,V6898042,Iran,2033-04-12,Yes,0.87,Synthetic
DOC5659409,C008835,Utility Bill,UB516076,Iran,2032-02-09,Yes,0.92,Synthetic
DOC5463176,C008930,Aadhaar,114238874755,Russia,2028-01-18,Yes,0.8,Synthetic
DOC2887175,C008930,Driving License,DL2156546028,Russia,2035-03-07,Yes,0.85,Synthetic
DOC3352666,C008930,PAN,POONI7563B,Russia,2036-02-17,Yes,0.92,Synthetic
DOC9398827,C008930,Passport,N3484594,Russia,2030-12-19,Yes,0.9,Synthetic
DOC9597240,C008930,Utility Bill,UB950261,Russia,2032-04-08,No,0.93,Synthetic
DOC2702866,C008978,Aadhaar,758545517212,USA,2034-10-24,Yes,0.95,Synthetic
DOC3345136,C008978,Driving License,DL9423319847,USA,2031-11-17,Yes,0.84,Synthetic
DOC4916321,C008978,PAN,KMWZR1853N,USA,2034-04-03,Yes,0.95,Synthetic
DOC1046692,C008978,Passport,W8091621,USA,2033-05-14,Yes,0.93,Synthetic
DOC8955479,C008978,Utility Bill,UB551193,USA,2031-12-15,Yes,0.93,Synthetic
DOC3448674,C008983,Aadhaar,944150202326,USA,2033-10-13,Yes,0.87,Synthetic
DOC5938168,C008983,Driving License,DL7854727922,USA,2032-08-24,Yes,0.82,Synthetic
DOC3965804,C008983,PAN,ZDZZF6233D,USA,2029-01-02,Yes,0.97,Synthetic
DOC1823394,C008983,Passport,W3934106,USA,2032-12-27,Yes,0.93,Synthetic
DOC8105479,C008983,Utility Bill,UB208442,USA,2033-01-13,Yes,0.87,Synthetic
DOC5729738,C009028,Aadhaar,755227622573,UK,2032-02-05,Yes,0.84,Synthetic
DOC6499973,C009028,Driving License,DL2685304769,UK,2034-04-12,Yes,0.94,Synthetic
DOC3222479,C009028,PAN,GHVLJ5806X,UK,2030-07-23,Yes,0.93,Synthetic
DOC6662461,C009028,Passport,P2128178,UK,2033-07-01,Yes,0.97,Synthetic
DOC1326803,C009028,Utility Bill,UB102222,UK,2027-12-19,Yes,0.91,Synthetic
DOC4452338,C009034,Aadhaar,099080599553,UK,2027-12-03,Yes,0.85,Synthetic
DOC5639917,C009034,Driving License,DL7098597562,UK,2028-10-21,Yes,0.84,Synthetic
DOC8891629,C009034,PAN,IBNSI4566S,UK,2036-04-29,Yes,0.92,Synthetic
DOC7999811,C009034,Passport,B5904181,UK,2031-10-30,Yes,0.91,Synthetic
DOC4336644,C009034,Utility Bill,UB769548,UK,2031-06-07,Yes,0.97,Synthetic
DOC2645199,C009124,Aadhaar,790209929263,Russia,2032-09-12,Yes,0.99,Synthetic
DOC1033340,C009124,Driving License,DL8766647429,Russia,2035-08-16,Yes,0.99,Synthetic
DOC3662217,C009124,PAN,BHUYF7547J,Russia,2035-10-12,Yes,0.98,Synthetic
DOC8664668,C009124,Passport,Z5922484,Russia,2031-09-22,Yes,0.82,Synthetic
DOC8949846,C009124,Utility Bill,UB223750,Russia,2027-11-25,No,0.87,Synthetic
DOC2394047,C009163,Aadhaar,869687906603,Russia,2027-08-12,Yes,0.93,Synthetic
DOC8998498,C009163,Driving License,DL5929935593,Russia,2029-08-07,Yes,0.85,Synthetic
DOC3375662,C009163,PAN,SVOCD2743B,Russia,2036-01-19,Yes,0.9,Synthetic
DOC9014082,C009163,Passport,N3034501,Russia,2033-03-15,Yes,0.97,Synthetic
DOC7184608,C009163,Utility Bill,UB235837,Russia,2031-02-04,Yes,0.99,Synthetic
DOC9332281,C009292,Aadhaar,488543644253,Iran,2034-06-14,Yes,0.87,Synthetic
DOC8425374,C009292,Driving License,DL6982552157,Iran,2030-05-23,Yes,0.93,Synthetic
DOC5015450,C009292,PAN,ETRJG1355A,Iran,2036-06-11,Yes,0.97,Synthetic
DOC6534666,C009292,Passport,J7333840,Iran,2027-12-02,Yes,0.94,Synthetic
DOC8436576,C009292,Utility Bill,UB617108,Iran,2036-04-05,Yes,0.9,Synthetic
DOC4434225,C009324,Aadhaar,374559078657,India,2028-08-07,Yes,0.81,Synthetic
DOC7313440,C009324,Driving License,DL4930463756,India,2035-05-31,Yes,0.81,Synthetic
DOC6493684,C009324,PAN,QOYAM8857H,India,2031-01-26,Yes,0.92,Synthetic
DOC3790317,C009324,Passport,X2782319,India,2031-09-27,Yes,0.98,Synthetic
DOC6610011,C009324,Utility Bill,UB563721,India,2035-10-29,No,0.93,Synthetic
DOC9105804,C009336,Aadhaar,518485038722,Russia,2029-07-30,Yes,0.94,Synthetic
DOC4901277,C009336,Driving License,DL3284852702,Russia,2028-05-19,Yes,0.95,Synthetic
DOC6577157,C009336,PAN,COVKX9291K,Russia,2030-01-16,Yes,0.95,Synthetic
DOC1914904,C009336,Passport,D5678512,Russia,2034-04-24,Yes,0.97,Synthetic
DOC8238525,C009336,Utility Bill,UB318866,Russia,2035-07-12,Yes,0.96,Synthetic
DOC4590731,C009387,Aadhaar,649372908858,Russia,2031-06-19,Yes,0.84,Synthetic
DOC7140117,C009387,Driving License,DL3479360745,Russia,2034-11-25,Yes,0.83,Synthetic
DOC3814583,C009387,PAN,BQVXZ8257L,Russia,2032-07-24,Yes,0.83,Synthetic
DOC8247838,C009387,Passport,P6554099,Russia,2032-10-11,Yes,0.94,Synthetic
DOC8154783,C009387,Utility Bill,UB584690,Russia,2030-12-13,Yes,0.87,Synthetic
DOC2120831,C009397,Aadhaar,678988072058,India,2029-02-14,Yes,0.89,Synthetic
DOC5833176,C009397,Driving License,DL8459243976,India,2034-01-15,Yes,0.82,Synthetic
DOC1701142,C009397,PAN,LIYED7757Y,India,2034-10-03,No,0.89,Synthetic
DOC8409309,C009397,Passport,F7698779,India,2028-01-16,Yes,0.83,Synthetic
DOC9588109,C009397,Utility Bill,UB316284,India,2028-09-21,Yes,0.9,Synthetic
DOC4182203,C009476,Aadhaar,338633370076,Russia,2034-08-14,Yes,0.96,Synthetic
DOC7598758,C009476,Driving License,DL3340281124,Russia,2036-04-02,Yes,0.95,Synthetic
DOC9385342,C009476,PAN,TTNYF2658T,Russia,2033-07-10,Yes,0.88,Synthetic
DOC5953865,C009476,Passport,S8661340,Russia,2031-06-16,Yes,0.88,Synthetic
DOC1867832,C009476,Utility Bill,UB806472,Russia,2028-09-27,Yes,0.94,Synthetic
DOC2577954,C009478,Aadhaar,388555003789,Russia,2030-10-19,Yes,0.86,Synthetic
DOC4279125,C009478,Driving License,DL7119629740,Russia,2036-01-21,Yes,0.93,Synthetic
DOC1391647,C009478,PAN,XVGAO4057D,Russia,2031-01-25,Yes,0.97,Synthetic
DOC7556237,C009478,Passport,F4230787,Russia,2032-11-21,Yes,0.95,Synthetic
DOC3493769,C009478,Utility Bill,UB953918,Russia,2033-12-18,Yes,0.85,Synthetic
DOC2005886,C009522,Aadhaar,801622949177,Iran,2029-08-25,Yes,0.9,Synthetic
DOC2067260,C009522,Driving License,DL9196213861,Iran,2028-03-23,Yes,0.87,Synthetic
DOC5615811,C009522,PAN,HMLNO1436F,Iran,2029-06-02,Yes,0.97,Synthetic
DOC5046836,C009522,Passport,Y6897950,Iran,2036-01-12,Yes,0.87,Synthetic
DOC7628128,C009522,Utility Bill,UB225957,Iran,2030-08-21,Yes,0.98,Synthetic
DOC5475370,C009547,Aadhaar,309340085094,Iran,2028-03-22,Yes,0.8,Synthetic
DOC7752210,C009547,Driving License,DL1422970365,Iran,2027-08-31,Yes,0.9,Synthetic
DOC4852953,C009547,PAN,UCXWZ9899M,Iran,2029-09-03,Yes,0.81,Synthetic
DOC7737200,C009547,Passport,W7243749,Iran,2029-09-19,Yes,0.89,Synthetic
DOC1000403,C009547,Utility Bill,UB286381,Iran,2035-02-02,Yes,0.84,Synthetic
DOC4699800,C009563,Aadhaar,870114047634,UK,2035-11-27,Yes,0.92,Synthetic
DOC9049681,C009563,Driving License,DL3317340144,UK,2032-04-28,Yes,0.81,Synthetic
DOC2986255,C009563,PAN,UEQQU7402Z,UK,2030-11-09,Yes,0.97,Synthetic
DOC2171065,C009563,Passport,K1012615,UK,2028-01-15,Yes,0.93,Synthetic
DOC5572113,C009563,Utility Bill,UB675405,UK,2028-07-30,Yes,0.81,Synthetic
DOC8877337,C009633,Aadhaar,008029984367,India,2033-06-28,Yes,0.92,Synthetic
DOC8620973,C009633,Driving License,DL4229616670,India,2032-11-02,Yes,0.94,Synthetic
DOC5528065,C009633,PAN,PCCXQ5766X,India,2032-12-21,Yes,0.85,Synthetic
DOC4278004,C009633,Passport,D2217796,India,2027-08-21,Yes,0.95,Synthetic
DOC4040756,C009633,Utility Bill,UB953348,India,2036-05-04,Yes,0.96,Synthetic
DOC2289032,C009870,Aadhaar,129670047977,Iran,2027-10-25,Yes,0.84,Synthetic
DOC7620390,C009870,Driving License,DL3743469209,Iran,2032-12-17,Yes,0.89,Synthetic
DOC8728622,C009870,PAN,HSOBQ1720M,Iran,2035-10-12,Yes,0.8,Synthetic
DOC9306729,C009870,Passport,F7215751,Iran,2032-10-24,Yes,0.91,Synthetic
DOC2607142,C009870,Utility Bill,UB630882,Iran,2029-04-15,Yes,0.87,Synthetic
DOC3838681,C009987,Aadhaar,213053510571,USA,2033-07-03,Yes,0.87,Synthetic
DOC8681691,C009987,Driving License,DL6678595752,USA,2029-07-19,Yes,0.8,Synthetic
DOC5957203,C009987,PAN,YOURM8564M,USA,2028-08-18,Yes,0.91,Synthetic
DOC9631526,C009987,Passport,M3393110,USA,2028-02-28,Yes,0.91,Synthetic
DOC4239379,C009987,Utility Bill,UB286510,USA,2035-01-08,Yes,0.83,Synthetic
DOC5623402,C010124,Aadhaar,710983965510,USA,2029-12-04,Yes,0.92,Synthetic
DOC2571750,C010124,Driving License,DL5311545503,USA,2033-03-05,Yes,0.97,Synthetic
DOC1581053,C010124,PAN,VXUWX6266B,USA,2036-05-13,Yes,0.81,Synthetic
DOC2534550,C010124,Passport,I5032311,USA,2033-01-22,Yes,0.83,Synthetic
DOC6615801,C010124,Utility Bill,UB659281,USA,2027-12-19,Yes,0.89,Synthetic
DOC6222287,C010263,Aadhaar,463448017177,UK,2027-12-20,Yes,0.97,Synthetic
DOC9230717,C010263,Driving License,DL3737524318,UK,2032-08-22,Yes,0.96,Synthetic
DOC8565735,C010263,PAN,MRSBO3543Q,UK,2034-12-08,Yes,0.9,Synthetic
DOC1698554,C010263,Passport,R1566722,UK,2028-10-06,Yes,0.83,Synthetic
DOC1418619,C010263,Utility Bill,UB388796,UK,2033-10-09,Yes,0.82,Synthetic
DOC8387327,C010476,Aadhaar,140167474644,UK,2028-06-20,Yes,0.83,Synthetic
DOC3182428,C010476,Driving License,DL9275156093,UK,2031-01-30,Yes,0.85,Synthetic
DOC1618136,C010476,PAN,DPWXL1108B,UK,2034-10-15,Yes,0.87,Synthetic
DOC2750719,C010476,Passport,M2934036,UK,2035-10-12,Yes,0.82,Synthetic
DOC3111931,C010476,Utility Bill,UB343046,UK,2032-07-29,Yes,0.97,Synthetic
DOC7522966,C010526,Aadhaar,657164676966,India,2033-08-20,No,0.91,Synthetic
DOC6090890,C010526,Driving License,DL5733501176,India,2035-05-19,Yes,0.99,Synthetic
DOC7903121,C010526,PAN,CDICO7488H,India,2031-10-12,Yes,0.83,Synthetic
DOC7846600,C010526,Passport,U3175664,India,2028-07-14,Yes,0.97,Synthetic
DOC2811160,C010526,Utility Bill,UB643692,India,2035-03-18,Yes,0.98,Synthetic
DOC5474269,C010532,Aadhaar,529678865535,Russia,2030-08-05,Yes,0.9,Synthetic
DOC8263162,C010532,Driving License,DL5947746702,Russia,2034-07-22,Yes,0.93,Synthetic
DOC2751242,C010532,PAN,CQEFJ6172O,Russia,2029-02-05,Yes,0.89,Synthetic
DOC9558674,C010532,Passport,I1994656,Russia,2034-12-09,Yes,0.96,Synthetic
DOC6021865,C010532,Utility Bill,UB402851,Russia,2028-06-17,Yes,0.83,Synthetic
DOC3470943,C010622,Aadhaar,256335602673,Russia,2031-05-31,Yes,0.92,Synthetic
DOC1992748,C010622,Driving License,DL7812899627,Russia,2035-11-05,Yes,0.92,Synthetic
DOC5417491,C010622,PAN,APLQR1508R,Russia,2034-03-09,Yes,0.85,Synthetic
DOC8299268,C010622,Passport,D2434493,Russia,2034-09-16,Yes,0.95,Synthetic
DOC2589320,C010622,Utility Bill,UB235652,Russia,2028-07-10,Yes,0.98,Synthetic
DOC3078394,C010629,Aadhaar,324537205685,UK,2034-09-20,Yes,0.96,Synthetic
DOC6891976,C010629,Driving License,DL6093322260,UK,2033-07-17,Yes,0.92,Synthetic
DOC4777690,C010629,PAN,YBMSL1151G,UK,2028-06-03,Yes,0.87,Synthetic
DOC6946525,C010629,Passport,L4975844,UK,2036-02-23,Yes,0.95,Synthetic
DOC9967609,C010629,Utility Bill,UB724076,UK,2027-06-27,Yes,0.94,Synthetic
DOC5860736,C010701,Aadhaar,650733242125,UK,2036-04-21,Yes,0.91,Synthetic
DOC8079033,C010701,Driving License,DL6494550218,UK,2033-03-26,Yes,0.98,Synthetic
DOC3783849,C010701,PAN,UBKXG7835C,UK,2036-05-09,Yes,0.98,Synthetic
DOC8518119,C010701,Passport,R1987587,UK,2029-02-05,Yes,0.9,Synthetic
DOC8364343,C010701,Utility Bill,UB587740,UK,2032-10-30,Yes,0.91,Synthetic
DOC5800859,C010782,Aadhaar,643594528311,India,2032-01-18,Yes,0.95,Synthetic
DOC4407930,C010782,Driving License,DL9646883431,India,2035-03-19,Yes,0.87,Synthetic
DOC9766548,C010782,PAN,KQLQD4118P,India,2035-01-12,Yes,0.89,Synthetic
DOC2319912,C010782,Passport,R3967798,India,2034-06-09,Yes,0.98,Synthetic
DOC7717007,C010782,Utility Bill,UB714123,India,2035-06-16,Yes,0.92,Synthetic
DOC1206501,C010857,Aadhaar,942686659354,Russia,2034-02-09,Yes,0.8,Synthetic
DOC5931980,C010857,Driving License,DL4125047482,Russia,2029-01-18,Yes,0.81,Synthetic
DOC9034329,C010857,PAN,ZFZXA7792W,Russia,2029-07-21,Yes,0.97,Synthetic
DOC8518852,C010857,Passport,R8846542,Russia,2030-07-21,Yes,0.8,Synthetic
DOC6456688,C010857,Utility Bill,UB828827,Russia,2034-08-08,Yes,0.89,Synthetic
DOC5451139,C011037,Aadhaar,671855293705,USA,2033-07-14,Yes,0.8,Synthetic
DOC1492343,C011037,Driving License,DL5690630317,USA,2029-02-15,Yes,0.88,Synthetic
DOC6512975,C011037,PAN,CRPWB9930Q,USA,2032-06-16,Yes,0.97,Synthetic
DOC6306422,C011037,Passport,N4362611,USA,2031-05-10,Yes,0.97,Synthetic
DOC3508456,C011037,Utility Bill,UB147353,USA,2035-12-18,Yes,0.85,Synthetic
DOC3424542,C011316,Aadhaar,839821024768,UK,2033-08-29,Yes,0.81,Synthetic
DOC7083818,C011316,Driving License,DL7577595593,UK,2032-04-12,Yes,0.94,Synthetic
DOC5898054,C011316,PAN,VDRSZ8256E,UK,2031-06-03,Yes,0.83,Synthetic
DOC4591683,C011316,Passport,Q1423580,UK,2030-01-13,Yes,0.9,Synthetic
DOC5750358,C011316,Utility Bill,UB807418,UK,2028-02-02,Yes,0.97,Synthetic
DOC9366633,C011352,Aadhaar,986126781112,USA,2035-01-06,Yes,0.97,Synthetic
DOC3903964,C011352,Driving License,DL5063651039,USA,2030-08-06,Yes,0.97,Synthetic
DOC4287693,C011352,PAN,HUDBQ3382H,USA,2035-01-20,Yes,0.97,Synthetic
DOC5200988,C011352,Passport,V8183888,USA,2034-01-28,Yes,0.93,Synthetic
DOC2227835,C011352,Utility Bill,UB684039,USA,2027-12-25,Yes,0.82,Synthetic
DOC1917754,C011358,Aadhaar,872267579406,Iran,2028-05-21,Yes,0.96,Synthetic
DOC4470712,C011358,Driving License,DL9164162200,Iran,2032-07-24,No,0.81,Synthetic
DOC2639441,C011358,PAN,VYFFC4142W,Iran,2029-01-11,Yes,0.93,Synthetic
DOC4468636,C011358,Passport,A9069436,Iran,2030-07-23,No,0.84,Synthetic
DOC3416180,C011358,Utility Bill,UB433984,Iran,2034-02-26,Yes,0.81,Synthetic
DOC8910824,C011495,Aadhaar,884762692184,Iran,2036-05-12,Yes,0.85,Synthetic
DOC6763165,C011495,Driving License,DL9085725438,Iran,2035-03-24,Yes,0.98,Synthetic
DOC6866968,C011495,PAN,MNYON9951Y,Iran,2028-02-24,Yes,0.99,Synthetic
DOC9703043,C011495,Passport,W1179566,Iran,2027-12-04,Yes,0.9,Synthetic
DOC7506529,C011495,Utility Bill,UB532665,Iran,2032-07-30,Yes,0.96,Synthetic
DOC1912929,C011524,Aadhaar,035237721424,Iran,2033-09-29,Yes,0.84,Synthetic
DOC4267004,C011524,Driving License,DL6147032478,Iran,2028-08-25,Yes,0.96,Synthetic
DOC1186378,C011524,PAN,TIRVT3715B,Iran,2030-11-30,Yes,0.99,Synthetic
DOC7246407,C011524,Passport,E7064635,Iran,2029-06-15,Yes,0.88,Synthetic
DOC2831605,C011524,Utility Bill,UB677094,Iran,2032-04-05,Yes,0.81,Synthetic
DOC5894473,C011678,Aadhaar,020056338665,UK,2032-11-30,Yes,0.91,Synthetic
DOC3814132,C011678,Driving License,DL5281422017,UK,2032-02-19,Yes,0.95,Synthetic
DOC8489662,C011678,PAN,GMXCC9294H,UK,2031-05-31,Yes,0.98,Synthetic
DOC8497067,C011678,Passport,Z6155694,UK,2035-09-07,Yes,0.86,Synthetic
DOC3784210,C011678,Utility Bill,UB777437,UK,2035-09-06,Yes,0.96,Synthetic
DOC8450097,C011705,Aadhaar,112176343928,India,2033-03-28,Yes,0.99,Synthetic
DOC8489494,C011705,Driving License,DL2341544953,India,2031-10-11,Yes,0.92,Synthetic
DOC8173078,C011705,PAN,MMCHT9561W,India,2032-05-22,No,0.95,Synthetic
DOC5476676,C011705,Passport,K4050311,India,2034-05-09,Yes,0.84,Synthetic
DOC4207363,C011705,Utility Bill,UB344961,India,2028-12-18,Yes,0.93,Synthetic
DOC3009112,C011805,Aadhaar,430824204081,USA,2033-11-10,Yes,0.82,Synthetic
DOC9035369,C011805,Driving License,DL9728081779,USA,2032-07-06,Yes,0.82,Synthetic
DOC9574173,C011805,PAN,YZUVG2459H,USA,2030-04-14,Yes,0.92,Synthetic
DOC1901493,C011805,Passport,N9467384,USA,2027-07-08,Yes,0.94,Synthetic
DOC4379113,C011805,Utility Bill,UB145451,USA,2034-07-15,Yes,0.93,Synthetic
DOC5645705,C011821,Aadhaar,010343950332,USA,2035-07-25,Yes,0.82,Synthetic
DOC3685351,C011821,Driving License,DL6677837190,USA,2035-09-26,Yes,0.84,Synthetic
DOC4192281,C011821,PAN,TNOXE3966V,USA,2034-03-19,Yes,0.81,Synthetic
DOC6857824,C011821,Passport,T8299486,USA,2030-03-26,Yes,0.82,Synthetic
DOC5347002,C011821,Utility Bill,UB547549,USA,2035-08-20,Yes,0.83,Synthetic
DOC2134330,C011829,Aadhaar,783716404763,UK,2032-09-11,Yes,0.81,Synthetic
DOC8335863,C011829,Driving License,DL8751498481,UK,2033-01-18,Yes,0.99,Synthetic
DOC3505711,C011829,PAN,SVRCT2540Z,UK,2031-11-15,Yes,0.84,Synthetic
DOC3997121,C011829,Passport,G8958297,UK,2027-11-01,Yes,0.87,Synthetic
DOC2640187,C011829,Utility Bill,UB643541,UK,2035-08-13,Yes,0.96,Synthetic
DOC4724059,C011915,Aadhaar,416096808513,Russia,2029-07-04,No,0.9,Synthetic
DOC8167802,C011915,Driving License,DL3593999403,Russia,2034-10-09,Yes,0.86,Synthetic
DOC7789665,C011915,PAN,FMLMS6211C,Russia,2033-06-19,Yes,0.97,Synthetic
DOC8904976,C011915,Passport,B1958406,Russia,2030-09-23,Yes,0.92,Synthetic
DOC3792396,C011915,Utility Bill,UB310751,Russia,2029-07-15,Yes,0.95,Synthetic
DOC6518426,C011940,Aadhaar,739148851097,UK,2027-11-14,Yes,0.84,Synthetic
DOC9728965,C011940,Driving License,DL6891390668,UK,2034-02-20,Yes,0.8,Synthetic
DOC4084676,C011940,PAN,CCHOE3823Q,UK,2030-09-21,Yes,0.94,Synthetic
DOC3286985,C011940,Passport,C3170552,UK,2030-12-11,Yes,0.87,Synthetic
DOC1776106,C011940,Utility Bill,UB224634,UK,2030-06-28,Yes,0.96,Synthetic
DOC9179196,C012006,Aadhaar,742038801741,USA,2034-08-25,Yes,0.97,Synthetic
DOC9797122,C012006,Driving License,DL8384113964,USA,2032-05-14,No,0.92,Synthetic
DOC6028918,C012006,PAN,IDRAL3129M,USA,2029-08-23,Yes,0.86,Synthetic
DOC2850302,C012006,Passport,H5960789,USA,2031-03-08,Yes,0.9,Synthetic
DOC7641872,C012006,Utility Bill,UB477528,USA,2036-05-11,Yes,0.94,Synthetic
DOC2374870,C012112,Aadhaar,750888419297,UK,2034-05-02,Yes,0.96,Synthetic
DOC8180223,C012112,Driving License,DL9514643122,UK,2031-11-24,Yes,0.87,Synthetic
DOC7996255,C012112,PAN,XCMHU6965C,UK,2030-08-30,Yes,0.94,Synthetic
DOC8267759,C012112,Passport,F7129015,UK,2034-09-26,Yes,0.92,Synthetic
DOC8232552,C012112,Utility Bill,UB870264,UK,2034-11-12,Yes,0.81,Synthetic
DOC7398535,C012165,Aadhaar,297022855955,Russia,2032-04-07,Yes,0.83,Synthetic
DOC5641967,C012165,Driving License,DL6461618684,Russia,2035-08-28,Yes,0.91,Synthetic
DOC5604542,C012165,PAN,HHSRU5176V,Russia,2032-12-16,Yes,0.88,Synthetic
DOC8119431,C012165,Passport,C8221213,Russia,2033-02-22,Yes,0.9,Synthetic
DOC9392298,C012165,Utility Bill,UB919624,Russia,2027-11-16,Yes,0.83,Synthetic
DOC4312936,C012200,Aadhaar,868171262925,UK,2030-09-04,Yes,0.92,Synthetic
DOC7407048,C012200,Driving License,DL7791219030,UK,2028-09-26,Yes,0.83,Synthetic
DOC3556350,C012200,PAN,XKWAE1876T,UK,2035-01-08,Yes,0.87,Synthetic
DOC1305912,C012200,Passport,E2914930,UK,2030-03-08,Yes,0.92,Synthetic
DOC6988640,C012200,Utility Bill,UB956108,UK,2027-12-18,Yes,0.86,Synthetic
DOC8326580,C012247,Aadhaar,415980768802,India,2034-12-28,Yes,0.8,Synthetic
DOC4665623,C012247,Driving License,DL1628730295,India,2027-11-15,Yes,0.83,Synthetic
DOC2241514,C012247,PAN,AKWBG7114B,India,2036-04-29,Yes,0.81,Synthetic
DOC2663134,C012247,Passport,G8179812,India,2035-01-30,Yes,0.95,Synthetic
DOC7277698,C012247,Utility Bill,UB880638,India,2035-02-12,Yes,0.99,Synthetic
DOC8535953,C012305,Aadhaar,335589537673,India,2033-01-25,Yes,0.9,Synthetic
DOC2262192,C012305,Driving License,DL2656100503,India,2028-06-28,Yes,0.94,Synthetic
DOC9964899,C012305,PAN,KFBON6839R,India,2028-09-14,Yes,0.83,Synthetic
DOC5859751,C012305,Passport,P7010303,India,2032-11-14,Yes,0.92,Synthetic
DOC3181088,C012305,Utility Bill,UB907943,India,2032-06-30,Yes,0.99,Synthetic
DOC8531365,C012476,Aadhaar,189003505014,Iran,2031-07-15,No,0.82,Synthetic
DOC8293325,C012476,Driving License,DL2294145447,Iran,2032-03-16,No,0.85,Synthetic
DOC2531521,C012476,PAN,OJGFP8762U,Iran,2034-07-15,Yes,0.97,Synthetic
DOC1109518,C012476,Passport,V3975392,Iran,2029-03-27,Yes,0.9,Synthetic
DOC6871711,C012476,Utility Bill,UB696035,Iran,2029-04-02,Yes,0.96,Synthetic
DOC1736020,C012521,Aadhaar,037278086956,Iran,2032-06-11,Yes,0.81,Synthetic
DOC6473971,C012521,Driving License,DL6734979444,Iran,2033-08-06,Yes,0.94,Synthetic
DOC7028632,C012521,PAN,HJTMR2327K,Iran,2031-08-16,Yes,0.88,Synthetic
DOC6922559,C012521,Passport,D6294482,Iran,2028-12-04,Yes,0.91,Synthetic
DOC3858460,C012521,Utility Bill,UB373440,Iran,2036-04-14,Yes,0.94,Synthetic
DOC1909705,C012658,Aadhaar,751681116249,Russia,2030-11-18,Yes,0.94,Synthetic
DOC6074981,C012658,Driving License,DL4371741330,Russia,2029-08-23,Yes,0.87,Synthetic
DOC9473636,C012658,PAN,NPCWS6477H,Russia,2028-03-30,Yes,0.91,Synthetic
DOC7418374,C012658,Passport,W5606810,Russia,2033-09-02,Yes,0.96,Synthetic
DOC7708532,C012658,Utility Bill,UB907387,Russia,2034-07-04,Yes,0.9,Synthetic
DOC4426381,C012685,Aadhaar,548482235006,Iran,2032-01-08,Yes,0.81,Synthetic
DOC8053097,C012685,Driving License,DL3614155823,Iran,2035-11-25,Yes,0.93,Synthetic
DOC7689868,C012685,PAN,OPUPR2707S,Iran,2033-11-30,Yes,0.98,Synthetic
DOC2051413,C012685,Passport,U8713999,Iran,2030-06-03,Yes,0.97,Synthetic
DOC6417663,C012685,Utility Bill,UB657792,Iran,2033-03-27,Yes,0.81,Synthetic
DOC9360011,C012761,Aadhaar,174383929846,UK,2033-04-22,Yes,0.96,Synthetic
DOC6092931,C012761,Driving License,DL1481010265,UK,2028-07-13,No,0.94,Synthetic
DOC6707338,C012761,PAN,KOSMM3112O,UK,2029-04-03,Yes,0.96,Synthetic
DOC7737422,C012761,Passport,O6189103,UK,2031-03-30,Yes,0.98,Synthetic
DOC3573707,C012761,Utility Bill,UB780579,UK,2032-03-10,Yes,0.95,Synthetic
DOC7352426,C012871,Aadhaar,821114195750,India,2031-04-02,Yes,0.88,Synthetic
DOC7561272,C012871,Driving License,DL8988359698,India,2029-11-26,Yes,0.94,Synthetic
DOC9649301,C012871,PAN,VHDPY4886V,India,2028-05-27,Yes,0.97,Synthetic
DOC7427663,C012871,Passport,J2896987,India,2031-04-03,Yes,0.83,Synthetic
DOC8634245,C012871,Utility Bill,UB848714,India,2031-01-29,Yes,0.84,Synthetic
DOC9139840,C012895,Aadhaar,554821834291,USA,2032-03-02,Yes,0.9,Synthetic
DOC1371085,C012895,Driving License,DL4206746029,USA,2034-03-02,Yes,0.87,Synthetic
DOC5127327,C012895,PAN,BBHHP1824W,USA,2034-09-21,Yes,0.84,Synthetic
DOC4363823,C012895,Passport,Y9623565,USA,2031-03-04,Yes,0.87,Synthetic
DOC2305814,C012895,Utility Bill,UB769949,USA,2027-10-16,Yes,0.81,Synthetic
DOC8999638,C012926,Aadhaar,974199485763,USA,2034-01-25,Yes,0.97,Synthetic
DOC6834078,C012926,Driving License,DL7102430977,USA,2034-01-28,Yes,0.89,Synthetic
DOC4545108,C012926,PAN,OQLCM7526W,USA,2033-11-17,Yes,0.85,Synthetic
DOC2463551,C012926,Passport,C6182361,USA,2029-12-08,Yes,0.97,Synthetic
DOC2737644,C012926,Utility Bill,UB491285,USA,2035-06-10,Yes,0.8,Synthetic
DOC5618091,C013031,Aadhaar,681667849415,Russia,2035-09-22,Yes,0.86,Synthetic
DOC9824598,C013031,Driving License,DL6935331749,Russia,2031-02-19,Yes,0.84,Synthetic
DOC3553451,C013031,PAN,ZXJOU9952L,Russia,2027-09-13,Yes,0.97,Synthetic
DOC3299983,C013031,Passport,V8836152,Russia,2033-10-30,Yes,0.91,Synthetic
DOC1141301,C013031,Utility Bill,UB814759,Russia,2028-10-30,Yes,0.95,Synthetic
DOC2954490,C013104,Aadhaar,984255428283,Iran,2033-09-09,Yes,0.82,Synthetic
DOC1311790,C013104,Driving License,DL7710697086,Iran,2030-07-02,Yes,0.95,Synthetic
DOC7780692,C013104,PAN,JWRUZ5264I,Iran,2028-04-27,Yes,0.82,Synthetic
DOC7993519,C013104,Passport,H3910264,Iran,2027-11-14,Yes,0.98,Synthetic
DOC5699352,C013104,Utility Bill,UB680204,Iran,2035-11-06,Yes,0.85,Synthetic
DOC2590517,C013148,Aadhaar,121429435613,Iran,2031-02-07,Yes,0.9,Synthetic
DOC4597618,C013148,Driving License,DL1476565290,Iran,2035-08-01,Yes,0.83,Synthetic
DOC3549817,C013148,PAN,MDOEU7065Z,Iran,2034-05-11,Yes,0.82,Synthetic
DOC3463866,C013148,Passport,F3308605,Iran,2029-02-01,Yes,0.99,Synthetic
DOC3094146,C013148,Utility Bill,UB131556,Iran,2033-02-06,Yes,0.98,Synthetic
DOC8502048,C013166,Aadhaar,976693142499,India,2032-04-16,Yes,0.89,Synthetic
DOC5068121,C013166,Driving License,DL7520685381,India,2031-01-29,No,0.89,Synthetic
DOC7313766,C013166,PAN,DBRWD5482K,India,2031-09-08,Yes,0.97,Synthetic
DOC5807890,C013166,Passport,X8235163,India,2031-05-06,Yes,0.89,Synthetic
DOC5822538,C013166,Utility Bill,UB544710,India,2035-01-24,Yes,0.89,Synthetic
DOC5301848,C013401,Aadhaar,635951813709,Russia,2034-03-20,Yes,0.98,Synthetic
DOC5120339,C013401,Driving License,DL5812906978,Russia,2035-11-20,Yes,0.94,Synthetic
DOC6443741,C013401,PAN,PFDNN5990O,Russia,2030-08-14,Yes,0.95,Synthetic
DOC6960680,C013401,Passport,H1717516,Russia,2036-03-20,Yes,0.85,Synthetic
DOC3617609,C013401,Utility Bill,UB740261,Russia,2033-05-10,No,0.96,Synthetic
DOC1199467,C013402,Aadhaar,551057821624,India,2029-10-06,Yes,0.98,Synthetic
DOC5761894,C013402,Driving License,DL8521325756,India,2035-05-25,Yes,0.98,Synthetic
DOC7889750,C013402,PAN,UFTHM7575D,India,2031-05-30,Yes,0.96,Synthetic
DOC5127099,C013402,Passport,H4921327,India,2033-10-02,Yes,0.92,Synthetic
DOC4141715,C013402,Utility Bill,UB492877,India,2028-11-01,Yes,0.97,Synthetic
DOC9813706,C013628,Aadhaar,873690504441,India,2033-01-14,Yes,0.97,Synthetic
DOC7018414,C013628,Driving License,DL2089014554,India,2035-10-09,Yes,0.87,Synthetic
DOC1271655,C013628,PAN,MJBNZ7229Y,India,2032-02-22,No,0.88,Synthetic
DOC7248400,C013628,Passport,R7068418,India,2035-02-06,Yes,0.91,Synthetic
DOC4668006,C013628,Utility Bill,UB506183,India,2033-08-26,Yes,0.95,Synthetic
DOC7359057,C013697,Aadhaar,837192136848,Iran,2036-04-05,Yes,0.92,Synthetic
DOC3920315,C013697,Driving License,DL2282828865,Iran,2029-03-02,Yes,0.99,Synthetic
DOC8690536,C013697,PAN,UBTWK4905C,Iran,2029-10-01,Yes,0.81,Synthetic
DOC3622678,C013697,Passport,P4059458,Iran,2028-12-25,Yes,0.94,Synthetic
DOC2709528,C013697,Utility Bill,UB945723,Iran,2033-09-10,Yes,0.97,Synthetic
DOC5368880,C013849,Aadhaar,091383152861,UK,2034-12-22,Yes,0.92,Synthetic
DOC5082963,C013849,Driving License,DL4430492107,UK,2030-09-23,Yes,0.98,Synthetic
DOC5586950,C013849,PAN,CSBKO1139F,UK,2030-07-17,Yes,0.87,Synthetic
DOC6400204,C013849,Passport,W1643139,UK,2028-12-09,No,0.91,Synthetic
DOC6371316,C013849,Utility Bill,UB141948,UK,2030-04-17,Yes,0.86,Synthetic
DOC8287775,C013856,Aadhaar,115205977930,Russia,2033-07-11,Yes,0.91,Synthetic
DOC2965208,C013856,Driving License,DL8936389108,Russia,2035-06-17,Yes,0.98,Synthetic
DOC1908926,C013856,PAN,PWIZG6392C,Russia,2034-05-23,Yes,0.92,Synthetic
DOC8124195,C013856,Passport,L6075382,Russia,2028-06-03,Yes,0.91,Synthetic
DOC5141720,C013856,Utility Bill,UB408518,Russia,2034-09-06,Yes,0.86,Synthetic
DOC8056773,C013874,Aadhaar,989771746489,India,2028-03-25,Yes,0.87,Synthetic
DOC4219795,C013874,Driving License,DL6135036574,India,2029-05-26,Yes,0.89,Synthetic
DOC8958679,C013874,PAN,HUVGS1916H,India,2035-07-26,Yes,0.85,Synthetic
DOC1096751,C013874,Passport,T7894074,India,2036-01-03,Yes,0.91,Synthetic
DOC4511011,C013874,Utility Bill,UB122926,India,2031-12-07,Yes,0.91,Synthetic
DOC3615094,C013915,Aadhaar,638889424061,Iran,2035-12-01,Yes,0.93,Synthetic
DOC3641730,C013915,Driving License,DL1498334971,Iran,2034-05-19,Yes,0.9,Synthetic
DOC2400067,C013915,PAN,EMKPL5967A,Iran,2032-12-20,Yes,0.94,Synthetic
DOC6465825,C013915,Passport,C7695567,Iran,2028-07-18,Yes,0.83,Synthetic
DOC7894838,C013915,Utility Bill,UB322169,Iran,2035-11-06,Yes,0.84,Synthetic
DOC2980546,C013923,Aadhaar,577732730794,UK,2029-03-08,Yes,0.92,Synthetic
DOC1470155,C013923,Driving License,DL4224483427,UK,2029-03-11,Yes,0.81,Synthetic
DOC3762431,C013923,PAN,OYIHF1660X,UK,2028-08-05,No,0.91,Synthetic
DOC6971350,C013923,Passport,Y8687084,UK,2031-01-19,Yes,0.8,Synthetic
DOC8755142,C013923,Utility Bill,UB757651,UK,2032-04-27,Yes,0.89,Synthetic
DOC5321348,C013927,Aadhaar,978207680394,USA,2029-10-17,Yes,0.97,Synthetic
DOC1781700,C013927,Driving License,DL6946614437,USA,2032-03-30,Yes,0.94,Synthetic
DOC1747149,C013927,PAN,CXDQS9458Q,USA,2030-03-27,Yes,0.82,Synthetic
DOC5964063,C013927,Passport,R6953780,USA,2028-04-05,Yes,0.82,Synthetic
DOC8818420,C013927,Utility Bill,UB550790,USA,2030-10-29,Yes,0.82,Synthetic
DOC1676838,C013958,Aadhaar,536304081334,India,2032-04-13,Yes,0.81,Synthetic
DOC3308646,C013958,Driving License,DL4878710538,India,2035-06-03,Yes,0.9,Synthetic
DOC7276145,C013958,PAN,OHTRB4043N,India,2027-07-30,Yes,0.89,Synthetic
DOC6426384,C013958,Passport,F6210544,India,2036-04-25,Yes,0.9,Synthetic
DOC2455139,C013958,Utility Bill,UB606501,India,2032-09-11,Yes,0.86,Synthetic
DOC6543663,C013960,Aadhaar,430917439503,UK,2031-05-26,Yes,0.86,Synthetic
DOC6835928,C013960,Driving License,DL7181442232,UK,2032-10-06,Yes,0.88,Synthetic
DOC3388522,C013960,PAN,WYJPJ8269E,UK,2030-01-21,Yes,0.87,Synthetic
DOC6115747,C013960,Passport,R6774651,UK,2030-12-10,Yes,0.82,Synthetic
DOC9447405,C013960,Utility Bill,UB242139,UK,2029-09-14,Yes,0.98,Synthetic
DOC7992730,C014031,Aadhaar,792248825559,USA,2034-03-26,Yes,0.92,Synthetic
DOC9403963,C014031,Driving License,DL4048001509,USA,2027-10-04,Yes,0.81,Synthetic
DOC2920539,C014031,PAN,ISAIL3842I,USA,2028-09-24,Yes,0.87,Synthetic
DOC9557840,C014031,Passport,T9900026,USA,2030-01-29,Yes,0.87,Synthetic
DOC2078013,C014031,Utility Bill,UB897804,USA,2030-12-08,Yes,0.91,Synthetic
DOC6024688,C014278,Aadhaar,603025239517,India,2033-10-21,Yes,0.88,Synthetic
DOC6948569,C014278,Driving License,DL1413473170,India,2036-01-06,Yes,0.9,Synthetic
DOC5885164,C014278,PAN,ANBSQ9611K,India,2034-01-13,Yes,0.97,Synthetic
DOC7865692,C014278,Passport,B1226153,India,2033-04-04,Yes,0.84,Synthetic
DOC1791302,C014278,Utility Bill,UB905982,India,2029-06-19,Yes,0.81,Synthetic
DOC4090765,C014304,Aadhaar,492770641342,Iran,2035-02-26,Yes,0.98,Synthetic
DOC9832302,C014304,Driving License,DL5281248141,Iran,2030-08-02,Yes,0.81,Synthetic
DOC9958652,C014304,PAN,JKSCO5486U,Iran,2030-05-31,Yes,0.97,Synthetic
DOC9359263,C014304,Passport,F2008973,Iran,2035-07-29,Yes,0.99,Synthetic
DOC8674346,C014304,Utility Bill,UB749123,Iran,2035-02-21,Yes,0.95,Synthetic
DOC3787276,C014319,Aadhaar,630994873602,Iran,2027-12-19,Yes,0.91,Synthetic
DOC6479591,C014319,Driving License,DL6776818379,Iran,2033-09-09,Yes,0.92,Synthetic
DOC3440885,C014319,PAN,THBQK4419F,Iran,2034-03-07,Yes,0.89,Synthetic
DOC2508354,C014319,Passport,G7755813,Iran,2029-11-28,Yes,0.97,Synthetic
DOC5473341,C014319,Utility Bill,UB344146,Iran,2029-08-02,Yes,0.84,Synthetic
DOC4317835,C014344,Aadhaar,603086360347,India,2029-12-23,Yes,0.91,Synthetic
DOC2193307,C014344,Driving License,DL4449011678,India,2034-11-10,Yes,0.94,Synthetic
DOC7784703,C014344,PAN,SBUFX7414C,India,2027-10-28,Yes,0.91,Synthetic
DOC9362296,C014344,Passport,R1198193,India,2031-06-08,Yes,0.86,Synthetic
DOC3873149,C014344,Utility Bill,UB172966,India,2035-05-04,Yes,0.89,Synthetic
DOC5062877,C014501,Aadhaar,540151514180,Iran,2034-04-03,Yes,0.82,Synthetic
DOC7457413,C014501,Driving License,DL9652383216,Iran,2031-07-13,Yes,0.82,Synthetic
DOC3815553,C014501,PAN,QHNLV3823R,Iran,2031-10-12,No,0.86,Synthetic
DOC6617607,C014501,Passport,K9468970,Iran,2031-02-17,Yes,0.95,Synthetic
DOC1092384,C014501,Utility Bill,UB913649,Iran,2033-04-18,Yes,0.89,Synthetic
DOC5337702,C014547,Aadhaar,119264540354,USA,2032-07-23,Yes,0.97,Synthetic
DOC7650675,C014547,Driving License,DL9054527366,USA,2027-07-03,Yes,0.95,Synthetic
DOC2890834,C014547,PAN,JSOLE5230A,USA,2034-03-08,Yes,0.91,Synthetic
DOC3485908,C014547,Passport,Z5251167,USA,2033-07-18,Yes,0.85,Synthetic
DOC7972165,C014547,Utility Bill,UB500004,USA,2032-11-20,Yes,0.94,Synthetic
DOC7340323,C014740,Aadhaar,661047903303,Russia,2033-08-31,Yes,0.81,Synthetic
DOC2581871,C014740,Driving License,DL2443588974,Russia,2028-11-10,Yes,0.89,Synthetic
DOC8125738,C014740,PAN,ORTWL7482H,Russia,2029-05-20,Yes,0.92,Synthetic
DOC1394021,C014740,Passport,D2599300,Russia,2034-09-22,Yes,0.86,Synthetic
DOC9193139,C014740,Utility Bill,UB296241,Russia,2033-05-17,Yes,0.84,Synthetic
DOC6324853,C014741,Aadhaar,407564810801,India,2033-01-14,No,0.87,Synthetic
DOC1866360,C014741,Driving License,DL3800047319,India,2027-08-10,Yes,0.97,Synthetic
DOC1507856,C014741,PAN,GGDMB1035D,India,2028-04-07,No,0.84,Synthetic
DOC3728363,C014741,Passport,F1070394,India,2031-06-29,Yes,0.96,Synthetic
DOC9588017,C014741,Utility Bill,UB984301,India,2029-10-14,Yes,0.86,Synthetic
DOC1453186,C014788,Aadhaar,576725265531,India,2030-09-28,Yes,0.9,Synthetic
DOC9250771,C014788,Driving License,DL6110423133,India,2028-01-13,No,0.99,Synthetic
DOC5343934,C014788,PAN,KRDKY8597Y,India,2033-02-25,Yes,0.84,Synthetic
DOC2301517,C014788,Passport,G3031975,India,2034-06-02,Yes,0.88,Synthetic
DOC3000893,C014788,Utility Bill,UB223537,India,2031-10-20,Yes,0.81,Synthetic
DOC6732194,C014834,Aadhaar,475667755912,UK,2032-04-04,Yes,0.8,Synthetic
DOC3097691,C014834,Driving License,DL9371872471,UK,2031-03-10,Yes,0.93,Synthetic
DOC6217802,C014834,PAN,JBJVZ2839O,UK,2032-06-14,Yes,0.93,Synthetic
DOC8774366,C014834,Passport,O6680281,UK,2028-12-05,Yes,0.89,Synthetic
DOC6233346,C014834,Utility Bill,UB489325,UK,2031-03-13,Yes,0.95,Synthetic
DOC5305411,C015039,Aadhaar,458298236009,USA,2032-02-22,Yes,0.82,Synthetic
DOC4826965,C015039,Driving License,DL9157251438,USA,2030-06-28,Yes,0.94,Synthetic
DOC2999324,C015039,PAN,JFVLW4230F,USA,2034-11-06,No,0.87,Synthetic
DOC6040372,C015039,Passport,B6649539,USA,2029-10-15,Yes,0.93,Synthetic
DOC8515843,C015039,Utility Bill,UB129969,USA,2031-05-03,Yes,0.98,Synthetic
DOC3776413,C015056,Aadhaar,581299368677,India,2028-08-20,Yes,0.94,Synthetic
DOC9906703,C015056,Driving License,DL7123655674,India,2036-06-04,Yes,0.92,Synthetic
DOC5195299,C015056,PAN,LNYKA3624A,India,2035-09-07,Yes,0.81,Synthetic
DOC7576860,C015056,Passport,K7320772,India,2032-07-13,Yes,0.93,Synthetic
DOC6249252,C015056,Utility Bill,UB230882,India,2028-08-30,Yes,0.88,Synthetic
DOC2043874,C015106,Aadhaar,606508142770,USA,2028-12-18,Yes,0.95,Synthetic
DOC8029131,C015106,Driving License,DL1077473150,USA,2027-09-24,Yes,0.96,Synthetic
DOC1987903,C015106,PAN,YUQGT1788N,USA,2036-04-22,Yes,0.98,Synthetic
DOC4409351,C015106,Passport,P7085040,USA,2028-03-04,Yes,0.92,Synthetic
DOC1493911,C015106,Utility Bill,UB723372,USA,2028-10-23,Yes,0.88,Synthetic
DOC1930814,C015234,Aadhaar,049085292488,USA,2029-05-13,Yes,0.93,Synthetic
DOC5471357,C015234,Driving License,DL6651191801,USA,2033-05-05,Yes,0.84,Synthetic
DOC6209560,C015234,PAN,QYAAZ4373I,USA,2031-11-04,Yes,0.86,Synthetic
DOC8743168,C015234,Passport,S1518285,USA,2030-01-24,Yes,0.84,Synthetic
DOC5689469,C015234,Utility Bill,UB589555,USA,2036-03-03,Yes,0.83,Synthetic
DOC5557079,C015283,Aadhaar,208953316062,India,2036-04-03,Yes,0.92,Synthetic
DOC6509590,C015283,Driving License,DL4247768807,India,2036-03-23,Yes,0.85,Synthetic
DOC8258899,C015283,PAN,JVRTM1624J,India,2028-04-18,Yes,0.86,Synthetic
DOC7512069,C015283,Passport,Q2719201,India,2028-10-22,Yes,0.97,Synthetic
DOC2018161,C015283,Utility Bill,UB205117,India,2031-11-11,Yes,0.92,Synthetic
DOC5041488,C015290,Aadhaar,378276860686,Russia,2028-02-12,Yes,0.97,Synthetic
DOC5800301,C015290,Driving License,DL2761950147,Russia,2033-08-21,Yes,0.94,Synthetic
DOC2933023,C015290,PAN,FIOFR8237D,Russia,2033-11-02,Yes,0.92,Synthetic
DOC5494721,C015290,Passport,P4375370,Russia,2035-11-10,Yes,0.9,Synthetic
DOC2476283,C015290,Utility Bill,UB328610,Russia,2031-05-21,Yes,0.86,Synthetic
DOC1938489,C015338,Aadhaar,656514520687,Russia,2032-08-08,Yes,0.97,Synthetic
DOC1203811,C015338,Driving License,DL4630649273,Russia,2033-06-26,Yes,0.81,Synthetic
DOC3526089,C015338,PAN,UHLEQ8023T,Russia,2032-02-25,Yes,0.97,Synthetic
DOC3031645,C015338,Passport,H2754149,Russia,2029-09-17,Yes,0.9,Synthetic
DOC7105652,C015338,Utility Bill,UB650938,Russia,2030-06-06,No,0.86,Synthetic
DOC1778733,C015503,Aadhaar,896360315403,UK,2028-11-09,Yes,0.97,Synthetic
DOC1326316,C015503,Driving License,DL3030934392,UK,2032-06-08,Yes,0.9,Synthetic
DOC6779399,C015503,PAN,VAXUW9601W,UK,2035-08-11,Yes,0.92,Synthetic
DOC8479287,C015503,Passport,V5477414,UK,2028-09-15,Yes,0.82,Synthetic
DOC8086981,C015503,Utility Bill,UB768820,UK,2035-06-14,Yes,0.97,Synthetic
DOC2113316,C015513,Aadhaar,451610583162,Russia,2030-10-02,Yes,0.94,Synthetic
DOC2763487,C015513,Driving License,DL4985916183,Russia,2032-04-10,Yes,0.97,Synthetic
DOC2591727,C015513,PAN,LDQXR4775H,Russia,2031-01-29,Yes,0.93,Synthetic
DOC5094795,C015513,Passport,Y9819374,Russia,2036-04-13,Yes,0.91,Synthetic
DOC1903302,C015513,Utility Bill,UB487304,Russia,2029-08-13,Yes,0.98,Synthetic
DOC8349134,C015608,Aadhaar,361747553843,USA,2033-01-22,Yes,0.86,Synthetic
DOC5085267,C015608,Driving License,DL6641447464,USA,2034-11-29,Yes,0.86,Synthetic
DOC7003113,C015608,PAN,VKJSO1916C,USA,2028-12-03,Yes,0.99,Synthetic
DOC6878844,C015608,Passport,E2515973,USA,2034-06-27,Yes,0.96,Synthetic
DOC7943820,C015608,Utility Bill,UB847486,USA,2035-08-13,Yes,0.93,Synthetic
DOC7890880,C015721,Aadhaar,700026300233,USA,2030-02-24,Yes,0.84,Synthetic
DOC1887018,C015721,Driving License,DL1463830180,USA,2033-07-28,Yes,0.87,Synthetic
DOC4769994,C015721,PAN,UVIQU5212K,USA,2034-03-21,Yes,0.86,Synthetic
DOC2087819,C015721,Passport,Z7318624,USA,2031-11-03,Yes,0.82,Synthetic
DOC9958857,C015721,Utility Bill,UB718466,USA,2032-03-30,Yes,0.87,Synthetic
DOC6211024,C015782,Aadhaar,592711531030,USA,2029-02-19,Yes,0.92,Synthetic
DOC8449670,C015782,Driving License,DL2003047823,USA,2034-06-14,No,0.87,Synthetic
DOC8000222,C015782,PAN,HUSXX4078C,USA,2029-11-11,Yes,0.85,Synthetic
DOC9461097,C015782,Passport,J6407719,USA,2029-03-02,Yes,0.85,Synthetic
DOC2174716,C015782,Utility Bill,UB551617,USA,2033-09-24,Yes,0.85,Synthetic
DOC6405989,C015921,Aadhaar,192823641758,UK,2034-05-05,Yes,0.83,Synthetic
DOC8721984,C015921,Driving License,DL6400189844,UK,2035-01-03,Yes,0.84,Synthetic
DOC4997755,C015921,PAN,ZZUIO7925M,UK,2035-12-18,Yes,0.88,Synthetic
DOC4997281,C015921,Passport,X2303213,UK,2033-08-26,Yes,0.93,Synthetic
DOC9117590,C015921,Utility Bill,UB495113,UK,2028-03-21,Yes,0.88,Synthetic
DOC2160325,C015987,Aadhaar,198123342503,UK,2034-11-30,Yes,0.91,Synthetic
DOC3419677,C015987,Driving License,DL3319608915,UK,2027-08-28,Yes,0.81,Synthetic
DOC6200044,C015987,PAN,TVUPX8948H,UK,2033-05-05,No,0.81,Synthetic
DOC1049265,C015987,Passport,J8685830,UK,2032-11-06,Yes,0.8,Synthetic
DOC9807064,C015987,Utility Bill,UB708438,UK,2028-04-15,Yes,0.97,Synthetic
DOC7661991,C015994,Aadhaar,377376412222,UK,2031-09-20,Yes,0.95,Synthetic
DOC4355673,C015994,Driving License,DL1426463196,UK,2029-06-20,Yes,0.87,Synthetic
DOC2645997,C015994,PAN,QYILT2115A,UK,2027-12-25,Yes,0.93,Synthetic
DOC4541363,C015994,Passport,H3876656,UK,2034-04-28,Yes,0.9,Synthetic
DOC3771994,C015994,Utility Bill,UB205615,UK,2028-05-21,Yes,0.82,Synthetic
DOC5740992,C016353,Aadhaar,890321863478,Russia,2033-10-30,Yes,0.89,Synthetic
DOC6608451,C016353,Driving License,DL3867136885,Russia,2028-01-25,Yes,0.92,Synthetic
DOC9206163,C016353,PAN,OEKAF2986U,Russia,2031-05-21,Yes,0.83,Synthetic
DOC6442718,C016353,Passport,X8293879,Russia,2031-12-26,Yes,0.82,Synthetic
DOC6289524,C016353,Utility Bill,UB539589,Russia,2027-10-28,No,0.92,Synthetic
DOC2755620,C016364,Aadhaar,272472172180,Iran,2031-01-08,Yes,0.85,Synthetic
DOC4215836,C016364,Driving License,DL9248335250,Iran,2031-11-21,Yes,0.81,Synthetic
DOC2545343,C016364,PAN,LYOFK3238X,Iran,2031-06-28,Yes,0.92,Synthetic
DOC6097449,C016364,Passport,E8150909,Iran,2035-09-26,Yes,0.89,Synthetic
DOC8147514,C016364,Utility Bill,UB582148,Iran,2034-05-17,Yes,0.81,Synthetic
DOC1820793,C016449,Aadhaar,422394096453,USA,2031-01-16,Yes,0.97,Synthetic
DOC3201285,C016449,Driving License,DL7465120876,USA,2032-04-17,Yes,0.83,Synthetic
DOC5293744,C016449,PAN,QQXWK2846E,USA,2033-11-14,Yes,0.9,Synthetic
DOC7397675,C016449,Passport,Y4632664,USA,2028-09-12,Yes,0.86,Synthetic
DOC6368597,C016449,Utility Bill,UB255890,USA,2033-11-28,Yes,0.81,Synthetic
DOC6903543,C016475,Aadhaar,010062456876,India,2033-02-11,Yes,0.9,Synthetic
DOC2748295,C016475,Driving License,DL7886738840,India,2027-08-20,Yes,0.85,Synthetic
DOC9570395,C016475,PAN,QWNVI2708V,India,2031-05-06,Yes,0.97,Synthetic
DOC5346085,C016475,Passport,R6417724,India,2028-03-05,Yes,0.95,Synthetic
DOC2870113,C016475,Utility Bill,UB525820,India,2028-07-29,Yes,0.96,Synthetic
DOC3772776,C016486,Aadhaar,382041430023,Russia,2035-07-21,Yes,0.98,Synthetic
DOC8595082,C016486,Driving License,DL3327873119,Russia,2034-01-23,Yes,0.96,Synthetic
DOC9919423,C016486,PAN,OZHZR4433U,Russia,2033-12-27,Yes,0.86,Synthetic
DOC8493458,C016486,Passport,Q7193793,Russia,2036-04-25,Yes,0.98,Synthetic
DOC1944680,C016486,Utility Bill,UB618286,Russia,2031-05-16,Yes,0.85,Synthetic
DOC7305739,C016508,Aadhaar,923549713175,Russia,2029-12-09,Yes,0.86,Synthetic
DOC8537869,C016508,Driving License,DL5125556868,Russia,2033-06-07,Yes,0.94,Synthetic
DOC7262389,C016508,PAN,ZXVKY6549L,Russia,2030-03-25,Yes,0.83,Synthetic
DOC5492335,C016508,Passport,R4916239,Russia,2029-03-25,Yes,0.94,Synthetic
DOC8429014,C016508,Utility Bill,UB375398,Russia,2034-11-26,Yes,0.89,Synthetic
DOC9288122,C016558,Aadhaar,433464380083,UK,2036-02-13,Yes,0.82,Synthetic
DOC2058158,C016558,Driving License,DL7734782514,UK,2029-04-18,Yes,0.95,Synthetic
DOC4837987,C016558,PAN,NSGGK8387G,UK,2028-01-25,Yes,0.99,Synthetic
DOC1978495,C016558,Passport,F7150905,UK,2028-09-15,Yes,0.91,Synthetic
DOC7941998,C016558,Utility Bill,UB829797,UK,2032-04-12,Yes,0.86,Synthetic
DOC4202078,C016722,Aadhaar,041626596927,Russia,2028-03-23,Yes,0.81,Synthetic
DOC1369438,C016722,Driving License,DL1383278280,Russia,2033-02-01,Yes,0.92,Synthetic
DOC1827143,C016722,PAN,WWWGI4776F,Russia,2036-03-29,Yes,0.81,Synthetic
DOC5667184,C016722,Passport,P9566486,Russia,2030-12-19,Yes,0.89,Synthetic
DOC1578004,C016722,Utility Bill,UB195771,Russia,2030-01-03,Yes,0.87,Synthetic
DOC8130429,C016886,Aadhaar,454087405914,Iran,2034-08-17,Yes,0.93,Synthetic
DOC8056148,C016886,Driving License,DL6021029856,Iran,2028-10-29,Yes,0.98,Synthetic
DOC2631230,C016886,PAN,GAGDQ9396J,Iran,2034-05-19,Yes,0.92,Synthetic
DOC3918318,C016886,Passport,K6382058,Iran,2027-08-09,Yes,0.96,Synthetic
DOC8336436,C016886,Utility Bill,UB246779,Iran,2033-04-10,No,0.81,Synthetic
DOC9685703,C016933,Aadhaar,920622071952,USA,2033-06-09,Yes,0.89,Synthetic
DOC9888923,C016933,Driving License,DL1084492360,USA,2034-10-11,Yes,0.86,Synthetic
DOC6193540,C016933,PAN,UERBP8236Y,USA,2030-03-15,Yes,0.82,Synthetic
DOC4146796,C016933,Passport,G3575418,USA,2033-01-24,No,0.9,Synthetic
DOC5561479,C016933,Utility Bill,UB911696,USA,2028-02-06,No,0.85,Synthetic
DOC1530197,C017078,Aadhaar,887112863371,Iran,2028-02-12,Yes,0.93,Synthetic
DOC4842337,C017078,Driving License,DL7356510568,Iran,2031-03-04,Yes,0.94,Synthetic
DOC5921788,C017078,PAN,ZKZVF8049S,Iran,2028-08-19,Yes,0.94,Synthetic
DOC3735121,C017078,Passport,L9499248,Iran,2033-06-16,Yes,0.92,Synthetic
DOC1039225,C017078,Utility Bill,UB646915,Iran,2029-06-30,Yes,0.83,Synthetic
DOC5606927,C017296,Aadhaar,645886105705,UK,2031-07-08,Yes,0.88,Synthetic
DOC7349378,C017296,Driving License,DL3791942396,UK,2033-06-22,Yes,0.83,Synthetic
DOC4549906,C017296,PAN,TMSEU5709H,UK,2030-09-18,Yes,0.85,Synthetic
DOC1336233,C017296,Passport,T6423282,UK,2030-12-30,Yes,0.82,Synthetic
DOC2977392,C017296,Utility Bill,UB764454,UK,2028-12-12,Yes,0.99,Synthetic
DOC9488518,C017325,Aadhaar,276627028905,Iran,2033-06-19,Yes,0.85,Synthetic
DOC6987766,C017325,Driving License,DL9466111221,Iran,2028-10-24,Yes,0.81,Synthetic
DOC9278780,C017325,PAN,JDEAJ1498Z,Iran,2028-09-26,Yes,0.88,Synthetic
DOC1099421,C017325,Passport,D5096161,Iran,2029-04-14,Yes,0.9,Synthetic
DOC7367233,C017325,Utility Bill,UB871021,Iran,2033-05-31,Yes,0.96,Synthetic
DOC6016580,C017384,Aadhaar,653031450606,USA,2027-11-17,No,0.98,Synthetic
DOC2980943,C017384,Driving License,DL4948685097,USA,2033-08-28,No,0.85,Synthetic
DOC1277221,C017384,PAN,UYCTJ1129N,USA,2029-03-06,Yes,0.81,Synthetic
DOC1181879,C017384,Passport,Y2770362,USA,2031-01-12,Yes,0.92,Synthetic
DOC3359970,C017384,Utility Bill,UB803538,USA,2028-09-22,Yes,0.84,Synthetic
DOC6457216,C017388,Aadhaar,869557785809,India,2029-06-19,Yes,0.88,Synthetic
DOC1788220,C017388,Driving License,DL4745155710,India,2031-11-27,Yes,0.82,Synthetic
DOC1614165,C017388,PAN,DNQZT2564S,India,2030-02-23,Yes,0.9,Synthetic
DOC9532490,C017388,Passport,L9358946,India,2035-08-22,Yes,0.94,Synthetic
DOC4517244,C017388,Utility Bill,UB456021,India,2031-01-25,Yes,0.95,Synthetic
DOC1508026,C017541,Aadhaar,780726207650,USA,2032-06-09,Yes,0.97,Synthetic
DOC9439417,C017541,Driving License,DL6953954870,USA,2028-05-27,Yes,0.8,Synthetic
DOC1322389,C017541,PAN,BGMRW5556U,USA,2030-03-18,Yes,0.85,Synthetic
DOC1485856,C017541,Passport,D1829971,USA,2031-11-08,Yes,0.81,Synthetic
DOC1680239,C017541,Utility Bill,UB605732,USA,2034-01-27,Yes,0.83,Synthetic
DOC4560733,C017557,Aadhaar,047618122187,Russia,2034-03-23,Yes,0.81,Synthetic
DOC3558980,C017557,Driving License,DL2550368169,Russia,2035-05-15,Yes,0.82,Synthetic
DOC6053407,C017557,PAN,ZOHLW7561O,Russia,2033-07-17,Yes,0.95,Synthetic
DOC7645869,C017557,Passport,S6392688,Russia,2035-01-05,Yes,0.94,Synthetic
DOC4533518,C017557,Utility Bill,UB339205,Russia,2028-10-30,Yes,0.83,Synthetic
DOC4882187,C017611,Aadhaar,942687527475,UK,2032-12-01,Yes,0.89,Synthetic
DOC6084094,C017611,Driving License,DL2188499625,UK,2027-12-03,Yes,0.95,Synthetic
DOC3728757,C017611,PAN,HOUMM6664F,UK,2035-10-06,Yes,0.97,Synthetic
DOC8135750,C017611,Passport,V9138866,UK,2028-11-07,Yes,0.94,Synthetic
DOC3814268,C017611,Utility Bill,UB610154,UK,2031-09-11,Yes,0.94,Synthetic
DOC6620868,C017811,Aadhaar,536598936902,Iran,2034-04-19,Yes,0.83,Synthetic
DOC4713709,C017811,Driving License,DL9634116311,Iran,2029-10-29,Yes,0.97,Synthetic
DOC3954685,C017811,PAN,VCCEZ3306J,Iran,2027-11-19,Yes,0.98,Synthetic
DOC6509518,C017811,Passport,I9649573,Iran,2036-04-16,Yes,0.92,Synthetic
DOC1342126,C017811,Utility Bill,UB766061,Iran,2035-07-02,Yes,0.94,Synthetic
DOC4068271,C017817,Aadhaar,210276879759,UK,2029-11-24,Yes,0.88,Synthetic
DOC6012137,C017817,Driving License,DL3111575777,UK,2035-02-23,Yes,0.88,Synthetic
DOC5549298,C017817,PAN,WEMHZ2639L,UK,2033-06-24,Yes,0.97,Synthetic
DOC6249502,C017817,Passport,I6008974,UK,2030-02-16,Yes,0.86,Synthetic
DOC5612726,C017817,Utility Bill,UB291710,UK,2033-03-29,Yes,0.92,Synthetic
DOC5877794,C017952,Aadhaar,095952237787,Iran,2029-09-10,Yes,0.82,Synthetic
DOC6242192,C017952,Driving License,DL9621268815,Iran,2031-11-22,Yes,0.82,Synthetic
DOC2230686,C017952,PAN,CEPWA8803B,Iran,2028-07-29,Yes,0.99,Synthetic
DOC7430376,C017952,Passport,I6269808,Iran,2036-04-27,Yes,0.8,Synthetic
DOC3658350,C017952,Utility Bill,UB574003,Iran,2034-09-11,No,0.88,Synthetic
DOC7703646,C018050,Aadhaar,536804884685,UK,2035-03-16,No,0.93,Synthetic
DOC4522978,C018050,Driving License,DL8989277832,UK,2031-01-21,Yes,0.96,Synthetic
DOC9353555,C018050,PAN,ALAYP4468A,UK,2031-10-09,Yes,0.83,Synthetic
DOC5227640,C018050,Passport,J7864892,UK,2031-10-05,Yes,0.81,Synthetic
DOC2486110,C018050,Utility Bill,UB602671,UK,2035-12-07,Yes,0.93,Synthetic
DOC2524686,C018070,Aadhaar,095764728411,Russia,2035-12-30,No,0.9,Synthetic
DOC2804117,C018070,Driving License,DL3939674975,Russia,2028-03-18,No,0.97,Synthetic
DOC8101494,C018070,PAN,DYEGT4500A,Russia,2031-12-29,Yes,0.82,Synthetic
DOC6919715,C018070,Passport,Z5969190,Russia,2028-04-09,Yes,0.85,Synthetic
DOC9437699,C018070,Utility Bill,UB189344,Russia,2036-05-31,Yes,0.97,Synthetic
DOC5240493,C018076,Aadhaar,635833397339,Russia,2028-04-08,Yes,0.89,Synthetic
DOC3845007,C018076,Driving License,DL6326503405,Russia,2027-07-17,Yes,0.82,Synthetic
DOC2343391,C018076,PAN,QHHYU7584T,Russia,2030-12-10,Yes,0.93,Synthetic
DOC5153826,C018076,Passport,P5106270,Russia,2035-11-20,Yes,0.97,Synthetic
DOC4144108,C018076,Utility Bill,UB908481,Russia,2035-10-15,Yes,0.92,Synthetic
DOC8220063,C018224,Aadhaar,892413523729,Russia,2030-08-01,Yes,0.88,Synthetic
DOC5445739,C018224,Driving License,DL8926718086,Russia,2032-01-25,Yes,0.86,Synthetic
DOC3649487,C018224,PAN,TODIO2264Y,Russia,2031-11-09,Yes,0.83,Synthetic
DOC7221621,C018224,Passport,B4034707,Russia,2032-10-24,Yes,0.95,Synthetic
DOC7869784,C018224,Utility Bill,UB611929,Russia,2034-01-14,Yes,0.85,Synthetic
DOC5298649,C018337,Aadhaar,862228309928,USA,2036-06-23,Yes,0.97,Synthetic
DOC1074888,C018337,Driving License,DL4012947192,USA,2031-06-26,Yes,0.81,Synthetic
DOC7774718,C018337,PAN,YZXRH3685L,USA,2035-10-24,Yes,0.83,Synthetic
DOC3767351,C018337,Passport,Q5203229,USA,2035-04-06,Yes,0.86,Synthetic
DOC3989218,C018337,Utility Bill,UB716371,USA,2031-04-29,Yes,0.84,Synthetic
DOC8728308,C018681,Aadhaar,715744602213,Iran,2033-03-14,Yes,0.94,Synthetic
DOC2174519,C018681,Driving License,DL3604496080,Iran,2030-08-23,Yes,0.94,Synthetic
DOC5481408,C018681,PAN,BQQND5164N,Iran,2028-10-25,Yes,0.9,Synthetic
DOC6222187,C018681,Passport,U1065947,Iran,2030-08-17,Yes,0.81,Synthetic
DOC3989238,C018681,Utility Bill,UB768598,Iran,2029-11-03,Yes,0.84,Synthetic
DOC9853262,C018771,Aadhaar,581365297554,USA,2032-04-03,Yes,0.89,Synthetic
DOC5703098,C018771,Driving License,DL9933470272,USA,2029-11-05,Yes,0.92,Synthetic
DOC4179189,C018771,PAN,PYFJT1563U,USA,2035-11-27,Yes,0.94,Synthetic
DOC2047068,C018771,Passport,Q5410656,USA,2028-03-19,Yes,0.89,Synthetic
DOC2797898,C018771,Utility Bill,UB458464,USA,2028-08-31,Yes,0.88,Synthetic
DOC4126160,C019138,Aadhaar,605695194998,India,2032-02-09,Yes,0.98,Synthetic
DOC7309735,C019138,Driving License,DL1755994865,India,2031-11-23,Yes,0.92,Synthetic
DOC7612693,C019138,PAN,GAEMJ8061Y,India,2034-10-22,Yes,0.95,Synthetic
DOC9669564,C019138,Passport,S1736872,India,2028-02-25,Yes,0.86,Synthetic
DOC1361820,C019138,Utility Bill,UB778570,India,2029-11-07,Yes,0.92,Synthetic
DOC4431045,C019279,Aadhaar,039776230361,Russia,2033-01-20,Yes,0.87,Synthetic
DOC9589224,C019279,Driving License,DL2903683616,Russia,2033-10-16,Yes,0.8,Synthetic
DOC1427121,C019279,PAN,YSGWQ8289B,Russia,2031-01-12,Yes,0.95,Synthetic
DOC3690316,C019279,Passport,I7269571,Russia,2036-06-11,Yes,0.94,Synthetic
DOC7656429,C019279,Utility Bill,UB191430,Russia,2033-02-05,Yes,0.85,Synthetic
DOC6326931,C019282,Aadhaar,856193441322,USA,2032-05-03,Yes,0.85,Synthetic
DOC2711154,C019282,Driving License,DL1426641080,USA,2034-03-19,Yes,0.85,Synthetic
DOC6424325,C019282,PAN,SLTNE7921Q,USA,2031-04-26,Yes,0.84,Synthetic
DOC8790436,C019282,Passport,W1304700,USA,2028-04-25,Yes,0.84,Synthetic
DOC8486574,C019282,Utility Bill,UB561326,USA,2034-01-23,Yes,0.92,Synthetic
DOC9161810,C019393,Aadhaar,607901106358,Iran,2027-11-27,Yes,0.89,Synthetic
DOC9008747,C019393,Driving License,DL4783498311,Iran,2032-07-31,Yes,0.98,Synthetic
DOC1799261,C019393,PAN,ECVDA1024I,Iran,2030-03-18,No,0.95,Synthetic
DOC2893003,C019393,Passport,C1050894,Iran,2029-03-12,Yes,0.88,Synthetic
DOC8940254,C019393,Utility Bill,UB361272,Iran,2035-02-25,Yes,0.88,Synthetic
DOC5016832,C019525,Aadhaar,264848934471,Russia,2035-01-24,Yes,0.86,Synthetic
DOC3225651,C019525,Driving License,DL4520232887,Russia,2030-10-29,Yes,0.87,Synthetic
DOC7630610,C019525,PAN,NFFSM9738T,Russia,2029-09-10,Yes,0.87,Synthetic
DOC1389298,C019525,Passport,F6844220,Russia,2035-04-04,Yes,0.86,Synthetic
DOC8151605,C019525,Utility Bill,UB909932,Russia,2033-06-05,Yes,0.84,Synthetic
DOC4616551,C019695,Aadhaar,959470972610,Iran,2031-08-07,Yes,0.88,Synthetic
DOC6912119,C019695,Driving License,DL8475665072,Iran,2030-05-13,Yes,0.87,Synthetic
DOC6897239,C019695,PAN,HNOCI3524O,Iran,2032-10-15,Yes,0.95,Synthetic
DOC4646001,C019695,Passport,W4919644,Iran,2031-10-08,Yes,0.83,Synthetic
DOC6277779,C019695,Utility Bill,UB974343,Iran,2027-10-25,Yes,0.88,Synthetic
DOC4692768,C019788,Aadhaar,714888307299,Iran,2034-11-15,Yes,0.83,Synthetic
DOC6602530,C019788,Driving License,DL4039751762,Iran,2032-08-08,Yes,0.87,Synthetic
DOC3205221,C019788,PAN,KXALG5365X,Iran,2035-07-08,Yes,0.84,Synthetic
DOC8949819,C019788,Passport,L5087456,Iran,2032-04-07,No,0.92,Synthetic
DOC6385721,C019788,Utility Bill,UB873764,Iran,2032-01-26,Yes,0.99,Synthetic
DOC9389119,C019811,Aadhaar,829847578102,Russia,2031-03-16,Yes,0.85,Synthetic
DOC1719259,C019811,Driving License,DL4010264513,Russia,2029-01-28,Yes,0.8,Synthetic
DOC8718364,C019811,PAN,DHBWS5553K,Russia,2032-11-03,Yes,0.83,Synthetic
DOC1787975,C019811,Passport,S8525856,Russia,2036-02-24,Yes,0.84,Synthetic
DOC3102299,C019811,Utility Bill,UB850322,Russia,2031-06-10,Yes,0.94,Synthetic
DOC2277469,C019862,Aadhaar,676113688528,Iran,2034-02-07,Yes,0.81,Synthetic
DOC2831402,C019862,Driving License,DL6152929272,Iran,2033-12-23,Yes,0.88,Synthetic
DOC2225393,C019862,PAN,AFJOZ3923Q,Iran,2034-03-12,Yes,0.94,Synthetic
DOC9674050,C019862,Passport,G6881938,Iran,2033-05-24,Yes,0.8,Synthetic
DOC7299217,C019862,Utility Bill,UB461743,Iran,2032-08-22,Yes,0.81,Synthetic
DOC5650440,C019947,Aadhaar,102400560105,Iran,2028-08-04,Yes,0.98,Synthetic
DOC3198248,C019947,Driving License,DL1345455882,Iran,2028-04-28,Yes,0.96,Synthetic
DOC6787415,C019947,PAN,CWQTV3939B,Iran,2034-08-27,Yes,0.88,Synthetic
DOC3806786,C019947,Passport,Z2529264,Iran,2034-07-17,Yes,0.86,Synthetic
DOC9674549,C019947,Utility Bill,UB467554,Iran,2036-03-18,Yes,0.84,Synthetic
DOC3443936,C020079,Aadhaar,217927965096,UK,2033-10-28,No,0.94,Synthetic
DOC7059544,C020079,Driving License,DL7493449541,UK,2027-08-31,Yes,0.98,Synthetic
DOC9044939,C020079,PAN,UJKAC3534A,UK,2027-12-28,Yes,0.9,Synthetic
DOC4937241,C020079,Passport,M2129373,UK,2032-09-04,Yes,0.87,Synthetic
DOC3822979,C020079,Utility Bill,UB343089,UK,2031-05-19,Yes,0.99,Synthetic
DOC1821212,C020139,Aadhaar,493675877788,India,2034-01-22,Yes,0.89,Synthetic
DOC9538046,C020139,Driving License,DL5985918556,India,2035-09-18,Yes,0.93,Synthetic
DOC6315384,C020139,PAN,SESFQ9411C,India,2028-08-30,Yes,0.88,Synthetic
DOC3924030,C020139,Passport,E1108469,India,2035-05-20,Yes,0.97,Synthetic
DOC2926796,C020139,Utility Bill,UB217503,India,2031-02-06,Yes,0.81,Synthetic
DOC5503239,C020152,Aadhaar,956959504376,UK,2032-07-21,Yes,0.83,Synthetic
DOC7550611,C020152,Driving License,DL4618728596,UK,2035-09-14,Yes,0.81,Synthetic
DOC4111175,C020152,PAN,JJHPU9890C,UK,2035-07-07,Yes,0.87,Synthetic
DOC2781300,C020152,Passport,S6937289,UK,2029-08-12,Yes,0.9,Synthetic
DOC8543105,C020152,Utility Bill,UB693090,UK,2034-03-24,Yes,0.9,Synthetic
DOC2458573,C020165,Aadhaar,126986293382,India,2034-01-11,Yes,0.86,Synthetic
DOC9975891,C020165,Driving License,DL3616882117,India,2029-10-31,Yes,0.85,Synthetic
DOC7110370,C020165,PAN,SNCUX5657Q,India,2033-03-08,Yes,0.85,Synthetic
DOC1420117,C020165,Passport,B2051584,India,2028-05-14,Yes,0.9,Synthetic
DOC7402854,C020165,Utility Bill,UB631887,India,2029-03-13,Yes,0.83,Synthetic
DOC7011182,C020172,Aadhaar,184108582136,India,2034-11-03,Yes,0.87,Synthetic
DOC4191323,C020172,Driving License,DL5431134856,India,2028-04-14,Yes,0.84,Synthetic
DOC8605961,C020172,PAN,UBMYU7965L,India,2028-09-20,Yes,0.87,Synthetic
DOC1102151,C020172,Passport,R5534965,India,2034-02-17,Yes,0.9,Synthetic
DOC4164699,C020172,Utility Bill,UB376710,India,2035-03-16,Yes,0.82,Synthetic
DOC7087571,C020771,Aadhaar,101408255584,Iran,2028-02-20,Yes,0.87,Synthetic
DOC7281270,C020771,Driving License,DL4825705863,Iran,2035-03-27,Yes,0.93,Synthetic
DOC8709413,C020771,PAN,OCWDE8923Q,Iran,2027-07-03,Yes,0.89,Synthetic
DOC2412565,C020771,Passport,W8610406,Iran,2030-02-21,Yes,0.9,Synthetic
DOC6058932,C020771,Utility Bill,UB954964,Iran,2028-12-28,Yes,0.91,Synthetic
DOC6081464,C021274,Aadhaar,350277195100,UK,2032-09-16,Yes,0.91,Synthetic
DOC3068428,C021274,Driving License,DL2397544370,UK,2032-04-19,Yes,0.91,Synthetic
DOC3570181,C021274,PAN,EOCFZ2555A,UK,2035-02-25,Yes,0.95,Synthetic
DOC8605359,C021274,Passport,G2960538,UK,2035-10-19,Yes,0.97,Synthetic
DOC7416582,C021274,Utility Bill,UB646158,UK,2029-07-13,Yes,0.85,Synthetic
DOC4197352,C021755,Aadhaar,704903449498,Russia,2036-02-13,Yes,0.84,Synthetic
DOC9232885,C021755,Driving License,DL2957856830,Russia,2034-01-10,Yes,0.86,Synthetic
DOC9192030,C021755,PAN,MOJXA9691X,Russia,2029-02-11,Yes,0.83,Synthetic
DOC2109577,C021755,Passport,T6474918,Russia,2033-04-15,Yes,0.91,Synthetic
DOC1389301,C021755,Utility Bill,UB971490,Russia,2027-07-31,Yes,0.83,Synthetic
DOC8481029,C021892,Aadhaar,047854518797,India,2031-05-11,Yes,0.82,Synthetic
DOC3556257,C021892,Driving License,DL8035947470,India,2031-10-14,Yes,0.8,Synthetic
DOC4289154,C021892,PAN,NLHRD3057F,India,2033-03-27,Yes,0.95,Synthetic
DOC8027593,C021892,Passport,P6942870,India,2031-05-28,Yes,0.82,Synthetic
DOC8359949,C021892,Utility Bill,UB397465,India,2029-08-14,Yes,0.93,Synthetic
DOC1564860,C022199,Aadhaar,723288766045,Iran,2034-03-16,Yes,0.93,Synthetic
DOC3067800,C022199,Driving License,DL6967669221,Iran,2028-03-14,Yes,0.82,Synthetic
DOC8931607,C022199,PAN,ARIZP9921M,Iran,2030-11-26,Yes,0.81,Synthetic
DOC5941693,C022199,Passport,R3797022,Iran,2029-07-29,Yes,0.91,Synthetic
DOC3324161,C022199,Utility Bill,UB200868,Iran,2030-02-01,Yes,0.82,Synthetic
DOC2779772,C022481,Aadhaar,868023464396,USA,2033-04-25,Yes,0.91,Synthetic
DOC1293145,C022481,Driving License,DL6209345400,USA,2032-01-19,Yes,0.89,Synthetic
DOC3050746,C022481,PAN,EQOGN1812U,USA,2029-08-12,Yes,0.97,Synthetic
DOC6151482,C022481,Passport,C2786110,USA,2029-08-05,Yes,0.97,Synthetic
DOC1572615,C022481,Utility Bill,UB797602,USA,2028-09-24,No,0.91,Synthetic
DOC8193757,C022503,Aadhaar,107228985886,India,2031-10-27,Yes,0.94,Synthetic
DOC9139366,C022503,Driving License,DL3034861946,India,2028-02-03,Yes,0.87,Synthetic
DOC8803272,C022503,PAN,LWIFB9816K,India,2029-10-16,Yes,0.94,Synthetic
DOC6644616,C022503,Passport,U4356269,India,2032-08-03,Yes,0.82,Synthetic
DOC2702300,C022503,Utility Bill,UB626175,India,2029-09-27,Yes,0.89,Synthetic
DOC3458970,C022553,Aadhaar,090461917273,India,2029-02-01,Yes,0.94,Synthetic
DOC3942027,C022553,Driving License,DL3413179695,India,2028-04-27,Yes,0.84,Synthetic
DOC5390349,C022553,PAN,JRKAF6093D,India,2032-11-08,Yes,0.9,Synthetic
DOC5185068,C022553,Passport,I5999535,India,2028-06-02,No,0.81,Synthetic
DOC7644822,C022553,Utility Bill,UB662920,India,2033-12-27,Yes,0.82,Synthetic
DOC2990885,C022708,Aadhaar,314726054343,Russia,2030-03-19,Yes,0.87,Synthetic
DOC3994293,C022708,Driving License,DL7313551327,Russia,2035-07-19,Yes,0.81,Synthetic
DOC2236563,C022708,PAN,IKOMT4734P,Russia,2031-06-23,Yes,0.98,Synthetic
DOC1334520,C022708,Passport,F3319374,Russia,2030-04-16,Yes,0.97,Synthetic
DOC8078643,C022708,Utility Bill,UB438248,Russia,2029-10-22,Yes,0.96,Synthetic
DOC2473022,C022830,Aadhaar,044706478758,India,2030-05-14,Yes,0.87,Synthetic
DOC2430593,C022830,Driving License,DL9894757130,India,2029-03-20,Yes,0.99,Synthetic
DOC5091690,C022830,PAN,AWJTQ5602P,India,2035-07-31,Yes,0.87,Synthetic
DOC4498582,C022830,Passport,Q4704166,India,2029-10-04,Yes,0.83,Synthetic
DOC9265088,C022830,Utility Bill,UB696193,India,2029-07-15,Yes,0.98,Synthetic
DOC2756895,C022866,Aadhaar,639346917118,UK,2028-08-15,Yes,0.93,Synthetic
DOC5991527,C022866,Driving License,DL2829593121,UK,2029-11-18,Yes,0.86,Synthetic
DOC1229923,C022866,PAN,DOAXG8622A,UK,2034-08-03,Yes,0.83,Synthetic
DOC2345817,C022866,Passport,I1551657,UK,2027-08-06,Yes,0.87,Synthetic
DOC3878571,C022866,Utility Bill,UB793143,UK,2034-08-23,Yes,0.85,Synthetic
DOC8483596,C023144,Aadhaar,045755898092,Russia,2030-07-13,Yes,0.88,Synthetic
DOC7099393,C023144,Driving License,DL3204358642,Russia,2034-12-25,Yes,0.85,Synthetic
DOC5022079,C023144,PAN,CQMIO7717R,Russia,2034-06-26,Yes,0.89,Synthetic
DOC2727560,C023144,Passport,N7376750,Russia,2033-10-25,Yes,0.89,Synthetic
DOC4868806,C023144,Utility Bill,UB452720,Russia,2035-02-05,Yes,0.8,Synthetic
DOC8501902,C023170,Aadhaar,127449613418,USA,2032-12-04,Yes,0.97,Synthetic
DOC6729017,C023170,Driving License,DL3357126267,USA,2030-05-25,No,0.91,Synthetic
DOC2142905,C023170,PAN,SPFGO7425S,USA,2033-11-23,Yes,0.83,Synthetic
DOC1227147,C023170,Passport,G8572701,USA,2030-03-27,Yes,0.92,Synthetic
DOC4495848,C023170,Utility Bill,UB458946,USA,2033-02-23,Yes,0.98,Synthetic
DOC3616101,C023194,Aadhaar,399509064409,Russia,2033-10-07,Yes,0.86,Synthetic
DOC1616488,C023194,Driving License,DL8695279938,Russia,2035-08-28,Yes,0.98,Synthetic
DOC9981277,C023194,PAN,PLNGM6162R,Russia,2032-03-23,Yes,0.83,Synthetic
DOC8733246,C023194,Passport,N3187286,Russia,2035-05-17,Yes,0.93,Synthetic
DOC3808702,C023194,Utility Bill,UB424774,Russia,2035-02-25,Yes,0.98,Synthetic
DOC9913762,C023459,Aadhaar,783026152194,Russia,2033-08-03,Yes,0.81,Synthetic
DOC5076281,C023459,Driving License,DL4537211936,Russia,2029-01-27,Yes,0.83,Synthetic
DOC8385947,C023459,PAN,SSQBV5693E,Russia,2029-08-11,Yes,0.86,Synthetic
DOC4363798,C023459,Passport,M3315918,Russia,2034-12-16,Yes,0.9,Synthetic
DOC4359508,C023459,Utility Bill,UB911212,Russia,2035-02-21,Yes,0.81,Synthetic
DOC4642136,C023486,Aadhaar,613561828316,UK,2034-04-26,Yes,0.98,Synthetic
DOC6999769,C023486,Driving License,DL6409409133,UK,2035-04-19,Yes,0.93,Synthetic
DOC4986308,C023486,PAN,WEDYK7961X,UK,2030-02-18,Yes,0.92,Synthetic
DOC9870838,C023486,Passport,L9774341,UK,2030-10-24,Yes,0.97,Synthetic
DOC1778175,C023486,Utility Bill,UB208821,UK,2031-08-31,Yes,0.94,Synthetic
DOC8321686,C023504,Aadhaar,253206421938,Russia,2031-02-05,Yes,0.91,Synthetic
DOC5472325,C023504,Driving License,DL6445348152,Russia,2028-05-07,Yes,0.84,Synthetic
DOC8082044,C023504,PAN,QWPFV2565N,Russia,2029-05-18,Yes,0.96,Synthetic
DOC7997968,C023504,Passport,V8024823,Russia,2032-10-10,Yes,0.86,Synthetic
DOC9342911,C023504,Utility Bill,UB192098,Russia,2033-11-19,Yes,0.8,Synthetic
DOC7974767,C023550,Aadhaar,360841024098,Russia,2032-02-27,Yes,0.92,Synthetic
DOC4801102,C023550,Driving License,DL3258308663,Russia,2033-09-16,Yes,0.88,Synthetic
DOC2062164,C023550,PAN,MGRCE9166Z,Russia,2030-01-13,Yes,0.85,Synthetic
DOC5919332,C023550,Passport,K1309043,Russia,2029-12-31,Yes,0.87,Synthetic
DOC6318640,C023550,Utility Bill,UB883522,Russia,2032-01-22,Yes,0.84,Synthetic
DOC1860338,C023571,Aadhaar,577960492125,UK,2034-12-11,Yes,0.98,Synthetic
DOC9009007,C023571,Driving License,DL1780365155,UK,2033-11-23,Yes,0.8,Synthetic
DOC7980416,C023571,PAN,MNYCW5897J,UK,2031-07-12,Yes,0.92,Synthetic
DOC5884001,C023571,Passport,N5772335,UK,2034-10-11,Yes,0.82,Synthetic
DOC4666966,C023571,Utility Bill,UB973827,UK,2029-04-04,Yes,0.88,Synthetic
DOC3883819,C023682,Aadhaar,458156562548,Russia,2033-06-27,Yes,0.88,Synthetic
DOC3944005,C023682,Driving License,DL2655487608,Russia,2028-07-05,Yes,0.92,Synthetic
DOC5008761,C023682,PAN,HSEFV7372K,Russia,2034-06-09,Yes,0.99,Synthetic
DOC2768778,C023682,Passport,Z5100305,Russia,2027-09-16,Yes,0.85,Synthetic
DOC2429135,C023682,Utility Bill,UB945765,Russia,2033-02-02,Yes,0.85,Synthetic
DOC8608608,C023739,Aadhaar,395397507568,Russia,2035-02-16,Yes,0.99,Synthetic
DOC6314655,C023739,Driving License,DL7716498163,Russia,2035-03-15,Yes,0.83,Synthetic
DOC6374718,C023739,PAN,DYHIE1127X,Russia,2032-03-09,Yes,0.85,Synthetic
DOC4621303,C023739,Passport,G5063898,Russia,2029-06-28,Yes,0.96,Synthetic
DOC5832762,C023739,Utility Bill,UB470156,Russia,2034-08-24,Yes,0.95,Synthetic
DOC7945572,C023820,Aadhaar,766068398338,UK,2032-05-28,Yes,0.92,Synthetic
DOC4903551,C023820,Driving License,DL9220294334,UK,2031-12-20,Yes,0.94,Synthetic
DOC5654060,C023820,PAN,QIDTX4686X,UK,2036-05-05,Yes,0.81,Synthetic
DOC2298981,C023820,Passport,O5101994,UK,2029-09-11,Yes,0.81,Synthetic
DOC5642081,C023820,Utility Bill,UB883513,UK,2029-09-04,Yes,0.82,Synthetic
DOC8622652,C023890,Aadhaar,570004509943,USA,2035-12-26,Yes,0.87,Synthetic
DOC5350024,C023890,Driving License,DL7732309283,USA,2032-04-08,Yes,0.83,Synthetic
DOC3020954,C023890,PAN,BARNG5830T,USA,2032-02-08,Yes,0.93,Synthetic
DOC3177028,C023890,Passport,Z1767558,USA,2035-04-13,Yes,0.82,Synthetic
DOC2887016,C023890,Utility Bill,UB565365,USA,2035-09-07,Yes,0.95,Synthetic
DOC4140926,C023948,Aadhaar,265542076239,USA,2035-08-29,Yes,0.9,Synthetic
DOC2869447,C023948,Driving License,DL7446694709,USA,2036-04-24,No,0.86,Synthetic
DOC2077486,C023948,PAN,QRGYV7226P,USA,2032-02-20,Yes,0.91,Synthetic
DOC3656616,C023948,Passport,Q5304279,USA,2031-10-11,Yes,0.87,Synthetic
DOC4095224,C023948,Utility Bill,UB784983,USA,2030-05-26,Yes,0.85,Synthetic
DOC8444117,C024042,Aadhaar,884461033617,USA,2031-01-28,Yes,0.86,Synthetic
DOC7970272,C024042,Driving License,DL9734028228,USA,2036-05-28,Yes,0.86,Synthetic
DOC5521133,C024042,PAN,OTFMW3041X,USA,2035-02-23,Yes,0.82,Synthetic
DOC7652275,C024042,Passport,H3832367,USA,2035-07-26,Yes,0.97,Synthetic
DOC4389320,C024042,Utility Bill,UB500188,USA,2029-09-21,Yes,0.92,Synthetic
DOC8075273,C024220,Aadhaar,968500887388,India,2036-06-22,Yes,0.92,Synthetic
DOC4783192,C024220,Driving License,DL2193131939,India,2028-10-15,Yes,0.82,Synthetic
DOC8862394,C024220,PAN,JAVNO6146G,India,2034-12-03,Yes,0.89,Synthetic
DOC1211498,C024220,Passport,G1167341,India,2030-07-10,Yes,0.95,Synthetic
DOC1802324,C024220,Utility Bill,UB465279,India,2032-02-14,Yes,0.84,Synthetic
DOC3646579,C024331,Aadhaar,075728279775,Russia,2028-11-16,Yes,0.85,Synthetic
DOC8053031,C024331,Driving License,DL5203805181,Russia,2028-01-22,Yes,0.94,Synthetic
DOC7228401,C024331,PAN,ZOHHZ6623C,Russia,2027-08-09,Yes,0.98,Synthetic
DOC5364853,C024331,Passport,Y1376121,Russia,2036-02-08,Yes,0.97,Synthetic
DOC1501646,C024331,Utility Bill,UB681277,Russia,2027-11-02,Yes,0.87,Synthetic
DOC1941560,C024453,Aadhaar,593466607925,India,2030-10-05,Yes,0.93,Synthetic
DOC1168782,C024453,Driving License,DL4979049939,India,2028-09-27,Yes,0.98,Synthetic
DOC5796903,C024453,PAN,JWIVK2925G,India,2036-05-11,Yes,0.98,Synthetic
DOC7954681,C024453,Passport,A8903491,India,2031-06-12,Yes,0.85,Synthetic
DOC7036618,C024453,Utility Bill,UB394010,India,2036-05-10,Yes,0.92,Synthetic
DOC4555912,C024550,Aadhaar,653672083952,India,2031-05-19,Yes,0.85,Synthetic
DOC1278977,C024550,Driving License,DL4793105374,India,2031-04-12,Yes,0.95,Synthetic
DOC8410374,C024550,PAN,DCNYY4397V,India,2031-07-16,No,0.84,Synthetic
DOC8021214,C024550,Passport,R7871251,India,2033-10-15,Yes,0.83,Synthetic
DOC1770759,C024550,Utility Bill,UB712183,India,2035-02-05,Yes,0.8,Synthetic
DOC5094462,C024625,Aadhaar,569212058918,India,2030-11-12,Yes,0.83,Synthetic
DOC1807258,C024625,Driving License,DL1691246577,India,2028-09-17,Yes,0.84,Synthetic
DOC6387501,C024625,PAN,TCYYC8739T,India,2029-04-10,Yes,0.83,Synthetic
DOC3602645,C024625,Passport,Y4277950,India,2027-08-22,Yes,0.8,Synthetic
DOC3836592,C024625,Utility Bill,UB631368,India,2028-05-31,Yes,0.95,Synthetic
DOC1475554,C024662,Aadhaar,054552504677,Iran,2032-01-28,Yes,0.84,Synthetic
DOC6896499,C024662,Driving License,DL8406353214,Iran,2029-12-29,Yes,0.98,Synthetic
DOC5464124,C024662,PAN,WPUUL1224E,Iran,2028-04-26,Yes,0.92,Synthetic
DOC9137805,C024662,Passport,A1123851,Iran,2031-08-31,Yes,0.87,Synthetic
DOC4353003,C024662,Utility Bill,UB710012,Iran,2030-07-08,Yes,0.9,Synthetic
DOC8528399,C024810,Aadhaar,529454219378,Russia,2035-01-14,Yes,0.85,Synthetic
DOC8947913,C024810,Driving License,DL3736960568,Russia,2031-10-10,Yes,0.89,Synthetic
DOC6005954,C024810,PAN,HZOYR8066H,Russia,2030-04-18,Yes,0.92,Synthetic
DOC4761201,C024810,Passport,E7297840,Russia,2030-08-16,Yes,0.9,Synthetic
DOC3060356,C024810,Utility Bill,UB964053,Russia,2035-11-13,Yes,0.94,Synthetic
DOC2491353,C024831,Aadhaar,743529021981,Russia,2032-06-11,Yes,0.98,Synthetic
DOC6485327,C024831,Driving License,DL5829678628,Russia,2035-01-21,Yes,0.85,Synthetic
DOC6691680,C024831,PAN,MFNIW8628A,Russia,2029-11-17,Yes,0.82,Synthetic
DOC6781345,C024831,Passport,K7207934,Russia,2029-02-05,Yes,0.96,Synthetic
DOC8943507,C024831,Utility Bill,UB103106,Russia,2036-05-21,Yes,0.87,Synthetic
DOC3197881,C024884,Aadhaar,813931965330,UK,2034-08-13,Yes,0.84,Synthetic
DOC3172209,C024884,Driving License,DL9897969394,UK,2027-09-06,Yes,0.96,Synthetic
DOC1798105,C024884,PAN,TAJIT3625J,UK,2031-08-09,Yes,0.92,Synthetic
DOC1308790,C024884,Passport,R7385768,UK,2030-10-31,Yes,0.87,Synthetic
DOC2960202,C024884,Utility Bill,UB239624,UK,2035-05-14,Yes,0.8,Synthetic
DOC9040497,C024921,Aadhaar,890519510677,Russia,2032-09-18,Yes,0.82,Synthetic
DOC9278952,C024921,Driving License,DL6698402358,Russia,2034-11-04,Yes,0.9,Synthetic
DOC2473034,C024921,PAN,USHWF1362Y,Russia,2035-10-28,Yes,0.97,Synthetic
DOC5345374,C024921,Passport,G8987011,Russia,2027-11-21,Yes,0.82,Synthetic
DOC9193412,C024921,Utility Bill,UB895175,Russia,2034-11-28,Yes,0.86,Synthetic
DOC3443325,C025261,Aadhaar,567640260010,Iran,2033-04-20,Yes,0.9,Synthetic
DOC4218610,C025261,Driving License,DL6262012433,Iran,2031-07-10,Yes,0.91,Synthetic
DOC8116250,C025261,PAN,RFIKY2444V,Iran,2033-08-06,Yes,0.86,Synthetic
DOC6864421,C025261,Passport,P9647250,Iran,2033-11-14,Yes,0.93,Synthetic
DOC4807739,C025261,Utility Bill,UB352474,Iran,2034-05-28,Yes,0.98,Synthetic
DOC5871813,C025427,Aadhaar,389641379004,UK,2033-05-04,Yes,0.82,Synthetic
DOC3978303,C025427,Driving License,DL4883912787,UK,2030-05-31,Yes,0.84,Synthetic
DOC5237778,C025427,PAN,ANYKL2149R,UK,2029-04-15,Yes,0.89,Synthetic
DOC8387004,C025427,Passport,G9043463,UK,2028-12-22,Yes,0.92,Synthetic
DOC3419598,C025427,Utility Bill,UB501354,UK,2030-03-17,Yes,0.96,Synthetic
DOC5671474,C025429,Aadhaar,841472500286,Russia,2031-11-30,Yes,0.8,Synthetic
DOC7958698,C025429,Driving License,DL2704345113,Russia,2032-02-11,Yes,0.82,Synthetic
DOC3530785,C025429,PAN,XXHPY3978Y,Russia,2034-03-31,Yes,0.92,Synthetic
DOC3637286,C025429,Passport,W3682144,Russia,2034-03-21,Yes,0.95,Synthetic
DOC5659716,C025429,Utility Bill,UB504017,Russia,2032-08-02,Yes,0.97,Synthetic
DOC9728012,C025732,Aadhaar,012416090643,Russia,2032-07-29,Yes,0.93,Synthetic
DOC4237349,C025732,Driving License,DL2329670876,Russia,2035-08-18,Yes,0.86,Synthetic
DOC3172921,C025732,PAN,EZCZA3844Z,Russia,2029-09-30,Yes,0.8,Synthetic
DOC7324494,C025732,Passport,D3028609,Russia,2031-04-29,Yes,0.95,Synthetic
DOC2375844,C025732,Utility Bill,UB532893,Russia,2031-02-03,Yes,0.8,Synthetic
DOC1951303,C025907,Aadhaar,272293984338,Iran,2030-10-14,Yes,0.87,Synthetic
DOC9662641,C025907,Driving License,DL8594718589,Iran,2032-06-28,Yes,0.86,Synthetic
DOC1288324,C025907,PAN,MLJSJ1043L,Iran,2034-10-29,Yes,0.98,Synthetic
DOC4765716,C025907,Passport,A1743689,Iran,2030-05-07,Yes,0.95,Synthetic
DOC2041369,C025907,Utility Bill,UB555682,Iran,2027-11-22,Yes,0.84,Synthetic
DOC5071526,C026083,Aadhaar,483954024418,India,2029-02-21,Yes,0.97,Synthetic
DOC6675375,C026083,Driving License,DL6714659198,India,2028-04-24,Yes,0.97,Synthetic
DOC8993381,C026083,PAN,NFLBX9882Z,India,2034-12-28,Yes,0.98,Synthetic
DOC2317427,C026083,Passport,L5939980,India,2035-01-25,Yes,0.9,Synthetic
DOC1123157,C026083,Utility Bill,UB853722,India,2034-10-16,Yes,0.87,Synthetic
DOC9838326,C026144,Aadhaar,549944497629,India,2033-12-27,Yes,0.81,Synthetic
DOC6658194,C026144,Driving License,DL1297437251,India,2028-07-20,Yes,0.81,Synthetic
DOC7063460,C026144,PAN,OGSGI8045Q,India,2031-09-10,Yes,0.94,Synthetic
DOC1190303,C026144,Passport,E1174196,India,2034-10-27,Yes,0.89,Synthetic
DOC2827923,C026144,Utility Bill,UB132890,India,2027-09-13,Yes,0.84,Synthetic
DOC8508831,C026375,Aadhaar,681072817685,Iran,2028-12-25,No,0.89,Synthetic
DOC3261430,C026375,Driving License,DL7839867123,Iran,2033-10-05,Yes,0.98,Synthetic
DOC6420488,C026375,PAN,VOTKU7207J,Iran,2032-02-07,Yes,0.83,Synthetic
DOC8451403,C026375,Passport,H3934276,Iran,2031-01-10,Yes,0.93,Synthetic
DOC3746262,C026375,Utility Bill,UB772578,Iran,2030-05-28,Yes,0.86,Synthetic
DOC5769141,C026508,Aadhaar,558737129572,India,2032-01-16,Yes,0.81,Synthetic
DOC4044847,C026508,Driving License,DL2588005246,India,2034-12-21,Yes,0.9,Synthetic
DOC1972975,C026508,PAN,CVWQI4181I,India,2027-10-15,Yes,0.83,Synthetic
DOC6788181,C026508,Passport,M1713253,India,2028-02-08,Yes,0.89,Synthetic
DOC4918330,C026508,Utility Bill,UB751195,India,2034-04-27,Yes,0.85,Synthetic
DOC8592392,C026544,Aadhaar,100610952451,Russia,2036-02-21,Yes,0.98,Synthetic
DOC1168681,C026544,Driving License,DL4535085019,Russia,2030-07-05,Yes,0.92,Synthetic
DOC2729972,C026544,PAN,XSOVU1579W,Russia,2031-09-25,Yes,0.84,Synthetic
DOC5306109,C026544,Passport,V2387674,Russia,2031-06-27,No,0.97,Synthetic
DOC4960228,C026544,Utility Bill,UB741460,Russia,2033-04-13,Yes,0.86,Synthetic
DOC7788867,C026737,Aadhaar,912086801953,India,2031-08-06,Yes,0.91,Synthetic
DOC8690115,C026737,Driving License,DL2016512761,India,2027-06-25,No,0.91,Synthetic
DOC1394291,C026737,PAN,CHKBO3333G,India,2031-09-01,Yes,0.88,Synthetic
DOC1944490,C026737,Passport,P5201169,India,2028-04-14,Yes,0.87,Synthetic
DOC9357175,C026737,Utility Bill,UB562474,India,2031-07-06,Yes,0.94,Synthetic
DOC6315997,C026984,Aadhaar,749466503894,USA,2030-05-03,Yes,0.96,Synthetic
DOC1706550,C026984,Driving License,DL3487366127,USA,2035-03-30,Yes,0.9,Synthetic
DOC1751910,C026984,PAN,UHKXE2969C,USA,2033-02-28,Yes,0.81,Synthetic
DOC7475635,C026984,Passport,R1099477,USA,2034-07-05,Yes,0.88,Synthetic
DOC1018787,C026984,Utility Bill,UB701551,USA,2032-08-16,Yes,0.99,Synthetic
DOC1034402,C027010,Aadhaar,325495427525,Russia,2030-01-22,No,0.8,Synthetic
DOC3953999,C027010,Driving License,DL4167274866,Russia,2034-01-30,Yes,0.91,Synthetic
DOC8019820,C027010,PAN,VFYXG6630N,Russia,2032-04-23,Yes,0.96,Synthetic
DOC5971145,C027010,Passport,D4935020,Russia,2029-02-12,Yes,0.93,Synthetic
DOC2453457,C027010,Utility Bill,UB480958,Russia,2030-11-25,Yes,0.97,Synthetic
DOC7254052,C027036,Aadhaar,137874658002,India,2036-06-08,Yes,0.98,Synthetic
DOC3450587,C027036,Driving License,DL6401417922,India,2033-07-15,Yes,0.95,Synthetic
DOC2133427,C027036,PAN,KYNUR5799A,India,2031-02-06,Yes,0.99,Synthetic
DOC4600279,C027036,Passport,R7006789,India,2034-06-28,Yes,0.97,Synthetic
DOC3158757,C027036,Utility Bill,UB658133,India,2031-06-02,Yes,0.89,Synthetic
DOC3428671,C027046,Aadhaar,412286143433,UK,2030-02-05,Yes,0.86,Synthetic
DOC4949317,C027046,Driving License,DL1250830751,UK,2033-11-22,Yes,0.84,Synthetic
DOC6488715,C027046,PAN,PRXUT2708N,UK,2031-07-22,Yes,0.88,Synthetic
DOC5134154,C027046,Passport,P7879328,UK,2028-04-26,Yes,0.89,Synthetic
DOC1611778,C027046,Utility Bill,UB393950,UK,2034-05-04,Yes,0.95,Synthetic
DOC6549784,C027271,Aadhaar,741325278456,Iran,2035-08-06,Yes,0.87,Synthetic
DOC2916507,C027271,Driving License,DL1314488546,Iran,2034-09-02,Yes,0.94,Synthetic
DOC4292832,C027271,PAN,WXUEI5302H,Iran,2033-09-04,Yes,0.9,Synthetic
DOC7710495,C027271,Passport,A9411280,Iran,2034-08-27,Yes,0.95,Synthetic
DOC1263760,C027271,Utility Bill,UB815394,Iran,2030-06-26,Yes,0.97,Synthetic
DOC3966929,C027386,Aadhaar,668239803355,USA,2035-09-12,Yes,0.83,Synthetic
DOC7959252,C027386,Driving License,DL8909270756,USA,2029-11-03,Yes,0.98,Synthetic
DOC1262704,C027386,PAN,NZXBV7571U,USA,2029-11-22,Yes,0.88,Synthetic
DOC9728626,C027386,Passport,O5189364,USA,2031-11-30,Yes,0.93,Synthetic
DOC7844253,C027386,Utility Bill,UB954124,USA,2030-11-12,No,0.98,Synthetic
DOC6790850,C027410,Aadhaar,408455543943,Russia,2031-11-01,Yes,0.89,Synthetic
DOC3997275,C027410,Driving License,DL1916661153,Russia,2029-07-13,Yes,0.8,Synthetic
DOC6289789,C027410,PAN,DRJBM1474K,Russia,2033-11-26,Yes,0.85,Synthetic
DOC2278746,C027410,Passport,P8786914,Russia,2028-08-31,Yes,0.84,Synthetic
DOC1436712,C027410,Utility Bill,UB100488,Russia,2034-10-13,Yes,0.9,Synthetic
DOC8047735,C027417,Aadhaar,640333235758,India,2028-07-05,Yes,0.8,Synthetic
DOC1583779,C027417,Driving License,DL8296075938,India,2029-01-20,Yes,0.85,Synthetic
DOC9156563,C027417,PAN,UMMWC5160S,India,2032-07-31,Yes,0.95,Synthetic
DOC2074324,C027417,Passport,F9046748,India,2035-11-08,Yes,0.87,Synthetic
DOC3769366,C027417,Utility Bill,UB734512,India,2035-01-19,Yes,0.88,Synthetic
DOC2885410,C027465,Aadhaar,827772200666,UK,2029-10-16,Yes,0.83,Synthetic
DOC4577924,C027465,Driving License,DL5268561713,UK,2036-01-15,Yes,0.93,Synthetic
DOC1669103,C027465,PAN,DBLAW5466U,UK,2033-12-09,Yes,0.94,Synthetic
DOC1186607,C027465,Passport,J6137560,UK,2028-05-13,Yes,0.89,Synthetic
DOC7637106,C027465,Utility Bill,UB443203,UK,2030-07-09,Yes,0.84,Synthetic
DOC4517667,C027765,Aadhaar,947352742607,India,2034-10-07,Yes,0.94,Synthetic
DOC6165432,C027765,Driving License,DL7752615641,India,2028-10-23,Yes,0.93,Synthetic
DOC1838224,C027765,PAN,IRDQC9451J,India,2031-06-10,Yes,0.97,Synthetic
DOC3000075,C027765,Passport,V1338049,India,2034-11-22,Yes,0.89,Synthetic
DOC8865608,C027765,Utility Bill,UB484420,India,2027-09-15,Yes,0.92,Synthetic
DOC5468837,C027793,Aadhaar,883708657769,Iran,2029-09-16,Yes,0.96,Synthetic
DOC2945771,C027793,Driving License,DL7169190586,Iran,2029-03-17,Yes,0.87,Synthetic
DOC6826307,C027793,PAN,QXKZJ9400R,Iran,2032-07-10,Yes,0.86,Synthetic
DOC9245900,C027793,Passport,K9330544,Iran,2027-08-10,Yes,0.94,Synthetic
DOC5999280,C027793,Utility Bill,UB654196,Iran,2035-06-09,Yes,0.84,Synthetic
DOC1971693,C027882,Aadhaar,240792510555,UK,2033-06-21,Yes,0.9,Synthetic
DOC5787018,C027882,Driving License,DL4229887892,UK,2036-04-20,Yes,0.8,Synthetic
DOC3515757,C027882,PAN,KTYVT3191K,UK,2033-08-16,Yes,0.97,Synthetic
DOC6454327,C027882,Passport,J1316268,UK,2034-07-31,Yes,0.96,Synthetic
DOC8847871,C027882,Utility Bill,UB201740,UK,2029-01-13,Yes,0.95,Synthetic
DOC6487263,C027899,Aadhaar,319496714701,Russia,2033-04-26,Yes,0.82,Synthetic
DOC2343382,C027899,Driving License,DL3243970773,Russia,2033-09-20,No,0.81,Synthetic
DOC6271499,C027899,PAN,EDJQX2487D,Russia,2033-01-16,Yes,0.9,Synthetic
DOC8966298,C027899,Passport,L4805281,Russia,2029-10-02,Yes,0.97,Synthetic
DOC1726115,C027899,Utility Bill,UB136074,Russia,2029-05-03,Yes,0.95,Synthetic
DOC9137629,C027930,Aadhaar,890583796138,UK,2035-07-01,Yes,0.86,Synthetic
DOC8920166,C027930,Driving License,DL1151688416,UK,2035-04-30,Yes,0.99,Synthetic
DOC7002194,C027930,PAN,ISNED8664C,UK,2035-05-05,Yes,0.82,Synthetic
DOC8766141,C027930,Passport,F3714602,UK,2034-02-22,Yes,0.95,Synthetic
DOC2719015,C027930,Utility Bill,UB735348,UK,2032-06-03,Yes,0.97,Synthetic
DOC2009393,C028107,Aadhaar,081168202531,Iran,2028-01-07,Yes,0.99,Synthetic
DOC4946036,C028107,Driving License,DL1837206969,Iran,2027-10-31,Yes,0.9,Synthetic
DOC1108319,C028107,PAN,VHNSC9758S,Iran,2034-08-08,No,0.9,Synthetic
DOC5660521,C028107,Passport,G3018733,Iran,2032-08-19,Yes,0.94,Synthetic
DOC7256578,C028107,Utility Bill,UB189238,Iran,2034-05-27,Yes,0.83,Synthetic
DOC5423435,C028256,Aadhaar,423580654456,UK,2032-03-28,No,0.87,Synthetic
DOC3758725,C028256,Driving License,DL4316799444,UK,2032-06-18,Yes,0.96,Synthetic
DOC4655663,C028256,PAN,UFYIN8926E,UK,2033-05-23,Yes,0.97,Synthetic
DOC2909502,C028256,Passport,N1915853,UK,2033-11-30,Yes,0.9,Synthetic
DOC4410251,C028256,Utility Bill,UB155395,UK,2032-12-22,Yes,0.91,Synthetic
DOC3898769,C028338,Aadhaar,872651919283,India,2032-05-04,Yes,0.82,Synthetic
DOC7216369,C028338,Driving License,DL9376280501,India,2031-03-31,Yes,0.82,Synthetic
DOC8293631,C028338,PAN,YUIPB4531F,India,2027-12-05,Yes,0.85,Synthetic
DOC2400896,C028338,Passport,D8899211,India,2035-03-24,Yes,0.97,Synthetic
DOC6696402,C028338,Utility Bill,UB253882,India,2035-09-09,Yes,0.8,Synthetic
DOC6879797,C028339,Aadhaar,246005396508,Russia,2031-04-27,Yes,0.89,Synthetic
DOC9113644,C028339,Driving License,DL5857750369,Russia,2036-03-23,Yes,0.9,Synthetic
DOC2556580,C028339,PAN,DPRQY9335P,Russia,2036-02-10,Yes,0.96,Synthetic
DOC8319652,C028339,Passport,T4156935,Russia,2034-01-08,Yes,0.98,Synthetic
DOC1381574,C028339,Utility Bill,UB921781,Russia,2034-10-18,Yes,0.81,Synthetic
DOC7931894,C028487,Aadhaar,485908464627,India,2033-12-20,No,0.96,Synthetic
DOC4269543,C028487,Driving License,DL2056433873,India,2029-07-15,Yes,0.94,Synthetic
DOC3285447,C028487,PAN,BEWCN8751E,India,2030-11-30,Yes,0.87,Synthetic
DOC4752147,C028487,Passport,N3506063,India,2036-05-17,Yes,0.97,Synthetic
DOC7578710,C028487,Utility Bill,UB147057,India,2034-03-10,Yes,0.81,Synthetic
DOC5057251,C028572,Aadhaar,990213401537,USA,2028-10-08,Yes,0.91,Synthetic
DOC5240085,C028572,Driving License,DL6423866589,USA,2033-08-22,No,0.81,Synthetic
DOC4227284,C028572,PAN,EFBCV4885B,USA,2034-06-21,Yes,0.82,Synthetic
DOC7570578,C028572,Passport,Z1380207,USA,2032-08-10,Yes,0.98,Synthetic
DOC7266108,C028572,Utility Bill,UB509066,USA,2032-05-11,Yes,0.88,Synthetic
DOC7658027,C028643,Aadhaar,368661050638,UK,2028-03-05,Yes,0.96,Synthetic
DOC1143155,C028643,Driving License,DL9377304012,UK,2028-12-06,Yes,0.86,Synthetic
DOC6509446,C028643,PAN,RWEMI3064H,UK,2035-06-05,Yes,0.84,Synthetic
DOC9985465,C028643,Passport,G9575015,UK,2036-06-12,Yes,0.86,Synthetic
DOC4874093,C028643,Utility Bill,UB180034,UK,2034-10-18,Yes,0.9,Synthetic
DOC6982350,C028717,Aadhaar,685063964318,USA,2028-02-27,Yes,0.83,Synthetic
DOC8134050,C028717,Driving License,DL8210228366,USA,2033-05-13,Yes,0.91,Synthetic
DOC9732740,C028717,PAN,HJGLW9496Q,USA,2034-11-15,Yes,0.89,Synthetic
DOC2460706,C028717,Passport,Q9394768,USA,2032-05-13,Yes,0.96,Synthetic
DOC8359280,C028717,Utility Bill,UB218570,USA,2030-09-30,Yes,0.83,Synthetic
DOC3851207,C028738,Aadhaar,658959939198,Iran,2031-03-01,Yes,0.96,Synthetic
DOC7393987,C028738,Driving License,DL6809619722,Iran,2027-11-21,Yes,0.89,Synthetic
DOC7221375,C028738,PAN,BRELN5767P,Iran,2033-04-28,Yes,0.96,Synthetic
DOC5377879,C028738,Passport,P4313050,Iran,2034-02-21,Yes,0.85,Synthetic
DOC8918579,C028738,Utility Bill,UB122737,Iran,2032-09-09,Yes,0.91,Synthetic
DOC7924705,C028839,Aadhaar,820158031457,Russia,2028-11-08,No,0.82,Synthetic
DOC1478955,C028839,Driving License,DL5461605306,Russia,2036-02-16,Yes,0.84,Synthetic
DOC1993656,C028839,PAN,CWUDG1808L,Russia,2029-12-18,Yes,0.81,Synthetic
DOC4471271,C028839,Passport,R8637396,Russia,2031-05-23,Yes,0.84,Synthetic
DOC4791920,C028839,Utility Bill,UB995159,Russia,2028-12-21,Yes,0.94,Synthetic
DOC7585980,C028844,Aadhaar,020663202074,Iran,2030-12-02,Yes,0.82,Synthetic
DOC3520062,C028844,Driving License,DL1965724875,Iran,2035-01-22,Yes,0.83,Synthetic
DOC2000089,C028844,PAN,FCIGS1751T,Iran,2035-06-16,Yes,0.9,Synthetic
DOC9797050,C028844,Passport,C9608668,Iran,2028-01-16,Yes,0.89,Synthetic
DOC3006847,C028844,Utility Bill,UB903311,Iran,2034-11-23,Yes,0.87,Synthetic
DOC9068006,C028900,Aadhaar,974702443137,UK,2027-08-01,Yes,0.95,Synthetic
DOC1517929,C028900,Driving License,DL1122304740,UK,2033-09-25,Yes,0.9,Synthetic
DOC4059851,C028900,PAN,NNNPA4315H,UK,2034-03-08,Yes,0.9,Synthetic
DOC7730386,C028900,Passport,R2199276,UK,2035-02-21,Yes,0.96,Synthetic
DOC1101142,C028900,Utility Bill,UB800522,UK,2033-08-28,Yes,0.82,Synthetic
DOC1508621,C029110,Aadhaar,263505147433,India,2033-03-17,Yes,0.93,Synthetic
DOC1924713,C029110,Driving License,DL9709964192,India,2034-09-09,Yes,0.86,Synthetic
DOC1950111,C029110,PAN,PNMKX9313N,India,2031-06-20,Yes,0.99,Synthetic
DOC6941210,C029110,Passport,W6123584,India,2032-02-20,Yes,0.86,Synthetic
DOC9636165,C029110,Utility Bill,UB944205,India,2031-11-13,Yes,0.92,Synthetic
DOC6328543,C029260,Aadhaar,851264340938,India,2035-05-08,Yes,0.91,Synthetic
DOC6642751,C029260,Driving License,DL6826720637,India,2030-05-16,Yes,0.97,Synthetic
DOC8376651,C029260,PAN,TQLZV2634B,India,2028-08-20,Yes,0.92,Synthetic
DOC7058035,C029260,Passport,Z7262195,India,2029-12-20,Yes,0.98,Synthetic
DOC1773538,C029260,Utility Bill,UB468159,India,2032-07-08,Yes,0.8,Synthetic
DOC2379910,C029475,Aadhaar,058591596941,USA,2036-05-30,Yes,0.95,Synthetic
DOC5460645,C029475,Driving License,DL6309511686,USA,2033-04-01,Yes,0.99,Synthetic
DOC8671636,C029475,PAN,RMLUU4546O,USA,2034-06-20,Yes,0.85,Synthetic
DOC7851271,C029475,Passport,H5453755,USA,2032-08-23,Yes,0.93,Synthetic
DOC7765027,C029475,Utility Bill,UB616081,USA,2029-01-17,No,0.95,Synthetic
DOC7906658,C029481,Aadhaar,391022758983,Russia,2029-02-11,Yes,0.81,Synthetic
DOC1994315,C029481,Driving License,DL5016062667,Russia,2030-07-17,Yes,0.86,Synthetic
DOC6024358,C029481,PAN,RZJBM3074U,Russia,2033-03-18,Yes,0.88,Synthetic
DOC9269096,C029481,Passport,A5782350,Russia,2029-06-07,Yes,0.98,Synthetic
DOC6537825,C029481,Utility Bill,UB607203,Russia,2033-04-17,Yes,0.82,Synthetic
DOC1323731,C029580,Aadhaar,810487091301,Iran,2031-08-21,Yes,0.94,Synthetic
DOC9621127,C029580,Driving License,DL5270124160,Iran,2031-09-26,Yes,0.82,Synthetic
DOC8106943,C029580,PAN,BRLDZ7287E,Iran,2030-11-29,Yes,0.97,Synthetic
DOC7899179,C029580,Passport,F8826105,Iran,2033-06-05,Yes,0.96,Synthetic
DOC8405210,C029580,Utility Bill,UB918711,Iran,2036-03-01,No,0.89,Synthetic
DOC4029558,C029686,Aadhaar,304153463197,UK,2028-08-15,Yes,0.95,Synthetic
DOC3398795,C029686,Driving License,DL5365929764,UK,2033-12-23,Yes,0.95,Synthetic
DOC7306906,C029686,PAN,PJBRY8287A,UK,2033-06-10,Yes,0.87,Synthetic
DOC9144299,C029686,Passport,O2760759,UK,2033-01-29,Yes,0.81,Synthetic
DOC6180424,C029686,Utility Bill,UB828466,UK,2028-09-11,Yes,0.98,Synthetic
DOC8103722,C029778,Aadhaar,868913505468,India,2031-07-02,Yes,0.92,Synthetic
DOC6958728,C029778,Driving License,DL9406065184,India,2031-03-15,Yes,0.84,Synthetic
DOC8573336,C029778,PAN,IEPTB8582O,India,2035-05-07,Yes,0.89,Synthetic
DOC2464959,C029778,Passport,W7547640,India,2029-11-10,Yes,0.9,Synthetic
DOC3036388,C029778,Utility Bill,UB912812,India,2030-02-10,Yes,0.95,Synthetic
DOC7240349,C029858,Aadhaar,905741289202,India,2032-01-01,Yes,0.95,Synthetic
DOC4005220,C029858,Driving License,DL8107264657,India,2028-11-24,Yes,0.91,Synthetic
DOC6792436,C029858,PAN,SQLAH9244C,India,2029-12-02,Yes,0.88,Synthetic
DOC1414789,C029858,Passport,N6659623,India,2029-10-23,Yes,0.85,Synthetic
DOC1708030,C029858,Utility Bill,UB297291,India,2032-12-18,Yes,0.89,Synthetic
DOC6453340,C029906,Aadhaar,711348981997,UK,2029-11-07,Yes,0.84,Synthetic
DOC6322008,C029906,Driving License,DL1042068266,UK,2035-05-06,Yes,0.97,Synthetic
DOC1414360,C029906,PAN,VEIOW9167I,UK,2035-05-01,Yes,0.96,Synthetic
DOC5184554,C029906,Passport,N2162523,UK,2036-04-17,Yes,0.88,Synthetic
DOC8262495,C029906,Utility Bill,UB944610,UK,2030-12-25,Yes,0.96,Synthetic
DOC6879209,C029926,Aadhaar,885321177514,Iran,2029-04-08,Yes,0.87,Synthetic
DOC5698566,C029926,Driving License,DL7383793372,Iran,2031-08-03,Yes,0.98,Synthetic
DOC1440441,C029926,PAN,QDYVP4212D,Iran,2035-03-06,Yes,0.81,Synthetic
DOC3239134,C029926,Passport,F4419607,Iran,2034-04-21,Yes,0.85,Synthetic
DOC8500459,C029926,Utility Bill,UB863769,Iran,2032-02-23,Yes,0.95,Synthetic
DOC1147627,C030008,Aadhaar,403244509673,Iran,2032-08-13,Yes,0.93,Synthetic
DOC4937047,C030008,Driving License,DL2225146106,Iran,2035-07-02,Yes,0.91,Synthetic
DOC7778824,C030008,PAN,NXCCE3174Q,Iran,2032-06-24,Yes,0.88,Synthetic
DOC2414293,C030008,Passport,P7858542,Iran,2034-06-26,Yes,0.84,Synthetic
DOC8164293,C030008,Utility Bill,UB452154,Iran,2031-01-27,Yes,0.84,Synthetic
DOC8111083,C030112,Aadhaar,128805285691,Russia,2033-01-23,No,0.88,Synthetic
DOC3762954,C030112,Driving License,DL6116262202,Russia,2033-11-27,Yes,0.82,Synthetic
DOC1205167,C030112,PAN,MDXEU9413G,Russia,2035-07-21,Yes,0.97,Synthetic
DOC9264862,C030112,Passport,D2339543,Russia,2030-07-24,No,0.9,Synthetic
DOC1516329,C030112,Utility Bill,UB489762,Russia,2035-03-01,Yes,0.89,Synthetic
DOC5262604,C030132,Aadhaar,219098843321,Russia,2032-07-06,Yes,0.96,Synthetic
DOC9231983,C030132,Driving License,DL8178847890,Russia,2032-09-16,Yes,0.81,Synthetic
DOC6683652,C030132,PAN,HKEKN5613Y,Russia,2030-12-16,Yes,0.8,Synthetic
DOC1388711,C030132,Passport,K2052292,Russia,2029-07-11,Yes,0.9,Synthetic
DOC8943121,C030132,Utility Bill,UB749195,Russia,2027-12-27,Yes,0.94,Synthetic
DOC7436387,C030358,Aadhaar,443311809987,Russia,2033-10-07,Yes,0.84,Synthetic
DOC6782334,C030358,Driving License,DL9147029172,Russia,2029-10-17,Yes,0.93,Synthetic
DOC4797757,C030358,PAN,BBGOF5546Y,Russia,2031-12-16,Yes,0.83,Synthetic
DOC9184058,C030358,Passport,A6351000,Russia,2028-05-31,Yes,0.88,Synthetic
DOC4953024,C030358,Utility Bill,UB841390,Russia,2035-12-23,Yes,0.86,Synthetic
DOC9306234,C030455,Aadhaar,030238020117,Iran,2029-01-01,Yes,0.85,Synthetic
DOC2423127,C030455,Driving License,DL7710046065,Iran,2030-12-04,Yes,0.85,Synthetic
DOC7311368,C030455,PAN,KTNQW6069X,Iran,2029-06-20,Yes,0.85,Synthetic
DOC3368009,C030455,Passport,D6779771,Iran,2027-11-26,Yes,0.85,Synthetic
DOC7945216,C030455,Utility Bill,UB177411,Iran,2035-10-20,Yes,0.86,Synthetic
DOC7968509,C030631,Aadhaar,626546288297,UK,2033-03-28,Yes,0.92,Synthetic
DOC8867877,C030631,Driving License,DL6217651769,UK,2031-08-01,Yes,0.99,Synthetic
DOC6573009,C030631,PAN,CUMQH8724B,UK,2031-04-16,Yes,0.87,Synthetic
DOC8165283,C030631,Passport,A8439316,UK,2033-04-05,Yes,0.84,Synthetic
DOC7548817,C030631,Utility Bill,UB126427,UK,2032-11-22,Yes,0.95,Synthetic
DOC5315167,C030788,Aadhaar,424575497270,USA,2031-02-22,Yes,0.94,Synthetic
DOC6675149,C030788,Driving License,DL6270632449,USA,2031-04-30,Yes,0.95,Synthetic
DOC7279297,C030788,PAN,ICFCR6133Y,USA,2033-03-06,Yes,0.91,Synthetic
DOC8448183,C030788,Passport,Z2195026,USA,2035-10-28,Yes,0.96,Synthetic
DOC9990534,C030788,Utility Bill,UB160807,USA,2027-12-22,Yes,0.98,Synthetic
DOC6009009,C030846,Aadhaar,221434727740,UK,2027-10-08,Yes,0.88,Synthetic
DOC1018272,C030846,Driving License,DL5370651355,UK,2029-12-12,Yes,0.88,Synthetic
DOC8535728,C030846,PAN,YREFF7693C,UK,2033-07-27,Yes,0.95,Synthetic
DOC2297734,C030846,Passport,M2498044,UK,2032-02-14,Yes,0.84,Synthetic
DOC8990504,C030846,Utility Bill,UB597525,UK,2027-07-02,Yes,0.84,Synthetic
DOC1900267,C030886,Aadhaar,589868015870,Iran,2028-10-25,Yes,0.88,Synthetic
DOC2419628,C030886,Driving License,DL2312968196,Iran,2029-09-18,Yes,0.98,Synthetic
DOC1816270,C030886,PAN,CUASE1469F,Iran,2027-10-05,Yes,0.9,Synthetic
DOC1612684,C030886,Passport,Y6393546,Iran,2035-02-05,Yes,0.86,Synthetic
DOC5418120,C030886,Utility Bill,UB428993,Iran,2032-11-23,No,0.81,Synthetic
DOC5858942,C030951,Aadhaar,923744454952,India,2033-03-04,Yes,0.82,Synthetic
DOC6237415,C030951,Driving License,DL3443853252,India,2035-03-04,Yes,0.96,Synthetic
DOC6265578,C030951,PAN,SCZNW9676T,India,2034-06-11,Yes,0.96,Synthetic
DOC7383163,C030951,Passport,P5301029,India,2027-06-27,Yes,0.92,Synthetic
DOC6984668,C030951,Utility Bill,UB945484,India,2028-06-22,Yes,0.84,Synthetic
DOC4036376,C031200,Aadhaar,574730441246,UK,2032-10-27,Yes,0.96,Synthetic
DOC7333200,C031200,Driving License,DL7170124822,UK,2027-11-28,Yes,0.87,Synthetic
DOC8143312,C031200,PAN,PCWND4645S,UK,2032-07-12,Yes,0.81,Synthetic
DOC5925096,C031200,Passport,O2204721,UK,2028-09-18,Yes,0.82,Synthetic
DOC3923439,C031200,Utility Bill,UB109658,UK,2029-12-16,Yes,0.9,Synthetic
DOC7644245,C031223,Aadhaar,790905249635,Iran,2030-09-24,Yes,0.92,Synthetic
DOC3944893,C031223,Driving License,DL9513616479,Iran,2031-04-30,Yes,0.92,Synthetic
DOC5924475,C031223,PAN,FKNAI2043Z,Iran,2030-06-01,Yes,0.92,Synthetic
DOC9163940,C031223,Passport,Q7341001,Iran,2032-04-26,No,0.83,Synthetic
DOC5598491,C031223,Utility Bill,UB485387,Iran,2034-06-06,Yes,0.9,Synthetic
DOC7028377,C031351,Aadhaar,341145993164,Iran,2030-11-04,Yes,0.92,Synthetic
DOC5717108,C031351,Driving License,DL2432099453,Iran,2030-05-16,Yes,0.95,Synthetic
DOC5721214,C031351,PAN,XTZCF5096U,Iran,2031-04-27,Yes,0.95,Synthetic
DOC9816488,C031351,Passport,C7338169,Iran,2028-10-28,Yes,0.81,Synthetic
DOC2940271,C031351,Utility Bill,UB763987,Iran,2030-09-22,Yes,0.88,Synthetic
DOC1023795,C031364,Aadhaar,224845223299,Iran,2031-04-09,Yes,0.9,Synthetic
DOC1732293,C031364,Driving License,DL2800853161,Iran,2029-09-09,Yes,0.92,Synthetic
DOC1867712,C031364,PAN,RBLON4329V,Iran,2028-01-24,Yes,0.93,Synthetic
DOC8743350,C031364,Passport,Z7675951,Iran,2031-09-17,Yes,0.89,Synthetic
DOC2370373,C031364,Utility Bill,UB574013,Iran,2035-09-09,Yes,0.85,Synthetic
DOC8511937,C031393,Aadhaar,596046621127,UK,2031-04-05,Yes,0.86,Synthetic
DOC7004094,C031393,Driving License,DL9370329692,UK,2032-09-23,Yes,0.94,Synthetic
DOC3869426,C031393,PAN,VQICR7784H,UK,2031-11-29,Yes,0.92,Synthetic
DOC5656609,C031393,Passport,P5058657,UK,2033-10-23,Yes,0.81,Synthetic
DOC5245800,C031393,Utility Bill,UB733762,UK,2033-05-04,Yes,0.89,Synthetic
DOC1432569,C031475,Aadhaar,916657432158,Iran,2032-01-20,Yes,0.97,Synthetic
DOC7725850,C031475,Driving License,DL3852623112,Iran,2029-08-15,Yes,0.82,Synthetic
DOC2148145,C031475,PAN,CPORD9521C,Iran,2034-09-08,Yes,0.89,Synthetic
DOC1705963,C031475,Passport,V6651551,Iran,2036-01-09,Yes,0.95,Synthetic
DOC3649066,C031475,Utility Bill,UB709260,Iran,2027-10-23,Yes,0.93,Synthetic
DOC2606701,C031503,Aadhaar,130503173410,Russia,2032-02-19,Yes,0.87,Synthetic
DOC8201398,C031503,Driving License,DL7967805570,Russia,2031-01-02,Yes,0.95,Synthetic
DOC5883914,C031503,PAN,MXKRO3478D,Russia,2033-04-24,Yes,0.93,Synthetic
DOC3095056,C031503,Passport,G4102207,Russia,2032-01-08,Yes,0.96,Synthetic
DOC4121587,C031503,Utility Bill,UB865867,Russia,2034-09-03,Yes,0.85,Synthetic
DOC8884910,C031617,Aadhaar,146401823753,UK,2034-09-21,Yes,0.88,Synthetic
DOC1033145,C031617,Driving License,DL6657365708,UK,2036-04-06,Yes,0.97,Synthetic
DOC6545510,C031617,PAN,TIOBX9793L,UK,2031-05-07,Yes,0.95,Synthetic
DOC1238880,C031617,Passport,N3910735,UK,2031-01-03,Yes,0.88,Synthetic
DOC1266768,C031617,Utility Bill,UB938138,UK,2028-02-19,Yes,0.84,Synthetic
DOC7231504,C031657,Aadhaar,242389716811,UK,2033-12-05,Yes,0.89,Synthetic
DOC1127327,C031657,Driving License,DL9068202692,UK,2032-10-21,Yes,0.83,Synthetic
DOC7223696,C031657,PAN,HUKLW5648U,UK,2027-10-05,Yes,0.95,Synthetic
DOC4125586,C031657,Passport,G6334301,UK,2028-06-10,Yes,0.96,Synthetic
DOC4587062,C031657,Utility Bill,UB965945,UK,2029-10-04,Yes,0.89,Synthetic
DOC5112742,C031693,Aadhaar,600897163086,Russia,2034-12-25,Yes,0.9,Synthetic
DOC1570846,C031693,Driving License,DL7775737873,Russia,2032-02-17,Yes,0.86,Synthetic
DOC4054111,C031693,PAN,PITSF5964I,Russia,2032-08-06,Yes,0.85,Synthetic
DOC8021840,C031693,Passport,V8831901,Russia,2032-10-25,Yes,0.93,Synthetic
DOC4348190,C031693,Utility Bill,UB969284,Russia,2035-02-24,Yes,0.93,Synthetic
DOC3225081,C031720,Aadhaar,004932880280,Iran,2032-09-04,Yes,0.95,Synthetic
DOC7662095,C031720,Driving License,DL8711292995,Iran,2029-06-19,Yes,0.92,Synthetic
DOC1906569,C031720,PAN,MRJOC6097Q,Iran,2033-07-12,Yes,0.89,Synthetic
DOC6113542,C031720,Passport,Q2304176,Iran,2034-01-11,Yes,0.94,Synthetic
DOC2576325,C031720,Utility Bill,UB461175,Iran,2027-07-03,Yes,0.86,Synthetic
DOC9449633,C031850,Aadhaar,678907192526,UK,2029-09-16,Yes,0.87,Synthetic
DOC1431029,C031850,Driving License,DL2169426823,UK,2031-04-14,Yes,0.9,Synthetic
DOC6123132,C031850,PAN,XZRSK1757K,UK,2035-09-18,Yes,0.86,Synthetic
DOC1140524,C031850,Passport,E2571243,UK,2028-12-31,Yes,0.89,Synthetic
DOC7530801,C031850,Utility Bill,UB105900,UK,2034-11-03,Yes,0.99,Synthetic
DOC3904760,C031854,Aadhaar,745191660087,USA,2030-10-30,Yes,0.91,Synthetic
DOC6621071,C031854,Driving License,DL7935425971,USA,2028-03-14,Yes,0.8,Synthetic
DOC9085522,C031854,PAN,BCNZV1952C,USA,2027-09-09,Yes,0.87,Synthetic
DOC5117739,C031854,Passport,X4534634,USA,2029-02-20,No,0.84,Synthetic
DOC7404933,C031854,Utility Bill,UB246373,USA,2032-01-10,Yes,0.94,Synthetic
DOC9843656,C031939,Aadhaar,366021583901,India,2032-10-09,Yes,0.98,Synthetic
DOC3086731,C031939,Driving License,DL1150108161,India,2029-07-21,Yes,0.9,Synthetic
DOC3678109,C031939,PAN,DIFAX7436H,India,2032-09-09,Yes,0.82,Synthetic
DOC9939748,C031939,Passport,B5349798,India,2032-12-01,Yes,0.9,Synthetic
DOC2711701,C031939,Utility Bill,UB460401,India,2030-10-17,Yes,0.86,Synthetic
DOC9919460,C032181,Aadhaar,157514561937,USA,2027-10-09,Yes,0.98,Synthetic
DOC5607038,C032181,Driving License,DL3019554280,USA,2036-03-19,Yes,0.85,Synthetic
DOC4137806,C032181,PAN,VVJLI6180A,USA,2035-03-27,Yes,0.99,Synthetic
DOC8910987,C032181,Passport,W7775693,USA,2030-02-08,Yes,0.94,Synthetic
DOC3791968,C032181,Utility Bill,UB507136,USA,2030-04-08,Yes,0.84,Synthetic
DOC6515081,C032278,Aadhaar,845448119432,USA,2031-03-10,Yes,0.82,Synthetic
DOC2346734,C032278,Driving License,DL6940503337,USA,2032-10-22,Yes,0.97,Synthetic
DOC3609841,C032278,PAN,DZHHJ2681A,USA,2031-02-20,Yes,0.86,Synthetic
DOC8482346,C032278,Passport,S5262284,USA,2031-06-23,Yes,0.96,Synthetic
DOC2666964,C032278,Utility Bill,UB430643,USA,2028-12-19,Yes,0.86,Synthetic
DOC6734741,C032629,Aadhaar,079820359819,India,2033-09-14,Yes,0.94,Synthetic
DOC3316562,C032629,Driving License,DL9267644906,India,2030-03-05,Yes,0.87,Synthetic
DOC6096880,C032629,PAN,KCHVK5862H,India,2035-07-25,Yes,0.88,Synthetic
DOC7159472,C032629,Passport,Y9977160,India,2034-12-10,Yes,0.87,Synthetic
DOC4459099,C032629,Utility Bill,UB277886,India,2031-01-09,Yes,0.83,Synthetic
DOC4731721,C032714,Aadhaar,841165814410,Iran,2036-05-27,Yes,0.92,Synthetic
DOC9984569,C032714,Driving License,DL1175712662,Iran,2030-01-26,Yes,0.95,Synthetic
DOC2814237,C032714,PAN,LQJOK1849R,Iran,2028-10-19,Yes,0.99,Synthetic
DOC3601646,C032714,Passport,G2877582,Iran,2034-09-04,Yes,0.95,Synthetic
DOC3026666,C032714,Utility Bill,UB209351,Iran,2028-07-16,Yes,0.99,Synthetic
DOC1515680,C032719,Aadhaar,623771461329,UK,2029-09-24,Yes,0.92,Synthetic
DOC3029038,C032719,Driving License,DL9975179151,UK,2029-05-31,Yes,0.86,Synthetic
DOC7562906,C032719,PAN,MQXMS3897L,UK,2029-02-13,Yes,0.81,Synthetic
DOC1439672,C032719,Passport,M8113016,UK,2028-03-01,Yes,0.95,Synthetic
DOC4562087,C032719,Utility Bill,UB260377,UK,2032-02-19,Yes,0.92,Synthetic
DOC6730402,C032740,Aadhaar,909346207521,Iran,2033-10-12,Yes,0.84,Synthetic
DOC1235427,C032740,Driving License,DL3508321115,Iran,2035-10-01,Yes,0.91,Synthetic
DOC5398470,C032740,PAN,YCQZF4921G,Iran,2027-12-21,Yes,0.83,Synthetic
DOC3454916,C032740,Passport,Y5631809,Iran,2033-09-29,Yes,0.9,Synthetic
DOC7838939,C032740,Utility Bill,UB550767,Iran,2032-09-01,Yes,0.83,Synthetic
DOC3215376,C032922,Aadhaar,376900577946,USA,2030-03-19,Yes,0.91,Synthetic
DOC4708278,C032922,Driving License,DL7172016496,USA,2035-01-11,Yes,0.93,Synthetic
DOC8598734,C032922,PAN,LNSXS6822L,USA,2029-02-23,Yes,0.83,Synthetic
DOC7500459,C032922,Passport,N6175548,USA,2028-02-25,Yes,0.86,Synthetic
DOC8896807,C032922,Utility Bill,UB256372,USA,2031-04-01,Yes,0.88,Synthetic
DOC8338211,C033151,Aadhaar,337124345373,Russia,2035-10-25,Yes,0.87,Synthetic
DOC1219735,C033151,Driving License,DL8412378544,Russia,2033-06-29,No,0.99,Synthetic
DOC5649652,C033151,PAN,LRMHA6441H,Russia,2028-09-30,Yes,0.94,Synthetic
DOC5707572,C033151,Passport,C6895847,Russia,2033-02-06,Yes,0.9,Synthetic
DOC5665710,C033151,Utility Bill,UB133448,Russia,2035-11-02,Yes,0.85,Synthetic
DOC9832988,C033252,Aadhaar,254294638573,Russia,2036-01-14,Yes,0.95,Synthetic
DOC6435438,C033252,Driving License,DL5456861620,Russia,2035-07-13,Yes,0.95,Synthetic
DOC8542478,C033252,PAN,CVCQL1121X,Russia,2028-11-09,Yes,0.81,Synthetic
DOC9603312,C033252,Passport,G8555445,Russia,2035-09-18,Yes,0.91,Synthetic
DOC6598015,C033252,Utility Bill,UB339393,Russia,2030-03-10,Yes,0.8,Synthetic
DOC8017234,C033276,Aadhaar,535056908621,India,2032-02-29,Yes,0.88,Synthetic
DOC3176579,C033276,Driving License,DL6465495907,India,2027-12-11,Yes,0.9,Synthetic
DOC2291598,C033276,PAN,RFIZI5900N,India,2031-08-11,Yes,0.94,Synthetic
DOC9496024,C033276,Passport,X6933225,India,2036-05-12,Yes,0.8,Synthetic
DOC6021525,C033276,Utility Bill,UB257498,India,2029-10-01,Yes,0.91,Synthetic
DOC8546344,C033347,Aadhaar,556244842860,USA,2031-09-05,Yes,0.8,Synthetic
DOC8354454,C033347,Driving License,DL9551464459,USA,2031-06-05,Yes,0.91,Synthetic
DOC8064721,C033347,PAN,LTXKZ2614B,USA,2034-06-24,Yes,0.97,Synthetic
DOC3274097,C033347,Passport,S9783465,USA,2033-01-03,Yes,0.9,Synthetic
DOC3376682,C033347,Utility Bill,UB133614,USA,2030-06-26,Yes,0.9,Synthetic
DOC5033430,C033622,Aadhaar,934710347754,USA,2033-10-16,Yes,0.91,Synthetic
DOC1818970,C033622,Driving License,DL4386610597,USA,2034-04-06,No,0.94,Synthetic
DOC6628826,C033622,PAN,YTGOX5256P,USA,2027-12-10,Yes,0.97,Synthetic
DOC9403848,C033622,Passport,C5830010,USA,2032-01-26,No,0.83,Synthetic
DOC6536413,C033622,Utility Bill,UB289378,USA,2032-01-07,Yes,0.89,Synthetic
DOC1445001,C033697,Aadhaar,514742384821,UK,2028-06-22,Yes,0.83,Synthetic
DOC3784654,C033697,Driving License,DL9055630322,UK,2032-02-22,Yes,0.85,Synthetic
DOC2468826,C033697,PAN,YBWDQ9518V,UK,2029-03-12,Yes,0.92,Synthetic
DOC6135666,C033697,Passport,J9206279,UK,2032-12-26,Yes,0.87,Synthetic
DOC3508083,C033697,Utility Bill,UB760899,UK,2031-07-03,Yes,0.93,Synthetic
DOC5375805,C033983,Aadhaar,850614083383,India,2034-09-03,Yes,0.91,Synthetic
DOC8138877,C033983,Driving License,DL1244259292,India,2036-05-03,Yes,0.81,Synthetic
DOC9897941,C033983,PAN,OQHCG9667I,India,2032-07-22,Yes,0.95,Synthetic
DOC6174811,C033983,Passport,P4978843,India,2032-11-26,Yes,0.83,Synthetic
DOC1510329,C033983,Utility Bill,UB941132,India,2028-02-13,Yes,0.97,Synthetic
DOC3923083,C034267,Aadhaar,428194641875,USA,2035-07-21,Yes,0.84,Synthetic
DOC2468335,C034267,Driving License,DL4498314567,USA,2030-06-12,Yes,0.86,Synthetic
DOC2500380,C034267,PAN,USGGL6437B,USA,2029-02-17,Yes,0.94,Synthetic
DOC3956124,C034267,Passport,B1981062,USA,2029-02-12,Yes,0.8,Synthetic
DOC8704398,C034267,Utility Bill,UB686858,USA,2028-03-31,Yes,0.92,Synthetic
DOC7771798,C034433,Aadhaar,087029495662,USA,2029-02-27,Yes,0.9,Synthetic
DOC7696187,C034433,Driving License,DL5676395365,USA,2034-05-25,No,0.96,Synthetic
DOC4261688,C034433,PAN,LYOYL8328Z,USA,2033-10-10,Yes,0.96,Synthetic
DOC8993062,C034433,Passport,L8136499,USA,2033-01-15,Yes,0.87,Synthetic
DOC9958889,C034433,Utility Bill,UB384549,USA,2027-07-05,Yes,0.92,Synthetic
DOC8886657,C034450,Aadhaar,824091339402,UK,2032-12-27,Yes,0.8,Synthetic
DOC6055323,C034450,Driving License,DL2172306144,UK,2032-03-31,Yes,0.88,Synthetic
DOC1821323,C034450,PAN,QEKUW1830N,UK,2034-02-09,Yes,0.99,Synthetic
DOC7124230,C034450,Passport,B2178536,UK,2028-06-14,Yes,0.94,Synthetic
DOC6495008,C034450,Utility Bill,UB482535,UK,2032-08-04,Yes,0.96,Synthetic
DOC2203992,C035079,Aadhaar,913377418444,USA,2034-05-18,Yes,0.96,Synthetic
DOC3102546,C035079,Driving License,DL2217446919,USA,2028-07-28,Yes,0.87,Synthetic
DOC3478161,C035079,PAN,JGWAZ8250R,USA,2028-02-16,Yes,0.9,Synthetic
DOC2547682,C035079,Passport,Y1223730,USA,2035-06-24,Yes,0.94,Synthetic
DOC5459033,C035079,Utility Bill,UB708923,USA,2033-01-17,Yes,0.84,Synthetic
DOC7690695,C035113,Aadhaar,837858114164,UK,2035-03-01,Yes,0.94,Synthetic
DOC5271251,C035113,Driving License,DL7982110339,UK,2033-04-02,Yes,0.85,Synthetic
DOC5385626,C035113,PAN,KQALO8085I,UK,2029-08-16,Yes,0.87,Synthetic
DOC5413706,C035113,Passport,C3750474,UK,2031-02-24,Yes,0.82,Synthetic
DOC7322935,C035113,Utility Bill,UB207405,UK,2028-04-19,Yes,0.92,Synthetic
DOC2824552,C035614,Aadhaar,046906258375,USA,2028-05-23,Yes,0.86,Synthetic
DOC3357230,C035614,Driving License,DL1462158497,USA,2034-11-23,Yes,0.97,Synthetic
DOC5128549,C035614,PAN,UMJVN9605M,USA,2028-08-17,Yes,0.87,Synthetic
DOC4911642,C035614,Passport,Z5466100,USA,2029-06-15,Yes,0.89,Synthetic
DOC7833698,C035614,Utility Bill,UB231817,USA,2029-08-07,Yes,0.91,Synthetic
DOC8259865,C035889,Aadhaar,150980852100,India,2033-09-27,Yes,0.84,Synthetic
DOC3458459,C035889,Driving License,DL5117235172,India,2033-08-01,Yes,0.96,Synthetic
DOC4407183,C035889,PAN,YSHZI4194V,India,2031-11-19,No,0.94,Synthetic
DOC8513491,C035889,Passport,S5091248,India,2029-11-30,Yes,0.94,Synthetic
DOC3990652,C035889,Utility Bill,UB294489,India,2031-11-12,Yes,0.86,Synthetic
DOC9759151,C035993,Aadhaar,941733279484,Russia,2028-12-15,Yes,0.88,Synthetic
DOC2454571,C035993,Driving License,DL1978908469,Russia,2030-03-23,Yes,0.92,Synthetic
DOC4450026,C035993,PAN,BIQRC8789T,Russia,2030-12-07,Yes,0.92,Synthetic
DOC3266328,C035993,Passport,S4270008,Russia,2030-05-16,Yes,0.92,Synthetic
DOC9486705,C035993,Utility Bill,UB240093,Russia,2030-02-26,Yes,0.93,Synthetic
DOC5743007,C036045,Aadhaar,123061729033,Russia,2035-01-23,Yes,0.96,Synthetic
DOC8822919,C036045,Driving License,DL8400882001,Russia,2033-11-13,Yes,0.8,Synthetic
DOC7179108,C036045,PAN,JQOQX7506I,Russia,2034-05-26,No,0.94,Synthetic
DOC4361092,C036045,Passport,X8877001,Russia,2027-11-30,Yes,0.95,Synthetic
DOC5005381,C036045,Utility Bill,UB511455,Russia,2035-04-18,Yes,0.93,Synthetic
DOC6988438,C036065,Aadhaar,579776160390,Iran,2034-10-29,Yes,0.94,Synthetic
DOC6424863,C036065,Driving License,DL2645175960,Iran,2028-10-04,Yes,0.83,Synthetic
DOC4308032,C036065,PAN,TTXGS3803A,Iran,2032-02-06,Yes,0.93,Synthetic
DOC5152289,C036065,Passport,E2789899,Iran,2028-02-12,Yes,0.97,Synthetic
DOC9362847,C036065,Utility Bill,UB504266,Iran,2033-02-10,Yes,0.96,Synthetic
DOC1967523,C036113,Aadhaar,120429153286,USA,2029-09-17,Yes,0.83,Synthetic
DOC1322003,C036113,Driving License,DL9015051547,USA,2032-08-21,Yes,0.86,Synthetic
DOC8778765,C036113,PAN,XJYSH4012K,USA,2031-05-11,Yes,0.95,Synthetic
DOC1281599,C036113,Passport,S2308938,USA,2035-04-09,Yes,0.85,Synthetic
DOC8821806,C036113,Utility Bill,UB585354,USA,2027-08-01,Yes,0.95,Synthetic
DOC6208765,C036320,Aadhaar,775702469449,UK,2028-03-29,Yes,0.88,Synthetic
DOC2578664,C036320,Driving License,DL5413143080,UK,2034-04-21,Yes,0.97,Synthetic
DOC5327545,C036320,PAN,KBIOJ1060T,UK,2035-03-28,No,0.94,Synthetic
DOC4675733,C036320,Passport,R9385153,UK,2034-09-23,Yes,0.97,Synthetic
DOC9354368,C036320,Utility Bill,UB307794,UK,2027-10-03,No,0.89,Synthetic
DOC7040063,C036326,Aadhaar,642231422133,UK,2033-01-23,Yes,0.84,Synthetic
DOC6361341,C036326,Driving License,DL3399328099,UK,2033-12-16,Yes,0.93,Synthetic
DOC1252414,C036326,PAN,KZMFI2203D,UK,2035-12-30,Yes,0.84,Synthetic
DOC4338864,C036326,Passport,W1706780,UK,2032-10-08,Yes,0.98,Synthetic
DOC9316560,C036326,Utility Bill,UB446202,UK,2036-06-12,Yes,0.9,Synthetic
DOC9193492,C036333,Aadhaar,526248866225,India,2033-08-05,Yes,0.95,Synthetic
DOC3904129,C036333,Driving License,DL6198601552,India,2029-07-03,Yes,0.83,Synthetic
DOC9902537,C036333,PAN,UWIEP7940F,India,2036-02-10,Yes,0.93,Synthetic
DOC3874331,C036333,Passport,P7623024,India,2032-02-19,Yes,0.92,Synthetic
DOC3070341,C036333,Utility Bill,UB287030,India,2028-04-08,Yes,0.99,Synthetic
DOC4159828,C036498,Aadhaar,196644503476,Russia,2035-07-24,Yes,0.95,Synthetic
DOC6831278,C036498,Driving License,DL9862457470,Russia,2029-08-08,Yes,0.88,Synthetic
DOC9224670,C036498,PAN,HEDFM4399W,Russia,2035-02-08,Yes,0.88,Synthetic
DOC3654786,C036498,Passport,N4930065,Russia,2028-04-26,Yes,0.97,Synthetic
DOC3456628,C036498,Utility Bill,UB751261,Russia,2032-11-19,Yes,0.91,Synthetic
DOC3161058,C036503,Aadhaar,172180206072,UK,2035-09-21,Yes,0.9,Synthetic
DOC3999113,C036503,Driving License,DL9486458033,UK,2035-02-01,Yes,0.96,Synthetic
DOC9735784,C036503,PAN,DDQCF2015U,UK,2027-10-24,Yes,0.93,Synthetic
DOC2745363,C036503,Passport,C3575320,UK,2030-06-20,Yes,0.89,Synthetic
DOC5346820,C036503,Utility Bill,UB916877,UK,2032-09-30,Yes,0.9,Synthetic
DOC1255332,C036614,Aadhaar,601179575298,India,2035-10-01,Yes,0.89,Synthetic
DOC2305749,C036614,Driving License,DL2663264620,India,2029-11-17,Yes,0.97,Synthetic
DOC3624781,C036614,PAN,WOYLH6563G,India,2035-10-06,Yes,0.83,Synthetic
DOC5605138,C036614,Passport,G7361332,India,2028-01-11,Yes,0.97,Synthetic
DOC9407378,C036614,Utility Bill,UB968975,India,2035-05-11,Yes,0.97,Synthetic
DOC9975702,C036700,Aadhaar,118457177960,India,2032-09-18,Yes,0.84,Synthetic
DOC1519519,C036700,Driving License,DL3652011599,India,2028-01-10,No,0.97,Synthetic
DOC3224696,C036700,PAN,VSBYW8980D,India,2028-08-04,Yes,0.82,Synthetic
DOC2588619,C036700,Passport,W7748434,India,2031-09-06,Yes,0.86,Synthetic
DOC3664385,C036700,Utility Bill,UB226332,India,2032-02-15,Yes,0.99,Synthetic
DOC6353688,C036717,Aadhaar,236587082058,India,2030-02-16,Yes,0.84,Synthetic
DOC1491470,C036717,Driving License,DL1944419712,India,2036-03-13,Yes,0.85,Synthetic
DOC5302014,C036717,PAN,UTROP5123B,India,2029-12-26,Yes,0.86,Synthetic
DOC8298055,C036717,Passport,F6185241,India,2029-01-07,Yes,0.83,Synthetic
DOC8446039,C036717,Utility Bill,UB639247,India,2031-07-18,Yes,0.92,Synthetic
DOC6778153,C036844,Aadhaar,225225776769,Iran,2032-03-04,Yes,0.86,Synthetic
DOC4736320,C036844,Driving License,DL5797441772,Iran,2033-11-06,Yes,0.94,Synthetic
DOC6996251,C036844,PAN,NAJZV7419O,Iran,2033-03-15,Yes,0.92,Synthetic
DOC1843520,C036844,Passport,C5518794,Iran,2033-10-19,Yes,0.96,Synthetic
DOC7278103,C036844,Utility Bill,UB787014,Iran,2030-05-12,Yes,0.96,Synthetic
DOC8196814,C037081,Aadhaar,268841838193,USA,2027-09-19,Yes,0.94,Synthetic
DOC7309363,C037081,Driving License,DL7049102814,USA,2029-05-03,Yes,0.88,Synthetic
DOC1669920,C037081,PAN,IQKFT2880J,USA,2032-08-08,No,0.83,Synthetic
DOC4049446,C037081,Passport,I3239569,USA,2036-04-14,Yes,0.96,Synthetic
DOC7041125,C037081,Utility Bill,UB367540,USA,2028-12-10,Yes,0.99,Synthetic
DOC9194098,C037131,Aadhaar,532623065632,India,2035-11-11,Yes,0.87,Synthetic
DOC8155419,C037131,Driving License,DL3316284348,India,2035-04-27,Yes,0.84,Synthetic
DOC2115164,C037131,PAN,MAYUQ6541J,India,2033-06-02,Yes,0.84,Synthetic
DOC4131717,C037131,Passport,Z1023851,India,2035-05-31,Yes,0.9,Synthetic
DOC2688182,C037131,Utility Bill,UB966026,India,2036-01-13,Yes,0.98,Synthetic
DOC1022555,C037203,Aadhaar,759954584547,Russia,2028-07-27,Yes,0.94,Synthetic
DOC5329500,C037203,Driving License,DL1949052029,Russia,2035-07-08,Yes,0.96,Synthetic
DOC1619616,C037203,PAN,ZUEZH2186O,Russia,2032-09-16,Yes,0.91,Synthetic
DOC8435573,C037203,Passport,Q3922066,Russia,2027-08-03,Yes,0.88,Synthetic
DOC9850450,C037203,Utility Bill,UB879420,Russia,2031-06-21,Yes,0.87,Synthetic
DOC4161585,C037230,Aadhaar,043953803376,Iran,2031-11-29,Yes,0.81,Synthetic
DOC8932105,C037230,Driving License,DL5041188565,Iran,2031-11-17,Yes,0.87,Synthetic
DOC5396082,C037230,PAN,FVZET3718U,Iran,2027-08-28,Yes,0.82,Synthetic
DOC2970112,C037230,Passport,K9414400,Iran,2033-05-23,Yes,0.87,Synthetic
DOC2648589,C037230,Utility Bill,UB186382,Iran,2035-12-19,Yes,0.85,Synthetic
DOC4695843,C037549,Aadhaar,268461303310,India,2031-06-26,Yes,0.95,Synthetic
DOC4984258,C037549,Driving License,DL6171841899,India,2030-04-15,Yes,0.95,Synthetic
DOC8955918,C037549,PAN,JOPMR8339K,India,2034-09-19,Yes,0.96,Synthetic
DOC2085437,C037549,Passport,C3055563,India,2033-08-20,Yes,0.8,Synthetic
DOC6718301,C037549,Utility Bill,UB907542,India,2030-11-02,Yes,0.96,Synthetic
DOC7968721,C037604,Aadhaar,861512744578,Iran,2036-05-09,Yes,0.89,Synthetic
DOC4161363,C037604,Driving License,DL7904088957,Iran,2029-05-17,Yes,0.99,Synthetic
DOC7341426,C037604,PAN,KUWTK5578U,Iran,2030-12-23,Yes,0.85,Synthetic
DOC2066004,C037604,Passport,V9911523,Iran,2029-02-10,Yes,0.97,Synthetic
DOC4786581,C037604,Utility Bill,UB392077,Iran,2028-04-20,Yes,0.96,Synthetic
DOC9926939,C037763,Aadhaar,159717580124,USA,2034-03-11,Yes,0.96,Synthetic
DOC6676515,C037763,Driving License,DL9230804726,USA,2034-06-28,Yes,0.94,Synthetic
DOC3135119,C037763,PAN,GEXTD3177H,USA,2032-06-19,Yes,0.85,Synthetic
DOC8584397,C037763,Passport,Y3154413,USA,2033-08-26,No,0.95,Synthetic
DOC7406776,C037763,Utility Bill,UB534468,USA,2029-01-08,Yes,0.82,Synthetic
DOC3908507,C037792,Aadhaar,558248358124,UK,2032-09-16,Yes,0.81,Synthetic
DOC2110525,C037792,Driving License,DL9954861481,UK,2033-12-10,Yes,0.81,Synthetic
DOC9621570,C037792,PAN,JRHVT9343O,UK,2033-11-14,Yes,0.99,Synthetic
DOC5223190,C037792,Passport,C1317972,UK,2031-11-20,Yes,0.98,Synthetic
DOC2760740,C037792,Utility Bill,UB715363,UK,2028-02-08,Yes,0.86,Synthetic
DOC8617714,C037807,Aadhaar,155092006562,India,2031-02-01,Yes,0.84,Synthetic
DOC2063656,C037807,Driving License,DL3157177527,India,2031-01-14,Yes,0.81,Synthetic
DOC9500066,C037807,PAN,TEJWN3743B,India,2034-01-13,Yes,0.95,Synthetic
DOC4898703,C037807,Passport,M7610128,India,2032-10-13,Yes,0.88,Synthetic
DOC4172227,C037807,Utility Bill,UB335887,India,2030-07-17,Yes,0.89,Synthetic
DOC5073052,C038239,Aadhaar,793408674429,UK,2029-11-30,Yes,0.96,Synthetic
DOC2555399,C038239,Driving License,DL2272059209,UK,2029-07-13,Yes,0.97,Synthetic
DOC4373002,C038239,PAN,ELYMU3564I,UK,2030-07-03,Yes,0.84,Synthetic
DOC2519336,C038239,Passport,H6790998,UK,2028-09-24,Yes,0.95,Synthetic
DOC6559130,C038239,Utility Bill,UB411410,UK,2036-02-05,Yes,0.88,Synthetic
DOC1432655,C038360,Aadhaar,531111621869,Russia,2033-06-09,Yes,0.92,Synthetic
DOC1148346,C038360,Driving License,DL4729983278,Russia,2034-01-03,Yes,0.87,Synthetic
DOC6658337,C038360,PAN,LQOKB6252K,Russia,2029-09-11,Yes,0.85,Synthetic
DOC1886943,C038360,Passport,S4409277,Russia,2034-09-30,Yes,0.83,Synthetic
DOC4595466,C038360,Utility Bill,UB209070,Russia,2034-06-14,Yes,0.95,Synthetic
DOC3805652,C038396,Aadhaar,908101408361,Russia,2032-06-29,Yes,0.91,Synthetic
DOC3983920,C038396,Driving License,DL5580041483,Russia,2032-11-27,Yes,0.95,Synthetic
DOC3451286,C038396,PAN,BUSMD4895X,Russia,2036-04-25,Yes,0.81,Synthetic
DOC3316085,C038396,Passport,E1698573,Russia,2028-12-05,Yes,0.97,Synthetic
DOC9613587,C038396,Utility Bill,UB321126,Russia,2034-10-27,Yes,0.81,Synthetic
DOC8903041,C039017,Aadhaar,569748986701,UK,2036-04-06,Yes,0.92,Synthetic
DOC8778410,C039017,Driving License,DL2313441448,UK,2032-11-03,Yes,0.8,Synthetic
DOC7576691,C039017,PAN,ETDQU6805V,UK,2031-08-08,No,0.87,Synthetic
DOC1934270,C039017,Passport,P4359034,UK,2029-05-11,Yes,0.87,Synthetic
DOC1519392,C039017,Utility Bill,UB853602,UK,2028-12-05,Yes,0.82,Synthetic
DOC6102944,C039186,Aadhaar,372728437868,India,2032-02-03,Yes,0.94,Synthetic
DOC7326905,C039186,Driving License,DL1651396552,India,2027-09-16,Yes,0.98,Synthetic
DOC4041396,C039186,PAN,UJGND3929R,India,2035-12-31,Yes,0.81,Synthetic
DOC2740244,C039186,Passport,T6992667,India,2029-07-05,Yes,0.93,Synthetic
DOC2819675,C039186,Utility Bill,UB642698,India,2028-02-16,Yes,0.87,Synthetic
DOC3086953,C039535,Aadhaar,499408939187,Iran,2031-02-10,Yes,0.83,Synthetic
DOC8394545,C039535,Driving License,DL9693504528,Iran,2034-12-30,Yes,0.85,Synthetic
DOC2292696,C039535,PAN,RPKPB6468S,Iran,2034-03-25,Yes,0.95,Synthetic
DOC7459067,C039535,Passport,B8436266,Iran,2033-09-23,Yes,0.9,Synthetic
DOC6636682,C039535,Utility Bill,UB584421,Iran,2033-03-03,Yes,0.87,Synthetic
DOC3530507,C039849,Aadhaar,268672454723,Russia,2032-09-13,Yes,0.81,Synthetic
DOC7982240,C039849,Driving License,DL6819832632,Russia,2029-06-29,Yes,0.81,Synthetic
DOC1039617,C039849,PAN,THHYG2840F,Russia,2029-10-25,Yes,0.94,Synthetic
DOC5204631,C039849,Passport,H1729333,Russia,2034-04-22,Yes,0.81,Synthetic
DOC5991235,C039849,Utility Bill,UB944121,Russia,2030-08-12,Yes,0.97,Synthetic
DOC2776533,C040061,Aadhaar,173047413767,Iran,2028-09-04,Yes,0.85,Synthetic
DOC6091312,C040061,Driving License,DL8571381088,Iran,2028-03-07,Yes,0.82,Synthetic
DOC7758795,C040061,PAN,KPHME6709C,Iran,2030-10-22,Yes,0.83,Synthetic
DOC1747851,C040061,Passport,R3313763,Iran,2029-05-20,Yes,0.88,Synthetic
DOC7298859,C040061,Utility Bill,UB569737,Iran,2029-09-09,Yes,0.83,Synthetic
DOC8850185,C040241,Aadhaar,136119499830,India,2029-08-07,Yes,0.89,Synthetic
DOC8241195,C040241,Driving License,DL3950393302,India,2030-09-01,Yes,0.86,Synthetic
DOC5230044,C040241,PAN,QMVJN5104L,India,2033-10-21,Yes,0.87,Synthetic
DOC7341089,C040241,Passport,N7612940,India,2036-02-01,Yes,0.87,Synthetic
DOC1810545,C040241,Utility Bill,UB556809,India,2029-05-26,Yes,0.84,Synthetic
DOC6617201,C040298,Aadhaar,198287811867,UK,2032-10-26,Yes,0.91,Synthetic
DOC1637120,C040298,Driving License,DL8844494074,UK,2031-12-04,Yes,0.86,Synthetic
DOC8333490,C040298,PAN,OSJBR1868F,UK,2035-07-12,Yes,0.91,Synthetic
DOC4761768,C040298,Passport,I1637288,UK,2036-04-10,No,0.93,Synthetic
DOC3234232,C040298,Utility Bill,UB467206,UK,2030-08-12,Yes,0.95,Synthetic
DOC1757730,C040380,Aadhaar,436132876072,Iran,2035-01-15,Yes,0.99,Synthetic
DOC6505897,C040380,Driving License,DL7934097512,Iran,2028-10-05,Yes,0.98,Synthetic
DOC3599131,C040380,PAN,FJBYQ7855R,Iran,2028-03-28,Yes,0.8,Synthetic
DOC5333878,C040380,Passport,M6888520,Iran,2029-08-12,Yes,0.92,Synthetic
DOC5138107,C040380,Utility Bill,UB413058,Iran,2032-03-17,Yes,0.81,Synthetic
DOC8682024,C040503,Aadhaar,035664862964,India,2035-12-22,Yes,0.82,Synthetic
DOC6687258,C040503,Driving License,DL8972036960,India,2035-02-08,No,0.86,Synthetic
DOC7878735,C040503,PAN,TGZOM2993D,India,2033-11-10,Yes,0.85,Synthetic
DOC8359090,C040503,Passport,B8542607,India,2029-03-18,Yes,0.89,Synthetic
DOC9309723,C040503,Utility Bill,UB528735,India,2035-06-27,Yes,0.86,Synthetic
DOC3385737,C040544,Aadhaar,690141901238,Iran,2035-12-30,Yes,0.88,Synthetic
DOC6269524,C040544,Driving License,DL8785981903,Iran,2031-09-10,Yes,0.81,Synthetic
DOC9786540,C040544,PAN,BCDNS4707I,Iran,2030-08-26,Yes,0.91,Synthetic
DOC6538585,C040544,Passport,O6691260,Iran,2029-07-25,Yes,0.97,Synthetic
DOC2520570,C040544,Utility Bill,UB786117,Iran,2030-12-01,Yes,0.84,Synthetic
DOC4470098,C040576,Aadhaar,180261830084,USA,2029-10-05,Yes,0.9,Synthetic
DOC7854122,C040576,Driving License,DL8548109604,USA,2029-06-20,Yes,0.96,Synthetic
DOC5637065,C040576,PAN,PYCAZ9289Q,USA,2028-01-05,Yes,0.86,Synthetic
DOC4377033,C040576,Passport,X1224458,USA,2029-07-03,Yes,0.98,Synthetic
DOC5287914,C040576,Utility Bill,UB793553,USA,2033-12-11,Yes,0.88,Synthetic
DOC8142350,C040700,Aadhaar,847101685252,India,2030-08-27,No,0.88,Synthetic
DOC8410574,C040700,Driving License,DL8894907388,India,2031-10-29,Yes,0.92,Synthetic
DOC7692685,C040700,PAN,FIBQG5772C,India,2033-01-01,Yes,0.97,Synthetic
DOC9220406,C040700,Passport,J1972736,India,2031-01-29,Yes,0.94,Synthetic
DOC4390346,C040700,Utility Bill,UB866281,India,2035-12-12,Yes,0.96,Synthetic
DOC4594133,C040764,Aadhaar,975596503762,Iran,2027-08-06,No,0.96,Synthetic
DOC8821124,C040764,Driving License,DL8635782311,Iran,2027-08-15,Yes,0.92,Synthetic
DOC5877705,C040764,PAN,MZFSI9796H,Iran,2033-09-18,Yes,0.98,Synthetic
DOC2764943,C040764,Passport,U1920307,Iran,2029-09-12,Yes,0.85,Synthetic
DOC6819952,C040764,Utility Bill,UB744062,Iran,2028-07-27,Yes,0.85,Synthetic
DOC2220558,C040862,Aadhaar,107689114830,UK,2030-02-07,Yes,0.95,Synthetic
DOC6752966,C040862,Driving License,DL3246929884,UK,2035-08-14,Yes,0.86,Synthetic
DOC2305211,C040862,PAN,XNJIE7091K,UK,2031-04-18,No,0.86,Synthetic
DOC3636120,C040862,Passport,H2216579,UK,2031-08-20,Yes,0.96,Synthetic
DOC2303667,C040862,Utility Bill,UB550220,UK,2031-11-25,Yes,0.9,Synthetic
DOC1498021,C041049,Aadhaar,331238403799,Iran,2029-05-19,Yes,0.85,Synthetic
DOC7341783,C041049,Driving License,DL3236297971,Iran,2033-09-04,Yes,0.84,Synthetic
DOC8313104,C041049,PAN,SHHUC5365B,Iran,2034-12-17,Yes,0.84,Synthetic
DOC3472363,C041049,Passport,T4748630,Iran,2034-04-16,Yes,0.81,Synthetic
DOC5862825,C041049,Utility Bill,UB664777,Iran,2029-10-09,Yes,0.86,Synthetic
DOC2949704,C041117,Aadhaar,665087249461,Iran,2033-05-30,Yes,0.81,Synthetic
DOC5527506,C041117,Driving License,DL3663982911,Iran,2029-04-15,Yes,0.83,Synthetic
DOC9269023,C041117,PAN,ZIGFW1752I,Iran,2035-03-06,Yes,0.86,Synthetic
DOC6802990,C041117,Passport,W7621159,Iran,2031-10-13,Yes,0.91,Synthetic
DOC8261708,C041117,Utility Bill,UB554480,Iran,2033-05-24,Yes,0.88,Synthetic
DOC4554697,C041164,Aadhaar,531429878462,Russia,2032-12-16,Yes,0.92,Synthetic
DOC9458109,C041164,Driving License,DL6201728668,Russia,2028-07-20,Yes,0.91,Synthetic
DOC6110431,C041164,PAN,ZFJSP9085P,Russia,2028-10-27,Yes,0.93,Synthetic
DOC5153544,C041164,Passport,Q7201968,Russia,2030-01-28,Yes,0.81,Synthetic
DOC7728292,C041164,Utility Bill,UB926627,Russia,2035-01-27,Yes,0.91,Synthetic
DOC3754949,C041268,Aadhaar,789912296317,UK,2032-01-18,Yes,0.88,Synthetic
DOC8917334,C041268,Driving License,DL6604514226,UK,2032-06-21,Yes,0.88,Synthetic
DOC7326955,C041268,PAN,XEUKU2211N,UK,2031-07-09,Yes,0.99,Synthetic
DOC9310027,C041268,Passport,K1997988,UK,2030-07-11,Yes,0.87,Synthetic
DOC3621837,C041268,Utility Bill,UB139022,UK,2029-01-20,Yes,0.99,Synthetic
DOC4939639,C041446,Aadhaar,962461820013,Iran,2028-10-03,Yes,0.98,Synthetic
DOC1955506,C041446,Driving License,DL7306847243,Iran,2031-07-22,Yes,0.88,Synthetic
DOC2216715,C041446,PAN,KCSDH2870C,Iran,2028-01-18,Yes,0.8,Synthetic
DOC4130073,C041446,Passport,C4270700,Iran,2035-09-23,Yes,0.99,Synthetic
DOC3476449,C041446,Utility Bill,UB672315,Iran,2036-02-02,Yes,0.88,Synthetic
DOC9587251,C041448,Aadhaar,874019187126,USA,2031-12-14,Yes,0.82,Synthetic
DOC1523222,C041448,Driving License,DL5071757705,USA,2031-07-12,Yes,0.96,Synthetic
DOC2124228,C041448,PAN,CMJFW1646C,USA,2027-11-10,Yes,0.94,Synthetic
DOC1246387,C041448,Passport,D5208334,USA,2032-06-04,Yes,0.83,Synthetic
DOC4194247,C041448,Utility Bill,UB104935,USA,2033-06-17,Yes,0.83,Synthetic
DOC7572936,C041463,Aadhaar,332315737133,UK,2035-07-14,Yes,0.93,Synthetic
DOC5279516,C041463,Driving License,DL1345149162,UK,2033-10-24,Yes,0.95,Synthetic
DOC3130733,C041463,PAN,UJSXR7272O,UK,2033-11-11,Yes,0.97,Synthetic
DOC7084087,C041463,Passport,H3642364,UK,2035-01-17,Yes,0.81,Synthetic
DOC7218991,C041463,Utility Bill,UB148257,UK,2030-01-07,Yes,0.96,Synthetic
DOC1136960,C041512,Aadhaar,352328285080,Russia,2028-02-10,Yes,0.85,Synthetic
DOC7240311,C041512,Driving License,DL9303931096,Russia,2028-06-05,Yes,0.98,Synthetic
DOC6589070,C041512,PAN,TFSWV2440Y,Russia,2034-01-31,No,0.82,Synthetic
DOC1161708,C041512,Passport,T7596108,Russia,2031-04-07,Yes,0.97,Synthetic
DOC1461063,C041512,Utility Bill,UB423347,Russia,2029-10-08,Yes,0.98,Synthetic
DOC8306867,C041532,Aadhaar,921020356401,Russia,2035-06-07,Yes,0.98,Synthetic
DOC1225521,C041532,Driving License,DL4109006833,Russia,2034-06-02,No,0.93,Synthetic
DOC1370352,C041532,PAN,LDEAF6231C,Russia,2029-04-25,Yes,0.84,Synthetic
DOC3386938,C041532,Passport,D5309374,Russia,2030-02-09,Yes,0.83,Synthetic
DOC5112645,C041532,Utility Bill,UB807492,Russia,2028-08-17,Yes,0.92,Synthetic
DOC6785555,C041686,Aadhaar,352846359652,India,2031-01-30,Yes,0.92,Synthetic
DOC7908990,C041686,Driving License,DL5204496145,India,2030-08-26,Yes,0.91,Synthetic
DOC3431476,C041686,PAN,DWJLM6235W,India,2029-12-19,Yes,0.81,Synthetic
DOC6939154,C041686,Passport,T2251038,India,2031-11-25,No,0.87,Synthetic
DOC7707496,C041686,Utility Bill,UB903109,India,2030-07-15,Yes,0.92,Synthetic
DOC7286732,C041748,Aadhaar,670563561725,Iran,2032-02-07,Yes,0.89,Synthetic
DOC9574338,C041748,Driving License,DL4774503926,Iran,2036-01-29,Yes,0.98,Synthetic
DOC1292308,C041748,PAN,VJARX4296E,Iran,2032-02-28,Yes,0.87,Synthetic
DOC1011655,C041748,Passport,Y9161146,Iran,2030-08-26,Yes,0.86,Synthetic
DOC7916023,C041748,Utility Bill,UB816646,Iran,2034-02-11,Yes,0.85,Synthetic
DOC2110639,C041807,Aadhaar,705060486375,UK,2029-09-14,Yes,0.99,Synthetic
DOC9825269,C041807,Driving License,DL6998331716,UK,2027-08-06,Yes,0.92,Synthetic
DOC7543713,C041807,PAN,JLUHR3812N,UK,2029-09-09,Yes,0.87,Synthetic
DOC4911316,C041807,Passport,S3813768,UK,2027-08-20,Yes,0.83,Synthetic
DOC6867536,C041807,Utility Bill,UB170419,UK,2027-08-14,Yes,0.89,Synthetic
DOC7559310,C041828,Aadhaar,537426684489,UK,2029-07-29,Yes,0.92,Synthetic
DOC8746620,C041828,Driving License,DL5951994384,UK,2028-09-11,Yes,0.87,Synthetic
DOC6547688,C041828,PAN,PTWNW9720L,UK,2033-11-24,Yes,0.95,Synthetic
DOC5437166,C041828,Passport,L2725706,UK,2033-11-22,Yes,0.93,Synthetic
DOC9374152,C041828,Utility Bill,UB987466,UK,2029-12-23,Yes,0.9,Synthetic
DOC2598814,C042285,Aadhaar,697461866959,India,2034-12-14,Yes,0.81,Synthetic
DOC7489554,C042285,Driving License,DL5187686990,India,2030-05-11,Yes,0.92,Synthetic
DOC2157785,C042285,PAN,VWIGB2864E,India,2030-04-27,Yes,0.86,Synthetic
DOC1637352,C042285,Passport,U8341688,India,2029-07-11,Yes,0.88,Synthetic
DOC1931212,C042285,Utility Bill,UB341603,India,2034-06-23,Yes,0.9,Synthetic
DOC5319775,C042375,Aadhaar,912303058341,Russia,2029-07-28,Yes,0.89,Synthetic
DOC9931976,C042375,Driving License,DL2707939256,Russia,2034-05-29,Yes,0.97,Synthetic
DOC2893611,C042375,PAN,ILPNP1587M,Russia,2030-09-28,Yes,0.83,Synthetic
DOC9632857,C042375,Passport,Q6447908,Russia,2034-10-27,Yes,0.84,Synthetic
DOC6001512,C042375,Utility Bill,UB962679,Russia,2031-11-13,Yes,0.94,Synthetic
DOC8308349,C042731,Aadhaar,197401103861,UK,2034-08-26,Yes,0.96,Synthetic
DOC7561710,C042731,Driving License,DL9182751447,UK,2029-04-04,Yes,0.83,Synthetic
DOC9774026,C042731,PAN,MPDJG3574A,UK,2033-04-17,Yes,0.9,Synthetic
DOC2562549,C042731,Passport,N1512502,UK,2033-04-14,Yes,0.85,Synthetic
DOC2084961,C042731,Utility Bill,UB510516,UK,2032-10-16,No,0.95,Synthetic
DOC7218010,C042770,Aadhaar,573536551489,UK,2032-05-09,Yes,0.95,Synthetic
DOC5791877,C042770,Driving License,DL5936330433,UK,2032-04-07,Yes,0.95,Synthetic
DOC1124549,C042770,PAN,LXKXN5540A,UK,2035-09-05,Yes,0.82,Synthetic
DOC9606499,C042770,Passport,C8129966,UK,2028-05-04,Yes,0.87,Synthetic
DOC3501233,C042770,Utility Bill,UB937595,UK,2036-06-15,Yes,0.82,Synthetic
DOC8533364,C042870,Aadhaar,221382763808,India,2033-03-01,No,0.97,Synthetic
DOC8680178,C042870,Driving License,DL1451943303,India,2031-05-03,Yes,0.98,Synthetic
DOC3063386,C042870,PAN,GDSSD6419V,India,2033-03-07,Yes,0.8,Synthetic
DOC1031871,C042870,Passport,O8607663,India,2032-04-05,Yes,0.87,Synthetic
DOC2750687,C042870,Utility Bill,UB289886,India,2034-04-25,Yes,0.86,Synthetic
DOC2357819,C042880,Aadhaar,406823713096,India,2033-05-16,Yes,0.95,Synthetic
DOC2608888,C042880,Driving License,DL7349241360,India,2030-03-22,Yes,0.81,Synthetic
DOC2368005,C042880,PAN,DULEL4393H,India,2035-04-04,Yes,0.95,Synthetic
DOC7738767,C042880,Passport,J1289445,India,2033-09-14,Yes,0.9,Synthetic
DOC1487073,C042880,Utility Bill,UB409421,India,2035-12-16,Yes,0.82,Synthetic
DOC3077933,C042980,Aadhaar,431529438759,India,2035-07-22,Yes,0.98,Synthetic
DOC7427321,C042980,Driving License,DL7771797502,India,2035-07-31,Yes,0.97,Synthetic
DOC3967124,C042980,PAN,LSSXL7857V,India,2035-03-28,Yes,0.85,Synthetic
DOC8280316,C042980,Passport,Z3613703,India,2029-12-05,Yes,0.85,Synthetic
DOC7840000,C042980,Utility Bill,UB233557,India,2036-03-12,Yes,0.86,Synthetic
DOC4737143,C043041,Aadhaar,240028184216,India,2036-05-08,Yes,0.83,Synthetic
DOC7280463,C043041,Driving License,DL2130252670,India,2035-09-01,Yes,0.81,Synthetic
DOC1331684,C043041,PAN,RRVAS8281E,India,2028-08-05,Yes,0.97,Synthetic
DOC2006995,C043041,Passport,P2126782,India,2028-05-11,Yes,0.85,Synthetic
DOC3861339,C043041,Utility Bill,UB409412,India,2031-04-05,Yes,0.96,Synthetic
DOC3198045,C043064,Aadhaar,086145363237,UK,2029-02-24,Yes,0.87,Synthetic
DOC5553789,C043064,Driving License,DL4699170462,UK,2031-07-08,Yes,0.87,Synthetic
DOC1103682,C043064,PAN,ABYFF5070S,UK,2036-01-12,Yes,0.8,Synthetic
DOC1637364,C043064,Passport,O8321795,UK,2032-09-18,Yes,0.97,Synthetic
DOC9986202,C043064,Utility Bill,UB396753,UK,2033-06-29,Yes,0.93,Synthetic
DOC2091875,C043112,Aadhaar,866102220083,USA,2035-02-02,No,0.92,Synthetic
DOC8176014,C043112,Driving License,DL8844722796,USA,2031-06-10,Yes,0.94,Synthetic
DOC7080452,C043112,PAN,OGUKP6655F,USA,2027-08-15,Yes,0.85,Synthetic
DOC1831713,C043112,Passport,B3031259,USA,2030-08-14,Yes,0.98,Synthetic
DOC2295815,C043112,Utility Bill,UB719353,USA,2029-02-02,Yes,0.82,Synthetic
DOC7790988,C043126,Aadhaar,412511069562,India,2035-02-12,Yes,0.86,Synthetic
DOC9146969,C043126,Driving License,DL1332917722,India,2031-07-02,Yes,0.9,Synthetic
DOC4255238,C043126,PAN,GGZUX8560G,India,2035-09-19,Yes,0.88,Synthetic
DOC6405670,C043126,Passport,T7101135,India,2035-11-28,Yes,0.84,Synthetic
DOC6166916,C043126,Utility Bill,UB855221,India,2028-10-25,Yes,0.85,Synthetic
DOC4563434,C043138,Aadhaar,680643497688,UK,2036-06-19,Yes,0.89,Synthetic
DOC8408602,C043138,Driving License,DL1456383508,UK,2034-03-21,Yes,0.83,Synthetic
DOC1201525,C043138,PAN,WMGOT4456F,UK,2032-08-19,Yes,0.8,Synthetic
DOC1905213,C043138,Passport,U3832726,UK,2027-11-28,Yes,0.83,Synthetic
DOC7642615,C043138,Utility Bill,UB427720,UK,2031-09-03,Yes,0.82,Synthetic
DOC2964718,C043139,Aadhaar,782060675059,India,2034-10-06,Yes,0.93,Synthetic
DOC3595765,C043139,Driving License,DL6763960450,India,2028-12-18,Yes,0.87,Synthetic
DOC2747906,C043139,PAN,PVFPB7484E,India,2030-06-26,Yes,0.97,Synthetic
DOC3587689,C043139,Passport,E8425435,India,2034-10-03,Yes,0.88,Synthetic
DOC1337205,C043139,Utility Bill,UB954935,India,2032-09-16,Yes,0.85,Synthetic
DOC4970836,C043197,Aadhaar,289662591927,Iran,2035-01-19,Yes,0.8,Synthetic
DOC7138114,C043197,Driving License,DL3835874009,Iran,2031-09-14,Yes,0.82,Synthetic
DOC3008453,C043197,PAN,YUXUW8970C,Iran,2030-08-16,Yes,0.81,Synthetic
DOC8547475,C043197,Passport,Y8830818,Iran,2030-10-06,Yes,0.98,Synthetic
DOC3887909,C043197,Utility Bill,UB937415,Iran,2036-03-10,Yes,0.96,Synthetic
DOC3623189,C043228,Aadhaar,911659975325,USA,2034-05-08,Yes,0.85,Synthetic
DOC6059137,C043228,Driving License,DL9580283764,USA,2034-03-08,Yes,0.95,Synthetic
DOC2210771,C043228,PAN,KEYLR1469N,USA,2031-01-11,Yes,0.95,Synthetic
DOC5216088,C043228,Passport,Q9511641,USA,2031-08-22,Yes,0.88,Synthetic
DOC9129696,C043228,Utility Bill,UB856834,USA,2029-12-19,Yes,0.97,Synthetic
DOC7804540,C043230,Aadhaar,237445745745,Russia,2033-10-24,Yes,0.86,Synthetic
DOC7517469,C043230,Driving License,DL6058458128,Russia,2027-12-24,Yes,0.86,Synthetic
DOC9185207,C043230,PAN,JSOXT2725Y,Russia,2036-02-05,Yes,0.89,Synthetic
DOC7923661,C043230,Passport,O5639732,Russia,2032-06-29,Yes,0.86,Synthetic
DOC3870455,C043230,Utility Bill,UB748508,Russia,2031-10-20,Yes,0.81,Synthetic
DOC6347723,C043296,Aadhaar,836140720153,Iran,2030-07-18,Yes,0.85,Synthetic
DOC2413560,C043296,Driving License,DL7882650180,Iran,2030-12-15,Yes,0.92,Synthetic
DOC3206296,C043296,PAN,FWOIF5176B,Iran,2028-01-02,Yes,0.85,Synthetic
DOC6832695,C043296,Passport,F1929274,Iran,2028-06-01,Yes,0.91,Synthetic
DOC8591412,C043296,Utility Bill,UB302984,Iran,2031-04-07,Yes,0.9,Synthetic
DOC9666389,C043313,Aadhaar,586111656200,UK,2029-12-16,Yes,0.92,Synthetic
DOC1241477,C043313,Driving License,DL8180413248,UK,2031-05-11,Yes,0.81,Synthetic
DOC2494736,C043313,PAN,TDIZJ3656V,UK,2034-04-20,Yes,0.9,Synthetic
DOC9676529,C043313,Passport,G6839287,UK,2033-04-30,Yes,0.84,Synthetic
DOC8007319,C043313,Utility Bill,UB670093,UK,2033-03-01,Yes,0.84,Synthetic
DOC8242343,C043450,Aadhaar,625978928749,USA,2028-04-08,Yes,0.82,Synthetic
DOC3720902,C043450,Driving License,DL8246648252,USA,2033-04-19,Yes,0.92,Synthetic
DOC8036605,C043450,PAN,IEIZT8891N,USA,2029-06-15,Yes,0.85,Synthetic
DOC7250872,C043450,Passport,I4522490,USA,2031-06-30,Yes,0.81,Synthetic
DOC8789069,C043450,Utility Bill,UB661785,USA,2030-12-10,Yes,0.91,Synthetic
DOC6634448,C043574,Aadhaar,593009185254,USA,2033-05-08,Yes,0.98,Synthetic
DOC7757397,C043574,Driving License,DL3799371557,USA,2030-09-14,Yes,0.98,Synthetic
DOC5325799,C043574,PAN,FREOA6552W,USA,2028-03-15,Yes,0.85,Synthetic
DOC2711676,C043574,Passport,G6605202,USA,2029-10-04,Yes,0.96,Synthetic
DOC9768217,C043574,Utility Bill,UB154354,USA,2034-02-09,Yes,0.86,Synthetic
DOC6861406,C043583,Aadhaar,762623463164,Russia,2030-07-11,Yes,0.95,Synthetic
DOC5105623,C043583,Driving License,DL8451612078,Russia,2030-11-08,Yes,0.89,Synthetic
DOC9896105,C043583,PAN,PZBKF2735X,Russia,2029-11-10,Yes,0.82,Synthetic
DOC8493706,C043583,Passport,U2414590,Russia,2027-07-28,Yes,0.85,Synthetic
DOC4205444,C043583,Utility Bill,UB650209,Russia,2027-12-02,Yes,0.87,Synthetic
DOC6461002,C043683,Aadhaar,141869474178,USA,2032-08-31,Yes,0.83,Synthetic
DOC7235287,C043683,Driving License,DL9226270133,USA,2035-09-24,Yes,0.88,Synthetic
DOC3188688,C043683,PAN,UFYGE8486L,USA,2027-06-25,Yes,0.81,Synthetic
DOC2504449,C043683,Passport,A4827666,USA,2028-04-04,Yes,0.92,Synthetic
DOC4431794,C043683,Utility Bill,UB173845,USA,2036-03-14,Yes,0.89,Synthetic
DOC3190193,C043801,Aadhaar,577161889770,India,2030-07-11,Yes,0.97,Synthetic
DOC8276263,C043801,Driving License,DL6139111066,India,2033-06-09,Yes,0.94,Synthetic
DOC1347513,C043801,PAN,IWUUK9653M,India,2031-07-18,Yes,0.94,Synthetic
DOC7812631,C043801,Passport,W3428667,India,2029-04-26,Yes,0.84,Synthetic
DOC8227030,C043801,Utility Bill,UB365525,India,2032-01-30,Yes,0.84,Synthetic
DOC4637011,C043911,Aadhaar,277680149201,Russia,2028-08-26,Yes,0.89,Synthetic
DOC2992882,C043911,Driving License,DL2648393866,Russia,2032-10-29,Yes,0.84,Synthetic
DOC8503239,C043911,PAN,KMNDC1657V,Russia,2032-09-17,Yes,0.8,Synthetic
DOC4548156,C043911,Passport,F6364837,Russia,2030-08-20,Yes,0.87,Synthetic
DOC9805483,C043911,Utility Bill,UB295420,Russia,2031-12-19,No,0.86,Synthetic
DOC2995000,C044142,Aadhaar,738580418594,UK,2032-03-07,Yes,0.85,Synthetic
DOC8415753,C044142,Driving License,DL2842651342,UK,2034-09-09,Yes,0.82,Synthetic
DOC7005435,C044142,PAN,UJWNB5338L,UK,2029-10-05,Yes,0.86,Synthetic
DOC9324287,C044142,Passport,W4599074,UK,2035-01-29,Yes,0.87,Synthetic
DOC1258127,C044142,Utility Bill,UB133449,UK,2031-06-11,Yes,0.86,Synthetic
DOC2285766,C044144,Aadhaar,583492445975,UK,2032-05-30,Yes,0.97,Synthetic
DOC3978436,C044144,Driving License,DL1782531043,UK,2031-03-27,Yes,0.9,Synthetic
DOC9828866,C044144,PAN,BMNCL6381G,UK,2027-09-22,Yes,0.97,Synthetic
DOC9322664,C044144,Passport,E6887453,UK,2030-12-30,Yes,0.92,Synthetic
DOC7411580,C044144,Utility Bill,UB155855,UK,2031-03-03,Yes,0.96,Synthetic
DOC8321362,C044238,Aadhaar,446910248803,UK,2033-09-19,Yes,0.81,Synthetic
DOC1939972,C044238,Driving License,DL9638304804,UK,2032-10-18,Yes,0.89,Synthetic
DOC8675980,C044238,PAN,XCHAU3022X,UK,2030-10-16,Yes,0.88,Synthetic
DOC4803739,C044238,Passport,V3165615,UK,2032-05-24,Yes,0.91,Synthetic
DOC4272358,C044238,Utility Bill,UB252473,UK,2035-03-09,Yes,0.9,Synthetic
DOC7784150,C044252,Aadhaar,772162450912,UK,2032-09-26,Yes,0.88,Synthetic
DOC5585114,C044252,Driving License,DL9857789113,UK,2036-04-09,Yes,0.81,Synthetic
DOC6504120,C044252,PAN,QMOHT3355K,UK,2027-09-16,Yes,0.91,Synthetic
DOC6082104,C044252,Passport,X9961824,UK,2030-06-27,Yes,0.94,Synthetic
DOC4442930,C044252,Utility Bill,UB807975,UK,2027-12-23,Yes,0.9,Synthetic
DOC5454741,C044353,Aadhaar,594984578829,UK,2036-01-19,Yes,0.99,Synthetic
DOC1046869,C044353,Driving License,DL1632879750,UK,2029-08-01,Yes,0.98,Synthetic
DOC1143222,C044353,PAN,YPTDY2260S,UK,2034-05-22,Yes,0.91,Synthetic
DOC7979065,C044353,Passport,K6979470,UK,2028-03-11,Yes,0.82,Synthetic
DOC1117293,C044353,Utility Bill,UB509788,UK,2030-10-18,Yes,0.81,Synthetic
DOC1475105,C044376,Aadhaar,547400921648,USA,2032-04-20,Yes,0.91,Synthetic
DOC1273424,C044376,Driving License,DL7650815477,USA,2030-06-09,Yes,0.93,Synthetic
DOC6715926,C044376,PAN,BDOFY7863X,USA,2027-10-07,Yes,0.86,Synthetic
DOC3375481,C044376,Passport,R2344188,USA,2029-09-21,Yes,0.92,Synthetic
DOC4314457,C044376,Utility Bill,UB688828,USA,2031-06-20,Yes,0.82,Synthetic
DOC4833895,C044380,Aadhaar,830533491503,Russia,2033-08-01,Yes,0.82,Synthetic
DOC6362974,C044380,Driving License,DL5218401518,Russia,2029-03-25,Yes,0.89,Synthetic
DOC1713290,C044380,PAN,TBHWT6775F,Russia,2028-09-21,Yes,0.82,Synthetic
DOC9690304,C044380,Passport,K5662724,Russia,2029-05-19,Yes,0.83,Synthetic
DOC9670326,C044380,Utility Bill,UB983700,Russia,2032-01-10,Yes,0.98,Synthetic
DOC2577271,C044582,Aadhaar,488080136823,Russia,2034-08-06,Yes,0.9,Synthetic
DOC4950032,C044582,Driving License,DL3544940545,Russia,2033-03-16,Yes,0.87,Synthetic
DOC3674262,C044582,PAN,YLGQF7347F,Russia,2035-02-12,Yes,0.87,Synthetic
DOC1746421,C044582,Passport,N8549377,Russia,2029-03-08,Yes,0.83,Synthetic
DOC4558548,C044582,Utility Bill,UB603972,Russia,2031-08-18,Yes,0.87,Synthetic
DOC9698178,C044596,Aadhaar,421395322937,UK,2028-06-29,Yes,0.86,Synthetic
DOC1282471,C044596,Driving License,DL6418709649,UK,2033-03-02,Yes,0.81,Synthetic
DOC7711549,C044596,PAN,URYNS8005F,UK,2033-06-12,Yes,0.98,Synthetic
DOC2099539,C044596,Passport,S3897552,UK,2034-09-08,Yes,0.9,Synthetic
DOC3035513,C044596,Utility Bill,UB894801,UK,2032-02-10,Yes,0.94,Synthetic
DOC4663529,C044597,Aadhaar,328401036338,USA,2036-02-12,Yes,0.95,Synthetic
DOC5895064,C044597,Driving License,DL6249452498,USA,2033-04-03,Yes,0.95,Synthetic
DOC3957132,C044597,PAN,UBNPR3103K,USA,2032-03-08,Yes,0.84,Synthetic
DOC1668402,C044597,Passport,F2900180,USA,2034-12-08,Yes,0.91,Synthetic
DOC8941626,C044597,Utility Bill,UB390285,USA,2035-06-20,No,0.93,Synthetic
DOC4571116,C044609,Aadhaar,873888210843,Iran,2028-12-18,Yes,0.93,Synthetic
DOC7217244,C044609,Driving License,DL8713494720,Iran,2029-10-06,Yes,0.9,Synthetic
DOC1103523,C044609,PAN,HSZXA1658N,Iran,2030-11-18,Yes,0.87,Synthetic
DOC8534864,C044609,Passport,X5937376,Iran,2028-09-08,Yes,0.83,Synthetic
DOC5436272,C044609,Utility Bill,UB367143,Iran,2033-01-05,Yes,0.89,Synthetic
DOC8706094,C044619,Aadhaar,394867753019,USA,2036-06-11,No,0.87,Synthetic
DOC3931976,C044619,Driving License,DL1423725347,USA,2030-11-26,Yes,0.8,Synthetic
DOC4488603,C044619,PAN,TNCKN9954W,USA,2035-10-19,No,0.96,Synthetic
DOC7875611,C044619,Passport,U8356534,USA,2028-09-25,Yes,0.91,Synthetic
DOC4835273,C044619,Utility Bill,UB370535,USA,2035-03-12,Yes,0.96,Synthetic
DOC7330925,C044825,Aadhaar,256816428865,UK,2034-12-09,Yes,0.97,Synthetic
DOC1294906,C044825,Driving License,DL5855652583,UK,2029-03-16,Yes,0.81,Synthetic
DOC1210876,C044825,PAN,JYSRG1268S,UK,2032-07-27,No,0.91,Synthetic
DOC2171111,C044825,Passport,C2240767,UK,2029-05-28,Yes,0.95,Synthetic
DOC3824907,C044825,Utility Bill,UB176152,UK,2029-10-28,Yes,0.95,Synthetic
DOC9186289,C045165,Aadhaar,052934151924,USA,2035-08-16,Yes,0.91,Synthetic
DOC9444849,C045165,Driving License,DL1620319265,USA,2036-03-08,Yes,0.9,Synthetic
DOC4135195,C045165,PAN,VTIXR5058M,USA,2028-04-10,Yes,0.95,Synthetic
DOC4958297,C045165,Passport,E3836416,USA,2027-10-06,Yes,0.9,Synthetic
DOC2610039,C045165,Utility Bill,UB399886,USA,2029-05-21,Yes,0.86,Synthetic
DOC6809594,C045223,Aadhaar,995417300969,Russia,2030-01-12,Yes,0.86,Synthetic
DOC6947646,C045223,Driving License,DL3917002431,Russia,2034-08-30,Yes,0.96,Synthetic
DOC5756825,C045223,PAN,LHQTX5439A,Russia,2033-03-11,Yes,0.83,Synthetic
DOC8501439,C045223,Passport,R4169827,Russia,2033-10-07,Yes,0.81,Synthetic
DOC8951223,C045223,Utility Bill,UB322064,Russia,2034-09-25,Yes,0.82,Synthetic
DOC6626194,C045253,Aadhaar,481998727417,UK,2035-07-10,Yes,0.98,Synthetic
DOC9089475,C045253,Driving License,DL7534684602,UK,2027-07-20,Yes,0.96,Synthetic
DOC7629654,C045253,PAN,SEPCL8091L,UK,2033-12-27,Yes,0.81,Synthetic
DOC9395304,C045253,Passport,W5292783,UK,2029-09-21,Yes,0.92,Synthetic
DOC4892622,C045253,Utility Bill,UB967157,UK,2032-05-05,Yes,0.9,Synthetic
DOC2961911,C045337,Aadhaar,365655863930,USA,2027-09-07,Yes,0.87,Synthetic
DOC3284020,C045337,Driving License,DL6621062391,USA,2032-03-05,Yes,0.96,Synthetic
DOC4764600,C045337,PAN,AYHLQ2371Y,USA,2033-04-07,Yes,0.97,Synthetic
DOC9464969,C045337,Passport,Q8886921,USA,2030-10-15,Yes,0.91,Synthetic
DOC9245864,C045337,Utility Bill,UB966588,USA,2031-01-10,Yes,0.81,Synthetic
DOC1541291,C045354,Aadhaar,108112346303,Iran,2035-12-04,No,0.85,Synthetic
DOC3772658,C045354,Driving License,DL4565355106,Iran,2035-05-29,Yes,0.82,Synthetic
DOC6421579,C045354,PAN,OVVPK5435S,Iran,2034-05-05,Yes,0.83,Synthetic
DOC2096228,C045354,Passport,Y8128234,Iran,2028-04-03,Yes,0.83,Synthetic
DOC3920484,C045354,Utility Bill,UB470085,Iran,2036-03-02,Yes,0.93,Synthetic
DOC9970008,C045378,Aadhaar,972908081378,UK,2033-11-27,Yes,0.87,Synthetic
DOC9180000,C045378,Driving License,DL3526397374,UK,2032-08-31,Yes,0.86,Synthetic
DOC5349881,C045378,PAN,LHDBK9591M,UK,2035-08-07,Yes,0.92,Synthetic
DOC9352942,C045378,Passport,H1123493,UK,2027-08-23,Yes,0.83,Synthetic
DOC8674468,C045378,Utility Bill,UB852787,UK,2029-03-02,Yes,0.88,Synthetic
DOC5985224,C045484,Aadhaar,300727585633,UK,2035-03-29,Yes,0.84,Synthetic
DOC3556759,C045484,Driving License,DL5863463233,UK,2030-02-13,Yes,0.97,Synthetic
DOC7167713,C045484,PAN,JVGCZ1756E,UK,2028-02-03,Yes,0.83,Synthetic
DOC8410648,C045484,Passport,H6779118,UK,2031-08-23,Yes,0.91,Synthetic
DOC9145088,C045484,Utility Bill,UB851932,UK,2030-06-25,Yes,0.89,Synthetic
DOC8162934,C045560,Aadhaar,218109718281,Iran,2031-08-27,Yes,0.94,Synthetic
DOC9812156,C045560,Driving License,DL4726301049,Iran,2030-04-24,Yes,0.97,Synthetic
DOC1376792,C045560,PAN,MWVCB9419T,Iran,2031-01-16,Yes,0.82,Synthetic
DOC1802380,C045560,Passport,G2868092,Iran,2032-05-16,Yes,0.89,Synthetic
DOC7381426,C045560,Utility Bill,UB598590,Iran,2029-10-19,Yes,0.96,Synthetic
DOC2667232,C045697,Aadhaar,238531701629,Russia,2030-03-28,Yes,0.85,Synthetic
DOC4339751,C045697,Driving License,DL6452211031,Russia,2027-11-15,Yes,0.83,Synthetic
DOC9052199,C045697,PAN,UJTRR4828B,Russia,2028-12-13,Yes,0.94,Synthetic
DOC4855922,C045697,Passport,V4334599,Russia,2030-06-20,Yes,0.89,Synthetic
DOC5051514,C045697,Utility Bill,UB380027,Russia,2034-03-31,Yes,0.81,Synthetic
DOC7646874,C045762,Aadhaar,389653035920,Russia,2029-12-25,Yes,0.82,Synthetic
DOC4898155,C045762,Driving License,DL3093203293,Russia,2034-07-07,Yes,0.83,Synthetic
DOC9662775,C045762,PAN,USCKN1577Z,Russia,2032-09-30,Yes,0.93,Synthetic
DOC4763823,C045762,Passport,X5290661,Russia,2029-06-07,Yes,0.86,Synthetic
DOC4049022,C045762,Utility Bill,UB297381,Russia,2031-07-11,Yes,0.96,Synthetic
DOC6614953,C045807,Aadhaar,992266759312,Russia,2031-10-29,Yes,0.9,Synthetic
DOC5132395,C045807,Driving License,DL8110618841,Russia,2036-05-17,Yes,0.89,Synthetic
DOC6989374,C045807,PAN,GKTFL5810K,Russia,2033-07-27,Yes,0.86,Synthetic
DOC2181323,C045807,Passport,T6826357,Russia,2028-07-24,Yes,0.98,Synthetic
DOC1844151,C045807,Utility Bill,UB120187,Russia,2028-06-18,Yes,0.98,Synthetic
DOC1482719,C045817,Aadhaar,365441143086,Russia,2035-07-13,Yes,0.95,Synthetic
DOC3970240,C045817,Driving License,DL9609916611,Russia,2029-07-07,Yes,0.95,Synthetic
DOC2332425,C045817,PAN,ZPJTO3864L,Russia,2030-10-06,Yes,0.81,Synthetic
DOC2666913,C045817,Passport,H9406467,Russia,2029-08-18,Yes,0.97,Synthetic
DOC5139173,C045817,Utility Bill,UB412841,Russia,2031-01-20,Yes,0.85,Synthetic
DOC8142755,C045849,Aadhaar,864634374685,UK,2035-07-26,Yes,0.93,Synthetic
DOC9231434,C045849,Driving License,DL7970899675,UK,2035-10-13,Yes,0.89,Synthetic
DOC2320487,C045849,PAN,DIICF9016A,UK,2034-03-15,Yes,0.89,Synthetic
DOC4329754,C045849,Passport,B2307809,UK,2032-08-21,Yes,0.81,Synthetic
DOC3358695,C045849,Utility Bill,UB203962,UK,2034-03-01,Yes,0.9,Synthetic
DOC6001031,C045864,Aadhaar,416573255282,Iran,2031-04-24,Yes,0.82,Synthetic
DOC8170999,C045864,Driving License,DL2772785616,Iran,2031-03-16,Yes,0.97,Synthetic
DOC8602720,C045864,PAN,CEGHX9113T,Iran,2029-06-03,Yes,0.95,Synthetic
DOC7394435,C045864,Passport,J3342793,Iran,2034-12-15,Yes,0.89,Synthetic
DOC5595922,C045864,Utility Bill,UB909842,Iran,2028-01-01,Yes,0.98,Synthetic
DOC5341535,C045887,Aadhaar,290360772274,Iran,2034-04-03,Yes,0.93,Synthetic
DOC7920775,C045887,Driving License,DL3611907165,Iran,2036-02-05,Yes,0.95,Synthetic
DOC1137673,C045887,PAN,FFPEA1474C,Iran,2033-09-15,Yes,0.83,Synthetic
DOC3127526,C045887,Passport,H3313477,Iran,2032-01-14,Yes,0.81,Synthetic
DOC7607463,C045887,Utility Bill,UB661727,Iran,2033-09-02,Yes,0.94,Synthetic
DOC8488382,C045964,Aadhaar,136907377635,UK,2029-05-14,Yes,0.82,Synthetic
DOC2517150,C045964,Driving License,DL2866859701,UK,2033-04-14,Yes,0.91,Synthetic
DOC2421085,C045964,PAN,FAMOY4831B,UK,2034-04-09,Yes,0.94,Synthetic
DOC5923009,C045964,Passport,U2576617,UK,2029-04-23,Yes,0.91,Synthetic
DOC8993000,C045964,Utility Bill,UB796055,UK,2030-04-13,Yes,0.97,Synthetic
DOC5515659,C046062,Aadhaar,675992213277,Russia,2029-06-11,Yes,0.97,Synthetic
DOC3519708,C046062,Driving License,DL7933513647,Russia,2028-07-11,Yes,0.97,Synthetic
DOC9060659,C046062,PAN,BMJOO3736W,Russia,2034-12-06,Yes,0.95,Synthetic
DOC9554455,C046062,Passport,X4386001,Russia,2036-05-10,Yes,0.96,Synthetic
DOC4247707,C046062,Utility Bill,UB364680,Russia,2031-11-20,Yes,0.93,Synthetic
DOC3636260,C046100,Aadhaar,586385943586,USA,2032-12-28,Yes,0.98,Synthetic
DOC8279893,C046100,Driving License,DL4870477958,USA,2027-11-01,Yes,0.95,Synthetic
DOC4885183,C046100,PAN,BVWVJ3969A,USA,2032-01-06,Yes,0.94,Synthetic
DOC9286957,C046100,Passport,J4314167,USA,2027-12-12,Yes,0.89,Synthetic
DOC5872849,C046100,Utility Bill,UB578837,USA,2032-12-28,Yes,0.84,Synthetic
DOC5170067,C046137,Aadhaar,882461863671,Iran,2027-07-12,Yes,0.86,Synthetic
DOC1272873,C046137,Driving License,DL5690050921,Iran,2029-03-11,Yes,0.9,Synthetic
DOC1711603,C046137,PAN,ITALM9051J,Iran,2033-12-30,Yes,0.81,Synthetic
DOC8926930,C046137,Passport,M2998354,Iran,2032-11-24,Yes,0.96,Synthetic
DOC4333038,C046137,Utility Bill,UB600741,Iran,2028-08-01,Yes,0.9,Synthetic
DOC5255102,C046230,Aadhaar,283328957170,USA,2032-10-22,Yes,0.94,Synthetic
DOC6888633,C046230,Driving License,DL4934418875,USA,2031-11-18,Yes,0.93,Synthetic
DOC5840233,C046230,PAN,ZXTVS2660L,USA,2027-08-01,Yes,0.92,Synthetic
DOC9949644,C046230,Passport,M2327604,USA,2034-09-22,Yes,0.98,Synthetic
DOC8165553,C046230,Utility Bill,UB550051,USA,2029-03-30,Yes,0.87,Synthetic
DOC2533443,C046373,Aadhaar,020869451106,India,2031-09-04,Yes,0.87,Synthetic
DOC8622869,C046373,Driving License,DL7170147726,India,2027-12-24,Yes,0.91,Synthetic
DOC4319235,C046373,PAN,LJLUU2908H,India,2029-06-24,Yes,0.87,Synthetic
DOC7447116,C046373,Passport,O7659895,India,2030-10-13,Yes,0.99,Synthetic
DOC2803299,C046373,Utility Bill,UB607834,India,2033-11-11,Yes,0.99,Synthetic
DOC1735477,C046463,Aadhaar,809613430160,UK,2031-12-13,No,0.91,Synthetic
DOC8768851,C046463,Driving License,DL5231443922,UK,2035-10-05,Yes,0.88,Synthetic
DOC3457490,C046463,PAN,IMWMS7083U,UK,2036-05-19,Yes,0.86,Synthetic
DOC3991988,C046463,Passport,A7531834,UK,2032-06-08,Yes,0.86,Synthetic
DOC3692839,C046463,Utility Bill,UB270645,UK,2028-12-18,Yes,0.83,Synthetic
DOC6770190,C046492,Aadhaar,413390668526,USA,2031-03-31,Yes,0.85,Synthetic
DOC4542098,C046492,Driving License,DL4754719135,USA,2036-06-19,Yes,0.89,Synthetic
DOC5419678,C046492,PAN,VDBLE4917W,USA,2029-07-09,Yes,0.97,Synthetic
DOC4385916,C046492,Passport,T3372582,USA,2030-08-05,No,0.95,Synthetic
DOC8132042,C046492,Utility Bill,UB873327,USA,2030-03-01,Yes,0.93,Synthetic
DOC3582009,C046518,Aadhaar,335866000136,USA,2035-07-10,Yes,0.94,Synthetic
DOC1946379,C046518,Driving License,DL4806814527,USA,2034-10-20,Yes,0.97,Synthetic
DOC9059703,C046518,PAN,DRUTW3396Q,USA,2031-11-24,Yes,0.91,Synthetic
DOC9845592,C046518,Passport,P6711373,USA,2034-01-29,Yes,0.86,Synthetic
DOC1706913,C046518,Utility Bill,UB875366,USA,2031-04-23,Yes,0.81,Synthetic
DOC4510799,C046657,Aadhaar,350988193799,USA,2036-02-27,Yes,0.85,Synthetic
DOC5558035,C046657,Driving License,DL6948829965,USA,2031-06-08,Yes,0.88,Synthetic
DOC5790137,C046657,PAN,UFGVX4855G,USA,2031-12-11,Yes,0.89,Synthetic
DOC3280885,C046657,Passport,M2728017,USA,2028-12-15,Yes,0.8,Synthetic
DOC8136245,C046657,Utility Bill,UB356358,USA,2033-06-30,Yes,0.82,Synthetic
DOC2943503,C046696,Aadhaar,770042745326,Iran,2031-05-12,Yes,0.88,Synthetic
DOC7055518,C046696,Driving License,DL5517439006,Iran,2028-02-26,Yes,0.84,Synthetic
DOC2802908,C046696,PAN,XTUJH7072S,Iran,2030-05-02,Yes,0.94,Synthetic
DOC7174105,C046696,Passport,T2122959,Iran,2030-06-19,Yes,0.82,Synthetic
DOC9829099,C046696,Utility Bill,UB665489,Iran,2027-07-28,Yes,0.98,Synthetic
DOC1891114,C046736,Aadhaar,106480181652,Iran,2035-09-30,Yes,0.86,Synthetic
DOC4027869,C046736,Driving License,DL5815342159,Iran,2029-09-16,Yes,0.98,Synthetic
DOC5786523,C046736,PAN,PJMNS4694C,Iran,2035-12-15,Yes,0.95,Synthetic
DOC5688357,C046736,Passport,A9562719,Iran,2033-05-20,Yes,0.9,Synthetic
DOC8827927,C046736,Utility Bill,UB699707,Iran,2029-07-29,Yes,0.87,Synthetic
DOC9921443,C047012,Aadhaar,161407866457,Russia,2029-01-22,Yes,0.83,Synthetic
DOC8208491,C047012,Driving License,DL9314633349,Russia,2032-07-20,Yes,0.87,Synthetic
DOC1000148,C047012,PAN,GELRW6495A,Russia,2033-11-24,Yes,0.87,Synthetic
DOC1803482,C047012,Passport,Y8508419,Russia,2032-04-11,Yes,0.9,Synthetic
DOC4376234,C047012,Utility Bill,UB822516,Russia,2033-01-04,Yes,0.94,Synthetic
DOC2901660,C047130,Aadhaar,035330798210,Russia,2032-04-07,Yes,0.83,Synthetic
DOC2061463,C047130,Driving License,DL5852683860,Russia,2028-09-08,Yes,0.95,Synthetic
DOC7523340,C047130,PAN,SSCAH7430U,Russia,2031-03-27,Yes,0.85,Synthetic
DOC7954456,C047130,Passport,H2976006,Russia,2036-05-12,Yes,0.89,Synthetic
DOC2483280,C047130,Utility Bill,UB802664,Russia,2029-01-28,Yes,0.96,Synthetic
DOC3769018,C047313,Aadhaar,123992418254,UK,2029-09-10,Yes,0.85,Synthetic
DOC2059886,C047313,Driving License,DL5117059351,UK,2032-08-06,Yes,0.86,Synthetic
DOC9964921,C047313,PAN,CRSPN2186B,UK,2027-10-23,Yes,0.82,Synthetic
DOC1955360,C047313,Passport,D5062110,UK,2027-11-12,Yes,0.81,Synthetic
DOC5839969,C047313,Utility Bill,UB463314,UK,2035-11-18,Yes,0.85,Synthetic
DOC1253266,C047390,Aadhaar,025009603621,Russia,2032-01-06,Yes,0.88,Synthetic
DOC3385595,C047390,Driving License,DL1751980623,Russia,2030-07-04,Yes,0.88,Synthetic
DOC7644862,C047390,PAN,MLGWU1584E,Russia,2032-03-21,Yes,0.94,Synthetic
DOC7804687,C047390,Passport,B7507187,Russia,2031-03-05,Yes,0.89,Synthetic
DOC1138565,C047390,Utility Bill,UB764635,Russia,2027-11-13,Yes,0.94,Synthetic
DOC8145182,C047400,Aadhaar,098433387268,USA,2028-02-26,Yes,0.98,Synthetic
DOC8014328,C047400,Driving License,DL6109162577,USA,2027-11-11,Yes,0.95,Synthetic
DOC1072872,C047400,PAN,AGAEY5144B,USA,2031-12-30,Yes,0.85,Synthetic
DOC2385049,C047400,Passport,L5781919,USA,2029-04-12,Yes,0.88,Synthetic
DOC2335453,C047400,Utility Bill,UB246724,USA,2031-05-08,Yes,0.86,Synthetic
DOC6720867,C047454,Aadhaar,063465366272,USA,2028-09-30,No,0.86,Synthetic
DOC5197804,C047454,Driving License,DL6636495677,USA,2033-11-21,Yes,0.8,Synthetic
DOC8785514,C047454,PAN,CWZTO8736V,USA,2028-08-16,Yes,0.94,Synthetic
DOC2944661,C047454,Passport,Z2963521,USA,2028-12-22,Yes,0.87,Synthetic
DOC8666374,C047454,Utility Bill,UB261617,USA,2032-07-24,Yes,0.88,Synthetic
DOC7455017,C047607,Aadhaar,100149055125,UK,2031-12-30,Yes,0.81,Synthetic
DOC8313131,C047607,Driving License,DL5411309865,UK,2029-10-24,Yes,0.93,Synthetic
DOC6110905,C047607,PAN,EQGIN4032H,UK,2035-04-01,Yes,0.88,Synthetic
DOC9832568,C047607,Passport,Y2374396,UK,2028-09-16,Yes,0.95,Synthetic
DOC4994310,C047607,Utility Bill,UB113267,UK,2032-05-02,Yes,0.88,Synthetic
DOC5039456,C047714,Aadhaar,710189748694,India,2035-12-29,Yes,0.98,Synthetic
DOC5246565,C047714,Driving License,DL8641267602,India,2029-03-06,Yes,0.85,Synthetic
DOC1910700,C047714,PAN,SZTMV7028U,India,2032-01-15,Yes,0.93,Synthetic
DOC7485036,C047714,Passport,D3156993,India,2027-12-14,Yes,0.9,Synthetic
DOC9633976,C047714,Utility Bill,UB917470,India,2032-08-15,Yes,0.88,Synthetic
DOC6018662,C047825,Aadhaar,236084492289,India,2031-02-16,Yes,0.93,Synthetic
DOC7615617,C047825,Driving License,DL3763652302,India,2032-11-20,Yes,0.81,Synthetic
DOC4569536,C047825,PAN,STAZA5247Q,India,2030-03-09,Yes,0.82,Synthetic
DOC1106531,C047825,Passport,U6068574,India,2027-07-27,Yes,0.82,Synthetic
DOC4681373,C047825,Utility Bill,UB693686,India,2035-09-08,Yes,0.89,Synthetic
DOC5313217,C047881,Aadhaar,605109709823,USA,2028-08-04,Yes,0.81,Synthetic
DOC6484967,C047881,Driving License,DL9690025276,USA,2032-12-15,Yes,0.99,Synthetic
DOC5695485,C047881,PAN,SAJNF7506T,USA,2036-01-11,Yes,0.81,Synthetic
DOC9549409,C047881,Passport,P4711399,USA,2035-01-01,Yes,0.96,Synthetic
DOC5625639,C047881,Utility Bill,UB334668,USA,2032-02-24,Yes,0.91,Synthetic
DOC9707182,C047919,Aadhaar,897927070081,Russia,2028-08-31,Yes,0.83,Synthetic
DOC3955260,C047919,Driving License,DL8385902233,Russia,2035-09-16,Yes,0.95,Synthetic
DOC1350353,C047919,PAN,DSBFQ3080R,Russia,2035-01-06,Yes,0.82,Synthetic
DOC3538541,C047919,Passport,C9671577,Russia,2029-10-04,Yes,0.81,Synthetic
DOC6705416,C047919,Utility Bill,UB606760,Russia,2033-02-03,Yes,0.82,Synthetic
DOC6774419,C048316,Aadhaar,729460274273,USA,2030-05-15,Yes,0.85,Synthetic
DOC8508205,C048316,Driving License,DL8759146574,USA,2035-07-30,Yes,0.97,Synthetic
DOC2856044,C048316,PAN,QWRTT2895D,USA,2035-03-03,Yes,0.83,Synthetic
DOC5085209,C048316,Passport,Y3108532,USA,2036-05-31,Yes,0.85,Synthetic
DOC3433817,C048316,Utility Bill,UB223429,USA,2031-01-21,Yes,0.85,Synthetic
DOC5428600,C048586,Aadhaar,026196294517,UK,2033-12-28,Yes,0.91,Synthetic
DOC3781288,C048586,Driving License,DL6393426825,UK,2034-10-18,Yes,0.91,Synthetic
DOC7511127,C048586,PAN,KWPGW5143Z,UK,2035-05-07,Yes,0.96,Synthetic
DOC3176838,C048586,Passport,Z6848191,UK,2034-02-08,Yes,0.83,Synthetic
DOC5893306,C048586,Utility Bill,UB446712,UK,2029-03-08,Yes,0.81,Synthetic
DOC4304315,C048687,Aadhaar,274651417384,Russia,2028-02-21,Yes,0.92,Synthetic
DOC6969290,C048687,Driving License,DL4785246703,Russia,2029-05-08,Yes,0.82,Synthetic
DOC9296418,C048687,PAN,KPLIN9819O,Russia,2029-09-12,Yes,0.84,Synthetic
DOC4911842,C048687,Passport,T1904281,Russia,2028-01-24,Yes,0.9,Synthetic
DOC6849036,C048687,Utility Bill,UB901936,Russia,2034-02-23,Yes,0.85,Synthetic
DOC2744558,C048719,Aadhaar,384801949210,USA,2034-11-24,Yes,0.91,Synthetic
DOC3093593,C048719,Driving License,DL9364078132,USA,2035-10-27,Yes,0.82,Synthetic
DOC1404329,C048719,PAN,TMMUH5072O,USA,2031-12-27,Yes,0.94,Synthetic
DOC1970921,C048719,Passport,A6219641,USA,2034-02-05,Yes,0.94,Synthetic
DOC2828452,C048719,Utility Bill,UB462616,USA,2030-09-25,Yes,0.89,Synthetic
DOC6033037,C048754,Aadhaar,424893411927,UK,2031-06-30,Yes,0.83,Synthetic
DOC9304419,C048754,Driving License,DL8128625571,UK,2036-06-03,Yes,0.8,Synthetic
DOC6336071,C048754,PAN,GQNWN2639G,UK,2034-02-12,Yes,0.97,Synthetic
DOC1178470,C048754,Passport,U7409023,UK,2027-12-31,Yes,0.89,Synthetic
DOC6704144,C048754,Utility Bill,UB369028,UK,2027-08-05,Yes,0.97,Synthetic
DOC1471024,C048899,Aadhaar,821864157367,Russia,2031-08-04,Yes,0.98,Synthetic
DOC3565510,C048899,Driving License,DL9519837152,Russia,2033-04-15,Yes,0.98,Synthetic
DOC5101610,C048899,PAN,BBDOX1529H,Russia,2032-08-18,Yes,0.87,Synthetic
DOC2420810,C048899,Passport,N4880797,Russia,2035-06-03,No,0.9,Synthetic
DOC8314173,C048899,Utility Bill,UB374423,Russia,2031-10-21,Yes,0.93,Synthetic
DOC2807338,C049029,Aadhaar,398695067263,UK,2031-01-24,Yes,0.88,Synthetic
DOC5164980,C049029,Driving License,DL6826132570,UK,2035-10-26,No,0.92,Synthetic
DOC5699063,C049029,PAN,MZOJZ9314H,UK,2033-03-21,No,0.81,Synthetic
DOC7666184,C049029,Passport,S1574990,UK,2031-02-04,Yes,0.82,Synthetic
DOC3732088,C049029,Utility Bill,UB742682,UK,2034-11-29,Yes,0.9,Synthetic
DOC9651275,C049076,Aadhaar,400185403390,Russia,2031-01-17,Yes,0.88,Synthetic
DOC9026412,C049076,Driving License,DL6927446670,Russia,2035-09-08,Yes,0.87,Synthetic
DOC7398471,C049076,PAN,KTMFQ7852R,Russia,2030-01-15,Yes,0.96,Synthetic
DOC2391269,C049076,Passport,A1172358,Russia,2031-11-27,Yes,0.93,Synthetic
DOC8138883,C049076,Utility Bill,UB887534,Russia,2029-07-15,Yes,0.88,Synthetic
DOC6072862,C049092,Aadhaar,385736030386,USA,2034-11-21,No,0.9,Synthetic
DOC1864521,C049092,Driving License,DL7992378125,USA,2032-11-25,Yes,0.84,Synthetic
DOC3740821,C049092,PAN,OIPDO8463T,USA,2029-12-09,Yes,0.89,Synthetic
DOC9350074,C049092,Passport,F6961456,USA,2029-01-13,Yes,0.91,Synthetic
DOC5082933,C049092,Utility Bill,UB933990,USA,2031-07-11,Yes,0.92,Synthetic
DOC2692983,C049111,Aadhaar,473730386130,Iran,2034-06-08,Yes,0.81,Synthetic
DOC7058503,C049111,Driving License,DL7035713617,Iran,2031-03-11,Yes,0.92,Synthetic
DOC7107496,C049111,PAN,AYWGJ2283U,Iran,2034-02-14,Yes,0.97,Synthetic
DOC3600090,C049111,Passport,B7350191,Iran,2027-07-05,No,0.84,Synthetic
DOC6228530,C049111,Utility Bill,UB863597,Iran,2028-01-16,Yes,0.88,Synthetic
DOC1759817,C049158,Aadhaar,932741064849,UK,2027-12-03,Yes,0.96,Synthetic
DOC9337301,C049158,Driving License,DL8663732726,UK,2033-02-09,Yes,0.87,Synthetic
DOC1568609,C049158,PAN,PJTMO2298X,UK,2031-11-13,Yes,0.91,Synthetic
DOC2082837,C049158,Passport,Y9295319,UK,2035-10-10,Yes,0.86,Synthetic
DOC9620454,C049158,Utility Bill,UB943512,UK,2034-03-31,No,0.93,Synthetic
DOC4189653,C049308,Aadhaar,472099105360,Iran,2032-10-15,Yes,0.95,Synthetic
DOC1886662,C049308,Driving License,DL3817828523,Iran,2030-04-04,Yes,0.92,Synthetic
DOC5779133,C049308,PAN,PRXFN3425U,Iran,2036-04-16,Yes,0.89,Synthetic
DOC4616165,C049308,Passport,C3108467,Iran,2028-06-29,Yes,0.92,Synthetic
DOC9825242,C049308,Utility Bill,UB840439,Iran,2032-01-30,Yes,0.86,Synthetic
DOC5482572,C049326,Aadhaar,015647289470,India,2029-02-23,Yes,0.9,Synthetic
DOC8048643,C049326,Driving License,DL9778844145,India,2035-06-12,Yes,0.98,Synthetic
DOC2026280,C049326,PAN,WHQYB9709Z,India,2030-10-09,Yes,0.94,Synthetic
DOC4274836,C049326,Passport,K3480084,India,2031-01-06,Yes,0.98,Synthetic
DOC7217837,C049326,Utility Bill,UB442255,India,2029-03-23,Yes,0.95,Synthetic
DOC4181565,C049545,Aadhaar,173541013103,UK,2035-04-07,Yes,0.91,Synthetic
DOC9430817,C049545,Driving License,DL2191739624,UK,2027-09-11,Yes,0.99,Synthetic
DOC9323227,C049545,PAN,NDODQ2381K,UK,2033-01-26,Yes,0.94,Synthetic
DOC2630887,C049545,Passport,S1408185,UK,2033-09-07,Yes,0.98,Synthetic
DOC4399100,C049545,Utility Bill,UB598708,UK,2032-03-27,Yes,0.92,Synthetic
DOC3043515,C049633,Aadhaar,035381566379,Russia,2030-08-09,Yes,0.86,Synthetic
DOC2574682,C049633,Driving License,DL9294733680,Russia,2029-09-21,Yes,0.96,Synthetic
DOC4854313,C049633,PAN,SLLPU3791C,Russia,2036-06-20,Yes,0.9,Synthetic
DOC7657190,C049633,Passport,C4556889,Russia,2032-07-20,Yes,0.9,Synthetic
DOC3032944,C049633,Utility Bill,UB343685,Russia,2030-02-25,Yes,0.94,Synthetic
DOC1366170,C049643,Aadhaar,231648183992,Russia,2028-01-20,Yes,0.83,Synthetic
DOC2230084,C049643,Driving License,DL3915046848,Russia,2028-08-30,Yes,0.86,Synthetic
DOC8012295,C049643,PAN,JHGXF5051T,Russia,2031-01-10,Yes,0.89,Synthetic
DOC5718801,C049643,Passport,L6384911,Russia,2030-11-08,Yes,0.8,Synthetic
DOC8492996,C049643,Utility Bill,UB717621,Russia,2030-11-30,No,0.95,Synthetic
DOC5772048,C049693,Aadhaar,263835288161,Iran,2030-03-13,Yes,0.89,Synthetic
DOC9726039,C049693,Driving License,DL9708187603,Iran,2035-12-21,Yes,0.91,Synthetic
DOC1741921,C049693,PAN,DCYSI6837U,Iran,2033-05-11,Yes,0.91,Synthetic
DOC6288421,C049693,Passport,V3669817,Iran,2034-02-09,Yes,0.99,Synthetic
DOC8273107,C049693,Utility Bill,UB339141,Iran,2033-04-12,Yes,0.86,Synthetic
DOC3024478,C049776,Aadhaar,154416032645,Russia,2033-08-11,Yes,0.99,Synthetic
DOC6872336,C049776,Driving License,DL4515636897,Russia,2035-01-04,Yes,0.96,Synthetic
DOC2843542,C049776,PAN,CGRTB7243M,Russia,2034-01-13,Yes,0.91,Synthetic
DOC4203529,C049776,Passport,W2256386,Russia,2028-10-03,Yes,0.89,Synthetic
DOC4300952,C049776,Utility Bill,UB903831,Russia,2032-04-10,Yes,0.8,Synthetic
DOC1160349,C050076,Aadhaar,658819108353,UK,2028-02-28,Yes,0.86,Synthetic
DOC6273456,C050076,Driving License,DL5064079736,UK,2029-06-24,Yes,0.94,Synthetic
DOC2208005,C050076,PAN,SOEZL3348H,UK,2034-05-08,Yes,0.81,Synthetic
DOC7036577,C050076,Passport,D7493294,UK,2029-01-01,Yes,0.85,Synthetic
DOC2361380,C050076,Utility Bill,UB170559,UK,2034-04-08,Yes,0.88,Synthetic
DOC6557028,C050113,Aadhaar,482721846028,USA,2034-03-26,Yes,0.87,Synthetic
DOC2937088,C050113,Driving License,DL5919274297,USA,2027-09-15,Yes,0.97,Synthetic
DOC8941460,C050113,PAN,ACFXN7482U,USA,2029-12-22,Yes,0.83,Synthetic
DOC8656243,C050113,Passport,K2596345,USA,2036-05-06,Yes,0.97,Synthetic
DOC6216830,C050113,Utility Bill,UB379581,USA,2027-09-23,Yes,0.96,Synthetic
DOC7523731,C050162,Aadhaar,892563215240,Iran,2032-10-28,Yes,0.87,Synthetic
DOC8033839,C050162,Driving License,DL6128352032,Iran,2030-08-21,Yes,0.84,Synthetic
DOC8715207,C050162,PAN,AXKZX3895S,Iran,2036-05-19,Yes,0.96,Synthetic
DOC4953541,C050162,Passport,V6099220,Iran,2029-08-12,Yes,0.93,Synthetic
DOC5872527,C050162,Utility Bill,UB832305,Iran,2030-03-08,Yes,0.97,Synthetic
DOC9302898,C050228,Aadhaar,477923943928,Russia,2033-12-15,Yes,0.91,Synthetic
DOC9630162,C050228,Driving License,DL7548894514,Russia,2029-04-22,Yes,0.98,Synthetic
DOC1778348,C050228,PAN,BGJNP4875W,Russia,2030-04-11,Yes,0.98,Synthetic
DOC8679226,C050228,Passport,F8027107,Russia,2035-01-05,Yes,0.88,Synthetic
DOC7569438,C050228,Utility Bill,UB388164,Russia,2029-08-14,Yes,0.93,Synthetic
DOC9959749,C050318,Aadhaar,089064604406,UK,2035-07-02,Yes,0.94,Synthetic
DOC1223345,C050318,Driving License,DL8531746598,UK,2029-12-26,Yes,0.84,Synthetic
DOC3668288,C050318,PAN,SKYWD7636X,UK,2028-09-04,Yes,0.98,Synthetic
DOC5609320,C050318,Passport,V3034580,UK,2029-07-16,Yes,0.93,Synthetic
DOC6568875,C050318,Utility Bill,UB271497,UK,2029-10-03,Yes,0.84,Synthetic
DOC2381470,C050339,Aadhaar,589967728878,India,2034-12-20,Yes,0.91,Synthetic
DOC8334043,C050339,Driving License,DL3857043301,India,2031-04-02,Yes,0.93,Synthetic
DOC9368537,C050339,PAN,RHIKP9199T,India,2030-07-12,Yes,0.95,Synthetic
DOC2211320,C050339,Passport,W4456756,India,2033-07-01,Yes,0.83,Synthetic
DOC3606970,C050339,Utility Bill,UB728404,India,2032-09-01,Yes,0.83,Synthetic
DOC9948630,C050390,Aadhaar,207242166200,USA,2029-09-07,Yes,0.86,Synthetic
DOC6383850,C050390,Driving License,DL6191310742,USA,2028-01-23,Yes,0.94,Synthetic
DOC6934284,C050390,PAN,RAGYV1177M,USA,2033-07-30,Yes,0.91,Synthetic
DOC8565894,C050390,Passport,D1883394,USA,2031-09-10,Yes,0.95,Synthetic
DOC2123494,C050390,Utility Bill,UB118463,USA,2036-05-19,Yes,0.82,Synthetic
DOC2818988,C050555,Aadhaar,945842949475,USA,2034-08-11,Yes,0.91,Synthetic
DOC6578517,C050555,Driving License,DL8108416014,USA,2035-10-18,Yes,0.82,Synthetic
DOC4649814,C050555,PAN,YMGJL9055Q,USA,2032-12-01,Yes,0.99,Synthetic
DOC7656763,C050555,Passport,L3719541,USA,2027-08-13,Yes,0.87,Synthetic
DOC7582206,C050555,Utility Bill,UB414110,USA,2031-07-14,Yes,0.84,Synthetic
DOC6154161,C050804,Aadhaar,408665580127,India,2036-01-20,Yes,0.91,Synthetic
DOC9461619,C050804,Driving License,DL2095979033,India,2034-11-22,Yes,0.9,Synthetic
DOC8693888,C050804,PAN,LMELC2178Y,India,2034-05-25,Yes,0.92,Synthetic
DOC3143832,C050804,Passport,Z6532760,India,2034-05-21,Yes,0.89,Synthetic
DOC4383584,C050804,Utility Bill,UB701817,India,2030-05-03,Yes,0.88,Synthetic
DOC6873615,C050818,Aadhaar,467945570151,Iran,2035-11-11,Yes,0.87,Synthetic
DOC6782613,C050818,Driving License,DL2099819799,Iran,2031-08-19,Yes,0.88,Synthetic
DOC2844784,C050818,PAN,DQEKU9649J,Iran,2031-12-16,Yes,0.97,Synthetic
DOC8504733,C050818,Passport,I8233250,Iran,2034-10-03,Yes,0.85,Synthetic
DOC6480793,C050818,Utility Bill,UB835811,Iran,2030-07-25,Yes,0.99,Synthetic
DOC2793768,C050878,Aadhaar,154878181885,Russia,2029-05-16,Yes,0.89,Synthetic
DOC1990890,C050878,Driving License,DL6793905888,Russia,2034-05-06,Yes,0.89,Synthetic
DOC4010066,C050878,PAN,JSKMF6921B,Russia,2033-02-03,Yes,0.96,Synthetic
DOC1319909,C050878,Passport,N4209633,Russia,2029-09-01,Yes,0.95,Synthetic
DOC7721976,C050878,Utility Bill,UB957657,Russia,2032-02-21,Yes,0.83,Synthetic
DOC1239267,C051167,Aadhaar,565300918108,India,2035-08-09,Yes,0.9,Synthetic
DOC5455373,C051167,Driving License,DL4187196116,India,2031-11-18,Yes,0.91,Synthetic
DOC4542631,C051167,PAN,DKELL5568E,India,2031-11-27,Yes,0.82,Synthetic
DOC7336018,C051167,Passport,K6102560,India,2035-07-08,Yes,0.81,Synthetic
DOC4482545,C051167,Utility Bill,UB745724,India,2028-09-10,Yes,0.81,Synthetic
DOC4931633,C051220,Aadhaar,120104419945,Russia,2032-01-07,Yes,0.85,Synthetic
DOC9674488,C051220,Driving License,DL5933061473,Russia,2033-01-30,Yes,0.88,Synthetic
DOC7916511,C051220,PAN,XUWYC5299U,Russia,2028-11-16,Yes,0.98,Synthetic
DOC9156361,C051220,Passport,I4519088,Russia,2035-07-26,Yes,0.96,Synthetic
DOC4548150,C051220,Utility Bill,UB130825,Russia,2031-06-21,Yes,0.86,Synthetic
DOC9971609,C051273,Aadhaar,223633173336,India,2034-10-22,Yes,0.9,Synthetic
DOC1465702,C051273,Driving License,DL5567812597,India,2030-03-02,Yes,0.81,Synthetic
DOC7206046,C051273,PAN,LMALH9422Q,India,2032-11-02,Yes,0.88,Synthetic
DOC8088368,C051273,Passport,G5506655,India,2031-06-01,Yes,0.99,Synthetic
DOC5252473,C051273,Utility Bill,UB291748,India,2029-10-15,Yes,0.9,Synthetic
DOC6726709,C051366,Aadhaar,362684756555,Iran,2033-10-29,Yes,0.81,Synthetic
DOC9765230,C051366,Driving License,DL8899559244,Iran,2031-03-21,Yes,0.82,Synthetic
DOC2144215,C051366,PAN,CAQWH9077T,Iran,2032-01-12,Yes,0.95,Synthetic
DOC6111330,C051366,Passport,O4874465,Iran,2034-04-25,Yes,0.88,Synthetic
DOC3918945,C051366,Utility Bill,UB895551,Iran,2035-02-01,Yes,0.87,Synthetic
DOC5609496,C051453,Aadhaar,298236442401,Iran,2036-01-02,Yes,0.91,Synthetic
DOC2133347,C051453,Driving License,DL9312521775,Iran,2033-04-01,Yes,0.88,Synthetic
DOC4062433,C051453,PAN,VMAIM2027F,Iran,2035-11-03,Yes,0.92,Synthetic
DOC1476933,C051453,Passport,L1817947,Iran,2030-04-06,Yes,0.97,Synthetic
DOC9057018,C051453,Utility Bill,UB786280,Iran,2030-08-13,Yes,0.87,Synthetic
DOC4407038,C051556,Aadhaar,624167051005,UK,2032-03-11,Yes,0.89,Synthetic
DOC9943072,C051556,Driving License,DL3982061148,UK,2032-12-12,Yes,0.9,Synthetic
DOC7307216,C051556,PAN,QHSWD8693Z,UK,2035-11-23,Yes,0.9,Synthetic
DOC2613709,C051556,Passport,N5325024,UK,2028-12-21,Yes,0.87,Synthetic
DOC2726501,C051556,Utility Bill,UB205384,UK,2036-04-15,Yes,0.83,Synthetic
DOC3282350,C051624,Aadhaar,356544730235,UK,2029-06-03,Yes,0.98,Synthetic
DOC8804767,C051624,Driving License,DL8540265421,UK,2027-07-23,Yes,0.91,Synthetic
DOC1966690,C051624,PAN,FLKXA3148S,UK,2035-05-23,Yes,0.86,Synthetic
DOC4699240,C051624,Passport,D7076232,UK,2033-03-27,Yes,0.84,Synthetic
DOC6500378,C051624,Utility Bill,UB419695,UK,2033-04-16,Yes,0.92,Synthetic
DOC5368465,C051700,Aadhaar,455596523148,India,2034-05-22,Yes,0.91,Synthetic
DOC4870081,C051700,Driving License,DL4354079132,India,2031-03-15,Yes,0.88,Synthetic
DOC6387271,C051700,PAN,UFTNF3684B,India,2030-08-30,Yes,0.96,Synthetic
DOC8386641,C051700,Passport,I1314433,India,2034-10-11,No,0.86,Synthetic
DOC3006266,C051700,Utility Bill,UB550855,India,2034-05-10,Yes,0.89,Synthetic
DOC8665481,C051815,Aadhaar,380533285351,India,2030-07-02,Yes,0.89,Synthetic
DOC8096587,C051815,Driving License,DL3678356739,India,2033-09-05,Yes,0.82,Synthetic
DOC4518935,C051815,PAN,XUQGR3356D,India,2031-04-27,Yes,0.83,Synthetic
DOC7350681,C051815,Passport,Q2389932,India,2029-01-17,Yes,0.81,Synthetic
DOC6782565,C051815,Utility Bill,UB169254,India,2035-01-26,Yes,0.84,Synthetic
DOC6270267,C051899,Aadhaar,489148689364,Russia,2035-11-17,Yes,0.89,Synthetic
DOC6164727,C051899,Driving License,DL1463158093,Russia,2030-02-28,Yes,0.81,Synthetic
DOC8541871,C051899,PAN,NOSTX4595F,Russia,2029-05-16,Yes,0.82,Synthetic
DOC8377461,C051899,Passport,U3267396,Russia,2035-11-17,Yes,0.97,Synthetic
DOC1751441,C051899,Utility Bill,UB663987,Russia,2029-08-14,Yes,0.89,Synthetic
DOC9788488,C052112,Aadhaar,330354104858,Russia,2030-01-17,Yes,0.91,Synthetic
DOC7411521,C052112,Driving License,DL6194735122,Russia,2034-02-02,Yes,0.98,Synthetic
DOC2702400,C052112,PAN,CLPJD6043T,Russia,2035-02-11,Yes,0.98,Synthetic
DOC3305432,C052112,Passport,I8403328,Russia,2027-12-19,Yes,0.86,Synthetic
DOC9216703,C052112,Utility Bill,UB451741,Russia,2033-11-17,Yes,0.91,Synthetic
DOC3366746,C052127,Aadhaar,480276863868,USA,2033-03-02,Yes,0.89,Synthetic
DOC9568118,C052127,Driving License,DL9039725000,USA,2028-06-17,Yes,0.89,Synthetic
DOC1012530,C052127,PAN,RKELD7750J,USA,2036-06-06,Yes,0.9,Synthetic
DOC1213403,C052127,Passport,F2680489,USA,2030-04-22,Yes,0.98,Synthetic
DOC6685968,C052127,Utility Bill,UB877282,USA,2030-02-18,Yes,0.82,Synthetic
DOC7649942,C052154,Aadhaar,960309014483,Iran,2029-09-21,Yes,0.9,Synthetic
DOC2043111,C052154,Driving License,DL3393955064,Iran,2034-09-22,Yes,0.9,Synthetic
DOC7653499,C052154,PAN,GIPTU7953F,Iran,2033-05-05,Yes,0.85,Synthetic
DOC9004210,C052154,Passport,N4178763,Iran,2031-02-28,Yes,0.83,Synthetic
DOC8776723,C052154,Utility Bill,UB461700,Iran,2028-09-12,Yes,0.89,Synthetic
DOC6660864,C052199,Aadhaar,433053762055,USA,2033-06-24,Yes,0.86,Synthetic
DOC9047913,C052199,Driving License,DL5492409118,USA,2035-07-19,Yes,0.92,Synthetic
DOC1479083,C052199,PAN,TNKFT4972B,USA,2033-09-24,Yes,0.98,Synthetic
DOC6672942,C052199,Passport,B5728182,USA,2033-05-18,Yes,0.87,Synthetic
DOC3315935,C052199,Utility Bill,UB700258,USA,2029-12-22,Yes,0.91,Synthetic
DOC7502723,C052636,Aadhaar,814446576535,Iran,2036-01-22,Yes,0.96,Synthetic
DOC6704338,C052636,Driving License,DL2728427141,Iran,2030-11-27,Yes,0.94,Synthetic
DOC5000260,C052636,PAN,MQAWH4864A,Iran,2036-05-23,Yes,0.87,Synthetic
DOC3116766,C052636,Passport,O2263626,Iran,2031-12-02,Yes,0.96,Synthetic
DOC6744628,C052636,Utility Bill,UB272183,Iran,2033-11-29,Yes,0.97,Synthetic
DOC3266486,C052805,Aadhaar,429040341617,UK,2036-01-09,Yes,0.87,Synthetic
DOC4627086,C052805,Driving License,DL4922063790,UK,2028-07-09,Yes,0.81,Synthetic
DOC1450019,C052805,PAN,VAVRB7209P,UK,2033-03-13,Yes,0.91,Synthetic
DOC5097091,C052805,Passport,Y2234559,UK,2035-02-17,Yes,0.97,Synthetic
DOC9130043,C052805,Utility Bill,UB422255,UK,2028-03-17,Yes,0.88,Synthetic
DOC7818304,C052839,Aadhaar,312030220182,UK,2035-10-07,Yes,0.91,Synthetic
DOC3352972,C052839,Driving License,DL2304322824,UK,2029-04-22,Yes,0.83,Synthetic
DOC4840722,C052839,PAN,YNESL2047M,UK,2029-12-27,No,0.87,Synthetic
DOC7266354,C052839,Passport,O5199507,UK,2035-11-11,Yes,0.87,Synthetic
DOC5010677,C052839,Utility Bill,UB570864,UK,2031-06-13,Yes,0.91,Synthetic
DOC4107658,C052963,Aadhaar,991739684238,UK,2032-11-21,Yes,0.84,Synthetic
DOC8289689,C052963,Driving License,DL9353924605,UK,2029-12-24,Yes,0.98,Synthetic
DOC5716112,C052963,PAN,CXHPC4189R,UK,2032-06-15,Yes,0.95,Synthetic
DOC5062581,C052963,Passport,G5988590,UK,2031-06-15,Yes,0.86,Synthetic
DOC8402007,C052963,Utility Bill,UB295617,UK,2031-11-13,Yes,0.95,Synthetic
DOC3946134,C052969,Aadhaar,088379339467,Russia,2035-09-16,Yes,0.99,Synthetic
DOC9029618,C052969,Driving License,DL4038832793,Russia,2034-05-23,Yes,0.84,Synthetic
DOC8491705,C052969,PAN,DVSDP6930B,Russia,2034-06-28,Yes,0.9,Synthetic
DOC2147186,C052969,Passport,Y4769499,Russia,2029-01-12,Yes,0.87,Synthetic
DOC3833231,C052969,Utility Bill,UB230607,Russia,2034-01-28,Yes,0.81,Synthetic
DOC4244044,C053085,Aadhaar,267319564109,Iran,2035-12-31,Yes,0.9,Synthetic
DOC8588078,C053085,Driving License,DL6084031483,Iran,2036-01-13,No,0.89,Synthetic
DOC4192206,C053085,PAN,OVZOV3136Y,Iran,2028-12-22,Yes,0.85,Synthetic
DOC6028225,C053085,Passport,Q1200904,Iran,2035-08-28,Yes,0.96,Synthetic
DOC9635935,C053085,Utility Bill,UB221724,Iran,2035-02-02,Yes,0.83,Synthetic
DOC7822145,C053088,Aadhaar,897587083777,Russia,2031-07-06,Yes,0.94,Synthetic
DOC6131726,C053088,Driving License,DL3765864372,Russia,2031-11-01,Yes,0.82,Synthetic
DOC8787939,C053088,PAN,TYENH3171K,Russia,2032-12-26,Yes,0.97,Synthetic
DOC7668107,C053088,Passport,Y6016733,Russia,2036-01-25,Yes,0.91,Synthetic
DOC7529077,C053088,Utility Bill,UB107488,Russia,2028-11-29,Yes,0.87,Synthetic
DOC5100124,C053355,Aadhaar,319702471717,India,2035-06-17,Yes,0.96,Synthetic
DOC1409552,C053355,Driving License,DL6780619112,India,2033-07-05,Yes,0.83,Synthetic
DOC4141682,C053355,PAN,XYZDI1326H,India,2036-01-24,No,0.94,Synthetic
DOC7932413,C053355,Passport,X6703144,India,2028-02-09,Yes,0.95,Synthetic
DOC9815112,C053355,Utility Bill,UB943701,India,2030-08-30,Yes,0.83,Synthetic
DOC4081192,C053395,Aadhaar,199311126539,USA,2032-03-20,Yes,0.94,Synthetic
DOC3366959,C053395,Driving License,DL9047348625,USA,2030-04-24,Yes,0.94,Synthetic
DOC8952007,C053395,PAN,VEJVR9269N,USA,2033-07-16,Yes,0.96,Synthetic
DOC6169945,C053395,Passport,I9029797,USA,2029-09-02,Yes,0.92,Synthetic
DOC2402655,C053395,Utility Bill,UB155490,USA,2036-04-16,Yes,0.83,Synthetic
DOC9348341,C053415,Aadhaar,086526191983,USA,2027-07-29,Yes,0.82,Synthetic
DOC3325850,C053415,Driving License,DL2940010069,USA,2027-12-08,Yes,0.89,Synthetic
DOC9128846,C053415,PAN,LSNMU8012K,USA,2032-11-08,No,0.82,Synthetic
DOC7373783,C053415,Passport,M8904270,USA,2032-11-03,Yes,0.84,Synthetic
DOC9802428,C053415,Utility Bill,UB974819,USA,2031-06-21,Yes,0.93,Synthetic
DOC9340326,C053717,Aadhaar,163057982994,USA,2030-07-29,Yes,0.83,Synthetic
DOC9849188,C053717,Driving License,DL9371624216,USA,2027-07-23,Yes,0.83,Synthetic
DOC6004771,C053717,PAN,YFBFK8799X,USA,2034-09-29,Yes,0.92,Synthetic
DOC5171029,C053717,Passport,N9180128,USA,2028-02-09,Yes,0.84,Synthetic
DOC7881740,C053717,Utility Bill,UB790158,USA,2032-12-21,Yes,0.92,Synthetic
DOC5395091,C053779,Aadhaar,476164341226,UK,2035-04-04,Yes,0.89,Synthetic
DOC9171062,C053779,Driving License,DL2335299926,UK,2028-07-05,Yes,0.81,Synthetic
DOC9195639,C053779,PAN,DTKRO2533N,UK,2029-12-25,Yes,0.89,Synthetic
DOC8353893,C053779,Passport,F9197802,UK,2029-11-15,Yes,0.91,Synthetic
DOC3728582,C053779,Utility Bill,UB687990,UK,2027-12-11,Yes,0.82,Synthetic
DOC5944142,C053838,Aadhaar,439261388937,UK,2030-11-23,Yes,0.82,Synthetic
DOC4603356,C053838,Driving License,DL7902433389,UK,2030-01-30,Yes,0.88,Synthetic
DOC8252679,C053838,PAN,KMFEZ5875D,UK,2033-07-24,Yes,0.93,Synthetic
DOC6516770,C053838,Passport,G5667722,UK,2028-01-23,Yes,0.91,Synthetic
DOC6062446,C053838,Utility Bill,UB753400,UK,2034-07-16,Yes,0.86,Synthetic
DOC6091711,C053905,Aadhaar,896504172569,India,2032-03-28,No,0.91,Synthetic
DOC2035116,C053905,Driving License,DL1823849201,India,2027-09-10,Yes,0.95,Synthetic
DOC8859946,C053905,PAN,ARSGL3350D,India,2036-03-08,Yes,0.94,Synthetic
DOC1129162,C053905,Passport,A6645555,India,2032-02-16,Yes,0.86,Synthetic
DOC5266665,C053905,Utility Bill,UB521461,India,2030-02-25,Yes,0.83,Synthetic
DOC3905520,C053917,Aadhaar,748770910550,USA,2035-04-22,Yes,0.93,Synthetic
DOC2211261,C053917,Driving License,DL9948421586,USA,2030-03-03,Yes,0.9,Synthetic
DOC4070007,C053917,PAN,SORCV3127J,USA,2030-12-20,Yes,0.83,Synthetic
DOC7230612,C053917,Passport,L3822069,USA,2029-01-29,Yes,0.91,Synthetic
DOC6504269,C053917,Utility Bill,UB292067,USA,2035-10-07,Yes,0.87,Synthetic
DOC2674343,C054013,Aadhaar,219600363776,India,2033-09-19,Yes,0.92,Synthetic
DOC2702407,C054013,Driving License,DL9943954223,India,2032-01-05,Yes,0.82,Synthetic
DOC9446471,C054013,PAN,OJCGI4547X,India,2032-07-19,Yes,0.93,Synthetic
DOC7973498,C054013,Passport,W8190993,India,2030-05-19,Yes,0.87,Synthetic
DOC3611412,C054013,Utility Bill,UB100639,India,2029-10-27,Yes,0.85,Synthetic
DOC4719513,C054086,Aadhaar,587634228653,Russia,2035-10-07,Yes,0.98,Synthetic
DOC7144398,C054086,Driving License,DL2202542031,Russia,2030-06-15,Yes,0.84,Synthetic
DOC5545449,C054086,PAN,GIJXM2468K,Russia,2034-12-01,No,0.95,Synthetic
DOC4788297,C054086,Passport,G9335218,Russia,2028-03-02,Yes,0.9,Synthetic
DOC7064337,C054086,Utility Bill,UB233020,Russia,2032-10-14,Yes,0.87,Synthetic
DOC7889140,C054116,Aadhaar,586860066593,India,2032-10-07,Yes,0.85,Synthetic
DOC9403168,C054116,Driving License,DL6683673866,India,2031-02-08,Yes,0.92,Synthetic
DOC2835667,C054116,PAN,RSEOQ3602X,India,2034-07-29,Yes,0.88,Synthetic
DOC4804472,C054116,Passport,N1445391,India,2033-01-07,Yes,0.84,Synthetic
DOC2334297,C054116,Utility Bill,UB317694,India,2034-09-11,Yes,0.81,Synthetic
DOC3121859,C054141,Aadhaar,423008971669,UK,2032-10-03,Yes,0.98,Synthetic
DOC1289885,C054141,Driving License,DL9369095879,UK,2031-08-26,Yes,0.83,Synthetic
DOC1359133,C054141,PAN,ZKSBM3653W,UK,2034-12-07,Yes,0.81,Synthetic
DOC9560168,C054141,Passport,X8662984,UK,2030-03-07,Yes,0.98,Synthetic
DOC2767253,C054141,Utility Bill,UB310961,UK,2034-12-13,Yes,0.82,Synthetic
DOC8363999,C054256,Aadhaar,500311909259,UK,2034-04-02,Yes,0.85,Synthetic
DOC7403843,C054256,Driving License,DL1219025901,UK,2028-09-12,Yes,0.84,Synthetic
DOC4504801,C054256,PAN,ZFYYC7698M,UK,2035-04-02,Yes,0.92,Synthetic
DOC1925395,C054256,Passport,V7095724,UK,2030-10-26,Yes,0.89,Synthetic
DOC4785191,C054256,Utility Bill,UB620352,UK,2035-02-18,Yes,0.88,Synthetic
DOC1536797,C054269,Aadhaar,851415200177,Russia,2033-02-22,Yes,0.83,Synthetic
DOC1715675,C054269,Driving License,DL1658174652,Russia,2029-05-03,Yes,0.94,Synthetic
DOC6387134,C054269,PAN,CJIQD4606N,Russia,2031-04-14,Yes,0.84,Synthetic
DOC6648451,C054269,Passport,T9709859,Russia,2032-09-04,Yes,0.95,Synthetic
DOC3677340,C054269,Utility Bill,UB276016,Russia,2028-04-26,Yes,0.98,Synthetic
DOC6276228,C054314,Aadhaar,014035404744,USA,2028-12-11,Yes,0.95,Synthetic
DOC1648083,C054314,Driving License,DL5382708811,USA,2031-08-18,Yes,0.94,Synthetic
DOC4781252,C054314,PAN,FMFLF1651C,USA,2032-02-27,Yes,0.93,Synthetic
DOC5835252,C054314,Passport,Z3375316,USA,2029-04-07,Yes,0.89,Synthetic
DOC1916120,C054314,Utility Bill,UB713434,USA,2027-12-25,Yes,0.99,Synthetic
DOC7854714,C054336,Aadhaar,752260754605,India,2036-03-14,Yes,0.87,Synthetic
DOC4938960,C054336,Driving License,DL4799604180,India,2033-08-19,Yes,0.99,Synthetic
DOC7974469,C054336,PAN,KMOYB2576U,India,2029-01-04,Yes,0.87,Synthetic
DOC3565719,C054336,Passport,K4935382,India,2029-10-30,Yes,0.97,Synthetic
DOC9123989,C054336,Utility Bill,UB682755,India,2036-03-16,No,0.86,Synthetic
DOC1765023,C054385,Aadhaar,925194148012,India,2027-11-21,Yes,0.95,Synthetic
DOC5943812,C054385,Driving License,DL8589986917,India,2033-03-02,Yes,0.92,Synthetic
DOC2277686,C054385,PAN,TPBLI9901H,India,2032-12-17,Yes,0.97,Synthetic
DOC4424974,C054385,Passport,Y7596797,India,2036-03-03,Yes,0.82,Synthetic
DOC9516872,C054385,Utility Bill,UB474678,India,2028-06-03,Yes,0.85,Synthetic
DOC8896636,C054694,Aadhaar,711085444174,USA,2035-06-21,Yes,0.98,Synthetic
DOC6803269,C054694,Driving License,DL7107620859,USA,2033-01-30,Yes,0.82,Synthetic
DOC1419637,C054694,PAN,TJSIH1218I,USA,2036-01-13,Yes,0.82,Synthetic
DOC6779357,C054694,Passport,V3968873,USA,2030-03-31,Yes,0.93,Synthetic
DOC8205014,C054694,Utility Bill,UB480985,USA,2032-01-16,Yes,0.86,Synthetic
DOC2571151,C054760,Aadhaar,904744298651,UK,2028-06-13,Yes,0.9,Synthetic
DOC5771837,C054760,Driving License,DL6357062049,UK,2027-10-27,Yes,0.95,Synthetic
DOC4140393,C054760,PAN,UKDOW7738U,UK,2029-06-07,Yes,0.84,Synthetic
DOC9125545,C054760,Passport,Q1918871,UK,2030-07-01,No,0.82,Synthetic
DOC5586919,C054760,Utility Bill,UB690524,UK,2030-11-24,Yes,0.9,Synthetic
DOC8280294,C054877,Aadhaar,165611539915,UK,2029-04-23,Yes,0.94,Synthetic
DOC2798408,C054877,Driving License,DL3482511096,UK,2033-07-02,Yes,0.95,Synthetic
DOC6010205,C054877,PAN,MRMPG1083W,UK,2035-06-29,Yes,0.89,Synthetic
DOC5770366,C054877,Passport,M4304476,UK,2028-02-13,Yes,0.9,Synthetic
DOC5983018,C054877,Utility Bill,UB428108,UK,2036-01-22,Yes,0.98,Synthetic
DOC3852740,C054910,Aadhaar,105202757214,Russia,2032-09-16,Yes,0.88,Synthetic
DOC8236784,C054910,Driving License,DL4484616964,Russia,2030-08-15,Yes,0.8,Synthetic
DOC9361248,C054910,PAN,HJWEE6534W,Russia,2028-10-16,Yes,0.96,Synthetic
DOC6468791,C054910,Passport,L5030892,Russia,2029-06-14,No,0.92,Synthetic
DOC8981924,C054910,Utility Bill,UB720814,Russia,2027-07-03,Yes,0.85,Synthetic
DOC4284555,C054922,Aadhaar,396380010429,USA,2035-05-19,Yes,0.91,Synthetic
DOC2119392,C054922,Driving License,DL5982462949,USA,2029-06-24,Yes,0.88,Synthetic
DOC6168216,C054922,PAN,OJSNX5114K,USA,2034-07-22,Yes,0.96,Synthetic
DOC2580826,C054922,Passport,W4384395,USA,2033-09-11,Yes,0.97,Synthetic
DOC6788059,C054922,Utility Bill,UB518101,USA,2035-12-17,Yes,0.9,Synthetic
DOC6145921,C055020,Aadhaar,860062630759,USA,2027-09-26,Yes,0.95,Synthetic
DOC3563493,C055020,Driving License,DL2096239104,USA,2033-07-19,Yes,0.88,Synthetic
DOC2790216,C055020,PAN,JFRKV7128C,USA,2034-06-10,Yes,0.98,Synthetic
DOC7020526,C055020,Passport,U6522261,USA,2034-10-16,Yes,0.93,Synthetic
DOC9791420,C055020,Utility Bill,UB716617,USA,2028-06-24,Yes,0.88,Synthetic
DOC4409963,C055071,Aadhaar,101328217889,Russia,2028-10-20,Yes,0.89,Synthetic
DOC6521469,C055071,Driving License,DL2764558555,Russia,2030-03-16,Yes,0.82,Synthetic
DOC5331115,C055071,PAN,SFKMA8482G,Russia,2035-10-27,Yes,0.94,Synthetic
DOC9843591,C055071,Passport,N1903631,Russia,2033-01-31,Yes,0.84,Synthetic
DOC5670861,C055071,Utility Bill,UB752382,Russia,2032-12-30,Yes,0.87,Synthetic
DOC7098696,C055112,Aadhaar,623420097937,India,2031-08-27,Yes,0.85,Synthetic
DOC2970444,C055112,Driving License,DL2829615846,India,2034-06-06,Yes,0.84,Synthetic
DOC1930890,C055112,PAN,ODYYZ2998I,India,2035-09-06,Yes,0.84,Synthetic
DOC8743261,C055112,Passport,V5178074,India,2034-10-11,Yes,0.88,Synthetic
DOC1313650,C055112,Utility Bill,UB372405,India,2028-07-20,Yes,0.87,Synthetic
DOC2616425,C055113,Aadhaar,618192952580,Russia,2033-12-26,Yes,0.92,Synthetic
DOC7620813,C055113,Driving License,DL5548972103,Russia,2028-04-28,Yes,0.98,Synthetic
DOC7153918,C055113,PAN,FGFNZ1666D,Russia,2027-09-25,Yes,0.95,Synthetic
DOC6143991,C055113,Passport,A6915043,Russia,2029-02-24,Yes,0.98,Synthetic
DOC2809364,C055113,Utility Bill,UB397576,Russia,2034-09-17,Yes,0.99,Synthetic
DOC8891724,C055167,Aadhaar,733759940703,India,2030-04-23,Yes,0.96,Synthetic
DOC6576077,C055167,Driving License,DL5256105641,India,2029-10-14,Yes,0.91,Synthetic
DOC8440638,C055167,PAN,ZUHMS2753L,India,2031-09-24,Yes,0.94,Synthetic
DOC7690845,C055167,Passport,P7944319,India,2031-12-21,Yes,0.92,Synthetic
DOC2759879,C055167,Utility Bill,UB975944,India,2032-06-07,Yes,0.84,Synthetic
DOC2894788,C055217,Aadhaar,998925502013,USA,2033-08-21,Yes,0.95,Synthetic
DOC9659598,C055217,Driving License,DL1037657898,USA,2031-09-12,Yes,0.83,Synthetic
DOC3457292,C055217,PAN,UCAYQ3453T,USA,2027-07-29,Yes,0.86,Synthetic
DOC5185675,C055217,Passport,W1002145,USA,2032-02-26,Yes,0.84,Synthetic
DOC1135271,C055217,Utility Bill,UB992400,USA,2027-08-05,Yes,0.85,Synthetic
DOC4332310,C055234,Aadhaar,671497297359,UK,2029-06-17,Yes,0.88,Synthetic
DOC4741502,C055234,Driving License,DL4339533373,UK,2031-06-17,Yes,0.92,Synthetic
DOC7747504,C055234,PAN,FMAVV7725I,UK,2030-03-12,Yes,0.84,Synthetic
DOC7534638,C055234,Passport,Y9256563,UK,2034-08-05,Yes,0.86,Synthetic
DOC6233969,C055234,Utility Bill,UB852693,UK,2029-05-05,Yes,0.8,Synthetic
DOC1521656,C055365,Aadhaar,627133423368,India,2032-08-15,No,0.89,Synthetic
DOC5050170,C055365,Driving License,DL3125127241,India,2031-08-11,Yes,0.82,Synthetic
DOC3581805,C055365,PAN,OWGDD5256N,India,2035-06-19,Yes,0.88,Synthetic
DOC9146068,C055365,Passport,Y4492204,India,2033-09-06,Yes,0.89,Synthetic
DOC7036847,C055365,Utility Bill,UB798016,India,2028-05-12,Yes,0.95,Synthetic
DOC7359477,C055436,Aadhaar,047267641254,Iran,2030-08-20,Yes,0.83,Synthetic
DOC2487069,C055436,Driving License,DL6271538359,Iran,2034-05-24,Yes,0.81,Synthetic
DOC5879421,C055436,PAN,TGVTT2989Q,Iran,2035-06-22,Yes,0.92,Synthetic
DOC5886301,C055436,Passport,R1845653,Iran,2030-03-31,Yes,0.87,Synthetic
DOC7546172,C055436,Utility Bill,UB200195,Iran,2032-05-28,Yes,0.9,Synthetic
DOC2988812,C055930,Aadhaar,500135285654,Russia,2035-05-04,Yes,0.99,Synthetic
DOC9913132,C055930,Driving License,DL9558197792,Russia,2035-10-27,Yes,0.8,Synthetic
DOC2063993,C055930,PAN,QUYEZ6330M,Russia,2034-04-19,Yes,0.86,Synthetic
DOC7792385,C055930,Passport,J7698149,Russia,2033-09-03,Yes,0.92,Synthetic
DOC6504454,C055930,Utility Bill,UB476111,Russia,2030-11-01,Yes,0.93,Synthetic
DOC8483595,C056029,Aadhaar,146552499393,USA,2029-08-16,Yes,0.87,Synthetic
DOC2431089,C056029,Driving License,DL7300723646,USA,2033-02-19,Yes,0.86,Synthetic
DOC5632516,C056029,PAN,KAYJY8599W,USA,2036-04-26,Yes,0.94,Synthetic
DOC7915955,C056029,Passport,R1576672,USA,2027-12-31,Yes,0.81,Synthetic
DOC3245547,C056029,Utility Bill,UB507958,USA,2035-09-22,Yes,0.88,Synthetic
DOC8134785,C056046,Aadhaar,349103095411,India,2036-05-18,Yes,0.94,Synthetic
DOC3787237,C056046,Driving License,DL5604052760,India,2028-06-24,Yes,0.91,Synthetic
DOC8915302,C056046,PAN,ZLVFF6324X,India,2033-07-16,Yes,0.92,Synthetic
DOC6076611,C056046,Passport,I9639311,India,2033-05-31,Yes,0.92,Synthetic
DOC1270140,C056046,Utility Bill,UB896564,India,2030-04-14,Yes,0.92,Synthetic
DOC1632469,C056328,Aadhaar,415661863566,India,2034-10-08,Yes,0.89,Synthetic
DOC8903777,C056328,Driving License,DL5074171361,India,2029-07-20,Yes,0.98,Synthetic
DOC4137950,C056328,PAN,PDGUX7719O,India,2035-03-28,Yes,0.86,Synthetic
DOC8213755,C056328,Passport,E9035274,India,2028-01-17,Yes,0.93,Synthetic
DOC2655191,C056328,Utility Bill,UB252729,India,2033-05-22,Yes,0.88,Synthetic
DOC8369493,C056371,Aadhaar,110438492467,USA,2035-03-30,Yes,0.91,Synthetic
DOC9060509,C056371,Driving License,DL1807206910,USA,2034-11-13,No,0.83,Synthetic
DOC2021687,C056371,PAN,SYGAB7563V,USA,2027-12-10,Yes,0.95,Synthetic
DOC8621898,C056371,Passport,L1701530,USA,2030-07-22,Yes,0.82,Synthetic
DOC7525337,C056371,Utility Bill,UB446775,USA,2028-04-07,Yes,0.9,Synthetic
DOC3807458,C056408,Aadhaar,444655043273,Russia,2027-09-24,Yes,0.83,Synthetic
DOC4548856,C056408,Driving License,DL6623091378,Russia,2028-09-04,Yes,0.93,Synthetic
DOC7253152,C056408,PAN,YYYEN1123T,Russia,2028-01-07,Yes,0.86,Synthetic
DOC1695495,C056408,Passport,K7854241,Russia,2029-04-13,Yes,0.88,Synthetic
DOC1118909,C056408,Utility Bill,UB880334,Russia,2033-01-20,Yes,0.83,Synthetic
DOC3889097,C056565,Aadhaar,671989828362,USA,2031-07-15,Yes,0.97,Synthetic
DOC3309070,C056565,Driving License,DL1261221128,USA,2034-02-22,Yes,0.84,Synthetic
DOC4984977,C056565,PAN,OWQLS9559S,USA,2033-06-18,Yes,0.98,Synthetic
DOC6234005,C056565,Passport,Y8080271,USA,2028-11-02,Yes,0.84,Synthetic
DOC7701923,C056565,Utility Bill,UB678931,USA,2034-03-23,Yes,0.81,Synthetic
DOC9064771,C056765,Aadhaar,219995095668,Iran,2031-07-07,Yes,0.95,Synthetic
DOC8894208,C056765,Driving License,DL5301578853,Iran,2035-08-22,Yes,0.84,Synthetic
DOC1794110,C056765,PAN,JIXKU4493L,Iran,2030-08-31,Yes,0.96,Synthetic
DOC1920917,C056765,Passport,H8910420,Iran,2032-01-28,Yes,0.97,Synthetic
DOC5775778,C056765,Utility Bill,UB606811,Iran,2031-05-20,Yes,0.82,Synthetic
DOC1097448,C056877,Aadhaar,958159811146,USA,2035-04-01,Yes,0.83,Synthetic
DOC9720379,C056877,Driving License,DL6832781761,USA,2036-05-21,Yes,0.89,Synthetic
DOC1518967,C056877,PAN,MCVBO1575X,USA,2030-11-14,Yes,0.85,Synthetic
DOC5674126,C056877,Passport,B3732046,USA,2032-05-14,Yes,0.97,Synthetic
DOC5689712,C056877,Utility Bill,UB126100,USA,2034-03-24,Yes,0.92,Synthetic
DOC4739666,C056959,Aadhaar,259039541215,India,2032-06-11,Yes,0.97,Synthetic
DOC2577231,C056959,Driving License,DL2199329378,India,2030-08-06,No,0.82,Synthetic
DOC1965460,C056959,PAN,EOIDR1935J,India,2033-01-01,Yes,0.8,Synthetic
DOC1427121,C056959,Passport,F3549549,India,2028-09-07,Yes,0.95,Synthetic
DOC9689164,C056959,Utility Bill,UB352450,India,2031-11-13,Yes,0.92,Synthetic
DOC8333250,C057075,Aadhaar,880055672325,India,2034-08-24,Yes,0.97,Synthetic
DOC9385877,C057075,Driving License,DL8739158824,India,2030-03-31,Yes,0.93,Synthetic
DOC2772551,C057075,PAN,EFCWK8745M,India,2029-04-24,Yes,0.86,Synthetic
DOC8249478,C057075,Passport,M4118147,India,2030-05-24,Yes,0.81,Synthetic
DOC5899254,C057075,Utility Bill,UB360629,India,2032-09-03,Yes,0.97,Synthetic
DOC4830861,C057196,Aadhaar,004368244763,USA,2033-01-21,Yes,0.91,Synthetic
DOC5352279,C057196,Driving License,DL2421050695,USA,2031-09-27,Yes,0.94,Synthetic
DOC3153009,C057196,PAN,MQOIP8774N,USA,2027-12-17,Yes,0.84,Synthetic
DOC8174998,C057196,Passport,U6613623,USA,2030-01-06,Yes,0.92,Synthetic
DOC9178283,C057196,Utility Bill,UB963644,USA,2029-05-03,Yes,0.82,Synthetic
DOC8365233,C057233,Aadhaar,875838997724,India,2031-07-07,Yes,0.89,Synthetic
DOC6530602,C057233,Driving License,DL2600324416,India,2032-06-05,Yes,0.98,Synthetic
DOC8620833,C057233,PAN,UZSQS6704T,India,2034-07-12,Yes,0.92,Synthetic
DOC3488927,C057233,Passport,K4120578,India,2031-10-17,Yes,0.9,Synthetic
DOC8694407,C057233,Utility Bill,UB451228,India,2029-08-26,Yes,0.8,Synthetic
DOC6721592,C057473,Aadhaar,108682470841,Russia,2032-11-25,Yes,0.92,Synthetic
DOC7200511,C057473,Driving License,DL3073050652,Russia,2034-10-30,No,0.96,Synthetic
DOC2198864,C057473,PAN,JDTVB4964E,Russia,2031-07-15,Yes,0.82,Synthetic
DOC3701597,C057473,Passport,V9190271,Russia,2033-09-04,Yes,0.89,Synthetic
DOC2731473,C057473,Utility Bill,UB299509,Russia,2031-09-28,Yes,0.98,Synthetic
DOC8461767,C057474,Aadhaar,249712939249,Russia,2031-09-30,Yes,0.81,Synthetic
DOC1882033,C057474,Driving License,DL2252017600,Russia,2032-08-01,Yes,0.95,Synthetic
DOC4601374,C057474,PAN,NQQTY6239D,Russia,2028-05-07,Yes,0.95,Synthetic
DOC9017132,C057474,Passport,H3447105,Russia,2030-01-13,Yes,0.97,Synthetic
DOC3983941,C057474,Utility Bill,UB536108,Russia,2035-06-08,Yes,0.86,Synthetic
DOC8329600,C057679,Aadhaar,938007473744,Iran,2034-12-05,Yes,0.88,Synthetic
DOC5112929,C057679,Driving License,DL4286032007,Iran,2029-10-26,Yes,0.85,Synthetic
DOC8441525,C057679,PAN,JALAV5066E,Iran,2036-03-19,Yes,0.94,Synthetic
DOC8711239,C057679,Passport,Y9413595,Iran,2033-09-08,Yes,0.99,Synthetic
DOC3014604,C057679,Utility Bill,UB159127,Iran,2036-04-17,Yes,0.89,Synthetic
DOC9090693,C057702,Aadhaar,234847984192,Russia,2030-03-09,Yes,0.95,Synthetic
DOC2679274,C057702,Driving License,DL5850007437,Russia,2029-02-02,Yes,0.87,Synthetic
DOC5547813,C057702,PAN,POYIT6934S,Russia,2035-12-15,Yes,0.93,Synthetic
DOC9551934,C057702,Passport,W3528714,Russia,2031-11-03,No,0.83,Synthetic
DOC5858554,C057702,Utility Bill,UB303204,Russia,2035-02-23,Yes,0.91,Synthetic
DOC6985667,C057761,Aadhaar,359057737085,USA,2032-03-13,Yes,0.95,Synthetic
DOC8548488,C057761,Driving License,DL8906607529,USA,2033-01-17,Yes,0.85,Synthetic
DOC7887256,C057761,PAN,AYCFQ4126R,USA,2030-07-28,Yes,0.98,Synthetic
DOC1741925,C057761,Passport,M7841033,USA,2028-11-30,Yes,0.97,Synthetic
DOC7471724,C057761,Utility Bill,UB623881,USA,2032-11-26,Yes,0.83,Synthetic
DOC2583653,C057776,Aadhaar,068833276254,UK,2029-02-04,Yes,0.82,Synthetic
DOC6612771,C057776,Driving License,DL4729803302,UK,2033-03-01,Yes,0.8,Synthetic
DOC6296461,C057776,PAN,XPAUA1656M,UK,2033-12-26,No,0.95,Synthetic
DOC6275647,C057776,Passport,D2211083,UK,2027-09-06,Yes,0.87,Synthetic
DOC9900804,C057776,Utility Bill,UB161485,UK,2034-11-18,Yes,0.89,Synthetic
DOC7944581,C057891,Aadhaar,765974689798,Iran,2027-11-24,Yes,0.96,Synthetic
DOC7322772,C057891,Driving License,DL3662587108,Iran,2033-11-29,Yes,0.97,Synthetic
DOC6990964,C057891,PAN,XIKPT7360L,Iran,2034-04-05,Yes,0.92,Synthetic
DOC9280369,C057891,Passport,T8900830,Iran,2032-07-22,Yes,0.99,Synthetic
DOC7170690,C057891,Utility Bill,UB183393,Iran,2030-09-19,No,0.89,Synthetic
DOC6500042,C057967,Aadhaar,018988872281,Russia,2036-05-20,Yes,0.82,Synthetic
DOC1476253,C057967,Driving License,DL5387339155,Russia,2029-09-10,Yes,0.86,Synthetic
DOC3409475,C057967,PAN,FJTBM6992T,Russia,2035-01-13,Yes,0.96,Synthetic
DOC8572702,C057967,Passport,M4108226,Russia,2035-09-29,Yes,0.9,Synthetic
DOC8747154,C057967,Utility Bill,UB238775,Russia,2035-03-13,Yes,0.81,Synthetic
DOC6168096,C058329,Aadhaar,201685376038,USA,2033-08-05,Yes,0.84,Synthetic
DOC4012722,C058329,Driving License,DL8116711551,USA,2031-04-08,Yes,0.9,Synthetic
DOC1141812,C058329,PAN,GBGYN2509C,USA,2030-01-31,Yes,0.96,Synthetic
DOC4304489,C058329,Passport,H4182766,USA,2036-02-26,Yes,0.93,Synthetic
DOC1657171,C058329,Utility Bill,UB667554,USA,2034-05-18,Yes,0.81,Synthetic
DOC2999311,C058660,Aadhaar,697189236181,Iran,2034-10-17,Yes,0.83,Synthetic
DOC3686877,C058660,Driving License,DL7805814590,Iran,2031-01-03,Yes,0.94,Synthetic
DOC7766440,C058660,PAN,UVEAC7274L,Iran,2036-02-08,Yes,0.89,Synthetic
DOC8373282,C058660,Passport,A6325054,Iran,2028-07-20,Yes,0.84,Synthetic
DOC3408740,C058660,Utility Bill,UB691714,Iran,2028-06-09,Yes,0.92,Synthetic
DOC1328729,C058699,Aadhaar,740464603059,USA,2030-11-29,Yes,0.81,Synthetic
DOC7454368,C058699,Driving License,DL2939847395,USA,2027-08-14,Yes,0.84,Synthetic
DOC6008892,C058699,PAN,UPAMD1316U,USA,2033-10-26,Yes,0.9,Synthetic
DOC5302023,C058699,Passport,U5304891,USA,2030-06-18,Yes,0.82,Synthetic
DOC3736675,C058699,Utility Bill,UB712917,USA,2030-01-10,Yes,0.89,Synthetic
DOC1036938,C058706,Aadhaar,301733923107,UK,2032-12-22,Yes,0.98,Synthetic
DOC3279198,C058706,Driving License,DL6234817676,UK,2031-06-25,Yes,0.9,Synthetic
DOC7871483,C058706,PAN,RBZZJ7922Q,UK,2031-09-01,Yes,0.87,Synthetic
DOC3566502,C058706,Passport,Q8938164,UK,2033-01-14,Yes,0.87,Synthetic
DOC8878610,C058706,Utility Bill,UB714716,UK,2029-11-26,Yes,0.9,Synthetic
DOC2130250,C058810,Aadhaar,274358757256,Iran,2032-07-29,Yes,0.84,Synthetic
DOC1116943,C058810,Driving License,DL3699943956,Iran,2035-07-24,Yes,0.85,Synthetic
DOC1543130,C058810,PAN,PUEBL5786O,Iran,2030-01-11,Yes,0.87,Synthetic
DOC8186075,C058810,Passport,M5614600,Iran,2034-04-23,Yes,0.98,Synthetic
DOC9925618,C058810,Utility Bill,UB770501,Iran,2032-09-29,Yes,0.82,Synthetic
DOC2865741,C058829,Aadhaar,796907611888,Iran,2034-07-27,Yes,0.9,Synthetic
DOC2863496,C058829,Driving License,DL9846245894,Iran,2033-02-15,Yes,0.93,Synthetic
DOC4764306,C058829,PAN,IHWLB9768D,Iran,2031-07-26,Yes,0.88,Synthetic
DOC1524167,C058829,Passport,J6227103,Iran,2030-04-29,Yes,0.89,Synthetic
DOC5377693,C058829,Utility Bill,UB499104,Iran,2036-06-04,Yes,0.86,Synthetic
DOC6733207,C058847,Aadhaar,957919533536,India,2035-10-04,Yes,0.93,Synthetic
DOC1601065,C058847,Driving License,DL3879729489,India,2033-10-29,Yes,0.94,Synthetic
DOC7049432,C058847,PAN,CJQZH2640I,India,2029-04-25,Yes,0.97,Synthetic
DOC5640679,C058847,Passport,G8700998,India,2028-04-23,Yes,0.89,Synthetic
DOC6754002,C058847,Utility Bill,UB669377,India,2033-08-24,Yes,0.93,Synthetic
DOC1822820,C058960,Aadhaar,355947680206,USA,2032-09-22,Yes,0.96,Synthetic
DOC9213093,C058960,Driving License,DL5965599707,USA,2033-07-05,Yes,0.87,Synthetic
DOC5366262,C058960,PAN,ODEBT2075W,USA,2028-06-29,Yes,0.86,Synthetic
DOC3002178,C058960,Passport,G6083457,USA,2027-07-15,Yes,0.86,Synthetic
DOC3648951,C058960,Utility Bill,UB311780,USA,2027-08-24,Yes,0.8,Synthetic
DOC6135863,C059146,Aadhaar,629170503495,India,2028-02-22,Yes,0.96,Synthetic
DOC3156523,C059146,Driving License,DL4738448321,India,2028-05-29,Yes,0.87,Synthetic
DOC5469957,C059146,PAN,FWIWS6277Z,India,2028-02-21,Yes,0.84,Synthetic
DOC4318247,C059146,Passport,O6137630,India,2029-11-23,Yes,0.86,Synthetic
DOC2316782,C059146,Utility Bill,UB953820,India,2030-09-21,Yes,0.8,Synthetic
DOC4171630,C059158,Aadhaar,939323860128,USA,2031-07-27,Yes,0.88,Synthetic
DOC8136183,C059158,Driving License,DL5258481566,USA,2030-07-23,Yes,0.88,Synthetic
DOC8014582,C059158,PAN,YWNTS3972D,USA,2033-07-13,Yes,0.85,Synthetic
DOC5854604,C059158,Passport,H3150509,USA,2027-08-30,Yes,0.97,Synthetic
DOC7575564,C059158,Utility Bill,UB443909,USA,2036-02-05,Yes,0.84,Synthetic
DOC5043658,C059182,Aadhaar,412491536288,Iran,2027-10-14,Yes,0.83,Synthetic
DOC9287847,C059182,Driving License,DL3680189205,Iran,2031-04-29,Yes,0.81,Synthetic
DOC2307892,C059182,PAN,XZSYC9664M,Iran,2032-04-12,Yes,0.99,Synthetic
DOC6520884,C059182,Passport,V6755411,Iran,2031-11-10,Yes,0.85,Synthetic
DOC2626338,C059182,Utility Bill,UB425693,Iran,2034-01-17,Yes,0.98,Synthetic
DOC1724525,C059287,Aadhaar,772048217156,Russia,2034-09-09,Yes,0.82,Synthetic
DOC5667212,C059287,Driving License,DL7120044432,Russia,2027-11-10,Yes,0.86,Synthetic
DOC8602430,C059287,PAN,QYOQH7215W,Russia,2034-03-21,Yes,0.98,Synthetic
DOC4663752,C059287,Passport,N8817545,Russia,2033-06-11,Yes,0.88,Synthetic
DOC8772771,C059287,Utility Bill,UB195180,Russia,2032-10-04,Yes,0.86,Synthetic
DOC4225048,C059368,Aadhaar,045444488282,Russia,2028-07-04,Yes,0.98,Synthetic
DOC6746737,C059368,Driving License,DL3738605493,Russia,2032-12-17,Yes,0.95,Synthetic
DOC3549284,C059368,PAN,EHQKL5987M,Russia,2028-09-08,Yes,0.86,Synthetic
DOC8249010,C059368,Passport,Y5287071,Russia,2034-11-28,Yes,0.94,Synthetic
DOC9371778,C059368,Utility Bill,UB898262,Russia,2035-08-08,Yes,0.86,Synthetic
DOC7579347,C059544,Aadhaar,770574318618,Russia,2032-06-25,Yes,0.89,Synthetic
DOC6260112,C059544,Driving License,DL3806490752,Russia,2036-05-28,Yes,0.87,Synthetic
DOC2806088,C059544,PAN,GVGQU3000E,Russia,2031-06-03,Yes,0.91,Synthetic
DOC1815655,C059544,Passport,C7012194,Russia,2032-04-22,Yes,0.83,Synthetic
DOC1168242,C059544,Utility Bill,UB908207,Russia,2031-12-09,Yes,0.83,Synthetic
DOC7810664,C059575,Aadhaar,160393534341,UK,2035-09-29,Yes,0.91,Synthetic
DOC4358393,C059575,Driving License,DL6868596876,UK,2036-03-07,Yes,0.99,Synthetic
DOC3795309,C059575,PAN,NIBZA2545I,UK,2032-06-28,Yes,0.91,Synthetic
DOC3578349,C059575,Passport,P7457789,UK,2029-09-07,Yes,0.92,Synthetic
DOC1544049,C059575,Utility Bill,UB944025,UK,2028-11-19,Yes,0.88,Synthetic
DOC6482485,C059763,Aadhaar,424590236700,USA,2033-03-05,Yes,0.92,Synthetic
DOC3137325,C059763,Driving License,DL3239628665,USA,2028-04-22,Yes,0.81,Synthetic
DOC1086541,C059763,PAN,HBFKD5779Q,USA,2028-08-18,Yes,0.83,Synthetic
DOC6589233,C059763,Passport,U5353579,USA,2033-09-16,Yes,0.89,Synthetic
DOC5737180,C059763,Utility Bill,UB194050,USA,2027-09-08,Yes,0.82,Synthetic
DOC8583211,C059791,Aadhaar,424378311884,Iran,2032-01-14,Yes,0.9,Synthetic
DOC5303045,C059791,Driving License,DL7804459904,Iran,2034-07-29,Yes,0.82,Synthetic
DOC9355725,C059791,PAN,JOBJE2330V,Iran,2028-09-05,Yes,0.98,Synthetic
DOC5058441,C059791,Passport,X4262325,Iran,2030-10-05,Yes,0.83,Synthetic
DOC3155048,C059791,Utility Bill,UB986707,Iran,2028-07-25,Yes,0.93,Synthetic
DOC4603890,C060005,Aadhaar,911348884891,Russia,2032-02-07,Yes,0.83,Synthetic
DOC8860776,C060005,Driving License,DL7312604050,Russia,2027-09-04,Yes,0.9,Synthetic
DOC7366162,C060005,PAN,WCKUD3822J,Russia,2027-12-15,Yes,0.96,Synthetic
DOC5215510,C060005,Passport,K1614303,Russia,2036-01-13,Yes,0.93,Synthetic
DOC1582586,C060005,Utility Bill,UB482478,Russia,2031-07-14,Yes,0.81,Synthetic
DOC7120419,C060137,Aadhaar,848597244762,UK,2032-11-29,Yes,0.84,Synthetic
DOC8749637,C060137,Driving License,DL4423889401,UK,2027-06-28,Yes,0.84,Synthetic
DOC1690898,C060137,PAN,QCTIY4431L,UK,2032-05-27,Yes,0.96,Synthetic
DOC6250409,C060137,Passport,O5042914,UK,2029-05-10,Yes,0.85,Synthetic
DOC6378263,C060137,Utility Bill,UB198668,UK,2030-02-01,Yes,0.83,Synthetic
DOC6558340,C060191,Aadhaar,076908919017,Iran,2028-02-15,Yes,0.99,Synthetic
DOC4941749,C060191,Driving License,DL8625873148,Iran,2032-05-04,Yes,0.82,Synthetic
DOC1226719,C060191,PAN,JPNLH2586H,Iran,2028-01-15,Yes,0.92,Synthetic
DOC8947154,C060191,Passport,J1926737,Iran,2036-05-17,Yes,0.87,Synthetic
DOC1833131,C060191,Utility Bill,UB542265,Iran,2033-03-01,No,0.95,Synthetic
DOC9501578,C060229,Aadhaar,077708790283,India,2028-09-19,Yes,0.93,Synthetic
DOC1916527,C060229,Driving License,DL4919245508,India,2032-12-15,Yes,0.88,Synthetic
DOC1216031,C060229,PAN,KYYJW7960S,India,2033-05-03,Yes,0.91,Synthetic
DOC8890148,C060229,Passport,G1857255,India,2028-10-09,Yes,0.85,Synthetic
DOC6386090,C060229,Utility Bill,UB746381,India,2034-01-27,Yes,0.92,Synthetic
DOC7964405,C060292,Aadhaar,659704488062,UK,2029-09-06,Yes,0.92,Synthetic
DOC7372451,C060292,Driving License,DL6826129114,UK,2028-06-29,Yes,0.94,Synthetic
DOC6940958,C060292,PAN,OZEJF6926A,UK,2032-12-23,Yes,0.89,Synthetic
DOC9588631,C060292,Passport,I1578161,UK,2035-05-10,Yes,0.85,Synthetic
DOC2356898,C060292,Utility Bill,UB422163,UK,2033-12-02,Yes,0.94,Synthetic
DOC6984005,C060501,Aadhaar,996847705293,UK,2034-09-02,Yes,0.89,Synthetic
DOC1138180,C060501,Driving License,DL2047794844,UK,2034-08-14,Yes,0.8,Synthetic
DOC4460379,C060501,PAN,LAOOX9472N,UK,2032-09-22,Yes,0.8,Synthetic
DOC8161089,C060501,Passport,J9479255,UK,2035-05-06,Yes,0.96,Synthetic
DOC9633773,C060501,Utility Bill,UB198787,UK,2028-02-13,Yes,0.98,Synthetic
DOC4868554,C060797,Aadhaar,735640722630,Russia,2028-12-24,Yes,0.87,Synthetic
DOC4405389,C060797,Driving License,DL2755251659,Russia,2031-06-08,Yes,0.95,Synthetic
DOC6713659,C060797,PAN,QSJLM8661A,Russia,2029-02-17,Yes,0.88,Synthetic
DOC5400305,C060797,Passport,P7605669,Russia,2029-09-21,Yes,0.91,Synthetic
DOC1324539,C060797,Utility Bill,UB627980,Russia,2028-02-07,Yes,0.81,Synthetic
DOC6778424,C061048,Aadhaar,654014511880,India,2035-02-14,Yes,0.86,Synthetic
DOC4094963,C061048,Driving License,DL1029163547,India,2033-09-14,Yes,0.89,Synthetic
DOC4593837,C061048,PAN,TOZJE8066F,India,2034-02-05,Yes,0.92,Synthetic
DOC2962622,C061048,Passport,E7048871,India,2034-09-04,Yes,0.8,Synthetic
DOC4311002,C061048,Utility Bill,UB543656,India,2032-01-23,Yes,0.81,Synthetic
DOC7988908,C061071,Aadhaar,485791704207,India,2034-05-30,Yes,0.91,Synthetic
DOC2994880,C061071,Driving License,DL5159011317,India,2036-03-22,Yes,0.9,Synthetic
DOC4998354,C061071,PAN,JGMAB9881U,India,2030-08-09,Yes,0.9,Synthetic
DOC4383643,C061071,Passport,B2564147,India,2030-05-15,No,0.92,Synthetic
DOC6976591,C061071,Utility Bill,UB343172,India,2028-09-08,Yes,0.8,Synthetic
DOC7724802,C061090,Aadhaar,502337516768,USA,2030-07-21,Yes,0.9,Synthetic
DOC5219392,C061090,Driving License,DL3948768209,USA,2033-01-11,Yes,0.97,Synthetic
DOC5329574,C061090,PAN,WFQJF1483Z,USA,2033-05-27,Yes,0.85,Synthetic
DOC8592278,C061090,Passport,A6025962,USA,2035-01-31,Yes,0.94,Synthetic
DOC4884011,C061090,Utility Bill,UB235502,USA,2033-08-22,Yes,0.92,Synthetic
DOC7864465,C061124,Aadhaar,728732148093,Iran,2032-05-16,Yes,0.89,Synthetic
DOC6473921,C061124,Driving License,DL3852367383,Iran,2033-07-13,Yes,0.86,Synthetic
DOC1150687,C061124,PAN,KMXTJ3744B,Iran,2032-07-06,Yes,0.84,Synthetic
DOC6679732,C061124,Passport,S1210509,Iran,2029-08-10,Yes,0.97,Synthetic
DOC9603013,C061124,Utility Bill,UB638314,Iran,2031-01-18,Yes,0.84,Synthetic
DOC5361844,C061236,Aadhaar,660129723613,Russia,2029-04-03,Yes,0.82,Synthetic
DOC1368410,C061236,Driving License,DL9999364088,Russia,2034-12-13,Yes,0.8,Synthetic
DOC7405226,C061236,PAN,WVHHX8287X,Russia,2033-05-09,Yes,0.81,Synthetic
DOC7539411,C061236,Passport,Z6405845,Russia,2028-03-19,Yes,0.91,Synthetic
DOC6548207,C061236,Utility Bill,UB266000,Russia,2034-01-06,Yes,0.83,Synthetic
DOC7991795,C061382,Aadhaar,036875444674,Iran,2031-07-04,Yes,0.81,Synthetic
DOC1288365,C061382,Driving License,DL9903862697,Iran,2029-12-20,Yes,0.88,Synthetic
DOC5083716,C061382,PAN,ZLIMZ3022N,Iran,2036-05-11,Yes,0.9,Synthetic
DOC2722579,C061382,Passport,D3135328,Iran,2030-04-22,Yes,0.89,Synthetic
DOC8264546,C061382,Utility Bill,UB133364,Iran,2033-12-29,Yes,0.97,Synthetic
DOC6358185,C061432,Aadhaar,367727871539,Russia,2035-03-05,Yes,0.82,Synthetic
DOC1436170,C061432,Driving License,DL4484251805,Russia,2027-06-30,Yes,0.87,Synthetic
DOC8800046,C061432,PAN,RNDCE9197T,Russia,2035-06-16,Yes,0.85,Synthetic
DOC3412009,C061432,Passport,H9796757,Russia,2030-09-28,Yes,0.94,Synthetic
DOC3492856,C061432,Utility Bill,UB623581,Russia,2033-07-18,No,0.96,Synthetic
DOC6165574,C061440,Aadhaar,230862850325,India,2030-12-03,Yes,0.87,Synthetic
DOC8471449,C061440,Driving License,DL1480318861,India,2031-09-25,Yes,0.98,Synthetic
DOC1508152,C061440,PAN,ASURI5616S,India,2029-03-07,Yes,0.85,Synthetic
DOC9128461,C061440,Passport,I1465625,India,2028-06-10,Yes,0.89,Synthetic
DOC1211055,C061440,Utility Bill,UB322790,India,2035-09-11,Yes,0.85,Synthetic
DOC3475571,C061569,Aadhaar,716725467290,Russia,2034-06-01,Yes,0.93,Synthetic
DOC9574180,C061569,Driving License,DL1480424853,Russia,2030-07-06,Yes,0.87,Synthetic
DOC4669932,C061569,PAN,ETJQM6869O,Russia,2029-09-23,Yes,0.83,Synthetic
DOC7261400,C061569,Passport,V3128784,Russia,2035-07-12,Yes,0.97,Synthetic
DOC8909570,C061569,Utility Bill,UB853011,Russia,2036-01-10,Yes,0.89,Synthetic
DOC8221913,C061656,Aadhaar,015987493716,India,2033-09-28,Yes,0.97,Synthetic
DOC2281183,C061656,Driving License,DL2291390280,India,2034-07-27,Yes,0.88,Synthetic
DOC4633191,C061656,PAN,JYJDH6318H,India,2028-12-22,Yes,0.86,Synthetic
DOC4638637,C061656,Passport,R1900138,India,2028-11-10,Yes,0.98,Synthetic
DOC1002051,C061656,Utility Bill,UB937704,India,2033-07-09,Yes,0.88,Synthetic
DOC8088713,C061777,Aadhaar,196895061163,USA,2032-06-18,Yes,0.96,Synthetic
DOC2833312,C061777,Driving License,DL3565206361,USA,2028-10-22,Yes,0.93,Synthetic
DOC9064046,C061777,PAN,XUDJZ1871L,USA,2030-11-23,Yes,0.98,Synthetic
DOC5023103,C061777,Passport,Q9197701,USA,2033-10-23,Yes,0.83,Synthetic
DOC9435616,C061777,Utility Bill,UB769492,USA,2035-08-11,Yes,0.97,Synthetic
DOC5940295,C061985,Aadhaar,388563634806,UK,2033-12-05,Yes,0.81,Synthetic
DOC8241022,C061985,Driving License,DL3361266185,UK,2031-07-19,Yes,0.96,Synthetic
DOC1538167,C061985,PAN,IFCZC7165V,UK,2031-08-11,Yes,0.81,Synthetic
DOC5530293,C061985,Passport,L4439502,UK,2033-09-14,Yes,0.81,Synthetic
DOC6381708,C061985,Utility Bill,UB994839,UK,2036-04-12,Yes,0.89,Synthetic
DOC3632392,C062222,Aadhaar,969004909834,Iran,2033-10-30,Yes,0.81,Synthetic
DOC9948390,C062222,Driving License,DL4627062875,Iran,2034-09-24,Yes,0.81,Synthetic
DOC1502321,C062222,PAN,ICAUY4042M,Iran,2035-06-21,Yes,0.84,Synthetic
DOC9053546,C062222,Passport,B3921789,Iran,2028-02-28,Yes,0.86,Synthetic
DOC7936187,C062222,Utility Bill,UB968317,Iran,2030-02-17,Yes,0.85,Synthetic
DOC4033872,C062254,Aadhaar,572225682418,India,2029-12-25,Yes,0.98,Synthetic
DOC4073796,C062254,Driving License,DL2974308774,India,2034-09-20,Yes,0.91,Synthetic
DOC3828962,C062254,PAN,ZYAAH4948G,India,2034-04-08,No,0.84,Synthetic
DOC3031821,C062254,Passport,V4043134,India,2029-08-31,Yes,0.93,Synthetic
DOC8665951,C062254,Utility Bill,UB768148,India,2030-01-26,Yes,0.81,Synthetic
DOC1873615,C062399,Aadhaar,535750183163,Iran,2034-11-16,Yes,0.81,Synthetic
DOC8488703,C062399,Driving License,DL5272704580,Iran,2027-09-21,Yes,0.83,Synthetic
DOC2348660,C062399,PAN,PSAVV1312D,Iran,2033-03-11,Yes,0.94,Synthetic
DOC3965305,C062399,Passport,E2348776,Iran,2031-01-03,Yes,0.94,Synthetic
DOC9914894,C062399,Utility Bill,UB304992,Iran,2030-03-10,Yes,0.95,Synthetic
DOC7967722,C062400,Aadhaar,285634584721,India,2033-06-13,No,0.81,Synthetic
DOC9553010,C062400,Driving License,DL4802821136,India,2031-02-14,Yes,0.97,Synthetic
DOC9606149,C062400,PAN,GPFSD4644W,India,2031-03-02,Yes,0.98,Synthetic
DOC1520839,C062400,Passport,D1053658,India,2036-04-26,Yes,0.89,Synthetic
DOC3776138,C062400,Utility Bill,UB659691,India,2031-09-29,Yes,0.94,Synthetic
DOC2473967,C062518,Aadhaar,234758126342,India,2034-10-23,Yes,0.95,Synthetic
DOC9065709,C062518,Driving License,DL4880696448,India,2029-06-24,Yes,0.91,Synthetic
DOC9968265,C062518,PAN,LYVMA1175I,India,2031-03-13,Yes,0.98,Synthetic
DOC1959687,C062518,Passport,E7566850,India,2033-05-26,Yes,0.94,Synthetic
DOC6567654,C062518,Utility Bill,UB733408,India,2029-07-29,Yes,0.9,Synthetic
DOC7656029,C062530,Aadhaar,047034477164,Iran,2028-03-14,Yes,0.85,Synthetic
DOC8098865,C062530,Driving License,DL8951549243,Iran,2036-02-04,Yes,0.93,Synthetic
DOC1351234,C062530,PAN,CEKLC8660U,Iran,2033-07-18,Yes,0.95,Synthetic
DOC5578389,C062530,Passport,C1382267,Iran,2029-02-28,Yes,0.99,Synthetic
DOC6226089,C062530,Utility Bill,UB809814,Iran,2031-07-08,Yes,0.85,Synthetic
DOC9295032,C062560,Aadhaar,531954448514,Russia,2035-03-29,Yes,0.84,Synthetic
DOC9585139,C062560,Driving License,DL4805623441,Russia,2029-09-16,Yes,0.91,Synthetic
DOC1819058,C062560,PAN,IEMLX5507D,Russia,2031-12-19,Yes,0.91,Synthetic
DOC6346620,C062560,Passport,C1237343,Russia,2029-07-21,No,0.97,Synthetic
DOC5051882,C062560,Utility Bill,UB619659,Russia,2036-03-14,Yes,0.88,Synthetic
DOC6371946,C062598,Aadhaar,697210663424,Iran,2030-11-11,Yes,0.96,Synthetic
DOC4251298,C062598,Driving License,DL4933644904,Iran,2035-09-28,Yes,0.87,Synthetic
DOC5682761,C062598,PAN,HOUXL3300L,Iran,2035-09-03,Yes,0.9,Synthetic
DOC6037696,C062598,Passport,W5048692,Iran,2033-05-02,Yes,0.84,Synthetic
DOC2819852,C062598,Utility Bill,UB706667,Iran,2035-07-12,Yes,0.93,Synthetic
DOC7962585,C062919,Aadhaar,125481516745,India,2028-06-18,Yes,0.88,Synthetic
DOC5591682,C062919,Driving License,DL3257936994,India,2027-08-07,Yes,0.94,Synthetic
DOC6913425,C062919,PAN,MOJBZ1376R,India,2036-03-17,Yes,0.85,Synthetic
DOC7287272,C062919,Passport,I9348647,India,2034-02-15,Yes,0.91,Synthetic
DOC5211128,C062919,Utility Bill,UB773684,India,2034-10-03,Yes,0.95,Synthetic
DOC8539495,C062925,Aadhaar,350456419444,USA,2031-11-26,Yes,0.94,Synthetic
DOC9510933,C062925,Driving License,DL4291091301,USA,2034-04-10,Yes,0.88,Synthetic
DOC3993798,C062925,PAN,TZFTM2104W,USA,2032-11-03,Yes,0.84,Synthetic
DOC9382948,C062925,Passport,H7632197,USA,2027-08-02,Yes,0.92,Synthetic
DOC3152917,C062925,Utility Bill,UB619540,USA,2032-05-08,Yes,0.85,Synthetic
DOC7686269,C063053,Aadhaar,365237973502,Iran,2027-10-31,Yes,0.98,Synthetic
DOC7050194,C063053,Driving License,DL7270002491,Iran,2027-07-08,Yes,0.82,Synthetic
DOC4362044,C063053,PAN,IBWXR8942S,Iran,2029-12-21,Yes,0.85,Synthetic
DOC5191401,C063053,Passport,O8596955,Iran,2028-04-09,Yes,0.85,Synthetic
DOC4649418,C063053,Utility Bill,UB474856,Iran,2033-08-09,Yes,0.86,Synthetic
DOC2006989,C063064,Aadhaar,022197374594,UK,2034-01-23,Yes,0.96,Synthetic
DOC1999245,C063064,Driving License,DL8493354931,UK,2031-03-15,Yes,0.84,Synthetic
DOC2467724,C063064,PAN,TAQTU1745W,UK,2034-03-04,Yes,0.89,Synthetic
DOC2092543,C063064,Passport,F3424965,UK,2034-06-10,Yes,0.85,Synthetic
DOC6547384,C063064,Utility Bill,UB259540,UK,2027-10-13,Yes,0.96,Synthetic
DOC2469626,C063075,Aadhaar,925555035837,UK,2033-08-30,Yes,0.8,Synthetic
DOC6149903,C063075,Driving License,DL3714510968,UK,2031-08-04,Yes,0.81,Synthetic
DOC3759781,C063075,PAN,UXNFA2513N,UK,2035-07-04,Yes,0.97,Synthetic
DOC1796697,C063075,Passport,V6096762,UK,2034-10-23,Yes,0.92,Synthetic
DOC1682017,C063075,Utility Bill,UB118429,UK,2028-04-06,Yes,0.97,Synthetic
DOC6617808,C063097,Aadhaar,538800269706,Iran,2034-07-05,Yes,0.93,Synthetic
DOC8482934,C063097,Driving License,DL5370216168,Iran,2031-09-05,Yes,0.95,Synthetic
DOC9344895,C063097,PAN,YFNWB3859Y,Iran,2033-04-20,No,0.99,Synthetic
DOC8297538,C063097,Passport,S8995328,Iran,2034-10-19,Yes,0.84,Synthetic
DOC2021511,C063097,Utility Bill,UB487248,Iran,2033-04-01,Yes,0.95,Synthetic
DOC4106267,C063102,Aadhaar,999460187328,Iran,2028-08-19,Yes,0.87,Synthetic
DOC8651641,C063102,Driving License,DL6453171578,Iran,2028-10-13,Yes,0.93,Synthetic
DOC5013986,C063102,PAN,SNJCY2703M,Iran,2028-02-02,Yes,0.85,Synthetic
DOC9324377,C063102,Passport,B7485782,Iran,2034-11-27,Yes,0.86,Synthetic
DOC7639891,C063102,Utility Bill,UB193622,Iran,2031-02-21,Yes,0.98,Synthetic
DOC8220191,C063286,Aadhaar,137675090370,India,2031-12-07,Yes,0.84,Synthetic
DOC3654420,C063286,Driving License,DL2672703404,India,2035-11-18,No,0.98,Synthetic
DOC8472542,C063286,PAN,OJSBG3631R,India,2034-10-14,Yes,0.98,Synthetic
DOC2645737,C063286,Passport,N9770036,India,2036-01-31,Yes,0.9,Synthetic
DOC1803199,C063286,Utility Bill,UB666375,India,2028-03-20,Yes,0.91,Synthetic
DOC8993980,C063413,Aadhaar,434476119689,India,2032-06-05,Yes,0.83,Synthetic
DOC4650593,C063413,Driving License,DL5819565355,India,2030-03-08,Yes,0.96,Synthetic
DOC4141275,C063413,PAN,XICKB6210U,India,2031-04-20,Yes,0.82,Synthetic
DOC6308756,C063413,Passport,X1350368,India,2027-11-01,No,0.98,Synthetic
DOC8574578,C063413,Utility Bill,UB942660,India,2034-09-22,Yes,0.82,Synthetic
DOC1398216,C063436,Aadhaar,514112913713,Iran,2035-05-27,Yes,0.8,Synthetic
DOC2889413,C063436,Driving License,DL3835610196,Iran,2029-09-09,Yes,0.95,Synthetic
DOC7288167,C063436,PAN,YZQQJ9208U,Iran,2035-08-21,Yes,0.88,Synthetic
DOC2840537,C063436,Passport,R2861382,Iran,2035-01-24,Yes,0.99,Synthetic
DOC4123094,C063436,Utility Bill,UB724313,Iran,2036-05-29,Yes,0.81,Synthetic
DOC4912394,C063568,Aadhaar,617865304596,India,2035-04-19,Yes,0.97,Synthetic
DOC5178873,C063568,Driving License,DL6931879438,India,2029-10-25,Yes,0.92,Synthetic
DOC7547696,C063568,PAN,JXNIT7385T,India,2035-12-08,Yes,0.92,Synthetic
DOC9425171,C063568,Passport,R8770415,India,2027-10-19,Yes,0.87,Synthetic
DOC5774688,C063568,Utility Bill,UB976654,India,2031-12-23,Yes,0.83,Synthetic
DOC6858445,C063589,Aadhaar,810945627806,USA,2032-07-22,Yes,0.97,Synthetic
DOC3523086,C063589,Driving License,DL3335457089,USA,2032-11-29,Yes,0.84,Synthetic
DOC7442455,C063589,PAN,FLTHG6827N,USA,2030-10-20,Yes,0.81,Synthetic
DOC3053093,C063589,Passport,Z7835552,USA,2029-03-27,Yes,0.85,Synthetic
DOC4585790,C063589,Utility Bill,UB216623,USA,2030-01-07,Yes,0.89,Synthetic
DOC2927697,C063710,Aadhaar,098755177202,India,2035-01-09,Yes,0.95,Synthetic
DOC6007442,C063710,Driving License,DL2744039924,India,2035-03-27,Yes,0.94,Synthetic
DOC6166842,C063710,PAN,PUMEC6889L,India,2028-07-28,Yes,0.88,Synthetic
DOC1030148,C063710,Passport,T2143429,India,2028-12-21,Yes,0.85,Synthetic
DOC5253575,C063710,Utility Bill,UB851533,India,2033-09-19,Yes,0.87,Synthetic
DOC2337504,C063759,Aadhaar,032582141757,UK,2036-03-13,Yes,0.89,Synthetic
DOC5074748,C063759,Driving License,DL4791783741,UK,2034-06-16,Yes,0.82,Synthetic
DOC9299584,C063759,PAN,ULPCP8661I,UK,2029-02-05,Yes,0.9,Synthetic
DOC3682390,C063759,Passport,M8139369,UK,2034-04-25,Yes,0.91,Synthetic
DOC7645604,C063759,Utility Bill,UB787934,UK,2035-12-24,Yes,0.99,Synthetic
DOC1118315,C063979,Aadhaar,095871115107,UK,2029-04-20,Yes,0.96,Synthetic
DOC4860596,C063979,Driving License,DL9434247639,UK,2028-10-19,Yes,0.81,Synthetic
DOC3462689,C063979,PAN,ZFJAE5875K,UK,2030-02-24,Yes,0.96,Synthetic
DOC7418260,C063979,Passport,L2272419,UK,2035-08-17,Yes,0.93,Synthetic
DOC6562000,C063979,Utility Bill,UB588999,UK,2027-08-22,Yes,0.97,Synthetic
DOC8739457,C063991,Aadhaar,878204267927,UK,2027-12-03,Yes,0.86,Synthetic
DOC1373768,C063991,Driving License,DL7915098528,UK,2031-01-05,Yes,0.89,Synthetic
DOC5629992,C063991,PAN,XLYDS8801X,UK,2032-04-11,Yes,0.96,Synthetic
DOC3962953,C063991,Passport,P9162495,UK,2032-02-09,Yes,0.81,Synthetic
DOC7296519,C063991,Utility Bill,UB154775,UK,2028-02-18,Yes,0.83,Synthetic
DOC8879096,C064493,Aadhaar,675480378752,Iran,2028-07-07,Yes,0.96,Synthetic
DOC2940636,C064493,Driving License,DL7034844477,Iran,2030-03-13,Yes,0.97,Synthetic
DOC3581234,C064493,PAN,SGPOH1133K,Iran,2029-08-08,Yes,0.92,Synthetic
DOC1614514,C064493,Passport,X3333149,Iran,2030-06-21,Yes,0.92,Synthetic
DOC1095275,C064493,Utility Bill,UB802715,Iran,2032-02-18,Yes,0.84,Synthetic
DOC1046057,C064784,Aadhaar,151131546705,India,2033-09-10,Yes,0.9,Synthetic
DOC8644309,C064784,Driving License,DL5096283569,India,2030-05-21,Yes,0.9,Synthetic
DOC7546717,C064784,PAN,KHYED8837K,India,2027-10-24,Yes,0.89,Synthetic
DOC6846880,C064784,Passport,A4736202,India,2029-08-20,Yes,0.83,Synthetic
DOC6103511,C064784,Utility Bill,UB261890,India,2036-06-04,Yes,0.99,Synthetic
DOC4386934,C064804,Aadhaar,703078221681,USA,2029-06-24,Yes,0.88,Synthetic
DOC4297006,C064804,Driving License,DL7489468323,USA,2033-05-25,Yes,0.84,Synthetic
DOC3931043,C064804,PAN,IBUBS1083O,USA,2033-05-28,Yes,0.98,Synthetic
DOC6099490,C064804,Passport,U1033734,USA,2029-01-11,Yes,0.91,Synthetic
DOC6353552,C064804,Utility Bill,UB813194,USA,2031-09-23,Yes,0.89,Synthetic
DOC5076538,C064868,Aadhaar,256546188708,Iran,2035-07-12,No,0.94,Synthetic
DOC3705063,C064868,Driving License,DL5100586974,Iran,2029-08-10,Yes,0.81,Synthetic
DOC3733702,C064868,PAN,VHYGS1987R,Iran,2028-12-12,Yes,0.92,Synthetic
DOC6072855,C064868,Passport,Y9959413,Iran,2034-08-30,Yes,0.95,Synthetic
DOC4773757,C064868,Utility Bill,UB830576,Iran,2030-07-22,Yes,0.97,Synthetic
DOC3718381,C064880,Aadhaar,147918315699,UK,2029-07-14,Yes,0.87,Synthetic
DOC8716133,C064880,Driving License,DL4822805186,UK,2027-12-25,Yes,0.96,Synthetic
DOC9776536,C064880,PAN,JHOFM2829I,UK,2028-06-15,Yes,0.84,Synthetic
DOC2011252,C064880,Passport,Z6011518,UK,2035-06-20,Yes,0.92,Synthetic
DOC6018290,C064880,Utility Bill,UB263878,UK,2033-05-07,Yes,0.89,Synthetic
DOC9465292,C064898,Aadhaar,745222386715,India,2033-02-25,Yes,0.86,Synthetic
DOC1173121,C064898,Driving License,DL5388655235,India,2028-09-06,Yes,0.94,Synthetic
DOC2442906,C064898,PAN,AFNAY6335M,India,2035-08-06,Yes,0.98,Synthetic
DOC5827021,C064898,Passport,G5615645,India,2036-03-17,Yes,0.98,Synthetic
DOC6741711,C064898,Utility Bill,UB476718,India,2029-03-01,Yes,0.94,Synthetic
DOC8303846,C065031,Aadhaar,755993311662,UK,2036-02-12,Yes,0.97,Synthetic
DOC5882186,C065031,Driving License,DL5056479188,UK,2028-07-26,Yes,0.97,Synthetic
DOC2395908,C065031,PAN,KNEPD4006C,UK,2030-11-14,Yes,0.92,Synthetic
DOC3589098,C065031,Passport,W1102459,UK,2027-09-10,Yes,0.98,Synthetic
DOC8422451,C065031,Utility Bill,UB821816,UK,2035-01-23,Yes,0.8,Synthetic
DOC6047669,C065042,Aadhaar,571770617805,Iran,2029-04-20,Yes,0.84,Synthetic
DOC7251960,C065042,Driving License,DL6623509261,Iran,2028-02-06,Yes,0.95,Synthetic
DOC8844389,C065042,PAN,MOROW1881L,Iran,2031-07-29,Yes,0.94,Synthetic
DOC9789052,C065042,Passport,P2300118,Iran,2030-06-16,Yes,0.9,Synthetic
DOC4730712,C065042,Utility Bill,UB822062,Iran,2032-02-12,Yes,0.91,Synthetic
DOC4527029,C065234,Aadhaar,589605313230,USA,2035-01-15,Yes,0.86,Synthetic
DOC7511887,C065234,Driving License,DL5206188812,USA,2033-06-20,Yes,0.94,Synthetic
DOC3457410,C065234,PAN,ALAPG1575U,USA,2036-05-30,Yes,0.92,Synthetic
DOC5812716,C065234,Passport,X1457267,USA,2029-08-24,Yes,0.83,Synthetic
DOC6345299,C065234,Utility Bill,UB340399,USA,2036-02-16,Yes,0.95,Synthetic
DOC6640579,C065491,Aadhaar,756918392692,USA,2033-12-01,Yes,0.98,Synthetic
DOC6459979,C065491,Driving License,DL5076334862,USA,2030-05-02,Yes,0.8,Synthetic
DOC6777587,C065491,PAN,FEBGJ1918X,USA,2036-03-05,Yes,0.88,Synthetic
DOC8597785,C065491,Passport,R3652394,USA,2031-02-07,Yes,0.83,Synthetic
DOC3574623,C065491,Utility Bill,UB681598,USA,2033-07-15,No,0.91,Synthetic
DOC7552411,C065523,Aadhaar,664467979111,UK,2032-05-20,Yes,0.96,Synthetic
DOC4641557,C065523,Driving License,DL1267105116,UK,2031-06-06,Yes,0.87,Synthetic
DOC3355624,C065523,PAN,VXMHQ5513G,UK,2029-04-14,No,0.98,Synthetic
DOC1833347,C065523,Passport,Q3016480,UK,2035-01-11,No,0.85,Synthetic
DOC8930331,C065523,Utility Bill,UB480201,UK,2034-12-08,Yes,0.88,Synthetic
DOC1466048,C065567,Aadhaar,404992876549,India,2030-04-25,Yes,0.92,Synthetic
DOC2012772,C065567,Driving License,DL6660026826,India,2036-01-12,Yes,0.98,Synthetic
DOC2237034,C065567,PAN,IVJNT5216Z,India,2033-07-10,Yes,0.8,Synthetic
DOC4932179,C065567,Passport,Y2340268,India,2029-11-04,Yes,0.89,Synthetic
DOC2137593,C065567,Utility Bill,UB864433,India,2036-01-19,Yes,0.84,Synthetic
DOC2560117,C065608,Aadhaar,101786897805,Russia,2031-06-02,Yes,0.82,Synthetic
DOC9139334,C065608,Driving License,DL9785825268,Russia,2029-05-12,Yes,0.85,Synthetic
DOC9922772,C065608,PAN,GEASC5592E,Russia,2030-01-14,Yes,0.93,Synthetic
DOC2221307,C065608,Passport,O2835959,Russia,2028-05-02,Yes,0.94,Synthetic
DOC8013065,C065608,Utility Bill,UB661562,Russia,2033-12-30,Yes,0.94,Synthetic
DOC2248421,C065632,Aadhaar,351889636344,India,2034-02-09,Yes,0.99,Synthetic
DOC9907508,C065632,Driving License,DL4535797679,India,2035-12-09,Yes,0.93,Synthetic
DOC5442160,C065632,PAN,QTVLB7957N,India,2035-10-02,Yes,0.93,Synthetic
DOC2616691,C065632,Passport,R3262366,India,2031-09-18,Yes,0.87,Synthetic
DOC8868948,C065632,Utility Bill,UB982237,India,2030-08-25,Yes,0.97,Synthetic
DOC9366379,C065750,Aadhaar,768125371830,India,2029-09-23,Yes,0.98,Synthetic
DOC5832354,C065750,Driving License,DL3787729965,India,2036-03-15,Yes,0.93,Synthetic
DOC4042147,C065750,PAN,QWIQY4684O,India,2036-05-08,Yes,0.84,Synthetic
DOC3956877,C065750,Passport,O5731332,India,2031-03-08,Yes,0.82,Synthetic
DOC4487787,C065750,Utility Bill,UB567478,India,2030-08-15,Yes,0.88,Synthetic
DOC9376820,C065823,Aadhaar,041225532227,Iran,2034-09-22,Yes,0.84,Synthetic
DOC7691855,C065823,Driving License,DL9597289775,Iran,2032-10-10,Yes,0.94,Synthetic
DOC8824233,C065823,PAN,MKZGQ9544N,Iran,2034-08-11,Yes,0.88,Synthetic
DOC5529576,C065823,Passport,S1844675,Iran,2034-06-04,Yes,0.87,Synthetic
DOC7765129,C065823,Utility Bill,UB700469,Iran,2030-06-30,Yes,0.91,Synthetic
DOC8021439,C065874,Aadhaar,970414314509,Iran,2035-09-28,Yes,0.98,Synthetic
DOC7647639,C065874,Driving License,DL4282116591,Iran,2034-03-29,No,0.95,Synthetic
DOC4525047,C065874,PAN,MOIFZ2264E,Iran,2028-10-24,Yes,0.99,Synthetic
DOC2885839,C065874,Passport,D3191860,Iran,2029-07-12,Yes,0.97,Synthetic
DOC2157304,C065874,Utility Bill,UB291584,Iran,2028-02-20,Yes,0.92,Synthetic
DOC5208278,C065892,Aadhaar,984084626666,Russia,2034-02-20,Yes,0.86,Synthetic
DOC8805169,C065892,Driving License,DL1186166693,Russia,2034-04-15,Yes,0.84,Synthetic
DOC7761398,C065892,PAN,VTJJA1463T,Russia,2034-08-31,No,0.92,Synthetic
DOC7597699,C065892,Passport,P2654042,Russia,2028-10-18,Yes,0.98,Synthetic
DOC7966141,C065892,Utility Bill,UB156774,Russia,2031-10-11,Yes,0.94,Synthetic
DOC7285808,C065919,Aadhaar,774260169141,India,2033-09-17,Yes,0.88,Synthetic
DOC8597127,C065919,Driving License,DL8800344777,India,2034-07-11,Yes,0.94,Synthetic
DOC4043767,C065919,PAN,HAZOH5660Z,India,2029-05-11,Yes,0.86,Synthetic
DOC1212405,C065919,Passport,B5099726,India,2031-06-14,Yes,0.92,Synthetic
DOC7298893,C065919,Utility Bill,UB705261,India,2029-03-11,Yes,0.82,Synthetic
DOC8726511,C066010,Aadhaar,939633312877,UK,2033-07-25,Yes,0.92,Synthetic
DOC3950848,C066010,Driving License,DL5303521800,UK,2030-05-24,Yes,0.81,Synthetic
DOC6281808,C066010,PAN,NUAQD6996M,UK,2034-09-05,Yes,0.85,Synthetic
DOC2414110,C066010,Passport,L4899483,UK,2036-04-15,Yes,0.84,Synthetic
DOC4055991,C066010,Utility Bill,UB412469,UK,2030-12-15,Yes,0.97,Synthetic
DOC9574162,C066140,Aadhaar,910757082913,UK,2030-08-07,Yes,0.97,Synthetic
DOC4705986,C066140,Driving License,DL6198266371,UK,2032-06-25,Yes,0.89,Synthetic
DOC6418889,C066140,PAN,LVSZB8559Y,UK,2033-09-16,Yes,0.92,Synthetic
DOC1521520,C066140,Passport,S3316717,UK,2033-10-30,Yes,0.9,Synthetic
DOC8083125,C066140,Utility Bill,UB743454,UK,2035-06-27,Yes,0.88,Synthetic
DOC4976367,C066253,Aadhaar,837461142885,India,2030-11-13,Yes,0.87,Synthetic
DOC4896478,C066253,Driving License,DL8976890891,India,2028-09-06,No,0.8,Synthetic
DOC5440013,C066253,PAN,EIYNF8055Z,India,2028-05-18,Yes,0.96,Synthetic
DOC1860278,C066253,Passport,Y8445176,India,2035-04-07,Yes,0.87,Synthetic
DOC3575260,C066253,Utility Bill,UB787375,India,2034-01-04,Yes,0.91,Synthetic
DOC2982485,C066365,Aadhaar,785870571690,UK,2030-02-11,Yes,0.92,Synthetic
DOC6522771,C066365,Driving License,DL5646926300,UK,2034-11-09,No,0.95,Synthetic
DOC3126511,C066365,PAN,QEVDI5680B,UK,2029-04-18,Yes,0.93,Synthetic
DOC8842865,C066365,Passport,E8180207,UK,2031-03-27,Yes,0.93,Synthetic
DOC1068338,C066365,Utility Bill,UB855247,UK,2027-09-26,Yes,0.81,Synthetic
DOC8001842,C066449,Aadhaar,087462686229,Iran,2029-04-27,Yes,0.91,Synthetic
DOC2169895,C066449,Driving License,DL9322883423,Iran,2033-09-09,Yes,0.9,Synthetic
DOC5622936,C066449,PAN,YTPOM2356X,Iran,2030-10-22,Yes,0.99,Synthetic
DOC5282785,C066449,Passport,R8307131,Iran,2031-11-26,Yes,0.82,Synthetic
DOC5358637,C066449,Utility Bill,UB550148,Iran,2029-07-15,Yes,0.88,Synthetic
DOC6308627,C066454,Aadhaar,711702486713,Iran,2032-05-05,Yes,0.84,Synthetic
DOC2989920,C066454,Driving License,DL3688485741,Iran,2032-03-05,Yes,0.82,Synthetic
DOC6146708,C066454,PAN,MPTCM3441D,Iran,2033-10-21,Yes,0.99,Synthetic
DOC3737008,C066454,Passport,D6655554,Iran,2028-07-13,No,0.95,Synthetic
DOC9154980,C066454,Utility Bill,UB804318,Iran,2029-05-16,Yes,0.82,Synthetic
DOC4948863,C066631,Aadhaar,846933683481,India,2034-01-30,Yes,0.85,Synthetic
DOC4485219,C066631,Driving License,DL3704013952,India,2033-05-30,Yes,0.86,Synthetic
DOC7335752,C066631,PAN,RPISO2340Z,India,2027-07-07,Yes,0.83,Synthetic
DOC2581028,C066631,Passport,K3579635,India,2033-03-24,Yes,0.87,Synthetic
DOC2705530,C066631,Utility Bill,UB743341,India,2032-02-05,Yes,0.94,Synthetic
DOC1883722,C066761,Aadhaar,433039175220,Russia,2033-12-29,Yes,0.87,Synthetic
DOC6122053,C066761,Driving License,DL4152337051,Russia,2035-02-17,Yes,0.82,Synthetic
DOC5725795,C066761,PAN,UHDWF8020Q,Russia,2031-02-19,Yes,0.9,Synthetic
DOC9466691,C066761,Passport,J4550078,Russia,2027-08-20,Yes,0.99,Synthetic
DOC4374030,C066761,Utility Bill,UB522896,Russia,2029-10-23,Yes,0.98,Synthetic
DOC1259357,C066818,Aadhaar,427706567528,India,2032-09-27,Yes,0.84,Synthetic
DOC6517831,C066818,Driving License,DL9966182742,India,2030-12-03,No,0.97,Synthetic
DOC6596366,C066818,PAN,QLDJA2029O,India,2028-07-15,Yes,0.97,Synthetic
DOC5122501,C066818,Passport,C3618697,India,2034-10-24,Yes,0.84,Synthetic
DOC6841770,C066818,Utility Bill,UB512491,India,2035-03-04,Yes,0.89,Synthetic
DOC3599508,C066843,Aadhaar,061162629803,India,2033-07-19,Yes,0.89,Synthetic
DOC1896876,C066843,Driving License,DL4547773772,India,2032-08-25,Yes,0.86,Synthetic
DOC4829480,C066843,PAN,IINFV1090Q,India,2029-12-20,Yes,0.82,Synthetic
DOC6334355,C066843,Passport,H4915221,India,2035-08-15,No,0.92,Synthetic
DOC6578120,C066843,Utility Bill,UB532004,India,2027-09-17,Yes,0.8,Synthetic
DOC3343364,C066945,Aadhaar,997330076575,USA,2032-04-07,Yes,0.91,Synthetic
DOC4296560,C066945,Driving License,DL2054837018,USA,2029-01-21,Yes,0.95,Synthetic
DOC7136668,C066945,PAN,ZCFLK2539H,USA,2036-01-20,Yes,0.89,Synthetic
DOC9237399,C066945,Passport,S4087180,USA,2029-12-23,Yes,0.9,Synthetic
DOC5753340,C066945,Utility Bill,UB738162,USA,2027-09-22,Yes,0.8,Synthetic
DOC8601278,C067147,Aadhaar,689755552626,India,2036-03-29,Yes,0.86,Synthetic
DOC6563671,C067147,Driving License,DL1312147726,India,2031-08-11,Yes,0.89,Synthetic
DOC2170736,C067147,PAN,FEFOX3293H,India,2031-10-25,Yes,0.92,Synthetic
DOC7201921,C067147,Passport,Y8168375,India,2035-07-17,Yes,0.9,Synthetic
DOC9462573,C067147,Utility Bill,UB322303,India,2032-01-28,Yes,0.87,Synthetic
DOC1263556,C067266,Aadhaar,574142031085,USA,2033-02-22,Yes,0.86,Synthetic
DOC3789842,C067266,Driving License,DL5872050729,USA,2035-03-24,Yes,0.83,Synthetic
DOC9994949,C067266,PAN,CVRKR4695F,USA,2027-10-06,Yes,0.82,Synthetic
DOC1783081,C067266,Passport,Z3585101,USA,2032-12-04,Yes,0.89,Synthetic
DOC4335096,C067266,Utility Bill,UB100727,USA,2030-03-31,Yes,0.94,Synthetic
DOC5235862,C067370,Aadhaar,950886700597,Russia,2028-02-05,Yes,0.98,Synthetic
DOC8162557,C067370,Driving License,DL1843543071,Russia,2030-01-10,Yes,0.85,Synthetic
DOC2736977,C067370,PAN,DVAHP9869Z,Russia,2028-12-10,Yes,0.93,Synthetic
DOC8476947,C067370,Passport,A2769068,Russia,2029-07-08,Yes,0.94,Synthetic
DOC3771031,C067370,Utility Bill,UB429421,Russia,2027-06-26,Yes,0.87,Synthetic
DOC5922017,C067633,Aadhaar,147750824431,UK,2034-08-10,Yes,0.89,Synthetic
DOC4294027,C067633,Driving License,DL9039345884,UK,2033-07-10,Yes,0.9,Synthetic
DOC4370316,C067633,PAN,OTMQK1569O,UK,2032-10-18,Yes,0.83,Synthetic
DOC4917424,C067633,Passport,D6345059,UK,2028-12-20,Yes,0.95,Synthetic
DOC3211739,C067633,Utility Bill,UB238588,UK,2035-01-05,Yes,0.88,Synthetic
DOC1988183,C067662,Aadhaar,467692790455,UK,2033-01-18,Yes,0.92,Synthetic
DOC7454090,C067662,Driving License,DL3112478223,UK,2028-10-31,Yes,0.86,Synthetic
DOC6755790,C067662,PAN,AAAXD7827F,UK,2032-09-12,No,0.94,Synthetic
DOC9561762,C067662,Passport,N5559336,UK,2036-01-25,Yes,0.81,Synthetic
DOC5689318,C067662,Utility Bill,UB514617,UK,2028-01-22,Yes,0.94,Synthetic
DOC8601832,C067731,Aadhaar,843030152898,India,2030-03-25,Yes,0.89,Synthetic
DOC7089943,C067731,Driving License,DL4316628674,India,2029-04-20,Yes,0.94,Synthetic
DOC9362303,C067731,PAN,NFOAG4116S,India,2033-06-26,Yes,0.85,Synthetic
DOC3344222,C067731,Passport,R7819714,India,2036-06-10,Yes,0.98,Synthetic
DOC1265278,C067731,Utility Bill,UB686514,India,2033-03-08,Yes,0.88,Synthetic
DOC9256316,C067765,Aadhaar,016025353009,USA,2029-01-03,Yes,0.9,Synthetic
DOC5621943,C067765,Driving License,DL7281456671,USA,2035-05-02,Yes,0.95,Synthetic
DOC4447220,C067765,PAN,YUNYB6567K,USA,2033-11-26,No,0.86,Synthetic
DOC5483354,C067765,Passport,L8954459,USA,2030-05-12,Yes,0.87,Synthetic
DOC6610157,C067765,Utility Bill,UB361309,USA,2028-02-15,Yes,0.99,Synthetic
DOC9551268,C067816,Aadhaar,584495546332,India,2028-10-12,Yes,0.86,Synthetic
DOC5631789,C067816,Driving License,DL6539079256,India,2033-08-20,Yes,0.81,Synthetic
DOC4685160,C067816,PAN,TGGBA3814J,India,2031-11-10,Yes,0.92,Synthetic
DOC5036823,C067816,Passport,M2299771,India,2033-11-22,Yes,0.9,Synthetic
DOC3761214,C067816,Utility Bill,UB215666,India,2034-12-07,Yes,0.82,Synthetic
DOC9794958,C067955,Aadhaar,928741230733,UK,2035-02-09,Yes,0.87,Synthetic
DOC4026592,C067955,Driving License,DL9566605637,UK,2032-10-10,Yes,0.92,Synthetic
DOC6304565,C067955,PAN,OXVRC4061Q,UK,2034-01-25,Yes,0.98,Synthetic
DOC8202172,C067955,Passport,C5433514,UK,2029-02-13,Yes,0.84,Synthetic
DOC4290006,C067955,Utility Bill,UB712358,UK,2035-08-11,Yes,0.9,Synthetic
DOC6469035,C068012,Aadhaar,452171022475,UK,2032-05-19,Yes,0.84,Synthetic
DOC4600209,C068012,Driving License,DL3902035750,UK,2033-04-10,Yes,0.82,Synthetic
DOC1907209,C068012,PAN,YGTMG7900Q,UK,2029-03-14,Yes,0.98,Synthetic
DOC5068574,C068012,Passport,U4770817,UK,2029-02-12,Yes,0.9,Synthetic
DOC9038890,C068012,Utility Bill,UB764261,UK,2028-10-17,Yes,0.98,Synthetic
DOC9059576,C068321,Aadhaar,788944988688,USA,2028-02-19,Yes,0.88,Synthetic
DOC1682544,C068321,Driving License,DL6353064861,USA,2034-12-02,Yes,0.88,Synthetic
DOC1535410,C068321,PAN,RESYU9560C,USA,2034-10-23,Yes,0.95,Synthetic
DOC7507003,C068321,Passport,B3767001,USA,2035-07-17,Yes,0.86,Synthetic
DOC5494709,C068321,Utility Bill,UB691578,USA,2034-09-23,No,0.9,Synthetic
DOC1204751,C068324,Aadhaar,782521928435,UK,2032-04-25,Yes,0.94,Synthetic
DOC6142249,C068324,Driving License,DL6813646157,UK,2035-01-21,Yes,0.98,Synthetic
DOC3889994,C068324,PAN,HOSZX8160A,UK,2031-05-03,Yes,0.85,Synthetic
DOC7234829,C068324,Passport,D3603511,UK,2028-01-06,Yes,0.92,Synthetic
DOC1441439,C068324,Utility Bill,UB852388,UK,2035-01-29,Yes,0.87,Synthetic
DOC5246674,C068352,Aadhaar,176200828837,Russia,2031-08-14,Yes,0.96,Synthetic
DOC4007834,C068352,Driving License,DL6554504687,Russia,2028-01-26,Yes,0.93,Synthetic
DOC8451829,C068352,PAN,KUKTJ9875L,Russia,2034-07-13,Yes,0.81,Synthetic
DOC8210143,C068352,Passport,S5167123,Russia,2032-11-06,Yes,0.98,Synthetic
DOC7287619,C068352,Utility Bill,UB211306,Russia,2033-01-21,Yes,0.82,Synthetic
DOC1950966,C068464,Aadhaar,471609772164,Iran,2034-09-23,No,0.97,Synthetic
DOC3540463,C068464,Driving License,DL2739459035,Iran,2029-01-01,Yes,0.81,Synthetic
DOC9931511,C068464,PAN,LAJWE7711Z,Iran,2029-08-06,Yes,0.8,Synthetic
DOC4742445,C068464,Passport,M9530763,Iran,2033-07-09,No,0.96,Synthetic
DOC5936072,C068464,Utility Bill,UB236578,Iran,2028-02-17,Yes,0.95,Synthetic
DOC6936482,C068653,Aadhaar,347419623931,USA,2035-11-08,Yes,0.85,Synthetic
DOC9766826,C068653,Driving License,DL3941507703,USA,2035-03-26,Yes,0.91,Synthetic
DOC3168595,C068653,PAN,XTDSG6234E,USA,2031-01-19,Yes,0.81,Synthetic
DOC9667695,C068653,Passport,G7331647,USA,2027-09-09,Yes,0.89,Synthetic
DOC3871224,C068653,Utility Bill,UB592650,USA,2030-01-29,Yes,0.84,Synthetic
DOC2170435,C069024,Aadhaar,766368963193,USA,2033-11-21,Yes,0.8,Synthetic
DOC1675328,C069024,Driving License,DL1133978244,USA,2032-09-05,Yes,0.89,Synthetic
DOC9034582,C069024,PAN,ZAQFD3626V,USA,2029-12-24,Yes,0.88,Synthetic
DOC1574752,C069024,Passport,E2155543,USA,2035-03-23,Yes,0.8,Synthetic
DOC4470319,C069024,Utility Bill,UB606521,USA,2033-09-24,No,0.9,Synthetic
DOC4916084,C069045,Aadhaar,631023419029,USA,2031-02-10,Yes,0.93,Synthetic
DOC6607932,C069045,Driving License,DL1081095664,USA,2030-11-04,Yes,0.88,Synthetic
DOC4454584,C069045,PAN,UMWGQ5545C,USA,2035-08-16,No,0.85,Synthetic
DOC6145893,C069045,Passport,T6049485,USA,2030-08-10,Yes,0.97,Synthetic
DOC2763834,C069045,Utility Bill,UB983386,USA,2034-05-07,Yes,0.88,Synthetic
DOC1644731,C069046,Aadhaar,986722234836,India,2035-02-07,Yes,0.87,Synthetic
DOC1725811,C069046,Driving License,DL4852298576,India,2030-07-28,Yes,0.9,Synthetic
DOC2376042,C069046,PAN,LOZUG2613H,India,2031-11-16,Yes,0.85,Synthetic
DOC6275550,C069046,Passport,O8049807,India,2030-07-04,Yes,0.95,Synthetic
DOC9807874,C069046,Utility Bill,UB315702,India,2028-05-26,Yes,0.84,Synthetic
DOC9759310,C069063,Aadhaar,350098850398,Iran,2036-03-15,Yes,0.91,Synthetic
DOC6541650,C069063,Driving License,DL8814894645,Iran,2034-11-23,Yes,0.84,Synthetic
DOC6868836,C069063,PAN,LFHRU1342L,Iran,2028-01-28,Yes,0.92,Synthetic
DOC9056701,C069063,Passport,F9929548,Iran,2034-06-09,Yes,0.88,Synthetic
DOC1905019,C069063,Utility Bill,UB253927,Iran,2034-09-28,Yes,0.82,Synthetic
DOC9146711,C069102,Aadhaar,776015858241,India,2032-07-26,Yes,0.88,Synthetic
DOC1063555,C069102,Driving License,DL5789925692,India,2032-08-01,Yes,0.9,Synthetic
DOC9615100,C069102,PAN,DRBAO7606V,India,2035-10-06,Yes,0.82,Synthetic
DOC6354408,C069102,Passport,F6891136,India,2030-08-05,Yes,0.97,Synthetic
DOC9263543,C069102,Utility Bill,UB569959,India,2029-03-16,Yes,0.82,Synthetic
DOC9464333,C069247,Aadhaar,202463562135,USA,2028-12-21,Yes,0.83,Synthetic
DOC2778586,C069247,Driving License,DL4169494774,USA,2030-01-19,Yes,0.95,Synthetic
DOC9999430,C069247,PAN,RGKWM6554U,USA,2028-03-14,No,0.86,Synthetic
DOC8681463,C069247,Passport,W2798101,USA,2028-10-03,Yes,0.94,Synthetic
DOC8143171,C069247,Utility Bill,UB463509,USA,2028-04-06,Yes,0.8,Synthetic
DOC1112458,C069381,Aadhaar,423300049985,UK,2034-10-16,Yes,0.87,Synthetic
DOC1434111,C069381,Driving License,DL7688403310,UK,2030-01-26,Yes,0.89,Synthetic
DOC7924760,C069381,PAN,PLWJS3623L,UK,2030-10-17,Yes,0.92,Synthetic
DOC1763766,C069381,Passport,P7505166,UK,2035-09-13,Yes,0.98,Synthetic
DOC3198520,C069381,Utility Bill,UB932888,UK,2029-05-11,Yes,0.83,Synthetic
DOC2127658,C069386,Aadhaar,006226321915,Iran,2032-05-29,Yes,0.96,Synthetic
DOC6024699,C069386,Driving License,DL2179207488,Iran,2029-04-19,Yes,0.89,Synthetic
DOC8298231,C069386,PAN,MAGJH5196B,Iran,2035-06-13,Yes,0.87,Synthetic
DOC3812373,C069386,Passport,K3678186,Iran,2032-10-24,Yes,0.94,Synthetic
DOC2515018,C069386,Utility Bill,UB551496,Iran,2035-02-22,Yes,0.88,Synthetic
DOC2931991,C069413,Aadhaar,560162398397,India,2031-12-30,Yes,0.85,Synthetic
DOC1997958,C069413,Driving License,DL3655695767,India,2035-04-28,Yes,0.89,Synthetic
DOC3403131,C069413,PAN,NBXZH5139Y,India,2036-05-04,Yes,0.81,Synthetic
DOC8621655,C069413,Passport,W2089848,India,2028-05-20,Yes,0.94,Synthetic
DOC6974701,C069413,Utility Bill,UB918298,India,2029-02-10,Yes,0.95,Synthetic
DOC2667708,C069650,Aadhaar,192743210861,USA,2036-05-03,Yes,0.86,Synthetic
DOC6625271,C069650,Driving License,DL8913912007,USA,2031-11-26,Yes,0.82,Synthetic
DOC9033456,C069650,PAN,DPLIH4712Z,USA,2028-02-02,Yes,0.91,Synthetic
DOC5069560,C069650,Passport,B2203269,USA,2034-03-01,Yes,0.92,Synthetic
DOC4975040,C069650,Utility Bill,UB520650,USA,2028-07-25,Yes,0.94,Synthetic
DOC8705193,C069718,Aadhaar,522661044102,Iran,2033-05-06,Yes,0.92,Synthetic
DOC7231749,C069718,Driving License,DL1879028931,Iran,2030-04-13,Yes,0.94,Synthetic
DOC4196086,C069718,PAN,EJQLN4227R,Iran,2028-09-19,Yes,0.98,Synthetic
DOC9736520,C069718,Passport,P3703907,Iran,2034-03-30,Yes,0.89,Synthetic
DOC4531321,C069718,Utility Bill,UB281414,Iran,2029-08-05,Yes,0.9,Synthetic
DOC1131870,C069856,Aadhaar,843381463085,Russia,2028-07-28,Yes,0.93,Synthetic
DOC9268508,C069856,Driving License,DL5833585722,Russia,2027-11-14,Yes,0.95,Synthetic
DOC3443424,C069856,PAN,FJWJQ9152O,Russia,2030-08-04,Yes,0.9,Synthetic
DOC9788268,C069856,Passport,W2555664,Russia,2028-06-21,Yes,0.97,Synthetic
DOC6532619,C069856,Utility Bill,UB350535,Russia,2030-04-13,Yes,0.89,Synthetic
DOC9703432,C069888,Aadhaar,386661574291,USA,2030-01-16,Yes,0.96,Synthetic
DOC5971470,C069888,Driving License,DL5796668868,USA,2028-08-23,Yes,0.93,Synthetic
DOC7490944,C069888,PAN,XWIDU2298J,USA,2030-04-17,Yes,0.85,Synthetic
DOC9680498,C069888,Passport,F8451499,USA,2029-12-31,Yes,0.97,Synthetic
DOC8060540,C069888,Utility Bill,UB327974,USA,2033-12-31,Yes,0.87,Synthetic
DOC8158983,C069930,Aadhaar,090375724693,USA,2028-12-03,Yes,0.93,Synthetic
DOC1554010,C069930,Driving License,DL6822717063,USA,2032-05-05,Yes,0.97,Synthetic
DOC1189892,C069930,PAN,TYSGX9496Z,USA,2027-08-16,Yes,0.92,Synthetic
DOC6512310,C069930,Passport,C4273285,USA,2034-12-23,Yes,0.92,Synthetic
DOC6426871,C069930,Utility Bill,UB641359,USA,2029-01-17,Yes,0.95,Synthetic
DOC2821267,C070187,Aadhaar,894466860379,Iran,2033-08-26,Yes,0.83,Synthetic
DOC8302590,C070187,Driving License,DL7737267742,Iran,2033-03-14,Yes,0.94,Synthetic
DOC3660400,C070187,PAN,TGQJL2671G,Iran,2031-08-09,Yes,0.86,Synthetic
DOC8108968,C070187,Passport,D2601263,Iran,2032-01-11,Yes,0.83,Synthetic
DOC2758729,C070187,Utility Bill,UB198505,Iran,2032-01-10,Yes,0.85,Synthetic
DOC9270348,C070578,Aadhaar,268243728196,USA,2036-05-07,Yes,0.95,Synthetic
DOC2789047,C070578,Driving License,DL8847222219,USA,2030-08-20,Yes,0.96,Synthetic
DOC9350965,C070578,PAN,PMQQI4875J,USA,2032-02-12,Yes,0.93,Synthetic
DOC5852528,C070578,Passport,I3490579,USA,2027-10-28,Yes,0.8,Synthetic
DOC9753658,C070578,Utility Bill,UB464618,USA,2032-04-01,Yes,0.97,Synthetic
DOC9687792,C070891,Aadhaar,869398273980,Iran,2032-11-12,Yes,0.81,Synthetic
DOC4041917,C070891,Driving License,DL6500433997,Iran,2035-04-09,No,0.88,Synthetic
DOC4166419,C070891,PAN,SQFXV2031C,Iran,2033-09-28,Yes,0.83,Synthetic
DOC3317029,C070891,Passport,M9782465,Iran,2036-03-07,Yes,0.98,Synthetic
DOC5527584,C070891,Utility Bill,UB842210,Iran,2035-03-25,Yes,0.96,Synthetic
DOC4175097,C070913,Aadhaar,100700067948,Iran,2036-03-18,Yes,0.83,Synthetic
DOC3219936,C070913,Driving License,DL1982775031,Iran,2031-11-15,Yes,0.88,Synthetic
DOC8093911,C070913,PAN,FTHAE1637M,Iran,2033-11-08,Yes,0.9,Synthetic
DOC6084730,C070913,Passport,Z9598039,Iran,2032-08-25,Yes,0.81,Synthetic
DOC3469506,C070913,Utility Bill,UB298820,Iran,2029-01-30,Yes,0.8,Synthetic
DOC1048739,C071041,Aadhaar,811058058253,UK,2027-11-21,Yes,0.94,Synthetic
DOC5681934,C071041,Driving License,DL6840592467,UK,2027-07-04,Yes,0.83,Synthetic
DOC7937461,C071041,PAN,EWAVB2916A,UK,2028-05-06,Yes,0.81,Synthetic
DOC2753541,C071041,Passport,O6467118,UK,2031-09-02,Yes,0.95,Synthetic
DOC5215366,C071041,Utility Bill,UB937833,UK,2031-03-09,Yes,0.81,Synthetic
DOC8513922,C071115,Aadhaar,955541407276,Iran,2029-03-31,Yes,0.87,Synthetic
DOC7250406,C071115,Driving License,DL3147941648,Iran,2028-02-27,Yes,0.9,Synthetic
DOC1155043,C071115,PAN,JSYFT2948X,Iran,2031-12-06,Yes,0.85,Synthetic
DOC4170582,C071115,Passport,K2772823,Iran,2027-11-25,Yes,0.96,Synthetic
DOC1405895,C071115,Utility Bill,UB761216,Iran,2029-08-08,Yes,0.98,Synthetic
DOC4974100,C071124,Aadhaar,189064009285,UK,2030-11-12,Yes,0.87,Synthetic
DOC7311404,C071124,Driving License,DL6916544608,UK,2036-03-02,Yes,0.99,Synthetic
DOC1269142,C071124,PAN,OTMCA1641I,UK,2034-12-19,Yes,0.96,Synthetic
DOC3635901,C071124,Passport,M5958418,UK,2035-11-03,Yes,0.95,Synthetic
DOC2888465,C071124,Utility Bill,UB780310,UK,2032-02-05,Yes,0.89,Synthetic
DOC5293616,C071132,Aadhaar,582602747671,India,2032-11-21,Yes,0.8,Synthetic
DOC4111368,C071132,Driving License,DL9125445987,India,2033-02-07,Yes,0.99,Synthetic
DOC5573713,C071132,PAN,GRPJA8944M,India,2034-02-13,Yes,0.95,Synthetic
DOC5858728,C071132,Passport,W2110233,India,2028-04-15,Yes,0.94,Synthetic
DOC4206879,C071132,Utility Bill,UB318931,India,2036-03-20,Yes,0.87,Synthetic
DOC5530390,C071396,Aadhaar,950381948431,Russia,2032-07-23,Yes,0.81,Synthetic
DOC4222958,C071396,Driving License,DL3060481414,Russia,2034-08-17,No,0.87,Synthetic
DOC9059726,C071396,PAN,IYDEP3071U,Russia,2032-06-10,No,0.84,Synthetic
DOC1506324,C071396,Passport,V9474167,Russia,2029-09-07,Yes,0.95,Synthetic
DOC9228123,C071396,Utility Bill,UB675999,Russia,2030-01-03,Yes,0.96,Synthetic
DOC7975658,C071557,Aadhaar,532063019998,India,2028-04-23,Yes,0.84,Synthetic
DOC7754854,C071557,Driving License,DL1988957541,India,2031-03-25,Yes,0.9,Synthetic
DOC1400848,C071557,PAN,IZUWP4090Z,India,2029-03-21,Yes,0.95,Synthetic
DOC8959206,C071557,Passport,F5887087,India,2029-02-25,Yes,0.82,Synthetic
DOC9837693,C071557,Utility Bill,UB838262,India,2027-12-18,Yes,0.88,Synthetic
DOC1659007,C071602,Aadhaar,091858929277,Russia,2034-03-09,Yes,0.81,Synthetic
DOC5804380,C071602,Driving License,DL1940958276,Russia,2029-09-17,Yes,0.81,Synthetic
DOC3485220,C071602,PAN,JOWBX7179T,Russia,2036-01-22,Yes,0.91,Synthetic
DOC2311761,C071602,Passport,H8413817,Russia,2032-11-22,No,0.85,Synthetic
DOC1407000,C071602,Utility Bill,UB175342,Russia,2030-09-21,Yes,0.95,Synthetic
DOC8924555,C071613,Aadhaar,501766066142,USA,2035-12-31,Yes,0.91,Synthetic
DOC9949468,C071613,Driving License,DL1493837731,USA,2035-01-30,Yes,0.92,Synthetic
DOC8848611,C071613,PAN,JZYIK5370E,USA,2030-08-27,Yes,0.84,Synthetic
DOC2514852,C071613,Passport,L4456887,USA,2029-03-31,Yes,0.9,Synthetic
DOC3005559,C071613,Utility Bill,UB363264,USA,2032-01-16,No,0.94,Synthetic
DOC8904161,C071639,Aadhaar,167158843102,UK,2033-05-19,Yes,0.87,Synthetic
DOC1615563,C071639,Driving License,DL1727506696,UK,2033-12-20,Yes,0.91,Synthetic
DOC3887833,C071639,PAN,DIRXJ2554I,UK,2029-09-03,Yes,0.97,Synthetic
DOC8512819,C071639,Passport,Z5843732,UK,2029-03-13,Yes,0.85,Synthetic
DOC1996130,C071639,Utility Bill,UB325048,UK,2029-05-01,No,0.96,Synthetic
DOC2786548,C071925,Aadhaar,074289015717,India,2034-12-11,Yes,0.92,Synthetic
DOC9430786,C071925,Driving License,DL8140705122,India,2036-05-26,Yes,0.93,Synthetic
DOC3503298,C071925,PAN,RWHOR9159Q,India,2035-06-02,Yes,0.94,Synthetic
DOC9229937,C071925,Passport,H2383859,India,2028-02-28,Yes,0.95,Synthetic
DOC9260473,C071925,Utility Bill,UB455744,India,2033-02-18,Yes,0.93,Synthetic
DOC8989263,C071942,Aadhaar,864202498587,USA,2030-09-29,Yes,0.83,Synthetic
DOC3200108,C071942,Driving License,DL5769001553,USA,2033-04-21,Yes,0.86,Synthetic
DOC3104390,C071942,PAN,LBZAS7586D,USA,2030-12-31,Yes,0.93,Synthetic
DOC3288200,C071942,Passport,X8061736,USA,2035-05-02,Yes,0.95,Synthetic
DOC8218125,C071942,Utility Bill,UB345931,USA,2032-02-29,Yes,0.96,Synthetic
DOC8591778,C071966,Aadhaar,573696486937,USA,2030-12-02,Yes,0.85,Synthetic
DOC7928080,C071966,Driving License,DL8379141921,USA,2028-11-25,Yes,0.83,Synthetic
DOC8603267,C071966,PAN,QLHFO9753S,USA,2035-11-03,Yes,0.93,Synthetic
DOC2162221,C071966,Passport,R9936302,USA,2029-04-30,Yes,0.91,Synthetic
DOC9747608,C071966,Utility Bill,UB943207,USA,2030-01-13,Yes,0.82,Synthetic
DOC3314229,C072108,Aadhaar,704598903636,India,2032-08-11,Yes,0.93,Synthetic
DOC6461530,C072108,Driving License,DL4780612118,India,2033-10-29,Yes,0.83,Synthetic
DOC4759292,C072108,PAN,OJTEQ9301R,India,2035-06-28,Yes,0.97,Synthetic
DOC2503903,C072108,Passport,W4555344,India,2032-06-27,Yes,0.89,Synthetic
DOC4145793,C072108,Utility Bill,UB195883,India,2032-08-28,Yes,0.92,Synthetic
DOC3308739,C072110,Aadhaar,071504907505,USA,2029-07-08,Yes,0.93,Synthetic
DOC7380292,C072110,Driving License,DL1686133084,USA,2029-04-18,Yes,0.83,Synthetic
DOC3174217,C072110,PAN,ZZYOE8591Y,USA,2035-12-08,Yes,0.83,Synthetic
DOC1574434,C072110,Passport,T4763337,USA,2030-03-12,Yes,0.87,Synthetic
DOC5505191,C072110,Utility Bill,UB614458,USA,2032-11-02,Yes,0.87,Synthetic
DOC4945740,C072203,Aadhaar,324028813926,UK,2034-01-11,Yes,0.85,Synthetic
DOC8851976,C072203,Driving License,DL5763806673,UK,2035-11-14,Yes,0.86,Synthetic
DOC9372413,C072203,PAN,AVFJO7602Z,UK,2028-10-08,Yes,0.89,Synthetic
DOC1204343,C072203,Passport,V8398109,UK,2029-06-14,Yes,0.95,Synthetic
DOC4252299,C072203,Utility Bill,UB517414,UK,2027-12-08,Yes,0.87,Synthetic
DOC7778407,C072336,Aadhaar,433851160600,Iran,2029-02-24,Yes,0.96,Synthetic
DOC5285489,C072336,Driving License,DL9072400481,Iran,2032-05-22,Yes,0.96,Synthetic
DOC8035900,C072336,PAN,CRORI3402F,Iran,2033-01-17,Yes,0.98,Synthetic
DOC1346627,C072336,Passport,L5626052,Iran,2028-05-13,Yes,0.96,Synthetic
DOC8519684,C072336,Utility Bill,UB512976,Iran,2031-09-18,Yes,0.91,Synthetic
DOC3992083,C072530,Aadhaar,866727668438,USA,2036-01-30,Yes,0.88,Synthetic
DOC3112996,C072530,Driving License,DL4677583201,USA,2032-04-26,Yes,0.97,Synthetic
DOC6798164,C072530,PAN,CRLIA7201M,USA,2036-04-03,Yes,0.91,Synthetic
DOC7739723,C072530,Passport,P1517079,USA,2036-06-07,Yes,0.96,Synthetic
DOC9869616,C072530,Utility Bill,UB229745,USA,2029-07-03,Yes,0.84,Synthetic
DOC2102296,C072566,Aadhaar,533978498738,USA,2027-12-13,No,0.84,Synthetic
DOC3081774,C072566,Driving License,DL1073761166,USA,2035-05-23,Yes,0.96,Synthetic
DOC4404872,C072566,PAN,LXTCM7903B,USA,2032-07-10,No,0.83,Synthetic
DOC2002804,C072566,Passport,H7251462,USA,2027-12-06,Yes,0.96,Synthetic
DOC4697072,C072566,Utility Bill,UB262356,USA,2035-11-28,Yes,0.92,Synthetic
DOC1374663,C072685,Aadhaar,119971865444,Russia,2036-02-25,Yes,0.93,Synthetic
DOC9988958,C072685,Driving License,DL5591939153,Russia,2033-03-16,Yes,0.87,Synthetic
DOC3312591,C072685,PAN,EEVCU3450S,Russia,2034-06-20,Yes,0.96,Synthetic
DOC4245058,C072685,Passport,N1565234,Russia,2036-03-16,Yes,0.87,Synthetic
DOC3922997,C072685,Utility Bill,UB235488,Russia,2030-11-21,Yes,0.87,Synthetic
DOC7638447,C072793,Aadhaar,641214160168,UK,2036-06-05,Yes,0.92,Synthetic
DOC1692753,C072793,Driving License,DL9217795428,UK,2027-10-11,Yes,0.86,Synthetic
DOC5710976,C072793,PAN,CVYWI3682W,UK,2036-03-19,Yes,0.98,Synthetic
DOC4419843,C072793,Passport,J6559482,UK,2031-09-28,Yes,0.84,Synthetic
DOC5162854,C072793,Utility Bill,UB308483,UK,2030-03-25,Yes,0.93,Synthetic
DOC2417422,C072849,Aadhaar,586832733213,USA,2030-10-22,Yes,0.97,Synthetic
DOC6246758,C072849,Driving License,DL5605142818,USA,2032-04-29,Yes,0.97,Synthetic
DOC7345258,C072849,PAN,IOEZZ3177F,USA,2034-07-29,No,0.87,Synthetic
DOC8534561,C072849,Passport,Y3267133,USA,2030-07-02,Yes,0.92,Synthetic
DOC4562342,C072849,Utility Bill,UB407427,USA,2032-02-01,Yes,0.86,Synthetic
DOC8400323,C072861,Aadhaar,415538840900,UK,2031-11-20,Yes,0.98,Synthetic
DOC8608356,C072861,Driving License,DL7502051137,UK,2027-06-27,Yes,0.92,Synthetic
DOC9714583,C072861,PAN,XFSSQ1977U,UK,2030-11-05,Yes,0.96,Synthetic
DOC9404936,C072861,Passport,P7593122,UK,2027-12-22,Yes,0.93,Synthetic
DOC3694327,C072861,Utility Bill,UB489507,UK,2034-08-30,No,0.89,Synthetic
DOC2389715,C073113,Aadhaar,123343320669,Iran,2034-05-30,Yes,0.82,Synthetic
DOC5460858,C073113,Driving License,DL1830333612,Iran,2030-06-08,Yes,0.81,Synthetic
DOC5370578,C073113,PAN,HKKMJ7240T,Iran,2033-11-03,Yes,0.9,Synthetic
DOC5961583,C073113,Passport,P9471738,Iran,2028-09-13,Yes,0.98,Synthetic
DOC7698878,C073113,Utility Bill,UB831779,Iran,2032-11-04,Yes,0.98,Synthetic
DOC6789437,C073202,Aadhaar,165433404773,USA,2033-08-03,Yes,0.9,Synthetic
DOC8711671,C073202,Driving License,DL3529853865,USA,2032-09-10,Yes,0.91,Synthetic
DOC3195240,C073202,PAN,ZIBTW5133K,USA,2036-06-02,Yes,0.81,Synthetic
DOC7867906,C073202,Passport,C2738494,USA,2032-09-25,Yes,0.86,Synthetic
DOC1721003,C073202,Utility Bill,UB323856,USA,2030-10-01,Yes,0.84,Synthetic
DOC2997183,C073240,Aadhaar,656369942935,Russia,2035-11-29,Yes,0.81,Synthetic
DOC7613266,C073240,Driving License,DL9076392533,Russia,2033-01-04,Yes,0.92,Synthetic
DOC9931215,C073240,PAN,AEMMA2970H,Russia,2034-03-02,Yes,0.82,Synthetic
DOC7174668,C073240,Passport,H2482526,Russia,2031-04-28,Yes,0.88,Synthetic
DOC9077693,C073240,Utility Bill,UB961041,Russia,2033-06-06,Yes,0.92,Synthetic
DOC1100775,C073275,Aadhaar,596717657094,Iran,2036-05-29,Yes,0.94,Synthetic
DOC6368080,C073275,Driving License,DL2970762134,Iran,2028-11-13,Yes,0.98,Synthetic
DOC5688009,C073275,PAN,TZUHW1643O,Iran,2029-01-27,Yes,0.81,Synthetic
DOC8495721,C073275,Passport,Y6049087,Iran,2036-03-29,Yes,0.93,Synthetic
DOC3706484,C073275,Utility Bill,UB275915,Iran,2033-08-10,Yes,0.99,Synthetic
DOC1698876,C073378,Aadhaar,859045670221,Iran,2036-04-29,Yes,0.87,Synthetic
DOC8754439,C073378,Driving License,DL7560673131,Iran,2027-12-30,Yes,0.94,Synthetic
DOC1398800,C073378,PAN,SSMSE8512S,Iran,2034-07-05,Yes,0.85,Synthetic
DOC4323737,C073378,Passport,J1933971,Iran,2032-09-22,Yes,0.88,Synthetic
DOC3923109,C073378,Utility Bill,UB662490,Iran,2032-05-09,Yes,0.93,Synthetic
DOC2712593,C073422,Aadhaar,168699739358,UK,2036-04-14,Yes,0.91,Synthetic
DOC8343790,C073422,Driving License,DL1489234573,UK,2028-04-02,Yes,0.95,Synthetic
DOC5548396,C073422,PAN,KXVME1257U,UK,2029-08-10,Yes,0.88,Synthetic
DOC5144043,C073422,Passport,T9209672,UK,2033-07-18,Yes,0.97,Synthetic
DOC6976518,C073422,Utility Bill,UB557118,UK,2036-01-07,Yes,0.97,Synthetic
DOC9603295,C073441,Aadhaar,748477902276,Russia,2032-03-26,Yes,0.82,Synthetic
DOC1957348,C073441,Driving License,DL1638529268,Russia,2033-08-23,Yes,0.82,Synthetic
DOC2265512,C073441,PAN,OZEMZ7189U,Russia,2030-05-21,Yes,0.91,Synthetic
DOC7023374,C073441,Passport,B6240112,Russia,2031-05-27,Yes,0.81,Synthetic
DOC9049073,C073441,Utility Bill,UB406075,Russia,2035-10-13,Yes,0.87,Synthetic
DOC5730453,C073478,Aadhaar,716187152751,India,2032-12-01,Yes,0.94,Synthetic
DOC4487231,C073478,Driving License,DL8298895646,India,2033-04-18,Yes,0.87,Synthetic
DOC5111780,C073478,PAN,NUSWX9707T,India,2031-10-05,Yes,0.9,Synthetic
DOC2013196,C073478,Passport,Z3765263,India,2034-08-18,Yes,0.91,Synthetic
DOC5320332,C073478,Utility Bill,UB533422,India,2028-09-03,Yes,0.9,Synthetic
DOC2061396,C073569,Aadhaar,922063742167,Iran,2033-02-01,Yes,0.82,Synthetic
DOC9830440,C073569,Driving License,DL5857947849,Iran,2031-06-13,Yes,0.89,Synthetic
DOC3811992,C073569,PAN,XYLWH7769U,Iran,2028-06-08,Yes,0.9,Synthetic
DOC5823196,C073569,Passport,I7566883,Iran,2032-01-29,Yes,0.83,Synthetic
DOC3674017,C073569,Utility Bill,UB602054,Iran,2029-06-25,Yes,0.91,Synthetic
DOC4498364,C073610,Aadhaar,230815387045,UK,2032-03-10,Yes,0.88,Synthetic
DOC7055498,C073610,Driving License,DL1435645467,UK,2030-01-02,Yes,0.85,Synthetic
DOC2081332,C073610,PAN,OGRPT5601T,UK,2033-04-09,Yes,0.88,Synthetic
DOC3177650,C073610,Passport,G5324633,UK,2029-04-15,Yes,0.82,Synthetic
DOC3354188,C073610,Utility Bill,UB668269,UK,2030-01-24,Yes,0.9,Synthetic
DOC6973601,C073630,Aadhaar,596879360680,USA,2033-01-07,Yes,0.99,Synthetic
DOC3852116,C073630,Driving License,DL9539311675,USA,2030-02-07,No,0.91,Synthetic
DOC3153696,C073630,PAN,LWKVZ6673O,USA,2031-12-15,Yes,0.87,Synthetic
DOC7550304,C073630,Passport,K4821196,USA,2036-03-26,Yes,0.92,Synthetic
DOC8856695,C073630,Utility Bill,UB607238,USA,2033-07-30,Yes,0.85,Synthetic
DOC1366973,C073638,Aadhaar,806436825368,UK,2030-07-24,Yes,0.98,Synthetic
DOC8301143,C073638,Driving License,DL1302383506,UK,2031-11-28,Yes,0.93,Synthetic
DOC3782062,C073638,PAN,QHCAQ2738S,UK,2035-03-15,Yes,0.9,Synthetic
DOC5882704,C073638,Passport,S9506502,UK,2031-10-21,Yes,0.98,Synthetic
DOC7715894,C073638,Utility Bill,UB233304,UK,2031-07-23,Yes,0.85,Synthetic
DOC7246644,C073678,Aadhaar,770442207828,UK,2033-07-30,Yes,0.95,Synthetic
DOC5009826,C073678,Driving License,DL2536383805,UK,2028-03-07,Yes,0.9,Synthetic
DOC7204666,C073678,PAN,PLMQY6901Q,UK,2028-10-14,Yes,0.97,Synthetic
DOC3066762,C073678,Passport,E9026339,UK,2034-12-17,Yes,0.89,Synthetic
DOC6184682,C073678,Utility Bill,UB414607,UK,2031-06-12,Yes,0.98,Synthetic
DOC7766374,C073777,Aadhaar,558439133435,Iran,2028-10-13,Yes,0.87,Synthetic
DOC4184377,C073777,Driving License,DL3418331821,Iran,2031-02-14,Yes,0.93,Synthetic
DOC5829960,C073777,PAN,CYJEQ7605J,Iran,2030-07-27,Yes,0.97,Synthetic
DOC8340960,C073777,Passport,M8139644,Iran,2029-09-13,Yes,0.96,Synthetic
DOC7526778,C073777,Utility Bill,UB547698,Iran,2032-03-24,Yes,0.94,Synthetic
DOC4797944,C074214,Aadhaar,642791969003,USA,2033-08-05,Yes,0.95,Synthetic
DOC8069321,C074214,Driving License,DL1893219958,USA,2030-09-03,Yes,0.87,Synthetic
DOC5441047,C074214,PAN,UWEGZ5080K,USA,2033-09-19,Yes,0.95,Synthetic
DOC2586638,C074214,Passport,C8469308,USA,2028-12-20,No,0.91,Synthetic
DOC9228518,C074214,Utility Bill,UB939161,USA,2035-07-17,Yes,0.96,Synthetic
DOC9259228,C074219,Aadhaar,449804949468,USA,2027-09-21,Yes,0.85,Synthetic
DOC6147773,C074219,Driving License,DL6614358486,USA,2027-07-28,Yes,0.86,Synthetic
DOC8571615,C074219,PAN,QJTYZ8360J,USA,2035-02-10,Yes,0.9,Synthetic
DOC4090867,C074219,Passport,I7495727,USA,2027-12-22,Yes,0.91,Synthetic
DOC3006043,C074219,Utility Bill,UB836666,USA,2028-12-23,Yes,0.94,Synthetic
DOC9766709,C074237,Aadhaar,340583737849,Iran,2029-09-24,Yes,0.93,Synthetic
DOC8293143,C074237,Driving License,DL7058617782,Iran,2031-04-17,Yes,0.95,Synthetic
DOC2860986,C074237,PAN,DGRSO3013Y,Iran,2032-10-18,Yes,0.88,Synthetic
DOC8893012,C074237,Passport,B4688409,Iran,2029-09-11,Yes,0.89,Synthetic
DOC4411872,C074237,Utility Bill,UB751917,Iran,2031-07-09,Yes,0.93,Synthetic
DOC4741004,C074381,Aadhaar,050476116771,India,2032-12-08,Yes,0.83,Synthetic
DOC8740528,C074381,Driving License,DL5664132208,India,2031-10-24,Yes,0.97,Synthetic
DOC9266932,C074381,PAN,SJTVM4815D,India,2032-09-25,Yes,0.83,Synthetic
DOC7115160,C074381,Passport,I7404778,India,2036-05-03,Yes,0.94,Synthetic
DOC1947054,C074381,Utility Bill,UB284488,India,2032-08-26,Yes,0.84,Synthetic
DOC4737700,C074427,Aadhaar,518371487597,USA,2034-03-11,Yes,0.95,Synthetic
DOC1391262,C074427,Driving License,DL6023666537,USA,2031-02-19,Yes,0.89,Synthetic
DOC1397035,C074427,PAN,VQGLT6935T,USA,2028-08-08,Yes,0.91,Synthetic
DOC9826309,C074427,Passport,E2625367,USA,2029-11-30,Yes,0.8,Synthetic
DOC5188560,C074427,Utility Bill,UB524862,USA,2036-01-31,Yes,0.81,Synthetic
DOC8689500,C074480,Aadhaar,252003652460,USA,2029-09-17,Yes,0.94,Synthetic
DOC8138233,C074480,Driving License,DL8063263973,USA,2031-01-14,Yes,0.82,Synthetic
DOC7414477,C074480,PAN,NTKRR6273U,USA,2030-04-15,Yes,0.89,Synthetic
DOC9649037,C074480,Passport,C6812715,USA,2033-11-11,Yes,0.9,Synthetic
DOC5949729,C074480,Utility Bill,UB183819,USA,2027-10-24,Yes,0.81,Synthetic
DOC1777068,C074863,Aadhaar,559371276033,Iran,2033-12-15,Yes,0.96,Synthetic
DOC4207443,C074863,Driving License,DL8024301900,Iran,2030-10-27,Yes,0.95,Synthetic
DOC2509726,C074863,PAN,LOQGP5703Q,Iran,2034-09-14,Yes,0.93,Synthetic
DOC2955189,C074863,Passport,R1991287,Iran,2033-02-12,Yes,0.86,Synthetic
DOC6451232,C074863,Utility Bill,UB656521,Iran,2035-03-18,Yes,0.9,Synthetic
DOC9292762,C074953,Aadhaar,182752515528,USA,2028-02-05,Yes,0.85,Synthetic
DOC4558158,C074953,Driving License,DL5114665152,USA,2035-02-13,Yes,0.85,Synthetic
DOC6198147,C074953,PAN,YJXCC3543D,USA,2028-07-19,Yes,0.94,Synthetic
DOC3215446,C074953,Passport,G4495902,USA,2032-08-29,Yes,0.8,Synthetic
DOC4776573,C074953,Utility Bill,UB910480,USA,2035-10-19,Yes,0.95,Synthetic
DOC1310048,C075082,Aadhaar,232980025765,UK,2036-03-30,Yes,0.95,Synthetic
DOC7336205,C075082,Driving License,DL3816364905,UK,2030-07-05,Yes,0.82,Synthetic
DOC8255477,C075082,PAN,MZKGM3940V,UK,2036-03-29,Yes,0.94,Synthetic
DOC6947352,C075082,Passport,G4230650,UK,2032-01-19,Yes,0.81,Synthetic
DOC4085876,C075082,Utility Bill,UB152874,UK,2028-10-22,Yes,0.81,Synthetic
DOC4460537,C075178,Aadhaar,701690952729,India,2031-12-27,Yes,0.82,Synthetic
DOC8553081,C075178,Driving License,DL2805240959,India,2028-12-19,No,0.91,Synthetic
DOC8340629,C075178,PAN,FBXCS3103J,India,2035-01-20,No,0.81,Synthetic
DOC6105894,C075178,Passport,I4624526,India,2034-10-19,Yes,0.98,Synthetic
DOC8623047,C075178,Utility Bill,UB592084,India,2033-06-26,Yes,0.81,Synthetic
DOC6166253,C075268,Aadhaar,861780601239,Iran,2031-04-24,Yes,0.87,Synthetic
DOC4897314,C075268,Driving License,DL6198796065,Iran,2028-03-19,Yes,0.97,Synthetic
DOC5415550,C075268,PAN,KTPXN5983T,Iran,2033-06-28,Yes,0.86,Synthetic
DOC5033241,C075268,Passport,Y9120600,Iran,2029-06-20,Yes,0.82,Synthetic
DOC7326808,C075268,Utility Bill,UB219281,Iran,2035-06-23,Yes,0.87,Synthetic
DOC1244349,C075270,Aadhaar,601812923552,Iran,2034-04-18,Yes,0.86,Synthetic
DOC5029672,C075270,Driving License,DL3806318316,Iran,2032-09-25,No,0.89,Synthetic
DOC9427327,C075270,PAN,OYDAH1869H,Iran,2027-06-28,Yes,0.96,Synthetic
DOC6495759,C075270,Passport,U2998606,Iran,2029-08-17,Yes,0.89,Synthetic
DOC5118656,C075270,Utility Bill,UB564089,Iran,2035-04-21,Yes,0.82,Synthetic
DOC9611297,C075363,Aadhaar,454562484833,Iran,2036-01-04,No,0.95,Synthetic
DOC3483264,C075363,Driving License,DL5557383732,Iran,2033-12-16,Yes,0.91,Synthetic
DOC4442416,C075363,PAN,NNMIL2165H,Iran,2033-07-03,Yes,0.99,Synthetic
DOC1238763,C075363,Passport,D7586214,Iran,2035-07-30,Yes,0.84,Synthetic
DOC7652045,C075363,Utility Bill,UB429918,Iran,2033-04-27,Yes,0.98,Synthetic
DOC6012665,C075816,Aadhaar,207890422315,USA,2031-06-14,Yes,0.8,Synthetic
DOC9693887,C075816,Driving License,DL1920013309,USA,2029-04-12,Yes,0.97,Synthetic
DOC5959111,C075816,PAN,PBRDW8514R,USA,2032-06-14,Yes,0.95,Synthetic
DOC3432257,C075816,Passport,B3596499,USA,2035-10-12,Yes,0.81,Synthetic
DOC9085944,C075816,Utility Bill,UB476286,USA,2033-09-25,Yes,0.83,Synthetic
DOC1149533,C075832,Aadhaar,620526437421,India,2032-11-03,Yes,0.94,Synthetic
DOC4032773,C075832,Driving License,DL5163565421,India,2035-09-17,Yes,0.85,Synthetic
DOC3342565,C075832,PAN,TZVRP1239I,India,2027-09-08,Yes,0.82,Synthetic
DOC6099402,C075832,Passport,W8355679,India,2031-05-04,Yes,0.98,Synthetic
DOC8771985,C075832,Utility Bill,UB230879,India,2035-06-09,Yes,0.87,Synthetic
DOC6738382,C076056,Aadhaar,101999886045,USA,2029-03-17,Yes,0.86,Synthetic
DOC9658613,C076056,Driving License,DL6440423601,USA,2032-11-18,Yes,0.96,Synthetic
DOC8817245,C076056,PAN,TPGUO9728C,USA,2035-04-06,Yes,0.86,Synthetic
DOC8084795,C076056,Passport,T2539070,USA,2035-02-12,Yes,0.91,Synthetic
DOC9433608,C076056,Utility Bill,UB489252,USA,2030-11-29,Yes,0.87,Synthetic
DOC5596663,C076084,Aadhaar,073412209616,Iran,2034-10-22,Yes,0.82,Synthetic
DOC3701219,C076084,Driving License,DL1591361301,Iran,2032-06-05,Yes,0.83,Synthetic
DOC1398097,C076084,PAN,GUKPI4447D,Iran,2032-08-16,Yes,0.85,Synthetic
DOC1113460,C076084,Passport,C9965191,Iran,2033-04-30,Yes,0.97,Synthetic
DOC7536933,C076084,Utility Bill,UB687766,Iran,2030-03-19,Yes,0.98,Synthetic
DOC2062179,C076123,Aadhaar,882561332473,UK,2030-01-28,Yes,0.97,Synthetic
DOC4739109,C076123,Driving License,DL8071581418,UK,2029-05-23,Yes,0.83,Synthetic
DOC3541034,C076123,PAN,HWKQC8298B,UK,2030-11-05,Yes,0.8,Synthetic
DOC3308713,C076123,Passport,X7099030,UK,2027-11-13,Yes,0.96,Synthetic
DOC2848038,C076123,Utility Bill,UB695341,UK,2030-04-27,Yes,0.9,Synthetic
DOC1018258,C076173,Aadhaar,202783003708,Iran,2027-08-10,Yes,0.94,Synthetic
DOC2415066,C076173,Driving License,DL9810519043,Iran,2032-09-12,Yes,0.91,Synthetic
DOC3369002,C076173,PAN,AWGOP4659F,Iran,2029-09-19,Yes,0.91,Synthetic
DOC1757094,C076173,Passport,Q8586395,Iran,2032-06-06,No,0.86,Synthetic
DOC1292313,C076173,Utility Bill,UB559934,Iran,2035-04-17,Yes,0.87,Synthetic
DOC2637954,C076176,Aadhaar,310286758180,India,2033-11-11,Yes,0.85,Synthetic
DOC8670318,C076176,Driving License,DL9339869890,India,2035-10-29,Yes,0.8,Synthetic
DOC4032113,C076176,PAN,RUXGH3673X,India,2032-07-04,Yes,0.92,Synthetic
DOC3886856,C076176,Passport,H9452058,India,2028-03-31,Yes,0.85,Synthetic
DOC7463853,C076176,Utility Bill,UB892625,India,2029-06-07,Yes,0.98,Synthetic
DOC4925772,C076342,Aadhaar,501311257508,USA,2029-08-09,Yes,0.81,Synthetic
DOC4031097,C076342,Driving License,DL1230618264,USA,2029-03-10,Yes,0.9,Synthetic
DOC3926217,C076342,PAN,DEHCX2963I,USA,2035-04-17,Yes,0.87,Synthetic
DOC8768366,C076342,Passport,J9519305,USA,2032-04-03,Yes,0.97,Synthetic
DOC3828623,C076342,Utility Bill,UB578031,USA,2033-10-05,Yes,0.94,Synthetic
DOC4255570,C076365,Aadhaar,597358988089,Iran,2033-05-14,No,0.96,Synthetic
DOC4032943,C076365,Driving License,DL2026363525,Iran,2030-07-26,Yes,0.94,Synthetic
DOC2497835,C076365,PAN,IVYOD8898U,Iran,2027-07-12,Yes,0.96,Synthetic
DOC9769534,C076365,Passport,J3751728,Iran,2029-10-28,Yes,0.83,Synthetic
DOC5913977,C076365,Utility Bill,UB992903,Iran,2029-10-05,Yes,0.92,Synthetic
DOC7677351,C076517,Aadhaar,959824181858,India,2030-03-01,Yes,0.89,Synthetic
DOC3736069,C076517,Driving License,DL9135400407,India,2032-08-28,Yes,0.9,Synthetic
DOC7309694,C076517,PAN,WECLV9072Q,India,2032-03-11,Yes,0.81,Synthetic
DOC4668523,C076517,Passport,W8218413,India,2029-02-02,Yes,0.91,Synthetic
DOC9283365,C076517,Utility Bill,UB284928,India,2028-12-24,Yes,0.8,Synthetic
DOC8906702,C076623,Aadhaar,961723835683,UK,2032-05-09,Yes,0.85,Synthetic
DOC1267854,C076623,Driving License,DL8462189494,UK,2035-12-17,Yes,0.89,Synthetic
DOC8487002,C076623,PAN,IKMDT3425W,UK,2027-07-31,Yes,0.89,Synthetic
DOC8630080,C076623,Passport,J5100490,UK,2029-04-03,Yes,0.98,Synthetic
DOC2442705,C076623,Utility Bill,UB501857,UK,2028-05-27,Yes,0.95,Synthetic
DOC4495759,C076714,Aadhaar,722796631028,Iran,2030-05-26,Yes,0.81,Synthetic
DOC3500100,C076714,Driving License,DL9594060609,Iran,2032-08-11,Yes,0.86,Synthetic
DOC4945847,C076714,PAN,DEEPQ9099B,Iran,2032-04-16,Yes,0.84,Synthetic
DOC9452773,C076714,Passport,O2973566,Iran,2030-02-10,Yes,0.83,Synthetic
DOC7565656,C076714,Utility Bill,UB199470,Iran,2035-11-20,Yes,0.95,Synthetic
DOC7651220,C076755,Aadhaar,223748500006,USA,2032-06-27,No,0.94,Synthetic
DOC2837288,C076755,Driving License,DL9807059574,USA,2031-08-24,Yes,0.85,Synthetic
DOC7377709,C076755,PAN,JQUHI1698I,USA,2034-03-08,Yes,0.92,Synthetic
DOC7056625,C076755,Passport,D3505017,USA,2028-03-08,Yes,0.93,Synthetic
DOC9095654,C076755,Utility Bill,UB518459,USA,2031-11-24,Yes,0.85,Synthetic
DOC6926872,C076956,Aadhaar,273649161239,Iran,2028-09-07,Yes,0.91,Synthetic
DOC1283393,C076956,Driving License,DL1799456997,Iran,2031-04-09,Yes,0.91,Synthetic
DOC2552633,C076956,PAN,OPANE3625C,Iran,2034-06-13,Yes,0.93,Synthetic
DOC8755191,C076956,Passport,E8388518,Iran,2028-01-06,Yes,0.81,Synthetic
DOC8706281,C076956,Utility Bill,UB474663,Iran,2029-09-23,Yes,0.81,Synthetic
DOC5788303,C077098,Aadhaar,583922689991,Russia,2034-11-27,Yes,0.95,Synthetic
DOC8700808,C077098,Driving License,DL2835242624,Russia,2035-07-07,Yes,0.86,Synthetic
DOC4291906,C077098,PAN,WWYCU2260Y,Russia,2027-12-18,Yes,0.89,Synthetic
DOC2769094,C077098,Passport,F4607526,Russia,2035-04-16,Yes,0.86,Synthetic
DOC5372216,C077098,Utility Bill,UB834578,Russia,2027-11-16,Yes,0.98,Synthetic
DOC3182865,C077105,Aadhaar,905705106443,Iran,2035-11-01,Yes,0.98,Synthetic
DOC4881289,C077105,Driving License,DL9753490415,Iran,2027-09-09,Yes,0.87,Synthetic
DOC9894749,C077105,PAN,OTHAO4768L,Iran,2032-12-12,Yes,0.87,Synthetic
DOC5660021,C077105,Passport,Y9597080,Iran,2029-05-17,Yes,0.8,Synthetic
DOC8559902,C077105,Utility Bill,UB133799,Iran,2027-10-07,Yes,0.89,Synthetic
DOC6906588,C077226,Aadhaar,820689538168,USA,2029-08-02,Yes,0.9,Synthetic
DOC4384297,C077226,Driving License,DL2102391382,USA,2027-07-15,Yes,0.87,Synthetic
DOC4402242,C077226,PAN,JLVMX2507T,USA,2033-06-18,Yes,0.97,Synthetic
DOC1098529,C077226,Passport,G2605242,USA,2036-05-20,Yes,0.83,Synthetic
DOC4645026,C077226,Utility Bill,UB155324,USA,2031-12-30,No,0.81,Synthetic
DOC2615761,C077259,Aadhaar,948503727680,Russia,2035-06-28,Yes,0.91,Synthetic
DOC6118251,C077259,Driving License,DL5386231759,Russia,2031-10-07,Yes,0.85,Synthetic
DOC5738580,C077259,PAN,BPOWE3594T,Russia,2033-05-28,Yes,0.98,Synthetic
DOC6248144,C077259,Passport,S5006243,Russia,2032-10-28,Yes,0.96,Synthetic
DOC7585046,C077259,Utility Bill,UB513743,Russia,2028-09-28,Yes,0.86,Synthetic
DOC8632932,C077275,Aadhaar,118927952743,USA,2031-09-29,Yes,0.88,Synthetic
DOC7684595,C077275,Driving License,DL7676301447,USA,2032-08-29,Yes,0.89,Synthetic
DOC4355700,C077275,PAN,MBAIZ1008Q,USA,2034-06-14,Yes,0.96,Synthetic
DOC6366231,C077275,Passport,O2623960,USA,2031-12-12,Yes,0.94,Synthetic
DOC2243071,C077275,Utility Bill,UB353334,USA,2036-01-31,Yes,0.82,Synthetic
DOC2308126,C077339,Aadhaar,026290715337,Russia,2033-09-14,Yes,0.82,Synthetic
DOC8092714,C077339,Driving License,DL4799945056,Russia,2033-08-23,Yes,0.87,Synthetic
DOC1996289,C077339,PAN,UFJBW2653J,Russia,2030-07-29,Yes,0.97,Synthetic
DOC1357780,C077339,Passport,J7516076,Russia,2035-10-14,Yes,0.95,Synthetic
DOC8492244,C077339,Utility Bill,UB415953,Russia,2035-01-11,Yes,0.88,Synthetic
DOC4484791,C077379,Aadhaar,155904971120,USA,2034-06-01,Yes,0.93,Synthetic
DOC1759975,C077379,Driving License,DL9192126142,USA,2035-04-21,Yes,0.97,Synthetic
DOC8671637,C077379,PAN,CYLOQ6129E,USA,2035-03-27,Yes,0.89,Synthetic
DOC3251811,C077379,Passport,O1984162,USA,2033-09-30,Yes,0.93,Synthetic
DOC5474809,C077379,Utility Bill,UB605663,USA,2033-09-30,Yes,0.9,Synthetic
DOC7875924,C077394,Aadhaar,437517385479,Russia,2034-03-28,Yes,0.95,Synthetic
DOC7871775,C077394,Driving License,DL8546821053,Russia,2035-07-25,Yes,0.93,Synthetic
DOC5060104,C077394,PAN,MSXDU8414W,Russia,2031-11-18,Yes,0.85,Synthetic
DOC5788644,C077394,Passport,S9349683,Russia,2030-01-21,Yes,0.99,Synthetic
DOC1240978,C077394,Utility Bill,UB617961,Russia,2029-06-16,Yes,0.92,Synthetic
DOC6383687,C077549,Aadhaar,623282758838,USA,2034-02-21,Yes,0.9,Synthetic
DOC7628332,C077549,Driving License,DL8842287855,USA,2029-10-31,Yes,0.94,Synthetic
DOC3833101,C077549,PAN,TERWG2330H,USA,2034-06-30,Yes,0.86,Synthetic
DOC2618975,C077549,Passport,J3408242,USA,2030-12-18,Yes,0.97,Synthetic
DOC7452512,C077549,Utility Bill,UB292274,USA,2033-11-13,Yes,0.85,Synthetic
DOC9196778,C077589,Aadhaar,050231893585,Russia,2028-02-18,Yes,0.92,Synthetic
DOC8090722,C077589,Driving License,DL7424484451,Russia,2028-09-19,Yes,0.87,Synthetic
DOC5148042,C077589,PAN,BBZFP9483N,Russia,2030-10-07,Yes,0.87,Synthetic
DOC9018497,C077589,Passport,S2867437,Russia,2028-10-01,Yes,0.87,Synthetic
DOC8783343,C077589,Utility Bill,UB556431,Russia,2028-01-18,Yes,0.98,Synthetic
DOC5493010,C077634,Aadhaar,307232677753,USA,2033-03-12,Yes,0.84,Synthetic
DOC4539519,C077634,Driving License,DL8176442864,USA,2036-04-01,Yes,0.83,Synthetic
DOC2168924,C077634,PAN,KAFQW3291G,USA,2030-10-31,Yes,0.99,Synthetic
DOC3969526,C077634,Passport,N2055499,USA,2028-08-03,Yes,0.97,Synthetic
DOC3308107,C077634,Utility Bill,UB539598,USA,2034-06-16,Yes,0.9,Synthetic
DOC3231474,C077654,Aadhaar,712675207139,Russia,2032-12-08,Yes,0.82,Synthetic
DOC9026856,C077654,Driving License,DL5412401559,Russia,2032-01-07,Yes,0.87,Synthetic
DOC5899558,C077654,PAN,RNVFF8461N,Russia,2031-01-27,Yes,0.87,Synthetic
DOC6795245,C077654,Passport,J4105272,Russia,2033-08-20,Yes,0.93,Synthetic
DOC2273348,C077654,Utility Bill,UB800887,Russia,2031-03-25,Yes,0.9,Synthetic
DOC4852132,C077708,Aadhaar,245211781419,USA,2030-02-14,Yes,0.91,Synthetic
DOC6683282,C077708,Driving License,DL1760559249,USA,2029-09-29,Yes,0.87,Synthetic
DOC8934319,C077708,PAN,BBRAS8708J,USA,2029-07-07,Yes,0.91,Synthetic
DOC6034596,C077708,Passport,Z7437005,USA,2032-05-04,Yes,0.97,Synthetic
DOC3063490,C077708,Utility Bill,UB592000,USA,2029-05-11,Yes,0.93,Synthetic
DOC8234613,C077731,Aadhaar,341365324179,India,2029-02-21,Yes,0.95,Synthetic
DOC2712548,C077731,Driving License,DL6225358647,India,2030-06-06,Yes,0.8,Synthetic
DOC3505979,C077731,PAN,HKGEG2131H,India,2033-06-28,Yes,0.98,Synthetic
DOC8451753,C077731,Passport,B6514632,India,2032-01-15,Yes,0.82,Synthetic
DOC2391512,C077731,Utility Bill,UB702166,India,2031-08-14,Yes,0.9,Synthetic
DOC5292633,C077832,Aadhaar,599244111330,India,2030-07-13,Yes,0.96,Synthetic
DOC5297436,C077832,Driving License,DL1730049921,India,2032-07-01,Yes,0.86,Synthetic
DOC4120946,C077832,PAN,HASZU6575K,India,2028-08-30,Yes,0.82,Synthetic
DOC4519435,C077832,Passport,X3666268,India,2032-10-29,Yes,0.86,Synthetic
DOC9815891,C077832,Utility Bill,UB739062,India,2034-01-16,Yes,0.83,Synthetic
DOC5854165,C077847,Aadhaar,651615567644,USA,2029-05-30,Yes,0.91,Synthetic
DOC6327786,C077847,Driving License,DL9429405238,USA,2030-06-25,Yes,0.83,Synthetic
DOC4198657,C077847,PAN,JUJGN7137U,USA,2034-05-05,Yes,0.97,Synthetic
DOC1684772,C077847,Passport,F4682182,USA,2035-08-30,Yes,0.95,Synthetic
DOC8826083,C077847,Utility Bill,UB679821,USA,2032-05-07,Yes,0.84,Synthetic
DOC2590874,C077977,Aadhaar,177400416054,USA,2033-03-20,Yes,0.97,Synthetic
DOC4777199,C077977,Driving License,DL9560489641,USA,2035-10-28,Yes,0.82,Synthetic
DOC5127755,C077977,PAN,TASHZ7173P,USA,2029-01-15,Yes,0.89,Synthetic
DOC4522701,C077977,Passport,U5218523,USA,2032-08-04,Yes,0.87,Synthetic
DOC1718496,C077977,Utility Bill,UB892276,USA,2027-09-05,Yes,0.93,Synthetic
DOC8805981,C077988,Aadhaar,310566014171,India,2032-12-14,Yes,0.84,Synthetic
DOC1766474,C077988,Driving License,DL1003971014,India,2029-10-22,Yes,0.89,Synthetic
DOC6737003,C077988,PAN,XXJIH5951X,India,2032-09-05,Yes,0.95,Synthetic
DOC1775924,C077988,Passport,I7625588,India,2035-03-07,Yes,0.97,Synthetic
DOC9076557,C077988,Utility Bill,UB364679,India,2032-05-02,Yes,0.82,Synthetic
DOC6920071,C078019,Aadhaar,492615324768,Russia,2033-02-21,Yes,0.89,Synthetic
DOC6235571,C078019,Driving License,DL4187272255,Russia,2028-07-12,Yes,0.91,Synthetic
DOC3380278,C078019,PAN,XHCOP8232S,Russia,2031-01-18,Yes,0.9,Synthetic
DOC2335420,C078019,Passport,T8842658,Russia,2032-05-05,Yes,0.94,Synthetic
DOC9335429,C078019,Utility Bill,UB786826,Russia,2031-11-07,Yes,0.84,Synthetic
DOC1351458,C078065,Aadhaar,031556811745,Iran,2031-04-01,Yes,0.97,Synthetic
DOC6274598,C078065,Driving License,DL5838671423,Iran,2034-01-18,Yes,0.82,Synthetic
DOC6066069,C078065,PAN,SLKMY1770Q,Iran,2033-11-15,Yes,0.98,Synthetic
DOC6133337,C078065,Passport,R8305031,Iran,2034-07-17,Yes,0.98,Synthetic
DOC1294088,C078065,Utility Bill,UB556574,Iran,2028-03-05,Yes,0.88,Synthetic
DOC5249415,C078097,Aadhaar,558982185879,Russia,2028-11-16,Yes,0.93,Synthetic
DOC8993384,C078097,Driving License,DL3301844700,Russia,2028-09-09,Yes,0.86,Synthetic
DOC2077739,C078097,PAN,XCKPQ1661W,Russia,2029-10-16,Yes,0.89,Synthetic
DOC4942363,C078097,Passport,X8648551,Russia,2033-10-23,Yes,0.85,Synthetic
DOC7527589,C078097,Utility Bill,UB844102,Russia,2035-04-07,Yes,0.95,Synthetic
DOC5191594,C078110,Aadhaar,454288207692,Iran,2034-09-07,Yes,0.83,Synthetic
DOC7836257,C078110,Driving License,DL5782175405,Iran,2034-09-14,Yes,0.83,Synthetic
DOC9241502,C078110,PAN,THBJD9105G,Iran,2028-12-21,Yes,0.94,Synthetic
DOC1900495,C078110,Passport,I2576110,Iran,2031-01-30,Yes,0.88,Synthetic
DOC2323676,C078110,Utility Bill,UB410678,Iran,2028-12-21,Yes,0.96,Synthetic
DOC3576818,C078279,Aadhaar,642455511217,Iran,2030-04-01,Yes,0.9,Synthetic
DOC4804120,C078279,Driving License,DL6826404012,Iran,2028-02-29,Yes,0.84,Synthetic
DOC2984895,C078279,PAN,KCGPS9650C,Iran,2033-12-04,Yes,0.94,Synthetic
DOC7621158,C078279,Passport,R6149618,Iran,2029-04-27,Yes,0.9,Synthetic
DOC1853800,C078279,Utility Bill,UB927730,Iran,2036-01-18,Yes,0.96,Synthetic
DOC5212239,C078343,Aadhaar,516133039601,Russia,2034-05-22,Yes,0.86,Synthetic
DOC4840534,C078343,Driving License,DL9357372950,Russia,2029-10-23,Yes,0.93,Synthetic
DOC9054578,C078343,PAN,XBSZK4233N,Russia,2028-12-14,Yes,0.95,Synthetic
DOC3812358,C078343,Passport,R4565347,Russia,2031-04-03,Yes,0.99,Synthetic
DOC8168650,C078343,Utility Bill,UB669917,Russia,2029-02-04,Yes,0.93,Synthetic
DOC3165150,C078379,Aadhaar,598082677355,UK,2028-08-15,Yes,0.81,Synthetic
DOC6859714,C078379,Driving License,DL3196185281,UK,2032-05-11,No,0.87,Synthetic
DOC3442037,C078379,PAN,TVQGI6856G,UK,2028-01-15,Yes,0.8,Synthetic
DOC9960271,C078379,Passport,C8660228,UK,2027-08-01,Yes,0.96,Synthetic
DOC1106017,C078379,Utility Bill,UB309574,UK,2029-07-09,Yes,0.96,Synthetic
DOC9432763,C078522,Aadhaar,981990753964,India,2033-01-19,Yes,0.97,Synthetic
DOC1973713,C078522,Driving License,DL2661579796,India,2032-08-11,Yes,0.84,Synthetic
DOC3180508,C078522,PAN,VNOBX8000I,India,2032-03-04,Yes,0.96,Synthetic
DOC2043412,C078522,Passport,E8942975,India,2035-04-22,No,0.84,Synthetic
DOC4223266,C078522,Utility Bill,UB184154,India,2030-10-21,Yes,0.87,Synthetic
DOC4604215,C078735,Aadhaar,817307146275,Iran,2033-04-11,Yes,0.89,Synthetic
DOC6526244,C078735,Driving License,DL9736455847,Iran,2029-10-11,Yes,0.81,Synthetic
DOC1514794,C078735,PAN,BWTYJ7775D,Iran,2028-05-26,Yes,0.84,Synthetic
DOC6403148,C078735,Passport,Z1886365,Iran,2030-05-02,Yes,0.87,Synthetic
DOC5381296,C078735,Utility Bill,UB320308,Iran,2036-04-19,Yes,0.97,Synthetic
DOC8212381,C078761,Aadhaar,422447157400,USA,2029-02-12,Yes,0.98,Synthetic
DOC5404428,C078761,Driving License,DL2420922280,USA,2035-12-24,Yes,0.98,Synthetic
DOC6330977,C078761,PAN,URNAF3196H,USA,2032-05-07,Yes,0.96,Synthetic
DOC2795041,C078761,Passport,D8834423,USA,2030-12-16,Yes,0.94,Synthetic
DOC4835422,C078761,Utility Bill,UB889849,USA,2030-08-03,Yes,0.91,Synthetic
DOC3580524,C078803,Aadhaar,348654555925,USA,2031-07-11,Yes,0.89,Synthetic
DOC6124305,C078803,Driving License,DL2301426321,USA,2028-09-05,Yes,0.93,Synthetic
DOC9966586,C078803,PAN,QRFFA6659B,USA,2034-10-09,Yes,0.9,Synthetic
DOC4816992,C078803,Passport,C2332299,USA,2033-08-15,Yes,0.89,Synthetic
DOC7034205,C078803,Utility Bill,UB190877,USA,2032-11-19,Yes,0.83,Synthetic
DOC3791351,C078828,Aadhaar,924569125738,India,2036-05-30,Yes,0.92,Synthetic
DOC6144714,C078828,Driving License,DL6536374500,India,2030-08-28,Yes,0.93,Synthetic
DOC7891444,C078828,PAN,AAZEZ3072H,India,2033-08-23,Yes,0.87,Synthetic
DOC9775434,C078828,Passport,Z1788581,India,2033-06-03,Yes,0.92,Synthetic
DOC2110283,C078828,Utility Bill,UB945693,India,2029-11-01,Yes,0.89,Synthetic
DOC8510218,C078915,Aadhaar,664011381952,USA,2034-04-22,Yes,0.81,Synthetic
DOC9758590,C078915,Driving License,DL1833406007,USA,2030-02-23,Yes,0.81,Synthetic
DOC1264823,C078915,PAN,WCBZN1227R,USA,2030-06-09,Yes,0.83,Synthetic
DOC1178878,C078915,Passport,J9247694,USA,2028-02-13,Yes,0.84,Synthetic
DOC3436981,C078915,Utility Bill,UB137637,USA,2028-12-12,Yes,0.96,Synthetic
DOC4818242,C078971,Aadhaar,739740198940,India,2036-04-26,Yes,0.93,Synthetic
DOC1391756,C078971,Driving License,DL8235985824,India,2032-01-05,Yes,0.91,Synthetic
DOC3748452,C078971,PAN,LXCWZ4720K,India,2033-01-08,Yes,0.98,Synthetic
DOC3772284,C078971,Passport,G5186903,India,2033-04-10,Yes,0.96,Synthetic
DOC6060258,C078971,Utility Bill,UB488586,India,2035-04-08,Yes,0.8,Synthetic
DOC6993776,C078989,Aadhaar,652706953978,India,2034-09-19,Yes,0.97,Synthetic
DOC5652543,C078989,Driving License,DL8703752044,India,2030-12-21,Yes,0.95,Synthetic
DOC7734251,C078989,PAN,JVBEQ4677T,India,2027-07-05,Yes,0.81,Synthetic
DOC2268109,C078989,Passport,H6206626,India,2033-03-03,Yes,0.89,Synthetic
DOC9558397,C078989,Utility Bill,UB560338,India,2029-03-15,Yes,0.99,Synthetic
DOC8718907,C079266,Aadhaar,808313417929,UK,2034-05-01,Yes,0.85,Synthetic
DOC3429915,C079266,Driving License,DL8427002299,UK,2031-01-15,Yes,0.84,Synthetic
DOC1784715,C079266,PAN,LIQGL9846K,UK,2033-04-17,Yes,0.81,Synthetic
DOC2579543,C079266,Passport,H1950929,UK,2031-08-20,Yes,0.93,Synthetic
DOC4757805,C079266,Utility Bill,UB905371,UK,2029-12-09,Yes,0.96,Synthetic
DOC1093512,C079270,Aadhaar,886893973693,Russia,2032-02-15,No,0.95,Synthetic
DOC9198935,C079270,Driving License,DL8727769641,Russia,2031-01-08,Yes,0.94,Synthetic
DOC8869401,C079270,PAN,BHVOU2213D,Russia,2033-04-19,Yes,0.87,Synthetic
DOC4045068,C079270,Passport,L6842660,Russia,2030-06-15,Yes,0.88,Synthetic
DOC3431680,C079270,Utility Bill,UB565407,Russia,2028-01-12,Yes,0.84,Synthetic
DOC7665628,C079319,Aadhaar,138200625194,Iran,2030-10-25,Yes,0.98,Synthetic
DOC7359047,C079319,Driving License,DL6844322358,Iran,2034-02-12,No,0.9,Synthetic
DOC7834663,C079319,PAN,VNGQT5987A,Iran,2029-03-15,Yes,0.88,Synthetic
DOC1064276,C079319,Passport,D1354419,Iran,2029-06-04,Yes,0.89,Synthetic
DOC5659352,C079319,Utility Bill,UB398223,Iran,2030-08-27,Yes,0.9,Synthetic
DOC3139746,C079697,Aadhaar,251812711729,Iran,2036-04-21,Yes,0.85,Synthetic
DOC2312089,C079697,Driving License,DL3071918189,Iran,2028-09-30,Yes,0.88,Synthetic
DOC3003366,C079697,PAN,IPGLA7468W,Iran,2034-12-26,Yes,0.96,Synthetic
DOC8122984,C079697,Passport,Y8905073,Iran,2033-03-08,Yes,0.92,Synthetic
DOC6416789,C079697,Utility Bill,UB480682,Iran,2029-06-03,Yes,0.97,Synthetic
DOC6517406,C079742,Aadhaar,430296258168,USA,2030-04-29,Yes,0.81,Synthetic
DOC8570357,C079742,Driving License,DL4198580038,USA,2027-09-07,Yes,0.84,Synthetic
DOC9452940,C079742,PAN,VSWGP5858D,USA,2028-06-30,Yes,0.94,Synthetic
DOC1443766,C079742,Passport,Y8804200,USA,2033-06-11,No,0.91,Synthetic
DOC4847890,C079742,Utility Bill,UB262976,USA,2027-07-21,Yes,0.81,Synthetic
DOC7945773,C079745,Aadhaar,500191338606,USA,2029-02-09,Yes,0.84,Synthetic
DOC6737387,C079745,Driving License,DL8771663356,USA,2034-02-05,Yes,0.84,Synthetic
DOC2724314,C079745,PAN,MNSIC5070V,USA,2032-11-07,No,0.83,Synthetic
DOC4374313,C079745,Passport,O5191415,USA,2029-05-28,Yes,0.88,Synthetic
DOC3670383,C079745,Utility Bill,UB542232,USA,2031-12-24,Yes,0.8,Synthetic
DOC5206143,C079767,Aadhaar,758314288030,Iran,2032-04-14,Yes,0.85,Synthetic
DOC3835690,C079767,Driving License,DL6615322746,Iran,2034-02-21,Yes,0.87,Synthetic
DOC8737860,C079767,PAN,BUNVE9238I,Iran,2030-06-09,Yes,0.91,Synthetic
DOC2523291,C079767,Passport,Y3982640,Iran,2036-02-09,No,0.82,Synthetic
DOC4396027,C079767,Utility Bill,UB681483,Iran,2034-11-26,Yes,0.87,Synthetic
DOC3829464,C079836,Aadhaar,629328484715,India,2034-07-25,Yes,0.81,Synthetic
DOC2034395,C079836,Driving License,DL2033206508,India,2029-03-12,Yes,0.86,Synthetic
DOC9443637,C079836,PAN,WNWZQ8987F,India,2032-06-04,Yes,0.83,Synthetic
DOC8879247,C079836,Passport,I3094340,India,2029-11-23,Yes,0.82,Synthetic
DOC5548604,C079836,Utility Bill,UB699061,India,2027-10-30,Yes,0.9,Synthetic
DOC2687061,C079878,Aadhaar,184567962093,Russia,2030-09-29,Yes,0.88,Synthetic
DOC4902222,C079878,Driving License,DL5506883238,Russia,2031-12-14,Yes,0.86,Synthetic
DOC8241518,C079878,PAN,JZABI8121T,Russia,2032-03-04,Yes,0.82,Synthetic
DOC9702959,C079878,Passport,Z1391701,Russia,2036-05-20,Yes,0.99,Synthetic
DOC8216326,C079878,Utility Bill,UB500244,Russia,2028-05-25,Yes,0.99,Synthetic
DOC9400774,C079949,Aadhaar,363174830836,Iran,2029-12-15,Yes,0.87,Synthetic
DOC7947010,C079949,Driving License,DL6836237889,Iran,2035-03-19,Yes,0.91,Synthetic
DOC1875903,C079949,PAN,RKPIE3422R,Iran,2035-05-26,Yes,0.93,Synthetic
DOC3868629,C079949,Passport,W3787173,Iran,2030-11-28,Yes,0.93,Synthetic
DOC5495078,C079949,Utility Bill,UB503497,Iran,2036-02-16,Yes,0.86,Synthetic
DOC9620013,C079952,Aadhaar,278190540613,India,2032-11-25,Yes,0.86,Synthetic
DOC9314150,C079952,Driving License,DL5888372273,India,2034-12-28,Yes,0.88,Synthetic
DOC5931243,C079952,PAN,PNRXA6032S,India,2031-04-02,Yes,0.86,Synthetic
DOC5081753,C079952,Passport,Y7080813,India,2031-01-05,Yes,0.96,Synthetic
DOC8163829,C079952,Utility Bill,UB887738,India,2027-10-02,Yes,0.95,Synthetic
DOC1039624,C079984,Aadhaar,793696979144,India,2028-06-16,Yes,0.9,Synthetic
DOC1766779,C079984,Driving License,DL5072371560,India,2032-08-09,Yes,0.86,Synthetic
DOC3201975,C079984,PAN,QHOUY5682G,India,2028-08-18,Yes,0.89,Synthetic
DOC3259908,C079984,Passport,O7521511,India,2035-04-10,Yes,0.8,Synthetic
DOC2304369,C079984,Utility Bill,UB694863,India,2034-03-07,Yes,0.92,Synthetic
DOC8069547,C080011,Aadhaar,677829715729,UK,2035-06-13,Yes,0.91,Synthetic
DOC9485043,C080011,Driving License,DL2622731963,UK,2030-02-20,Yes,0.92,Synthetic
DOC3951929,C080011,PAN,BAUTU1485X,UK,2032-08-31,Yes,0.88,Synthetic
DOC8070537,C080011,Passport,U9387027,UK,2031-02-06,Yes,0.83,Synthetic
DOC8056619,C080011,Utility Bill,UB592183,UK,2030-04-01,No,0.85,Synthetic
DOC3792693,C080029,Aadhaar,013546951706,UK,2036-03-20,No,0.82,Synthetic
DOC9131375,C080029,Driving License,DL8973215405,UK,2032-01-01,Yes,0.97,Synthetic
DOC1534985,C080029,PAN,CARKW3102G,UK,2030-11-08,Yes,0.81,Synthetic
DOC1030350,C080029,Passport,O5505379,UK,2036-05-26,Yes,0.94,Synthetic
DOC4288641,C080029,Utility Bill,UB425882,UK,2033-07-14,Yes,0.95,Synthetic
DOC8906303,C080160,Aadhaar,241675821581,USA,2032-11-30,Yes,0.88,Synthetic
DOC4605834,C080160,Driving License,DL5363768742,USA,2030-04-08,Yes,0.85,Synthetic
DOC6270199,C080160,PAN,JYGFR8664I,USA,2028-08-16,No,0.95,Synthetic
DOC1694727,C080160,Passport,H6812639,USA,2030-07-29,Yes,0.99,Synthetic
DOC4157335,C080160,Utility Bill,UB262236,USA,2035-07-05,Yes,0.91,Synthetic
DOC8861909,C080187,Aadhaar,446073855303,UK,2029-03-18,Yes,0.98,Synthetic
DOC6107895,C080187,Driving License,DL7813905017,UK,2035-12-27,Yes,0.91,Synthetic
DOC3989837,C080187,PAN,KOAPJ1485Y,UK,2029-07-07,Yes,0.86,Synthetic
DOC3070089,C080187,Passport,Q9793832,UK,2033-10-06,Yes,0.96,Synthetic
DOC6672689,C080187,Utility Bill,UB388032,UK,2032-12-05,Yes,0.92,Synthetic
DOC6109458,C080240,Aadhaar,593749564275,India,2035-07-14,Yes,0.97,Synthetic
DOC3827833,C080240,Driving License,DL6756097910,India,2035-10-20,Yes,0.93,Synthetic
DOC9592798,C080240,PAN,DVGON5480S,India,2031-03-29,Yes,0.89,Synthetic
DOC6042667,C080240,Passport,K5716717,India,2029-05-06,Yes,0.87,Synthetic
DOC6950654,C080240,Utility Bill,UB952705,India,2030-07-24,Yes,0.82,Synthetic
DOC9070977,C080288,Aadhaar,964000312614,USA,2033-06-13,Yes,0.88,Synthetic
DOC7468951,C080288,Driving License,DL2879099127,USA,2035-11-27,Yes,0.88,Synthetic
DOC4103536,C080288,PAN,AJOJM5743T,USA,2030-08-20,Yes,0.88,Synthetic
DOC7066065,C080288,Passport,O8856446,USA,2029-03-08,Yes,0.98,Synthetic
DOC6540144,C080288,Utility Bill,UB554456,USA,2035-10-13,Yes,0.89,Synthetic
DOC7554155,C080703,Aadhaar,033048936917,UK,2028-10-17,Yes,0.91,Synthetic
DOC4049113,C080703,Driving License,DL5705053492,UK,2031-12-24,Yes,0.92,Synthetic
DOC7568250,C080703,PAN,QXYYS4251R,UK,2035-12-02,Yes,0.86,Synthetic
DOC3758245,C080703,Passport,Q7097003,UK,2035-02-15,Yes,0.85,Synthetic
DOC2392928,C080703,Utility Bill,UB128171,UK,2034-02-03,Yes,0.96,Synthetic
DOC2516577,C080723,Aadhaar,323136880548,India,2031-02-10,No,0.91,Synthetic
DOC9860112,C080723,Driving License,DL7718044305,India,2034-01-29,Yes,0.9,Synthetic
DOC3215983,C080723,PAN,ZNQTJ6684P,India,2032-03-14,Yes,0.87,Synthetic
DOC9354677,C080723,Passport,Q2185478,India,2031-12-12,Yes,0.86,Synthetic
DOC1279220,C080723,Utility Bill,UB347584,India,2034-04-01,Yes,0.91,Synthetic
DOC9958046,C081239,Aadhaar,366281764798,UK,2029-07-24,Yes,0.93,Synthetic
DOC6710182,C081239,Driving License,DL8524717592,UK,2033-02-21,Yes,0.94,Synthetic
DOC3059837,C081239,PAN,TBRAV8632I,UK,2028-08-12,Yes,0.85,Synthetic
DOC1157021,C081239,Passport,O5266994,UK,2036-01-17,Yes,0.93,Synthetic
DOC2861569,C081239,Utility Bill,UB863622,UK,2032-10-09,Yes,0.94,Synthetic
DOC1733013,C081260,Aadhaar,542089011979,Iran,2036-02-11,Yes,0.98,Synthetic
DOC7375962,C081260,Driving License,DL7941301923,Iran,2036-05-09,Yes,0.94,Synthetic
DOC5731020,C081260,PAN,EEVMF4426L,Iran,2028-12-15,Yes,0.83,Synthetic
DOC8673572,C081260,Passport,A8606550,Iran,2033-04-16,Yes,0.95,Synthetic
DOC7916562,C081260,Utility Bill,UB818203,Iran,2028-08-22,Yes,0.98,Synthetic
DOC9232372,C081468,Aadhaar,430410488070,UK,2034-10-21,Yes,0.97,Synthetic
DOC2726585,C081468,Driving License,DL3091382056,UK,2028-10-01,Yes,0.82,Synthetic
DOC6549402,C081468,PAN,DACBS5075C,UK,2034-10-28,Yes,0.96,Synthetic
DOC5042837,C081468,Passport,Y7116474,UK,2035-02-28,Yes,0.98,Synthetic
DOC7823373,C081468,Utility Bill,UB500589,UK,2032-05-31,Yes,0.98,Synthetic
DOC9208129,C081476,Aadhaar,426527204557,India,2036-03-14,Yes,0.89,Synthetic
DOC6298597,C081476,Driving License,DL1361646246,India,2033-10-13,Yes,0.9,Synthetic
DOC2006284,C081476,PAN,FGVZW6770S,India,2028-02-07,Yes,0.83,Synthetic
DOC9390425,C081476,Passport,D5257951,India,2031-09-22,Yes,0.91,Synthetic
DOC6830511,C081476,Utility Bill,UB880121,India,2036-01-08,Yes,0.82,Synthetic
DOC3253581,C081499,Aadhaar,543269186236,India,2027-12-05,Yes,0.94,Synthetic
DOC2645204,C081499,Driving License,DL7806948399,India,2033-05-25,Yes,0.92,Synthetic
DOC2108002,C081499,PAN,DIHOD6624J,India,2031-05-19,Yes,0.85,Synthetic
DOC4517111,C081499,Passport,O9748718,India,2028-03-28,Yes,0.83,Synthetic
DOC4751769,C081499,Utility Bill,UB645795,India,2030-07-03,Yes,0.88,Synthetic
DOC3494619,C081870,Aadhaar,730654056971,Russia,2031-06-15,Yes,0.97,Synthetic
DOC5540738,C081870,Driving License,DL3146051717,Russia,2028-09-11,Yes,0.81,Synthetic
DOC6276137,C081870,PAN,MFYIJ9288J,Russia,2031-11-15,Yes,0.92,Synthetic
DOC4545068,C081870,Passport,L1794622,Russia,2034-03-29,Yes,0.96,Synthetic
DOC6231288,C081870,Utility Bill,UB228082,Russia,2028-05-29,Yes,0.92,Synthetic
DOC2737267,C081874,Aadhaar,871744143995,India,2028-04-12,Yes,0.91,Synthetic
DOC2089126,C081874,Driving License,DL4775913120,India,2028-05-24,Yes,0.81,Synthetic
DOC4049481,C081874,PAN,GGQQU5177M,India,2027-08-07,Yes,0.93,Synthetic
DOC3387781,C081874,Passport,J3956397,India,2034-05-30,Yes,0.93,Synthetic
DOC3748812,C081874,Utility Bill,UB437175,India,2031-11-01,Yes,0.88,Synthetic
DOC4581707,C081966,Aadhaar,052374135514,Russia,2034-07-11,Yes,0.83,Synthetic
DOC7892977,C081966,Driving License,DL4754661340,Russia,2029-09-05,Yes,0.9,Synthetic
DOC9398837,C081966,PAN,KFHYW3184U,Russia,2032-07-09,Yes,0.98,Synthetic
DOC6730293,C081966,Passport,M5488919,Russia,2032-02-17,Yes,0.89,Synthetic
DOC3239805,C081966,Utility Bill,UB222615,Russia,2033-03-18,Yes,0.84,Synthetic
DOC3389742,C082052,Aadhaar,870881982900,India,2029-07-20,Yes,0.96,Synthetic
DOC3048735,C082052,Driving License,DL3752996521,India,2033-07-18,Yes,0.84,Synthetic
DOC3873205,C082052,PAN,DEKGD4593H,India,2035-07-03,Yes,0.94,Synthetic
DOC2010322,C082052,Passport,R1419950,India,2030-08-07,Yes,0.95,Synthetic
DOC3273783,C082052,Utility Bill,UB541717,India,2032-07-13,Yes,0.86,Synthetic
DOC7207151,C082073,Aadhaar,364839384374,UK,2035-12-09,Yes,0.98,Synthetic
DOC1370440,C082073,Driving License,DL1202466437,UK,2035-05-07,Yes,0.83,Synthetic
DOC5568508,C082073,PAN,RCFKF1278E,UK,2032-01-21,Yes,0.92,Synthetic
DOC6721153,C082073,Passport,V2977693,UK,2034-10-13,Yes,0.93,Synthetic
DOC5012275,C082073,Utility Bill,UB265593,UK,2035-09-20,Yes,0.92,Synthetic
DOC5158638,C082127,Aadhaar,048937123357,Russia,2030-04-15,Yes,0.97,Synthetic
DOC1120586,C082127,Driving License,DL6623978222,Russia,2035-07-05,Yes,0.89,Synthetic
DOC7217404,C082127,PAN,FXKHA5383P,Russia,2030-12-29,Yes,0.97,Synthetic
DOC2050605,C082127,Passport,T6401051,Russia,2033-12-11,Yes,0.91,Synthetic
DOC6423108,C082127,Utility Bill,UB700378,Russia,2029-08-06,Yes,0.88,Synthetic
DOC5698029,C082279,Aadhaar,942558706227,USA,2031-05-14,Yes,0.9,Synthetic
DOC6860232,C082279,Driving License,DL1802957365,USA,2028-04-19,No,0.97,Synthetic
DOC7484986,C082279,PAN,RXEWV1249P,USA,2031-12-31,Yes,0.86,Synthetic
DOC9415326,C082279,Passport,V8255039,USA,2036-03-23,Yes,0.97,Synthetic
DOC1169040,C082279,Utility Bill,UB714325,USA,2027-12-30,Yes,0.97,Synthetic
DOC4861689,C082369,Aadhaar,345076148073,Iran,2032-04-16,Yes,0.89,Synthetic
DOC5806376,C082369,Driving License,DL9360845853,Iran,2032-12-07,Yes,0.85,Synthetic
DOC5526515,C082369,PAN,DYDAR6233N,Iran,2033-01-14,Yes,0.98,Synthetic
DOC2147196,C082369,Passport,P3347507,Iran,2033-12-18,Yes,0.81,Synthetic
DOC4678010,C082369,Utility Bill,UB270030,Iran,2031-04-08,Yes,0.9,Synthetic
DOC5085394,C082426,Aadhaar,917314642595,India,2029-03-06,Yes,0.81,Synthetic
DOC1157188,C082426,Driving License,DL7970405905,India,2031-12-19,Yes,0.87,Synthetic
DOC6569498,C082426,PAN,WMMEB4963P,India,2034-01-23,Yes,0.92,Synthetic
DOC4485889,C082426,Passport,O2954906,India,2028-04-23,Yes,0.91,Synthetic
DOC8025650,C082426,Utility Bill,UB927381,India,2027-08-15,Yes,0.91,Synthetic
DOC2237338,C082451,Aadhaar,116105859778,Russia,2032-10-03,Yes,0.95,Synthetic
DOC4517501,C082451,Driving License,DL8808995252,Russia,2033-07-18,Yes,0.98,Synthetic
DOC8959540,C082451,PAN,RHPKV6986Y,Russia,2033-01-08,Yes,0.87,Synthetic
DOC2428187,C082451,Passport,R4458614,Russia,2035-10-24,Yes,0.83,Synthetic
DOC2752708,C082451,Utility Bill,UB906389,Russia,2033-02-17,Yes,0.86,Synthetic
DOC2500358,C082468,Aadhaar,314322640239,UK,2030-04-28,Yes,0.83,Synthetic
DOC2665050,C082468,Driving License,DL5001266147,UK,2036-02-18,Yes,0.83,Synthetic
DOC1392751,C082468,PAN,UQQIU5309S,UK,2031-12-10,Yes,0.88,Synthetic
DOC4894525,C082468,Passport,J6078230,UK,2033-12-27,Yes,0.93,Synthetic
DOC3422844,C082468,Utility Bill,UB176681,UK,2035-06-21,Yes,0.83,Synthetic
DOC6659563,C082505,Aadhaar,230828249517,USA,2029-12-23,Yes,0.98,Synthetic
DOC4365494,C082505,Driving License,DL2609289882,USA,2036-05-29,Yes,0.96,Synthetic
DOC6857026,C082505,PAN,RDRFX2430M,USA,2028-06-18,Yes,0.83,Synthetic
DOC5103644,C082505,Passport,K6047370,USA,2029-08-05,Yes,0.95,Synthetic
DOC6097881,C082505,Utility Bill,UB940906,USA,2032-09-17,Yes,0.87,Synthetic
DOC4812275,C082513,Aadhaar,000625111706,USA,2033-02-20,Yes,0.96,Synthetic
DOC7357145,C082513,Driving License,DL1367521773,USA,2034-07-13,Yes,0.97,Synthetic
DOC4583122,C082513,PAN,OVKQB1802U,USA,2033-06-03,Yes,0.93,Synthetic
DOC9911443,C082513,Passport,E8598793,USA,2033-08-28,Yes,0.95,Synthetic
DOC7332607,C082513,Utility Bill,UB762346,USA,2035-12-23,Yes,0.94,Synthetic
DOC8037738,C082525,Aadhaar,163097748977,India,2033-02-09,Yes,0.95,Synthetic
DOC6721197,C082525,Driving License,DL1535185334,India,2035-03-08,Yes,0.87,Synthetic
DOC6046934,C082525,PAN,MDCLE4736F,India,2032-10-11,Yes,0.94,Synthetic
DOC9126875,C082525,Passport,E5388764,India,2030-07-22,Yes,0.92,Synthetic
DOC6873806,C082525,Utility Bill,UB641736,India,2031-01-20,Yes,0.94,Synthetic
DOC5856436,C082602,Aadhaar,625381396903,USA,2034-03-21,Yes,0.87,Synthetic
DOC7222785,C082602,Driving License,DL7246215284,USA,2034-01-09,Yes,0.98,Synthetic
DOC3613924,C082602,PAN,DOAHF5185E,USA,2032-11-02,Yes,0.85,Synthetic
DOC7839324,C082602,Passport,Y6328984,USA,2036-02-29,Yes,0.88,Synthetic
DOC3890606,C082602,Utility Bill,UB525078,USA,2028-12-20,Yes,0.84,Synthetic
DOC4708568,C082721,Aadhaar,012701440975,Russia,2034-10-10,Yes,0.82,Synthetic
DOC3594770,C082721,Driving License,DL9051152113,Russia,2034-06-04,Yes,0.94,Synthetic
DOC4185610,C082721,PAN,GGEPO7037X,Russia,2030-12-02,Yes,0.88,Synthetic
DOC7412297,C082721,Passport,A6181378,Russia,2032-03-03,Yes,0.89,Synthetic
DOC8951263,C082721,Utility Bill,UB394490,Russia,2033-06-14,Yes,0.81,Synthetic
DOC5300964,C082997,Aadhaar,830333260072,India,2030-12-15,Yes,0.96,Synthetic
DOC3382865,C082997,Driving License,DL9495074506,India,2033-11-28,Yes,0.81,Synthetic
DOC4840513,C082997,PAN,OECQJ1922V,India,2034-02-02,Yes,0.82,Synthetic
DOC6973693,C082997,Passport,A3097758,India,2032-11-05,Yes,0.88,Synthetic
DOC3322135,C082997,Utility Bill,UB208510,India,2029-12-05,Yes,0.96,Synthetic
DOC9691867,C083045,Aadhaar,090073698670,Iran,2035-05-11,Yes,0.95,Synthetic
DOC9827018,C083045,Driving License,DL8864437603,Iran,2032-01-08,Yes,0.83,Synthetic
DOC7977066,C083045,PAN,GORMA4819E,Iran,2029-12-02,Yes,0.81,Synthetic
DOC8634034,C083045,Passport,O1611104,Iran,2029-06-06,No,0.98,Synthetic
DOC3445636,C083045,Utility Bill,UB168194,Iran,2034-03-05,Yes,0.95,Synthetic
DOC9962932,C083151,Aadhaar,301108130864,Russia,2027-12-04,Yes,0.84,Synthetic
DOC6024084,C083151,Driving License,DL8158847960,Russia,2033-03-06,Yes,0.85,Synthetic
DOC1034691,C083151,PAN,TNEVV8501P,Russia,2028-08-02,Yes,0.85,Synthetic
DOC1123528,C083151,Passport,F7716109,Russia,2030-03-05,Yes,0.89,Synthetic
DOC4921857,C083151,Utility Bill,UB391036,Russia,2036-06-16,Yes,0.94,Synthetic
DOC5436446,C083369,Aadhaar,643633586872,Iran,2028-07-23,Yes,0.95,Synthetic
DOC7474597,C083369,Driving License,DL9621462395,Iran,2032-12-27,Yes,0.86,Synthetic
DOC5533353,C083369,PAN,IMHIZ6161K,Iran,2028-09-17,Yes,0.88,Synthetic
DOC1323122,C083369,Passport,M9524463,Iran,2031-08-07,Yes,0.97,Synthetic
DOC8390463,C083369,Utility Bill,UB380027,Iran,2035-03-01,Yes,0.93,Synthetic
DOC8855488,C083405,Aadhaar,005784703472,UK,2028-12-12,No,0.84,Synthetic
DOC4034728,C083405,Driving License,DL1449501251,UK,2029-10-09,Yes,0.96,Synthetic
DOC3486622,C083405,PAN,SDRDC9819W,UK,2036-01-01,Yes,0.97,Synthetic
DOC2248386,C083405,Passport,L2736575,UK,2031-01-08,Yes,0.83,Synthetic
DOC3584904,C083405,Utility Bill,UB648170,UK,2028-03-14,Yes,0.93,Synthetic
DOC1587147,C083535,Aadhaar,176091336324,USA,2035-03-08,Yes,0.82,Synthetic
DOC4304900,C083535,Driving License,DL5648734876,USA,2030-06-17,No,0.92,Synthetic
DOC9589227,C083535,PAN,BXHSE8444I,USA,2028-01-08,Yes,0.99,Synthetic
DOC4327770,C083535,Passport,J5937979,USA,2029-12-19,Yes,0.97,Synthetic
DOC6627247,C083535,Utility Bill,UB399244,USA,2035-08-16,Yes,0.88,Synthetic
DOC3889889,C083624,Aadhaar,067457991499,Iran,2029-01-27,Yes,0.9,Synthetic
DOC1568363,C083624,Driving License,DL1196519833,Iran,2031-07-29,Yes,0.83,Synthetic
DOC6548669,C083624,PAN,LTRHL4243H,Iran,2031-05-12,Yes,0.82,Synthetic
DOC4236209,C083624,Passport,F4378069,Iran,2029-10-04,Yes,0.96,Synthetic
DOC7193597,C083624,Utility Bill,UB139060,Iran,2029-06-26,Yes,0.91,Synthetic
DOC5281825,C083676,Aadhaar,735287089044,Russia,2030-02-28,No,0.9,Synthetic
DOC3431235,C083676,Driving License,DL5473282498,Russia,2036-06-01,Yes,0.9,Synthetic
DOC3470785,C083676,PAN,RMPPL6786E,Russia,2033-10-08,Yes,0.82,Synthetic
DOC8158012,C083676,Passport,K7417356,Russia,2028-04-28,Yes,0.87,Synthetic
DOC3646704,C083676,Utility Bill,UB433775,Russia,2035-01-13,Yes,0.96,Synthetic
DOC6313038,C083687,Aadhaar,148822234028,Iran,2028-03-04,Yes,0.8,Synthetic
DOC5774590,C083687,Driving License,DL9562902030,Iran,2033-07-25,Yes,0.94,Synthetic
DOC7194863,C083687,PAN,OTMAA5835H,Iran,2029-06-18,Yes,0.99,Synthetic
DOC3482499,C083687,Passport,F9102818,Iran,2028-06-23,Yes,0.94,Synthetic
DOC3156917,C083687,Utility Bill,UB385672,Iran,2031-03-14,Yes,0.98,Synthetic
DOC7528685,C083980,Aadhaar,540062143411,USA,2027-10-07,Yes,0.92,Synthetic
DOC2055559,C083980,Driving License,DL2199813761,USA,2028-07-29,Yes,0.85,Synthetic
DOC3497578,C083980,PAN,CZJUD7083X,USA,2032-05-28,Yes,0.8,Synthetic
DOC4773784,C083980,Passport,L2132021,USA,2027-08-15,Yes,0.99,Synthetic
DOC9716339,C083980,Utility Bill,UB108726,USA,2034-05-22,Yes,0.85,Synthetic
DOC7689841,C084011,Aadhaar,697547791091,Iran,2034-12-01,No,0.87,Synthetic
DOC8049030,C084011,Driving License,DL7066596115,Iran,2028-10-22,Yes,0.82,Synthetic
DOC1923317,C084011,PAN,DWTJF4941H,Iran,2036-05-30,Yes,0.81,Synthetic
DOC3717437,C084011,Passport,P6965343,Iran,2028-01-25,Yes,0.93,Synthetic
DOC8314337,C084011,Utility Bill,UB523119,Iran,2033-09-18,Yes,0.9,Synthetic
DOC4804908,C084023,Aadhaar,434388327767,USA,2036-06-12,Yes,0.91,Synthetic
DOC6781944,C084023,Driving License,DL5665828970,USA,2032-04-26,Yes,0.95,Synthetic
DOC3661447,C084023,PAN,DQNCD6848L,USA,2036-06-20,Yes,0.85,Synthetic
DOC3722422,C084023,Passport,D6652422,USA,2034-04-04,Yes,0.92,Synthetic
DOC1446200,C084023,Utility Bill,UB652733,USA,2035-03-17,Yes,0.93,Synthetic
DOC4720439,C084254,Aadhaar,559157630881,Iran,2033-06-18,Yes,0.93,Synthetic
DOC3190581,C084254,Driving License,DL4159480185,Iran,2034-03-26,Yes,0.98,Synthetic
DOC1429141,C084254,PAN,IQQEP5238Q,Iran,2034-07-27,Yes,0.87,Synthetic
DOC6170792,C084254,Passport,L6662813,Iran,2033-01-07,Yes,0.92,Synthetic
DOC7348793,C084254,Utility Bill,UB737665,Iran,2028-04-20,Yes,0.91,Synthetic
DOC6783099,C084270,Aadhaar,535914053910,Russia,2036-05-20,Yes,0.86,Synthetic
DOC9718055,C084270,Driving License,DL5895805443,Russia,2031-06-22,Yes,0.9,Synthetic
DOC2270659,C084270,PAN,VKXEK1030A,Russia,2034-09-20,Yes,0.91,Synthetic
DOC5208594,C084270,Passport,W2205884,Russia,2034-12-07,Yes,0.88,Synthetic
DOC3149686,C084270,Utility Bill,UB484560,Russia,2035-01-11,Yes,0.91,Synthetic
DOC6742480,C084380,Aadhaar,134791758422,India,2032-11-03,Yes,0.98,Synthetic
DOC8848987,C084380,Driving License,DL4610098477,India,2032-05-09,Yes,0.95,Synthetic
DOC5283797,C084380,PAN,DAHZA1372Z,India,2034-12-05,Yes,0.96,Synthetic
DOC1440712,C084380,Passport,G2954225,India,2033-03-18,Yes,0.85,Synthetic
DOC4930193,C084380,Utility Bill,UB913890,India,2028-06-13,Yes,0.93,Synthetic
DOC2937673,C084443,Aadhaar,158429341974,India,2035-12-03,Yes,0.95,Synthetic
DOC3551909,C084443,Driving License,DL5309260007,India,2033-10-21,Yes,0.93,Synthetic
DOC4571685,C084443,PAN,XGELR7422W,India,2030-10-27,Yes,0.93,Synthetic
DOC9503708,C084443,Passport,G6572298,India,2028-12-13,Yes,0.94,Synthetic
DOC3143462,C084443,Utility Bill,UB330071,India,2033-01-31,Yes,0.87,Synthetic
DOC7724968,C084498,Aadhaar,787098048009,Russia,2034-12-10,Yes,0.84,Synthetic
DOC5850872,C084498,Driving License,DL6312983245,Russia,2029-04-15,Yes,0.84,Synthetic
DOC4510784,C084498,PAN,AKREX9476U,Russia,2035-03-05,Yes,0.98,Synthetic
DOC4079239,C084498,Passport,G8658294,Russia,2031-09-04,Yes,0.84,Synthetic
DOC9097066,C084498,Utility Bill,UB830214,Russia,2028-12-23,Yes,0.83,Synthetic
DOC8009110,C084559,Aadhaar,195312366565,Russia,2035-04-05,Yes,0.95,Synthetic
DOC2778814,C084559,Driving License,DL7699889850,Russia,2035-04-17,Yes,0.86,Synthetic
DOC8527414,C084559,PAN,UASWN1438B,Russia,2033-12-21,Yes,0.83,Synthetic
DOC2331423,C084559,Passport,Q2536826,Russia,2031-06-24,Yes,0.89,Synthetic
DOC5405713,C084559,Utility Bill,UB309129,Russia,2030-06-03,Yes,0.9,Synthetic
DOC1312938,C084611,Aadhaar,130095487248,Russia,2031-05-10,Yes,0.88,Synthetic
DOC4734560,C084611,Driving License,DL7410868593,Russia,2028-06-09,Yes,0.82,Synthetic
DOC6701108,C084611,PAN,QSKUH4883R,Russia,2028-10-29,Yes,0.91,Synthetic
DOC3336105,C084611,Passport,U3666198,Russia,2033-07-22,Yes,0.86,Synthetic
DOC4714898,C084611,Utility Bill,UB852788,Russia,2033-03-23,Yes,0.92,Synthetic
DOC4863143,C084738,Aadhaar,663517353332,UK,2031-05-22,No,0.83,Synthetic
DOC2741839,C084738,Driving License,DL8563621644,UK,2030-03-24,Yes,0.94,Synthetic
DOC8706741,C084738,PAN,NMLHX3071I,UK,2029-02-22,Yes,0.9,Synthetic
DOC2678298,C084738,Passport,I7154408,UK,2034-04-12,Yes,0.83,Synthetic
DOC8648566,C084738,Utility Bill,UB274359,UK,2029-08-02,Yes,0.91,Synthetic
DOC6818065,C084759,Aadhaar,415095570545,UK,2036-05-30,Yes,0.99,Synthetic
DOC1174384,C084759,Driving License,DL4136575458,UK,2031-07-14,Yes,0.83,Synthetic
DOC2493108,C084759,PAN,QNYGJ3101W,UK,2035-12-18,Yes,0.96,Synthetic
DOC1255293,C084759,Passport,R1382910,UK,2035-07-09,Yes,0.9,Synthetic
DOC7205807,C084759,Utility Bill,UB955834,UK,2032-03-10,Yes,0.9,Synthetic
DOC8963483,C084818,Aadhaar,462272172311,UK,2034-09-12,Yes,0.91,Synthetic
DOC4710131,C084818,Driving License,DL8397067433,UK,2034-11-18,Yes,0.87,Synthetic
DOC3193235,C084818,PAN,ZLPRC2930B,UK,2027-08-11,Yes,0.88,Synthetic
DOC8555143,C084818,Passport,Y7847320,UK,2028-12-10,Yes,0.93,Synthetic
DOC7524549,C084818,Utility Bill,UB840002,UK,2028-06-12,Yes,0.93,Synthetic
DOC3161543,C084840,Aadhaar,987941172298,Iran,2033-12-05,Yes,0.91,Synthetic
DOC8495351,C084840,Driving License,DL6006312666,Iran,2033-01-10,Yes,0.95,Synthetic
DOC3656650,C084840,PAN,REKZT4718E,Iran,2028-05-17,Yes,0.84,Synthetic
DOC2602562,C084840,Passport,S4062480,Iran,2028-03-10,Yes,0.87,Synthetic
DOC7450899,C084840,Utility Bill,UB169261,Iran,2028-12-29,Yes,0.83,Synthetic
DOC4019800,C084866,Aadhaar,033238192997,Iran,2029-07-09,Yes,0.91,Synthetic
DOC8718266,C084866,Driving License,DL9849898263,Iran,2030-07-05,Yes,0.94,Synthetic
DOC4528970,C084866,PAN,THYBU8168G,Iran,2032-06-07,Yes,0.84,Synthetic
DOC7442575,C084866,Passport,R2897348,Iran,2035-08-28,Yes,0.97,Synthetic
DOC9283891,C084866,Utility Bill,UB581817,Iran,2032-11-16,Yes,0.86,Synthetic
DOC4550828,C085002,Aadhaar,113400391405,Iran,2030-10-21,No,0.96,Synthetic
DOC3206092,C085002,Driving License,DL5366925020,Iran,2033-09-28,Yes,0.91,Synthetic
DOC2422858,C085002,PAN,TYAUR4962F,Iran,2028-03-27,Yes,0.95,Synthetic
DOC8941585,C085002,Passport,F3297446,Iran,2031-08-29,Yes,0.85,Synthetic
DOC8454194,C085002,Utility Bill,UB900603,Iran,2030-06-17,Yes,0.98,Synthetic
DOC5544109,C085003,Aadhaar,482519856834,Russia,2036-03-13,Yes,0.98,Synthetic
DOC8644631,C085003,Driving License,DL1331750767,Russia,2035-08-31,Yes,0.8,Synthetic
DOC3993363,C085003,PAN,KCFRF5910R,Russia,2028-04-30,Yes,0.82,Synthetic
DOC3726275,C085003,Passport,T8418745,Russia,2035-07-11,Yes,0.82,Synthetic
DOC4613741,C085003,Utility Bill,UB617397,Russia,2031-02-06,Yes,0.84,Synthetic
DOC2342045,C085006,Aadhaar,138154714670,Iran,2032-07-05,Yes,0.9,Synthetic
DOC8910291,C085006,Driving License,DL2002188866,Iran,2030-04-05,Yes,0.84,Synthetic
DOC8383806,C085006,PAN,CWTNF5947K,Iran,2032-04-07,Yes,0.86,Synthetic
DOC8323598,C085006,Passport,C1647027,Iran,2036-05-15,Yes,0.83,Synthetic
DOC7026062,C085006,Utility Bill,UB625969,Iran,2033-01-27,Yes,0.82,Synthetic
DOC6294869,C085012,Aadhaar,848823358400,Iran,2031-07-16,Yes,0.81,Synthetic
DOC8287670,C085012,Driving License,DL6945126634,Iran,2033-09-15,No,0.97,Synthetic
DOC6275948,C085012,PAN,OVSMD3192F,Iran,2030-01-14,Yes,0.95,Synthetic
DOC5639919,C085012,Passport,U5277511,Iran,2028-09-05,Yes,0.91,Synthetic
DOC2621098,C085012,Utility Bill,UB571858,Iran,2030-07-08,Yes,0.88,Synthetic
DOC6141636,C085114,Aadhaar,575280686427,UK,2029-10-16,Yes,0.83,Synthetic
DOC8450471,C085114,Driving License,DL4703776078,UK,2033-07-08,Yes,0.82,Synthetic
DOC7551643,C085114,PAN,NPRZU1819G,UK,2029-04-18,Yes,0.96,Synthetic
DOC6665440,C085114,Passport,S6044020,UK,2036-03-01,Yes,0.81,Synthetic
DOC9732242,C085114,Utility Bill,UB512815,UK,2028-04-21,Yes,0.9,Synthetic
DOC2506593,C085293,Aadhaar,865162099339,UK,2035-05-06,Yes,0.87,Synthetic
DOC5549190,C085293,Driving License,DL7343780365,UK,2029-01-30,Yes,0.85,Synthetic
DOC3573216,C085293,PAN,MGOED7554P,UK,2034-08-19,Yes,0.81,Synthetic
DOC3512457,C085293,Passport,G5610138,UK,2036-06-11,Yes,0.88,Synthetic
DOC2842101,C085293,Utility Bill,UB120008,UK,2030-11-05,Yes,0.9,Synthetic
DOC6269481,C085422,Aadhaar,851323964244,USA,2034-01-10,Yes,0.9,Synthetic
DOC1450875,C085422,Driving License,DL7944188120,USA,2030-08-08,Yes,0.84,Synthetic
DOC7177889,C085422,PAN,INLYR5557L,USA,2034-12-07,Yes,0.83,Synthetic
DOC5890185,C085422,Passport,I6854587,USA,2029-06-18,Yes,0.85,Synthetic
DOC5211142,C085422,Utility Bill,UB852769,USA,2031-11-10,No,0.97,Synthetic
DOC1799469,C085786,Aadhaar,493027387952,USA,2030-02-16,Yes,0.96,Synthetic
DOC2405588,C085786,Driving License,DL9861413573,USA,2027-12-27,Yes,0.94,Synthetic
DOC6988613,C085786,PAN,ENPDG2787K,USA,2029-07-27,Yes,0.94,Synthetic
DOC4341997,C085786,Passport,C5948640,USA,2031-08-23,Yes,0.83,Synthetic
DOC8088069,C085786,Utility Bill,UB598327,USA,2028-05-13,Yes,0.9,Synthetic
DOC2190189,C085936,Aadhaar,636270735006,Iran,2030-12-02,Yes,0.81,Synthetic
DOC4660818,C085936,Driving License,DL9055176547,Iran,2033-08-10,Yes,0.92,Synthetic
DOC2980548,C085936,PAN,PGQRO2785Q,Iran,2034-12-17,Yes,0.82,Synthetic
DOC9104765,C085936,Passport,O1866239,Iran,2034-03-06,Yes,0.93,Synthetic
DOC8806752,C085936,Utility Bill,UB762160,Iran,2030-01-10,Yes,0.95,Synthetic
DOC6754533,C086196,Aadhaar,254319369304,UK,2034-12-17,Yes,0.9,Synthetic
DOC3143402,C086196,Driving License,DL7949455634,UK,2034-04-03,Yes,0.84,Synthetic
DOC9947565,C086196,PAN,YHRGI7220Z,UK,2033-12-16,Yes,0.95,Synthetic
DOC2042638,C086196,Passport,P9814368,UK,2033-03-06,Yes,0.81,Synthetic
DOC4581976,C086196,Utility Bill,UB891052,UK,2029-12-14,Yes,0.98,Synthetic
DOC3148924,C086318,Aadhaar,748315452284,India,2028-03-24,Yes,0.9,Synthetic
DOC9539286,C086318,Driving License,DL1113692696,India,2032-12-16,Yes,0.89,Synthetic
DOC3836725,C086318,PAN,YPDOY8547C,India,2031-06-16,No,0.9,Synthetic
DOC5242214,C086318,Passport,C6054895,India,2032-01-12,Yes,0.85,Synthetic
DOC8089304,C086318,Utility Bill,UB505609,India,2029-04-26,Yes,0.97,Synthetic
DOC6753930,C086333,Aadhaar,041275323746,Iran,2032-02-18,Yes,0.82,Synthetic
DOC5268371,C086333,Driving License,DL4164403102,Iran,2035-04-30,Yes,0.82,Synthetic
DOC1523281,C086333,PAN,LCKVV4096G,Iran,2035-03-28,No,0.86,Synthetic
DOC7759598,C086333,Passport,G3481983,Iran,2028-04-30,Yes,0.96,Synthetic
DOC9893910,C086333,Utility Bill,UB795642,Iran,2031-02-23,Yes,0.95,Synthetic
DOC6361164,C086927,Aadhaar,821050437275,USA,2035-03-30,Yes,0.86,Synthetic
DOC6404320,C086927,Driving License,DL1620508414,USA,2035-06-09,Yes,0.89,Synthetic
DOC5742304,C086927,PAN,VMCSR2735Y,USA,2030-05-29,Yes,0.83,Synthetic
DOC6204410,C086927,Passport,P5959767,USA,2030-04-11,Yes,0.9,Synthetic
DOC4825325,C086927,Utility Bill,UB247678,USA,2030-08-07,Yes,0.94,Synthetic
DOC7488292,C087113,Aadhaar,026596806373,USA,2035-09-19,Yes,0.88,Synthetic
DOC4966608,C087113,Driving License,DL4953471498,USA,2031-11-01,Yes,0.91,Synthetic
DOC5291998,C087113,PAN,KNYOZ5475P,USA,2032-04-14,Yes,0.84,Synthetic
DOC8819338,C087113,Passport,L1807193,USA,2035-06-08,Yes,0.88,Synthetic
DOC7087539,C087113,Utility Bill,UB722998,USA,2032-11-02,Yes,0.88,Synthetic
DOC6961603,C087200,Aadhaar,957065696141,USA,2027-08-11,Yes,0.99,Synthetic
DOC6040713,C087200,Driving License,DL2509328426,USA,2033-07-10,Yes,0.95,Synthetic
DOC8126864,C087200,PAN,WTUKH5716T,USA,2033-07-30,Yes,0.84,Synthetic
DOC4034240,C087200,Passport,A3295955,USA,2028-02-25,Yes,0.98,Synthetic
DOC7307765,C087200,Utility Bill,UB478957,USA,2035-03-17,Yes,0.82,Synthetic
DOC9985312,C087601,Aadhaar,781215250581,Iran,2036-03-16,Yes,0.96,Synthetic
DOC8627483,C087601,Driving License,DL5768673552,Iran,2028-11-21,Yes,0.9,Synthetic
DOC3697441,C087601,PAN,PVYQD2803B,Iran,2030-10-24,Yes,0.84,Synthetic
DOC4254971,C087601,Passport,A9968066,Iran,2035-12-24,Yes,0.87,Synthetic
DOC2691618,C087601,Utility Bill,UB281871,Iran,2032-02-13,Yes,0.88,Synthetic
DOC8501568,C087737,Aadhaar,125515333113,USA,2028-01-07,Yes,0.91,Synthetic
DOC1614131,C087737,Driving License,DL8877486118,USA,2034-07-24,Yes,0.98,Synthetic
DOC1801137,C087737,PAN,HNSMY2563V,USA,2032-04-05,Yes,0.89,Synthetic
DOC6123113,C087737,Passport,Z3081830,USA,2036-01-30,Yes,0.85,Synthetic
DOC4281671,C087737,Utility Bill,UB673177,USA,2036-01-08,Yes,0.83,Synthetic
DOC1972711,C087754,Aadhaar,853577678198,Iran,2035-02-25,Yes,0.85,Synthetic
DOC7711608,C087754,Driving License,DL7149647805,Iran,2029-06-21,Yes,0.97,Synthetic
DOC8646749,C087754,PAN,GZUTD5047E,Iran,2034-05-14,Yes,0.87,Synthetic
DOC8648114,C087754,Passport,X3489737,Iran,2028-10-05,Yes,0.81,Synthetic
DOC7912977,C087754,Utility Bill,UB399619,Iran,2035-07-11,Yes,0.91,Synthetic
DOC5841953,C087932,Aadhaar,717961721626,UK,2030-03-13,Yes,0.86,Synthetic
DOC7909659,C087932,Driving License,DL3787762000,UK,2035-11-02,Yes,0.87,Synthetic
DOC8673623,C087932,PAN,DGQJD6664Q,UK,2028-09-20,Yes,0.85,Synthetic
DOC8903974,C087932,Passport,J6410825,UK,2028-12-25,Yes,0.88,Synthetic
DOC3956662,C087932,Utility Bill,UB832746,UK,2030-09-13,Yes,0.89,Synthetic
DOC4230297,C088075,Aadhaar,062839996020,Iran,2035-03-29,Yes,0.89,Synthetic
DOC1739360,C088075,Driving License,DL3652226163,Iran,2035-09-02,Yes,0.95,Synthetic
DOC4722220,C088075,PAN,RZAEL2609N,Iran,2028-05-14,Yes,0.88,Synthetic
DOC4604194,C088075,Passport,H2342658,Iran,2029-06-29,Yes,0.91,Synthetic
DOC2728528,C088075,Utility Bill,UB761661,Iran,2027-10-26,Yes,0.93,Synthetic
DOC4681861,C088329,Aadhaar,090863068104,Russia,2032-03-07,Yes,0.94,Synthetic
DOC4191431,C088329,Driving License,DL5238059493,Russia,2028-02-23,Yes,0.84,Synthetic
DOC4861179,C088329,PAN,FZTOC8713D,Russia,2036-02-09,Yes,0.85,Synthetic
DOC4186913,C088329,Passport,Z4306729,Russia,2035-10-31,Yes,0.94,Synthetic
DOC6741079,C088329,Utility Bill,UB479141,Russia,2036-04-06,Yes,0.91,Synthetic
DOC1473275,C088461,Aadhaar,437981420022,India,2033-02-05,No,0.87,Synthetic
DOC5662892,C088461,Driving License,DL5925320782,India,2028-07-10,Yes,0.94,Synthetic
DOC1797061,C088461,PAN,HPFNE6073C,India,2033-06-01,Yes,0.98,Synthetic
DOC9802494,C088461,Passport,L7640666,India,2034-12-03,No,0.82,Synthetic
DOC8008653,C088461,Utility Bill,UB328908,India,2030-05-26,Yes,0.85,Synthetic
DOC7608890,C088510,Aadhaar,570412606228,UK,2028-12-07,Yes,0.85,Synthetic
DOC5646268,C088510,Driving License,DL3484996186,UK,2032-10-15,Yes,0.84,Synthetic
DOC2982916,C088510,PAN,RXVYF8352J,UK,2035-12-02,Yes,0.91,Synthetic
DOC1702825,C088510,Passport,J3928009,UK,2034-06-10,Yes,0.99,Synthetic
DOC1861643,C088510,Utility Bill,UB292401,UK,2029-05-15,Yes,0.8,Synthetic
DOC1764765,C088524,Aadhaar,051910580694,Russia,2036-01-28,Yes,0.91,Synthetic
DOC5830077,C088524,Driving License,DL6004548352,Russia,2031-06-30,Yes,0.81,Synthetic
DOC5397207,C088524,PAN,XFOMR3520U,Russia,2031-03-30,Yes,0.93,Synthetic
DOC9961363,C088524,Passport,U8657470,Russia,2028-04-08,Yes,0.9,Synthetic
DOC5783624,C088524,Utility Bill,UB349320,Russia,2027-10-26,Yes,0.87,Synthetic
DOC9659436,C088595,Aadhaar,381590278450,India,2031-05-21,Yes,0.91,Synthetic
DOC8676391,C088595,Driving License,DL2569904532,India,2033-09-09,Yes,0.96,Synthetic
DOC1979718,C088595,PAN,HXZXF6027D,India,2030-08-24,Yes,0.87,Synthetic
DOC5079386,C088595,Passport,C2948536,India,2034-07-18,No,0.91,Synthetic
DOC3451430,C088595,Utility Bill,UB352167,India,2033-05-07,Yes,0.98,Synthetic
DOC1216649,C088646,Aadhaar,147579384938,UK,2032-02-28,Yes,0.94,Synthetic
DOC4181195,C088646,Driving License,DL4032617835,UK,2033-12-06,Yes,0.97,Synthetic
DOC7475942,C088646,PAN,GQZBF8187U,UK,2029-03-13,Yes,0.89,Synthetic
DOC4061494,C088646,Passport,U8700258,UK,2036-04-29,Yes,0.97,Synthetic
DOC4683421,C088646,Utility Bill,UB570681,UK,2029-02-24,Yes,0.89,Synthetic
DOC8835967,C088776,Aadhaar,997057070683,USA,2032-12-19,Yes,0.86,Synthetic
DOC9936994,C088776,Driving License,DL3794666622,USA,2032-12-12,Yes,0.85,Synthetic
DOC9840053,C088776,PAN,BIFYR6868G,USA,2030-12-27,Yes,0.9,Synthetic
DOC4675639,C088776,Passport,O1964512,USA,2032-09-06,Yes,0.88,Synthetic
DOC6160934,C088776,Utility Bill,UB123923,USA,2030-12-24,Yes,0.92,Synthetic
DOC2871930,C088978,Aadhaar,810078410336,UK,2035-08-20,Yes,0.93,Synthetic
DOC3172407,C088978,Driving License,DL7622753217,UK,2034-09-22,Yes,0.91,Synthetic
DOC6854182,C088978,PAN,QSCIM7064R,UK,2036-06-10,Yes,0.9,Synthetic
DOC8082979,C088978,Passport,E7090697,UK,2035-03-29,Yes,0.9,Synthetic
DOC9392269,C088978,Utility Bill,UB814639,UK,2033-04-27,Yes,0.82,Synthetic
DOC6975011,C088992,Aadhaar,183936003508,USA,2031-10-11,Yes,0.83,Synthetic
DOC6748705,C088992,Driving License,DL3873101728,USA,2031-10-25,Yes,0.89,Synthetic
DOC4974948,C088992,PAN,XMTIF7377M,USA,2032-10-14,Yes,0.91,Synthetic
DOC7260874,C088992,Passport,N5447881,USA,2033-11-12,Yes,0.86,Synthetic
DOC7410031,C088992,Utility Bill,UB531067,USA,2033-03-31,Yes,0.96,Synthetic
DOC4170104,C088995,Aadhaar,409850856955,UK,2032-06-17,Yes,0.89,Synthetic
DOC5919621,C088995,Driving License,DL2214423765,UK,2033-11-13,Yes,0.91,Synthetic
DOC9523067,C088995,PAN,PJDWO3368E,UK,2032-07-26,Yes,0.84,Synthetic
DOC1494233,C088995,Passport,R7183889,UK,2035-05-31,Yes,0.83,Synthetic
DOC4402397,C088995,Utility Bill,UB149282,UK,2029-10-13,Yes,0.89,Synthetic
DOC4148304,C089322,Aadhaar,802972376773,Iran,2031-09-03,Yes,0.98,Synthetic
DOC7387849,C089322,Driving License,DL6365580346,Iran,2032-03-13,Yes,0.9,Synthetic
DOC7037944,C089322,PAN,KJONR1778F,Iran,2031-10-10,Yes,0.92,Synthetic
DOC6985117,C089322,Passport,Y6652821,Iran,2031-02-14,Yes,0.97,Synthetic
DOC2374250,C089322,Utility Bill,UB662198,Iran,2029-02-16,Yes,0.89,Synthetic
DOC2967796,C089549,Aadhaar,785318837364,Iran,2032-04-15,Yes,0.81,Synthetic
DOC2607698,C089549,Driving License,DL7047587404,Iran,2034-08-03,Yes,0.81,Synthetic
DOC2314359,C089549,PAN,QMDHL5168I,Iran,2030-08-20,Yes,0.81,Synthetic
DOC4942449,C089549,Passport,W2714038,Iran,2033-10-10,No,0.89,Synthetic
DOC4194830,C089549,Utility Bill,UB352017,Iran,2030-02-03,Yes,0.97,Synthetic
DOC7688709,C089556,Aadhaar,016584218523,USA,2033-09-05,Yes,0.82,Synthetic
DOC2827363,C089556,Driving License,DL4042061640,USA,2036-05-17,Yes,0.88,Synthetic
DOC5815718,C089556,PAN,LEURX8641U,USA,2029-03-04,Yes,0.91,Synthetic
DOC8938746,C089556,Passport,K1618563,USA,2031-01-12,No,0.87,Synthetic
DOC2287144,C089556,Utility Bill,UB152593,USA,2034-01-08,Yes,0.83,Synthetic
DOC7318009,C089603,Aadhaar,644126520164,Iran,2028-12-05,Yes,0.98,Synthetic
DOC6208204,C089603,Driving License,DL9401157753,Iran,2036-04-07,Yes,0.96,Synthetic
DOC8008619,C089603,PAN,PXRYB5801S,Iran,2031-05-09,Yes,0.92,Synthetic
DOC6461353,C089603,Passport,I3538880,Iran,2031-03-22,Yes,0.96,Synthetic
DOC2297485,C089603,Utility Bill,UB973071,Iran,2033-02-10,Yes,0.99,Synthetic
DOC7787569,C089708,Aadhaar,349049187572,USA,2029-01-19,Yes,0.87,Synthetic
DOC9659155,C089708,Driving License,DL2257775397,USA,2033-01-11,Yes,0.88,Synthetic
DOC4500850,C089708,PAN,KWXIP7031U,USA,2034-12-27,Yes,0.95,Synthetic
DOC6989487,C089708,Passport,S8376667,USA,2031-03-18,No,0.82,Synthetic
DOC6644828,C089708,Utility Bill,UB759590,USA,2034-01-09,Yes,0.98,Synthetic
DOC1550428,C089897,Aadhaar,034462803350,Russia,2030-02-21,Yes,0.88,Synthetic
DOC6027066,C089897,Driving License,DL5171061629,Russia,2033-02-23,Yes,0.98,Synthetic
DOC3471841,C089897,PAN,JYASJ7359Y,Russia,2034-12-10,Yes,0.83,Synthetic
DOC9282251,C089897,Passport,Q5690804,Russia,2028-09-19,Yes,0.96,Synthetic
DOC8779330,C089897,Utility Bill,UB287213,Russia,2031-07-26,Yes,0.82,Synthetic
DOC5724367,C089960,Aadhaar,675121722241,UK,2027-12-13,Yes,0.95,Synthetic
DOC1451255,C089960,Driving License,DL3750398185,UK,2033-11-03,Yes,0.82,Synthetic
DOC7250181,C089960,PAN,YTAMK1911D,UK,2033-02-23,Yes,0.83,Synthetic
DOC4857344,C089960,Passport,M6643367,UK,2031-04-09,Yes,0.97,Synthetic
DOC6569900,C089960,Utility Bill,UB117776,UK,2036-05-11,Yes,0.98,Synthetic
DOC6513090,C090133,Aadhaar,954531726005,UK,2031-10-24,Yes,0.85,Synthetic
DOC9404404,C090133,Driving License,DL7007982907,UK,2030-01-16,Yes,0.88,Synthetic
DOC1982699,C090133,PAN,WXDPY4873O,UK,2033-01-24,Yes,0.97,Synthetic
DOC7270001,C090133,Passport,I2665513,UK,2028-06-14,Yes,0.85,Synthetic
DOC1902077,C090133,Utility Bill,UB394424,UK,2027-08-16,Yes,0.85,Synthetic
DOC6489334,C090800,Aadhaar,085327917510,Iran,2028-10-29,Yes,0.88,Synthetic
DOC8385937,C090800,Driving License,DL5719080371,Iran,2035-10-19,Yes,0.87,Synthetic
DOC8096959,C090800,PAN,USMLI4752E,Iran,2032-11-13,Yes,0.89,Synthetic
DOC2792441,C090800,Passport,W8623294,Iran,2032-08-19,Yes,0.92,Synthetic
DOC6623222,C090800,Utility Bill,UB337046,Iran,2028-11-17,Yes,0.83,Synthetic
DOC9444825,C090918,Aadhaar,192684519870,UK,2028-10-19,Yes,0.92,Synthetic
DOC6750985,C090918,Driving License,DL9145151153,UK,2031-09-14,Yes,0.94,Synthetic
DOC7785428,C090918,PAN,DMRMH5095N,UK,2035-12-23,Yes,0.99,Synthetic
DOC5952259,C090918,Passport,Q5980468,UK,2028-09-28,Yes,0.82,Synthetic
DOC8752666,C090918,Utility Bill,UB697270,UK,2029-10-23,Yes,0.96,Synthetic
DOC3088574,C090981,Aadhaar,160051246516,Russia,2032-05-28,Yes,0.81,Synthetic
DOC4367907,C090981,Driving License,DL5100683343,Russia,2034-04-02,Yes,0.96,Synthetic
DOC9617116,C090981,PAN,CUPIL7351S,Russia,2031-08-06,Yes,0.87,Synthetic
DOC9119537,C090981,Passport,Z3353926,Russia,2027-09-19,Yes,0.94,Synthetic
DOC9961991,C090981,Utility Bill,UB100749,Russia,2036-04-09,Yes,0.83,Synthetic
DOC9658746,C090987,Aadhaar,052340368573,Russia,2033-10-15,Yes,0.86,Synthetic
DOC5479661,C090987,Driving License,DL5948139432,Russia,2032-12-24,Yes,0.87,Synthetic
DOC9414172,C090987,PAN,OLYPY1914N,Russia,2034-02-05,Yes,0.94,Synthetic
DOC2905984,C090987,Passport,C9382036,Russia,2033-02-10,Yes,0.93,Synthetic
DOC5109336,C090987,Utility Bill,UB382976,Russia,2028-04-21,Yes,0.96,Synthetic
DOC6961372,C091095,Aadhaar,570387892909,Iran,2032-08-15,Yes,0.82,Synthetic
DOC3575981,C091095,Driving License,DL6451110640,Iran,2036-04-23,No,0.87,Synthetic
DOC4685779,C091095,PAN,QZGJA7091H,Iran,2035-03-08,Yes,0.93,Synthetic
DOC9611729,C091095,Passport,C6064924,Iran,2031-04-11,Yes,0.97,Synthetic
DOC9968754,C091095,Utility Bill,UB675642,Iran,2032-01-11,Yes,0.83,Synthetic
DOC2081564,C091306,Aadhaar,484013640688,India,2032-02-29,Yes,0.84,Synthetic
DOC8215826,C091306,Driving License,DL2230021485,India,2031-08-21,Yes,0.89,Synthetic
DOC5864408,C091306,PAN,NKGGY9328Q,India,2031-11-12,Yes,0.96,Synthetic
DOC7851539,C091306,Passport,T6106225,India,2029-07-27,Yes,0.83,Synthetic
DOC7926706,C091306,Utility Bill,UB411686,India,2028-09-19,Yes,0.89,Synthetic
DOC5204896,C091319,Aadhaar,351522773346,India,2033-01-09,Yes,0.92,Synthetic
DOC2864987,C091319,Driving License,DL6690331126,India,2035-03-12,Yes,0.81,Synthetic
DOC1585400,C091319,PAN,JIRRQ7385A,India,2035-12-19,Yes,0.94,Synthetic
DOC2337715,C091319,Passport,M3513031,India,2030-03-06,Yes,0.95,Synthetic
DOC3283247,C091319,Utility Bill,UB695660,India,2027-07-12,Yes,0.91,Synthetic
DOC5955903,C091386,Aadhaar,117244891695,Iran,2032-03-27,Yes,0.84,Synthetic
DOC3756371,C091386,Driving License,DL9788303548,Iran,2031-02-06,No,0.87,Synthetic
DOC2859994,C091386,PAN,VIUIO7440L,Iran,2029-01-08,Yes,0.98,Synthetic
DOC2427829,C091386,Passport,N7643927,Iran,2031-07-26,No,0.87,Synthetic
DOC7917982,C091386,Utility Bill,UB925425,Iran,2034-05-15,Yes,0.94,Synthetic
DOC9015808,C091589,Aadhaar,908461313027,Iran,2035-10-28,Yes,0.94,Synthetic
DOC3916436,C091589,Driving License,DL2517691554,Iran,2032-11-19,Yes,0.86,Synthetic
DOC2122008,C091589,PAN,YQIKY9045V,Iran,2027-09-10,Yes,0.86,Synthetic
DOC2297822,C091589,Passport,Y3948717,Iran,2030-07-10,Yes,0.83,Synthetic
DOC9498748,C091589,Utility Bill,UB620132,Iran,2031-03-15,Yes,0.83,Synthetic
DOC9056491,C091664,Aadhaar,183327560339,UK,2032-01-24,Yes,0.84,Synthetic
DOC7791585,C091664,Driving License,DL3175171947,UK,2034-05-31,Yes,0.93,Synthetic
DOC9527267,C091664,PAN,USYNP3571V,UK,2028-11-19,Yes,0.83,Synthetic
DOC9572623,C091664,Passport,L4184495,UK,2030-10-25,Yes,0.86,Synthetic
DOC3042555,C091664,Utility Bill,UB703634,UK,2032-06-10,Yes,0.9,Synthetic
DOC8769496,C091749,Aadhaar,537252300412,USA,2031-07-13,Yes,0.95,Synthetic
DOC2782516,C091749,Driving License,DL8150811075,USA,2035-05-05,Yes,0.97,Synthetic
DOC2286144,C091749,PAN,GHLBX2783N,USA,2030-02-14,Yes,0.9,Synthetic
DOC2066815,C091749,Passport,T9789730,USA,2028-04-24,Yes,0.99,Synthetic
DOC6697671,C091749,Utility Bill,UB438376,USA,2031-12-19,Yes,0.91,Synthetic
DOC5876212,C091771,Aadhaar,656113105859,Iran,2034-02-18,Yes,0.94,Synthetic
DOC6734863,C091771,Driving License,DL4910468567,Iran,2028-01-15,Yes,0.92,Synthetic
DOC7470608,C091771,PAN,MNGBT3681Y,Iran,2032-03-23,Yes,0.97,Synthetic
DOC4613016,C091771,Passport,U7886288,Iran,2032-08-05,Yes,0.99,Synthetic
DOC6511591,C091771,Utility Bill,UB461193,Iran,2029-12-04,Yes,0.92,Synthetic
DOC7201144,C091831,Aadhaar,423759685746,USA,2028-07-25,No,0.84,Synthetic
DOC6696186,C091831,Driving License,DL8156989248,USA,2031-07-27,Yes,0.86,Synthetic
DOC3519434,C091831,PAN,VEYUI7141W,USA,2032-10-09,Yes,0.91,Synthetic
DOC1605790,C091831,Passport,F3104016,USA,2032-05-25,Yes,0.8,Synthetic
DOC7344506,C091831,Utility Bill,UB487057,USA,2030-12-28,Yes,0.9,Synthetic
DOC1388901,C091899,Aadhaar,414937948474,USA,2029-01-04,Yes,0.91,Synthetic
DOC2424008,C091899,Driving License,DL5725419301,USA,2028-10-27,Yes,0.94,Synthetic
DOC8279902,C091899,PAN,GTKUM3234J,USA,2029-11-07,Yes,0.93,Synthetic
DOC7304915,C091899,Passport,E7833212,USA,2028-08-26,Yes,0.95,Synthetic
DOC3560485,C091899,Utility Bill,UB997140,USA,2033-11-11,Yes,0.94,Synthetic
DOC4060557,C091916,Aadhaar,506929489131,UK,2035-06-04,Yes,0.84,Synthetic
DOC4906124,C091916,Driving License,DL1107689491,UK,2033-06-05,Yes,0.83,Synthetic
DOC1559013,C091916,PAN,ZBAUP1442F,UK,2029-02-22,Yes,0.8,Synthetic
DOC6026474,C091916,Passport,G5860028,UK,2032-10-19,Yes,0.87,Synthetic
DOC2236368,C091916,Utility Bill,UB446546,UK,2031-11-19,Yes,0.98,Synthetic
DOC2636710,C091974,Aadhaar,909171251499,Iran,2034-01-27,Yes,0.95,Synthetic
DOC7625266,C091974,Driving License,DL4386052141,Iran,2030-10-09,Yes,0.94,Synthetic
DOC9591960,C091974,PAN,YEABG8093U,Iran,2032-10-05,Yes,0.89,Synthetic
DOC9116214,C091974,Passport,L4895244,Iran,2031-03-12,Yes,0.95,Synthetic
DOC3372182,C091974,Utility Bill,UB998838,Iran,2032-11-29,Yes,0.85,Synthetic
DOC6631571,C092017,Aadhaar,155440115846,USA,2031-04-26,Yes,0.97,Synthetic
DOC6696046,C092017,Driving License,DL4165408812,USA,2030-03-13,Yes,0.91,Synthetic
DOC4148377,C092017,PAN,UGKDE4576A,USA,2034-12-06,Yes,0.81,Synthetic
DOC8166296,C092017,Passport,T7604168,USA,2034-01-23,Yes,0.99,Synthetic
DOC2460794,C092017,Utility Bill,UB541446,USA,2033-09-20,Yes,0.96,Synthetic
DOC8101464,C092101,Aadhaar,789465145686,UK,2035-07-18,Yes,0.94,Synthetic
DOC2350378,C092101,Driving License,DL7554028005,UK,2028-11-19,Yes,0.87,Synthetic
DOC9835093,C092101,PAN,OALMM6231O,UK,2031-03-26,No,0.92,Synthetic
DOC7316142,C092101,Passport,A5817043,UK,2033-10-03,Yes,0.85,Synthetic
DOC7486328,C092101,Utility Bill,UB361391,UK,2033-10-15,Yes,0.98,Synthetic
DOC1309078,C092183,Aadhaar,878245937421,USA,2031-05-04,Yes,0.84,Synthetic
DOC5959649,C092183,Driving License,DL6572658102,USA,2035-03-29,Yes,0.83,Synthetic
DOC2675408,C092183,PAN,AZGUU2446C,USA,2034-04-26,Yes,0.98,Synthetic
DOC5972211,C092183,Passport,I3318430,USA,2033-01-13,Yes,0.87,Synthetic
DOC7817768,C092183,Utility Bill,UB383503,USA,2034-11-26,Yes,0.97,Synthetic
DOC4205915,C092190,Aadhaar,664404572917,India,2031-08-15,Yes,0.96,Synthetic
DOC6605108,C092190,Driving License,DL8620626279,India,2033-03-07,Yes,0.96,Synthetic
DOC7748026,C092190,PAN,JMZGV7592N,India,2033-06-28,Yes,0.97,Synthetic
DOC8459600,C092190,Passport,Y9077083,India,2027-09-23,Yes,0.98,Synthetic
DOC4511226,C092190,Utility Bill,UB161547,India,2028-08-12,Yes,0.93,Synthetic
DOC5780156,C092213,Aadhaar,929289081561,USA,2033-02-02,Yes,0.86,Synthetic
DOC1682228,C092213,Driving License,DL5196677670,USA,2028-02-05,Yes,0.98,Synthetic
DOC3514273,C092213,PAN,UQYTB8778H,USA,2030-03-25,Yes,0.85,Synthetic
DOC6455141,C092213,Passport,F2972259,USA,2030-11-28,Yes,0.89,Synthetic
DOC7246230,C092213,Utility Bill,UB681182,USA,2027-08-30,Yes,0.96,Synthetic
DOC8314368,C092234,Aadhaar,321581413035,UK,2029-04-21,Yes,0.85,Synthetic
DOC8400022,C092234,Driving License,DL3906573372,UK,2030-11-27,Yes,0.83,Synthetic
DOC4591732,C092234,PAN,SSCTP8609P,UK,2029-06-22,Yes,0.95,Synthetic
DOC2691671,C092234,Passport,T1190933,UK,2035-07-27,Yes,0.87,Synthetic
DOC7940204,C092234,Utility Bill,UB451951,UK,2031-04-30,Yes,0.9,Synthetic
DOC1622487,C092651,Aadhaar,495019997976,India,2033-02-04,Yes,0.81,Synthetic
DOC6490822,C092651,Driving License,DL4178703982,India,2033-08-23,No,0.96,Synthetic
DOC1141773,C092651,PAN,VNGGB4276V,India,2027-08-22,Yes,0.96,Synthetic
DOC8697878,C092651,Passport,L1656485,India,2033-04-17,Yes,0.95,Synthetic
DOC4252106,C092651,Utility Bill,UB786993,India,2027-10-13,Yes,0.98,Synthetic
DOC8982575,C092807,Aadhaar,021043787708,Iran,2029-12-05,Yes,0.93,Synthetic
DOC4972947,C092807,Driving License,DL3826394678,Iran,2034-11-25,Yes,0.89,Synthetic
DOC6445250,C092807,PAN,XTLZY2935S,Iran,2035-09-27,Yes,0.91,Synthetic
DOC1787662,C092807,Passport,G8887117,Iran,2027-08-02,Yes,0.94,Synthetic
DOC8417767,C092807,Utility Bill,UB366726,Iran,2032-07-01,Yes,0.86,Synthetic
DOC5319851,C092847,Aadhaar,829984164010,Iran,2036-03-05,Yes,0.87,Synthetic
DOC8195898,C092847,Driving License,DL7958082333,Iran,2036-02-11,Yes,0.93,Synthetic
DOC1156149,C092847,PAN,JYVLG7158F,Iran,2035-05-31,Yes,0.98,Synthetic
DOC1094790,C092847,Passport,V3667743,Iran,2034-10-03,Yes,0.93,Synthetic
DOC1032981,C092847,Utility Bill,UB343632,Iran,2035-03-26,Yes,0.97,Synthetic
DOC1887131,C092851,Aadhaar,188723239133,USA,2034-04-07,Yes,0.93,Synthetic
DOC6388805,C092851,Driving License,DL6566579523,USA,2034-04-18,Yes,0.95,Synthetic
DOC1908996,C092851,PAN,HFODV8479H,USA,2029-10-12,Yes,0.87,Synthetic
DOC6963137,C092851,Passport,O3257272,USA,2028-05-31,Yes,0.87,Synthetic
DOC4243565,C092851,Utility Bill,UB721261,USA,2030-01-06,Yes,0.89,Synthetic
DOC7352091,C092864,Aadhaar,203667915381,USA,2030-03-11,Yes,0.83,Synthetic
DOC6156221,C092864,Driving License,DL2441466591,USA,2029-04-01,Yes,0.92,Synthetic
DOC6844695,C092864,PAN,QMYYX5721N,USA,2030-01-01,Yes,0.81,Synthetic
DOC2528616,C092864,Passport,P5724414,USA,2030-04-29,Yes,0.96,Synthetic
DOC5432745,C092864,Utility Bill,UB201550,USA,2033-03-25,Yes,0.98,Synthetic
DOC5989198,C092885,Aadhaar,634603052825,UK,2030-06-21,Yes,0.96,Synthetic
DOC1508822,C092885,Driving License,DL4084337775,UK,2031-03-04,Yes,0.95,Synthetic
DOC6657133,C092885,PAN,DYCRX8364C,UK,2028-02-03,Yes,0.84,Synthetic
DOC1397226,C092885,Passport,R3710482,UK,2036-06-16,Yes,0.9,Synthetic
DOC7271881,C092885,Utility Bill,UB972611,UK,2035-07-29,Yes,0.84,Synthetic
DOC8488251,C092994,Aadhaar,890605695709,USA,2029-12-05,Yes,0.9,Synthetic
DOC5023041,C092994,Driving License,DL3961841828,USA,2031-03-02,Yes,0.92,Synthetic
DOC3798088,C092994,PAN,OHEUX8331P,USA,2028-12-20,Yes,0.81,Synthetic
DOC7459270,C092994,Passport,A2017891,USA,2033-02-26,Yes,0.87,Synthetic
DOC7436118,C092994,Utility Bill,UB128647,USA,2034-05-12,Yes,0.8,Synthetic
DOC6463619,C093036,Aadhaar,282040959522,Russia,2033-04-25,Yes,0.97,Synthetic
DOC6127963,C093036,Driving License,DL6243982852,Russia,2033-08-11,Yes,0.83,Synthetic
DOC8334265,C093036,PAN,MXOZZ9913N,Russia,2034-08-22,Yes,0.93,Synthetic
DOC3647657,C093036,Passport,Q9218706,Russia,2035-03-10,Yes,0.91,Synthetic
DOC9573285,C093036,Utility Bill,UB788313,Russia,2035-04-10,Yes,0.99,Synthetic
DOC1470374,C093102,Aadhaar,697493418654,Iran,2035-11-06,Yes,0.98,Synthetic
DOC5411192,C093102,Driving License,DL6356076871,Iran,2036-06-13,Yes,0.82,Synthetic
DOC7785904,C093102,PAN,REVWT1444O,Iran,2027-07-31,Yes,0.98,Synthetic
DOC7104908,C093102,Passport,L8154938,Iran,2032-08-03,Yes,0.91,Synthetic
DOC8561425,C093102,Utility Bill,UB599084,Iran,2033-06-05,Yes,0.85,Synthetic
DOC2264112,C093113,Aadhaar,735567203222,UK,2031-07-23,Yes,0.84,Synthetic
DOC6380721,C093113,Driving License,DL9242160515,UK,2034-03-27,Yes,0.95,Synthetic
DOC2132707,C093113,PAN,KYRWR3866S,UK,2031-05-05,Yes,0.8,Synthetic
DOC8675968,C093113,Passport,A1553383,UK,2031-07-31,Yes,0.82,Synthetic
DOC8881026,C093113,Utility Bill,UB560663,UK,2035-02-13,Yes,0.81,Synthetic
DOC7123854,C093166,Aadhaar,499169538231,Iran,2030-04-29,Yes,0.86,Synthetic
DOC5388977,C093166,Driving License,DL1433134624,Iran,2035-11-05,Yes,0.81,Synthetic
DOC9024194,C093166,PAN,DXSYD9527N,Iran,2031-11-30,Yes,0.83,Synthetic
DOC2053345,C093166,Passport,J5270347,Iran,2035-11-29,Yes,0.96,Synthetic
DOC8558528,C093166,Utility Bill,UB232348,Iran,2033-11-12,Yes,0.96,Synthetic
DOC7159304,C093236,Aadhaar,491726796296,Russia,2032-07-18,Yes,0.84,Synthetic
DOC7574415,C093236,Driving License,DL8121502970,Russia,2030-10-03,Yes,0.9,Synthetic
DOC7310303,C093236,PAN,XTIJR8468A,Russia,2034-08-31,Yes,0.91,Synthetic
DOC1383005,C093236,Passport,Q5633052,Russia,2035-03-28,Yes,0.88,Synthetic
DOC9074048,C093236,Utility Bill,UB973898,Russia,2028-11-06,Yes,0.96,Synthetic
DOC8570351,C093294,Aadhaar,629094391480,India,2035-08-02,Yes,0.84,Synthetic
DOC9273036,C093294,Driving License,DL6239036349,India,2033-04-22,Yes,0.8,Synthetic
DOC5227862,C093294,PAN,ALHHL3186X,India,2031-04-08,Yes,0.89,Synthetic
DOC4332011,C093294,Passport,X1039410,India,2032-11-28,Yes,0.95,Synthetic
DOC1934355,C093294,Utility Bill,UB451896,India,2027-09-24,Yes,0.88,Synthetic
DOC9370972,C093382,Aadhaar,061667671531,UK,2028-11-19,No,0.91,Synthetic
DOC7820721,C093382,Driving License,DL3309916524,UK,2031-06-07,Yes,0.89,Synthetic
DOC4488337,C093382,PAN,DURDA2273P,UK,2030-04-27,Yes,0.99,Synthetic
DOC7353813,C093382,Passport,O3025827,UK,2033-06-07,Yes,0.82,Synthetic
DOC3394170,C093382,Utility Bill,UB964320,UK,2027-12-21,Yes,0.94,Synthetic
DOC5986803,C093393,Aadhaar,308027060445,USA,2027-11-20,Yes,0.95,Synthetic
DOC8588743,C093393,Driving License,DL2766725523,USA,2034-02-05,Yes,0.99,Synthetic
DOC5663497,C093393,PAN,YJQDE9245B,USA,2030-11-15,Yes,0.88,Synthetic
DOC4456446,C093393,Passport,E1499299,USA,2035-01-19,Yes,0.92,Synthetic
DOC7127028,C093393,Utility Bill,UB336402,USA,2030-11-20,Yes,0.87,Synthetic
DOC7937858,C093999,Aadhaar,004451488024,India,2030-09-08,Yes,0.96,Synthetic
DOC9010818,C093999,Driving License,DL1904303326,India,2033-10-21,Yes,0.88,Synthetic
DOC4038362,C093999,PAN,SRJHU4838C,India,2031-02-08,Yes,0.84,Synthetic
DOC6333215,C093999,Passport,I8294314,India,2032-01-28,Yes,0.82,Synthetic
DOC3062360,C093999,Utility Bill,UB529424,India,2036-05-30,No,0.88,Synthetic
DOC3548893,C094188,Aadhaar,265669222251,USA,2033-11-22,Yes,0.83,Synthetic
DOC8947671,C094188,Driving License,DL2525746139,USA,2031-05-16,Yes,0.87,Synthetic
DOC3156325,C094188,PAN,JPIOA6313F,USA,2036-03-26,Yes,0.88,Synthetic
DOC8725484,C094188,Passport,K7564446,USA,2029-07-06,Yes,0.98,Synthetic
DOC4615566,C094188,Utility Bill,UB649165,USA,2034-06-16,Yes,0.94,Synthetic
DOC5425840,C094313,Aadhaar,903641988826,Russia,2030-05-19,Yes,0.82,Synthetic
DOC1912857,C094313,Driving License,DL3375514957,Russia,2033-04-28,Yes,0.84,Synthetic
DOC3226170,C094313,PAN,QMRGP5853H,Russia,2029-12-19,Yes,0.98,Synthetic
DOC5481642,C094313,Passport,C6697001,Russia,2036-05-01,Yes,0.85,Synthetic
DOC1054171,C094313,Utility Bill,UB835668,Russia,2032-09-09,Yes,0.86,Synthetic
DOC5637438,C094477,Aadhaar,805927863593,India,2031-06-10,No,0.98,Synthetic
DOC2389590,C094477,Driving License,DL2946217825,India,2029-08-04,Yes,0.9,Synthetic
DOC6397909,C094477,PAN,GUZKE6361X,India,2034-12-30,Yes,0.81,Synthetic
DOC8116464,C094477,Passport,I4442939,India,2034-10-24,Yes,0.87,Synthetic
DOC3066247,C094477,Utility Bill,UB369476,India,2031-10-28,Yes,0.83,Synthetic
DOC3444468,C094532,Aadhaar,725537319587,UK,2036-03-08,Yes,0.9,Synthetic
DOC3371176,C094532,Driving License,DL4415018876,UK,2034-10-03,Yes,0.89,Synthetic
DOC8360708,C094532,PAN,CCINZ7561R,UK,2030-04-24,Yes,0.97,Synthetic
DOC5603309,C094532,Passport,U6489121,UK,2028-10-22,Yes,0.82,Synthetic
DOC6588040,C094532,Utility Bill,UB419449,UK,2035-01-18,Yes,0.88,Synthetic
DOC8809276,C094544,Aadhaar,323690478732,UK,2027-07-20,Yes,0.83,Synthetic
DOC3549285,C094544,Driving License,DL6274230793,UK,2034-06-03,Yes,0.88,Synthetic
DOC7276273,C094544,PAN,EEAZL9644O,UK,2033-06-19,Yes,0.84,Synthetic
DOC7153965,C094544,Passport,N5904331,UK,2034-11-22,No,0.83,Synthetic
DOC2463063,C094544,Utility Bill,UB548564,UK,2035-09-14,Yes,0.91,Synthetic
DOC6957529,C094661,Aadhaar,994418317137,UK,2032-03-26,Yes,0.92,Synthetic
DOC2972278,C094661,Driving License,DL4750361176,UK,2028-10-27,Yes,0.98,Synthetic
DOC3393208,C094661,PAN,UQBVK4244F,UK,2028-11-12,Yes,0.83,Synthetic
DOC7879987,C094661,Passport,X6444565,UK,2031-03-18,Yes,0.88,Synthetic
DOC9948273,C094661,Utility Bill,UB915418,UK,2029-05-24,Yes,0.98,Synthetic
DOC8140737,C094681,Aadhaar,796631982403,India,2035-05-08,Yes,0.92,Synthetic
DOC6639045,C094681,Driving License,DL6377203563,India,2028-12-04,Yes,0.83,Synthetic
DOC3719279,C094681,PAN,NPPIB9461X,India,2033-09-30,Yes,0.91,Synthetic
DOC8374056,C094681,Passport,P6464699,India,2035-12-25,Yes,0.94,Synthetic
DOC8210905,C094681,Utility Bill,UB520306,India,2033-11-26,Yes,0.97,Synthetic
DOC7748651,C094702,Aadhaar,763063658344,USA,2030-05-23,No,0.83,Synthetic
DOC6477848,C094702,Driving License,DL3028554024,USA,2035-11-09,Yes,0.88,Synthetic
DOC9358882,C094702,PAN,ATXDV4791I,USA,2031-03-31,Yes,0.94,Synthetic
DOC7441952,C094702,Passport,B6753188,USA,2028-08-27,Yes,0.86,Synthetic
DOC3862535,C094702,Utility Bill,UB222536,USA,2035-11-19,Yes,0.92,Synthetic
DOC4078677,C094736,Aadhaar,648021895845,USA,2035-11-02,Yes,0.92,Synthetic
DOC9911707,C094736,Driving License,DL6650410142,USA,2033-10-31,Yes,0.88,Synthetic
DOC6343231,C094736,PAN,ZAYHY9524I,USA,2029-01-26,Yes,0.81,Synthetic
DOC3996273,C094736,Passport,A7347428,USA,2036-05-14,Yes,0.83,Synthetic
DOC7606168,C094736,Utility Bill,UB334863,USA,2032-11-04,Yes,0.94,Synthetic
DOC5570748,C094881,Aadhaar,023257095847,Iran,2028-07-16,Yes,0.89,Synthetic
DOC6100943,C094881,Driving License,DL3336652782,Iran,2035-04-20,Yes,0.96,Synthetic
DOC5295457,C094881,PAN,HHGOD4205H,Iran,2033-04-02,Yes,0.82,Synthetic
DOC7254312,C094881,Passport,V1973019,Iran,2027-11-30,Yes,0.88,Synthetic
DOC6945665,C094881,Utility Bill,UB677101,Iran,2036-04-13,Yes,0.87,Synthetic
DOC5703903,C094906,Aadhaar,333558859243,India,2027-07-20,Yes,0.91,Synthetic
DOC4999584,C094906,Driving License,DL6897020073,India,2033-11-15,Yes,0.91,Synthetic
DOC8979527,C094906,PAN,OLOUB8468K,India,2032-01-01,Yes,0.82,Synthetic
DOC6823090,C094906,Passport,H3703104,India,2034-01-27,Yes,0.81,Synthetic
DOC8000734,C094906,Utility Bill,UB672935,India,2036-05-26,Yes,0.94,Synthetic
DOC9178015,C094937,Aadhaar,213507817347,India,2032-09-18,Yes,0.86,Synthetic
DOC1604516,C094937,Driving License,DL2167838824,India,2028-09-15,Yes,0.84,Synthetic
DOC5565737,C094937,PAN,ATEHN4341J,India,2034-08-03,Yes,0.85,Synthetic
DOC5204259,C094937,Passport,B1732004,India,2033-12-07,Yes,0.95,Synthetic
DOC1513437,C094937,Utility Bill,UB292782,India,2028-01-10,Yes,0.9,Synthetic
DOC1307751,C095034,Aadhaar,151481528597,Iran,2031-11-03,Yes,0.82,Synthetic
DOC3332918,C095034,Driving License,DL2213956658,Iran,2033-10-28,Yes,0.96,Synthetic
DOC6923677,C095034,PAN,LEUIW3595V,Iran,2029-08-06,Yes,0.82,Synthetic
DOC1951926,C095034,Passport,V7979390,Iran,2030-07-08,Yes,0.81,Synthetic
DOC9239021,C095034,Utility Bill,UB536647,Iran,2036-06-23,Yes,0.9,Synthetic
DOC8774701,C095160,Aadhaar,609897353847,UK,2032-02-11,Yes,0.83,Synthetic
DOC7222052,C095160,Driving License,DL4083220518,UK,2032-01-07,Yes,0.82,Synthetic
DOC1946013,C095160,PAN,PJNYX4658V,UK,2032-10-13,No,0.86,Synthetic
DOC7660965,C095160,Passport,E3894693,UK,2029-01-17,Yes,0.89,Synthetic
DOC7162865,C095160,Utility Bill,UB349743,UK,2031-12-25,Yes,0.86,Synthetic
DOC7312859,C095196,Aadhaar,021294986922,Iran,2036-04-28,Yes,0.85,Synthetic
DOC8973960,C095196,Driving License,DL9919162363,Iran,2035-10-24,Yes,0.81,Synthetic
DOC2100978,C095196,PAN,YACBI2744N,Iran,2035-08-21,Yes,0.88,Synthetic
DOC9682236,C095196,Passport,T7840792,Iran,2032-03-10,Yes,0.89,Synthetic
DOC3084517,C095196,Utility Bill,UB786861,Iran,2028-07-09,Yes,0.8,Synthetic
DOC8337140,C095420,Aadhaar,105410943022,USA,2028-11-03,Yes,0.86,Synthetic
DOC7208502,C095420,Driving License,DL2153971239,USA,2033-06-17,Yes,0.89,Synthetic
DOC8896718,C095420,PAN,COQDL5253F,USA,2030-07-16,Yes,0.95,Synthetic
DOC3598373,C095420,Passport,P4145203,USA,2033-05-14,Yes,0.94,Synthetic
DOC2716343,C095420,Utility Bill,UB943217,USA,2029-02-02,Yes,0.93,Synthetic
DOC5131230,C095449,Aadhaar,524031026525,UK,2033-11-14,Yes,0.88,Synthetic
DOC1862799,C095449,Driving License,DL9466491389,UK,2036-04-16,Yes,0.96,Synthetic
DOC2271242,C095449,PAN,IVTQM6810D,UK,2029-07-06,Yes,0.88,Synthetic
DOC7019684,C095449,Passport,P2026217,UK,2033-10-19,Yes,0.95,Synthetic
DOC2547364,C095449,Utility Bill,UB309575,UK,2027-09-18,Yes,0.97,Synthetic
DOC6190233,C095501,Aadhaar,540246432778,Iran,2032-07-08,Yes,0.99,Synthetic
DOC1819610,C095501,Driving License,DL8522286510,Iran,2029-08-09,Yes,0.91,Synthetic
DOC1185154,C095501,PAN,WULSE6553J,Iran,2031-10-20,Yes,0.89,Synthetic
DOC8292163,C095501,Passport,C2055991,Iran,2030-10-17,Yes,0.95,Synthetic
DOC7199325,C095501,Utility Bill,UB648238,Iran,2030-05-26,Yes,0.84,Synthetic
DOC8186272,C095585,Aadhaar,592282570357,India,2035-04-09,Yes,0.82,Synthetic
DOC8051746,C095585,Driving License,DL3665253066,India,2033-02-15,Yes,0.85,Synthetic
DOC3253912,C095585,PAN,DKNFT1013Q,India,2033-01-28,Yes,0.89,Synthetic
DOC8497290,C095585,Passport,M4303515,India,2029-02-09,No,0.81,Synthetic
DOC6886367,C095585,Utility Bill,UB747218,India,2033-07-23,Yes,0.91,Synthetic
DOC2626328,C095682,Aadhaar,712465250524,USA,2035-03-11,Yes,0.9,Synthetic
DOC4125374,C095682,Driving License,DL4248154008,USA,2027-09-26,Yes,0.81,Synthetic
DOC8132925,C095682,PAN,XCEQS6568R,USA,2035-06-21,Yes,0.83,Synthetic
DOC5671120,C095682,Passport,O1164702,USA,2031-09-18,Yes,0.88,Synthetic
DOC8223301,C095682,Utility Bill,UB213087,USA,2033-05-10,Yes,0.81,Synthetic
DOC3991037,C095689,Aadhaar,643333017406,Russia,2032-04-27,Yes,0.88,Synthetic
DOC1532277,C095689,Driving License,DL9587781104,Russia,2031-12-27,Yes,0.95,Synthetic
DOC4372237,C095689,PAN,YBCYC8109V,Russia,2035-10-22,Yes,0.95,Synthetic
DOC4575909,C095689,Passport,U3540748,Russia,2028-10-11,Yes,0.86,Synthetic
DOC4160122,C095689,Utility Bill,UB604991,Russia,2031-01-14,Yes,0.9,Synthetic
DOC8351488,C095712,Aadhaar,713119677397,USA,2028-02-11,Yes,0.91,Synthetic
DOC6455366,C095712,Driving License,DL6470719808,USA,2032-03-19,Yes,0.81,Synthetic
DOC6838863,C095712,PAN,KHHCH8725F,USA,2030-09-28,Yes,0.92,Synthetic
DOC1824509,C095712,Passport,E3544905,USA,2031-10-20,Yes,0.9,Synthetic
DOC8220091,C095712,Utility Bill,UB902762,USA,2030-12-26,Yes,0.83,Synthetic
DOC4626777,C095783,Aadhaar,084228425880,Iran,2033-03-14,Yes,0.85,Synthetic
DOC1623026,C095783,Driving License,DL7969435984,Iran,2035-05-18,Yes,0.92,Synthetic
DOC9408369,C095783,PAN,QUOXB1281F,Iran,2029-10-24,Yes,0.98,Synthetic
DOC4179982,C095783,Passport,G6216751,Iran,2029-02-17,No,0.88,Synthetic
DOC2914648,C095783,Utility Bill,UB311378,Iran,2031-09-28,Yes,0.95,Synthetic
DOC2958142,C095845,Aadhaar,824658283894,India,2035-04-17,Yes,0.85,Synthetic
DOC5500988,C095845,Driving License,DL9856780264,India,2034-03-25,Yes,0.81,Synthetic
DOC7281507,C095845,PAN,QHKCR4798H,India,2036-03-18,Yes,0.94,Synthetic
DOC5632078,C095845,Passport,I2445741,India,2031-01-25,Yes,0.97,Synthetic
DOC6733293,C095845,Utility Bill,UB564059,India,2033-06-04,Yes,0.98,Synthetic
DOC1846071,C095890,Aadhaar,646957892567,India,2033-04-05,Yes,0.85,Synthetic
DOC7562307,C095890,Driving License,DL3121717373,India,2032-04-21,Yes,0.82,Synthetic
DOC2596442,C095890,PAN,UPETL2555U,India,2029-01-09,Yes,0.83,Synthetic
DOC7098147,C095890,Passport,R4626566,India,2032-11-02,Yes,0.8,Synthetic
DOC2818653,C095890,Utility Bill,UB484754,India,2028-09-08,Yes,0.83,Synthetic
DOC1477727,C096107,Aadhaar,285532168182,Russia,2028-08-27,Yes,0.83,Synthetic
DOC1635339,C096107,Driving License,DL8571693276,Russia,2029-04-16,Yes,0.99,Synthetic
DOC7300711,C096107,PAN,RHCOG7120H,Russia,2033-07-12,Yes,0.92,Synthetic
DOC4285060,C096107,Passport,L7182418,Russia,2029-07-06,Yes,0.87,Synthetic
DOC5791875,C096107,Utility Bill,UB491354,Russia,2034-02-15,Yes,0.97,Synthetic
DOC9055365,C096143,Aadhaar,286087394942,Russia,2035-02-22,Yes,0.98,Synthetic
DOC7641470,C096143,Driving License,DL8518429349,Russia,2032-04-11,Yes,0.96,Synthetic
DOC2591460,C096143,PAN,MAAXT7829O,Russia,2036-06-12,Yes,0.89,Synthetic
DOC2627939,C096143,Passport,K3792933,Russia,2028-09-02,Yes,0.9,Synthetic
DOC2080248,C096143,Utility Bill,UB230351,Russia,2032-03-22,Yes,0.83,Synthetic
DOC5835796,C096150,Aadhaar,804421023717,USA,2032-02-24,Yes,0.8,Synthetic
DOC4791980,C096150,Driving License,DL8453462580,USA,2034-01-04,Yes,0.88,Synthetic
DOC9533370,C096150,PAN,KNNFU8285Y,USA,2027-11-30,Yes,0.83,Synthetic
DOC6504609,C096150,Passport,L5812791,USA,2032-08-21,Yes,0.91,Synthetic
DOC6297606,C096150,Utility Bill,UB140200,USA,2030-03-17,Yes,0.99,Synthetic
DOC7020976,C096176,Aadhaar,630052733083,India,2030-07-24,Yes,0.92,Synthetic
DOC9850670,C096176,Driving License,DL7131751278,India,2028-06-16,Yes,0.86,Synthetic
DOC7337746,C096176,PAN,KYVHU6762F,India,2032-08-12,Yes,0.95,Synthetic
DOC2422336,C096176,Passport,E9191439,India,2032-03-13,Yes,0.97,Synthetic
DOC9875851,C096176,Utility Bill,UB393499,India,2032-07-03,Yes,0.9,Synthetic
DOC3916540,C096177,Aadhaar,984968175470,Russia,2034-11-03,Yes,0.93,Synthetic
DOC2151954,C096177,Driving License,DL4456112858,Russia,2028-07-13,Yes,0.85,Synthetic
DOC9659819,C096177,PAN,LSTZV6112X,Russia,2035-05-17,No,0.87,Synthetic
DOC6826860,C096177,Passport,W7888693,Russia,2035-04-15,Yes,0.86,Synthetic
DOC4547611,C096177,Utility Bill,UB605423,Russia,2030-10-06,Yes,0.81,Synthetic
DOC2629979,C096312,Aadhaar,816556886086,India,2028-02-08,Yes,0.95,Synthetic
DOC4669181,C096312,Driving License,DL5243520485,India,2029-02-11,Yes,0.88,Synthetic
DOC6762134,C096312,PAN,DFXYD5355M,India,2028-04-12,Yes,0.98,Synthetic
DOC7151518,C096312,Passport,U8457859,India,2034-08-19,Yes,0.87,Synthetic
DOC7037612,C096312,Utility Bill,UB210177,India,2034-12-10,Yes,0.81,Synthetic
DOC6957563,C096320,Aadhaar,716612732933,Iran,2033-07-21,Yes,0.93,Synthetic
DOC3822339,C096320,Driving License,DL8250553736,Iran,2027-10-07,Yes,0.83,Synthetic
DOC4447323,C096320,PAN,WSFVQ5503F,Iran,2028-09-09,Yes,0.99,Synthetic
DOC6242351,C096320,Passport,H5265429,Iran,2034-03-01,Yes,0.98,Synthetic
DOC7888300,C096320,Utility Bill,UB386217,Iran,2030-05-11,Yes,0.91,Synthetic
DOC9276531,C096365,Aadhaar,196207631323,UK,2033-09-26,Yes,0.93,Synthetic
DOC8563572,C096365,Driving License,DL8918162724,UK,2028-01-19,No,0.98,Synthetic
DOC2608584,C096365,PAN,XHECI8833O,UK,2028-04-10,Yes,0.93,Synthetic
DOC8630739,C096365,Passport,S8455798,UK,2036-01-19,Yes,0.9,Synthetic
DOC1396678,C096365,Utility Bill,UB842904,UK,2028-09-06,Yes,0.83,Synthetic
DOC4989720,C096598,Aadhaar,276518777064,Russia,2029-12-17,Yes,0.82,Synthetic
DOC3551114,C096598,Driving License,DL6800378366,Russia,2032-10-28,Yes,0.82,Synthetic
DOC7519333,C096598,PAN,LAOIU8660N,Russia,2027-07-26,Yes,0.82,Synthetic
DOC6255562,C096598,Passport,S5616481,Russia,2032-04-29,Yes,0.97,Synthetic
DOC9746425,C096598,Utility Bill,UB935681,Russia,2035-03-16,Yes,0.89,Synthetic
DOC1560562,C096603,Aadhaar,015102884847,USA,2031-11-18,Yes,0.92,Synthetic
DOC3491581,C096603,Driving License,DL2034389943,USA,2029-12-06,Yes,0.86,Synthetic
DOC8407241,C096603,PAN,TGCLM5794L,USA,2032-08-22,Yes,0.86,Synthetic
DOC6292096,C096603,Passport,B5236463,USA,2036-04-09,Yes,0.92,Synthetic
DOC1642544,C096603,Utility Bill,UB495313,USA,2028-04-16,Yes,0.92,Synthetic
DOC1169476,C096634,Aadhaar,695788044734,Iran,2030-07-29,Yes,0.83,Synthetic
DOC1742345,C096634,Driving License,DL6163590393,Iran,2032-03-27,Yes,0.93,Synthetic
DOC3263548,C096634,PAN,LUTIO1940O,Iran,2029-01-21,Yes,0.84,Synthetic
DOC8365534,C096634,Passport,E1081469,Iran,2036-01-06,Yes,0.97,Synthetic
DOC7912952,C096634,Utility Bill,UB714237,Iran,2033-05-05,Yes,0.94,Synthetic
DOC3834273,C096685,Aadhaar,265999493174,USA,2028-09-25,Yes,0.81,Synthetic
DOC5317969,C096685,Driving License,DL9026408608,USA,2030-02-28,Yes,0.95,Synthetic
DOC7930893,C096685,PAN,KWHHK2400H,USA,2034-12-23,Yes,0.86,Synthetic
DOC6429513,C096685,Passport,P7872550,USA,2029-04-21,Yes,0.88,Synthetic
DOC9980992,C096685,Utility Bill,UB836975,USA,2035-05-21,Yes,0.89,Synthetic
DOC3134327,C096768,Aadhaar,096812972377,Iran,2033-07-22,Yes,0.96,Synthetic
DOC4259598,C096768,Driving License,DL9917218525,Iran,2029-10-28,Yes,0.92,Synthetic
DOC4067954,C096768,PAN,FUTEJ7322D,Iran,2028-07-15,Yes,0.96,Synthetic
DOC7285228,C096768,Passport,N6086932,Iran,2028-02-24,Yes,0.92,Synthetic
DOC9398531,C096768,Utility Bill,UB978501,Iran,2029-06-09,Yes,0.89,Synthetic
DOC1397146,C096857,Aadhaar,261112863455,Russia,2036-01-10,Yes,0.92,Synthetic
DOC9889956,C096857,Driving License,DL9771330772,Russia,2032-04-21,Yes,0.9,Synthetic
DOC5154014,C096857,PAN,XLGVG9656Z,Russia,2034-03-17,Yes,0.93,Synthetic
DOC9400074,C096857,Passport,Y5988989,Russia,2034-08-17,Yes,0.98,Synthetic
DOC1024053,C096857,Utility Bill,UB963493,Russia,2032-01-02,Yes,0.86,Synthetic
DOC5764032,C097106,Aadhaar,254885984958,Russia,2028-01-27,Yes,0.83,Synthetic
DOC2996915,C097106,Driving License,DL2835900243,Russia,2031-07-23,Yes,0.9,Synthetic
DOC3071094,C097106,PAN,KNUVF3307B,Russia,2027-10-25,Yes,0.8,Synthetic
DOC2860035,C097106,Passport,C3086990,Russia,2030-07-02,Yes,0.94,Synthetic
DOC9135682,C097106,Utility Bill,UB144556,Russia,2031-02-09,Yes,0.9,Synthetic
DOC9576428,C097288,Aadhaar,516394301009,Iran,2033-11-03,Yes,0.99,Synthetic
DOC6905756,C097288,Driving License,DL7279829597,Iran,2029-11-01,Yes,0.98,Synthetic
DOC9165804,C097288,PAN,GIKHV3588L,Iran,2036-06-09,Yes,0.96,Synthetic
DOC4304247,C097288,Passport,J1240926,Iran,2036-06-20,Yes,0.91,Synthetic
DOC9272608,C097288,Utility Bill,UB955091,Iran,2034-09-24,Yes,0.9,Synthetic
DOC2569178,C097429,Aadhaar,322378913811,UK,2035-10-30,Yes,0.83,Synthetic
DOC8164588,C097429,Driving License,DL1805501432,UK,2031-05-19,Yes,0.91,Synthetic
DOC4923443,C097429,PAN,RWVBQ7374K,UK,2035-09-13,Yes,0.94,Synthetic
DOC6275593,C097429,Passport,V3271575,UK,2028-05-17,Yes,0.88,Synthetic
DOC6334163,C097429,Utility Bill,UB625805,UK,2034-02-07,No,0.93,Synthetic
DOC4458614,C097559,Aadhaar,331377929001,UK,2031-05-02,Yes,0.87,Synthetic
DOC5324568,C097559,Driving License,DL3308595436,UK,2031-02-14,Yes,0.9,Synthetic
DOC1518333,C097559,PAN,IDLQT8907A,UK,2031-01-27,Yes,0.82,Synthetic
DOC2503138,C097559,Passport,K4492643,UK,2028-02-22,Yes,0.98,Synthetic
DOC6444584,C097559,Utility Bill,UB994201,UK,2028-05-10,Yes,0.84,Synthetic
DOC1244129,C097858,Aadhaar,986921577493,India,2035-10-26,Yes,0.9,Synthetic
DOC3948634,C097858,Driving License,DL9969452625,India,2028-01-31,Yes,0.93,Synthetic
DOC8454301,C097858,PAN,ZBOXV4320G,India,2033-04-19,Yes,0.96,Synthetic
DOC7533846,C097858,Passport,D6097713,India,2028-10-25,Yes,0.95,Synthetic
DOC6855522,C097858,Utility Bill,UB290438,India,2034-12-05,Yes,0.83,Synthetic
DOC1038115,C097916,Aadhaar,892204181805,India,2030-07-16,Yes,0.89,Synthetic
DOC1993862,C097916,Driving License,DL5985108250,India,2031-06-26,Yes,0.91,Synthetic
DOC6824398,C097916,PAN,AXHWM6483R,India,2028-09-04,Yes,0.98,Synthetic
DOC7347873,C097916,Passport,D4195730,India,2028-10-28,Yes,0.97,Synthetic
DOC8604561,C097916,Utility Bill,UB289796,India,2029-05-20,Yes,0.99,Synthetic
DOC2272172,C097918,Aadhaar,078755220856,India,2029-12-20,Yes,0.94,Synthetic
DOC4912033,C097918,Driving License,DL1575707018,India,2027-11-17,Yes,0.82,Synthetic
DOC7890459,C097918,PAN,USJTY9770L,India,2027-11-25,Yes,0.88,Synthetic
DOC2055336,C097918,Passport,Z5793711,India,2034-01-21,Yes,0.9,Synthetic
DOC1016032,C097918,Utility Bill,UB633519,India,2030-08-18,Yes,0.8,Synthetic
DOC7672763,C098004,Aadhaar,809919857196,UK,2029-09-01,Yes,0.85,Synthetic
DOC9605966,C098004,Driving License,DL3459686158,UK,2032-07-12,Yes,0.95,Synthetic
DOC6655326,C098004,PAN,AXCER4235W,UK,2031-08-12,Yes,0.84,Synthetic
DOC6841074,C098004,Passport,R5169147,UK,2030-10-11,No,0.84,Synthetic
DOC7350610,C098004,Utility Bill,UB383457,UK,2033-09-04,Yes,0.9,Synthetic
DOC9573177,C098240,Aadhaar,064444959350,Russia,2030-08-20,Yes,0.84,Synthetic
DOC2486978,C098240,Driving License,DL7411842841,Russia,2032-05-12,Yes,0.88,Synthetic
DOC6840087,C098240,PAN,WRTBG2113J,Russia,2036-01-29,Yes,0.84,Synthetic
DOC9952523,C098240,Passport,O6791627,Russia,2029-12-25,Yes,0.96,Synthetic
DOC4855051,C098240,Utility Bill,UB773276,Russia,2033-02-23,No,0.92,Synthetic
DOC5731443,C098417,Aadhaar,666322172210,India,2034-08-24,Yes,0.95,Synthetic
DOC3476606,C098417,Driving License,DL8020227138,India,2031-06-24,Yes,0.92,Synthetic
DOC7562037,C098417,PAN,RSMWR9797E,India,2033-05-29,Yes,0.86,Synthetic
DOC2888716,C098417,Passport,K7867208,India,2027-09-02,Yes,0.85,Synthetic
DOC8410678,C098417,Utility Bill,UB416275,India,2033-06-23,Yes,0.8,Synthetic
DOC9859191,C098438,Aadhaar,659506010562,UK,2031-05-12,Yes,0.9,Synthetic
DOC3194733,C098438,Driving License,DL2177564752,UK,2035-01-23,Yes,0.94,Synthetic
DOC2958200,C098438,PAN,XARDQ8710R,UK,2030-04-02,Yes,0.98,Synthetic
DOC4767279,C098438,Passport,S5105561,UK,2031-06-28,Yes,0.83,Synthetic
DOC9301806,C098438,Utility Bill,UB678346,UK,2035-04-27,No,0.88,Synthetic
DOC9184947,C098490,Aadhaar,894752585651,India,2033-03-24,Yes,0.91,Synthetic
DOC8641531,C098490,Driving License,DL4801815047,India,2035-08-16,Yes,0.88,Synthetic
DOC1416762,C098490,PAN,QSWUQ5237T,India,2034-11-23,Yes,0.98,Synthetic
DOC9820671,C098490,Passport,K4521960,India,2028-01-12,Yes,0.88,Synthetic
DOC8127260,C098490,Utility Bill,UB423392,India,2033-12-07,Yes,0.86,Synthetic
DOC5122021,C098598,Aadhaar,873819818846,Russia,2035-09-14,Yes,0.81,Synthetic
DOC8402701,C098598,Driving License,DL8355925103,Russia,2028-12-18,No,0.83,Synthetic
DOC9121772,C098598,PAN,JRHIT2831D,Russia,2027-09-12,Yes,0.96,Synthetic
DOC3603224,C098598,Passport,Q5113405,Russia,2032-06-11,Yes,0.81,Synthetic
DOC2187004,C098598,Utility Bill,UB302161,Russia,2030-11-17,Yes,0.81,Synthetic
DOC6345395,C098774,Aadhaar,431489267205,India,2027-06-29,Yes,0.83,Synthetic
DOC8296464,C098774,Driving License,DL3641937929,India,2027-11-06,Yes,0.98,Synthetic
DOC9582092,C098774,PAN,YQLJH1599G,India,2030-06-29,No,0.85,Synthetic
DOC5208526,C098774,Passport,U1711485,India,2035-10-11,Yes,0.95,Synthetic
DOC4095213,C098774,Utility Bill,UB451436,India,2029-12-24,Yes,0.84,Synthetic
DOC7183090,C098971,Aadhaar,272913115748,USA,2029-10-05,Yes,0.96,Synthetic
DOC5679566,C098971,Driving License,DL8208803172,USA,2031-01-21,Yes,0.83,Synthetic
DOC9086105,C098971,PAN,XDFQF9812L,USA,2033-07-08,Yes,0.91,Synthetic
DOC3228545,C098971,Passport,B1301483,USA,2030-09-22,Yes,0.84,Synthetic
DOC6493579,C098971,Utility Bill,UB577436,USA,2033-10-21,Yes,0.99,Synthetic
DOC2531747,C099204,Aadhaar,086997068331,UK,2032-09-14,Yes,0.97,Synthetic
DOC9286768,C099204,Driving License,DL7303942567,UK,2027-07-03,Yes,0.85,Synthetic
DOC7518445,C099204,PAN,HOLFN7262N,UK,2030-04-12,Yes,0.87,Synthetic
DOC7765551,C099204,Passport,D7363285,UK,2031-07-14,Yes,0.87,Synthetic
DOC7921507,C099204,Utility Bill,UB761074,UK,2029-07-14,Yes,0.91,Synthetic
DOC3456533,C099358,Aadhaar,377820769761,Russia,2032-08-22,Yes,0.84,Synthetic
DOC3107844,C099358,Driving License,DL7368515023,Russia,2029-10-11,Yes,0.98,Synthetic
DOC3711370,C099358,PAN,UCBPT8015E,Russia,2035-04-17,Yes,0.86,Synthetic
DOC3251878,C099358,Passport,G6048504,Russia,2031-01-11,Yes,0.82,Synthetic
DOC1974826,C099358,Utility Bill,UB115854,Russia,2035-03-28,Yes,0.96,Synthetic
DOC1845088,C099402,Aadhaar,955928035913,UK,2028-07-05,Yes,0.91,Synthetic
DOC1467966,C099402,Driving License,DL2738579555,UK,2033-05-17,Yes,0.84,Synthetic
DOC4805492,C099402,PAN,JTKTO6234O,UK,2034-01-15,Yes,0.88,Synthetic
DOC9167688,C099402,Passport,U9757279,UK,2032-09-02,Yes,0.93,Synthetic
DOC4649877,C099402,Utility Bill,UB527076,UK,2029-08-01,Yes,0.84,Synthetic
DOC5175297,C099501,Aadhaar,376891153521,UK,2030-05-25,Yes,0.89,Synthetic
DOC6023318,C099501,Driving License,DL7645921744,UK,2036-01-13,Yes,0.95,Synthetic
DOC7707718,C099501,PAN,SMRAA6169W,UK,2030-03-07,Yes,0.91,Synthetic
DOC5866523,C099501,Passport,O3655589,UK,2029-11-09,Yes,0.97,Synthetic
DOC4781271,C099501,Utility Bill,UB393999,UK,2028-01-08,Yes,0.8,Synthetic
DOC2427320,C099514,Aadhaar,273969283803,UK,2032-10-23,Yes,0.81,Synthetic
DOC7629839,C099514,Driving License,DL8917259167,UK,2029-01-14,Yes,0.98,Synthetic
DOC3010935,C099514,PAN,TSHXX6454G,UK,2030-09-18,Yes,0.81,Synthetic
DOC6889665,C099514,Passport,Z6406454,UK,2027-07-20,Yes,0.82,Synthetic
DOC6259631,C099514,Utility Bill,UB288983,UK,2027-12-15,Yes,0.94,Synthetic
DOC3774034,C099530,Aadhaar,473904477061,USA,2031-08-23,Yes,0.9,Synthetic
DOC4553466,C099530,Driving License,DL2366345175,USA,2031-08-29,Yes,0.95,Synthetic
DOC7301664,C099530,PAN,PZUWX4308N,USA,2034-01-09,Yes,0.89,Synthetic
DOC5978139,C099530,Passport,K2058921,USA,2031-08-15,Yes,0.97,Synthetic
DOC9033395,C099530,Utility Bill,UB726323,USA,2032-07-24,Yes,0.89,Synthetic
DOC3876411,C099678,Aadhaar,867537769025,USA,2033-01-31,Yes,0.87,Synthetic
DOC6147930,C099678,Driving License,DL3370412269,USA,2028-01-28,Yes,0.97,Synthetic
DOC2990159,C099678,PAN,QQHRI7098T,USA,2033-10-11,Yes,0.91,Synthetic
DOC9087098,C099678,Passport,T6241939,USA,2034-04-02,Yes,0.84,Synthetic
DOC1845452,C099678,Utility Bill,UB399481,USA,2027-12-02,Yes,0.92,Synthetic
DOC7264011,C099730,Aadhaar,452314374676,India,2035-10-13,Yes,0.96,Synthetic
DOC2715910,C099730,Driving License,DL2609354419,India,2036-04-21,Yes,0.8,Synthetic
DOC1481404,C099730,PAN,GOOUO2796F,India,2033-07-28,Yes,0.89,Synthetic
DOC5895714,C099730,Passport,O8668233,India,2032-09-06,Yes,0.87,Synthetic
DOC8565866,C099730,Utility Bill,UB312285,India,2028-03-11,Yes,0.88,Synthetic
DOC6770862,C099801,Aadhaar,476586360581,India,2034-10-21,Yes,0.91,Synthetic
DOC2128117,C099801,Driving License,DL5249736872,India,2035-12-14,Yes,0.94,Synthetic
DOC9141413,C099801,PAN,UVQWV1789R,India,2029-02-05,Yes,0.84,Synthetic
DOC1750288,C099801,Passport,B2307622,India,2031-08-01,Yes,0.97,Synthetic
DOC1380788,C099801,Utility Bill,UB248916,India,2028-02-20,Yes,0.81,Synthetic
DOC9994204,C099803,Aadhaar,422404267733,Iran,2034-07-09,No,0.99,Synthetic
DOC6676342,C099803,Driving License,DL9434647677,Iran,2028-02-17,Yes,0.93,Synthetic
DOC9991101,C099803,PAN,TMJUZ4083T,Iran,2032-04-14,Yes,0.82,Synthetic
DOC9854150,C099803,Passport,K6752255,Iran,2033-08-15,Yes,0.93,Synthetic
DOC3887287,C099803,Utility Bill,UB793965,Iran,2029-04-27,Yes,0.84,Synthetic
DOC1784666,C099972,Aadhaar,308150400824,Iran,2035-01-10,Yes,0.98,Synthetic
DOC6999423,C099972,Driving License,DL9074014175,Iran,2035-12-31,Yes,0.85,Synthetic
DOC7447946,C099972,PAN,MERJY4559O,Iran,2027-08-07,Yes,0.82,Synthetic
DOC1559789,C099972,Passport,U1833085,Iran,2032-01-12,Yes,0.97,Synthetic
DOC8444583,C099972,Utility Bill,UB718276,Iran,2035-05-12,Yes,0.83,Synthetic
