HallucinationID,AnswerID,QuestionID,CustomerID,GroundTruthAnswer,GeneratedAnswer,HallucinationType,Severity,Hallucinated
H0000050,A0133648,Q0133648,C026729,Customer C026729 requires Enhanced Due Diligence because the customer is classified as a Politically Exposed Person (PEP) or presents elevated AML risk.,"Customer C026729 requires Enhanced Due Diligence because the customer is classified as a Politically Exposed Person (PEP) or presents elevated AML risk. As per AML Regulation Section 99.7, onboarding must be delayed for 90 days.",Fabricated Regulation,Critical,Yes
H0000230,A0023833,Q0023833,C004766,"Customer C004766 can be approved for onboarding. The customer satisfies KYC requirements, has sufficient verified documentation, and does not require enhanced review.","Customer C004766 can be approved for onboarding. The customer satisfies KYC requirements, has sufficient verified documentation, and does not require enhanced review. As per AML Regulation Section 99.7, onboarding must be delayed for 90 days.",Fabricated Regulation,Low,Yes
H0000315,A0350321,Q0350321,C070064,"Customer C070064 can be approved for onboarding. The customer satisfies KYC requirements, has sufficient verified documentation, and does not require enhanced review.","Customer C070064 can be approved for onboarding. The customer satisfies KYC requirements, has sufficient verified documentation, and does not require enhanced review. The customer has a Low AML Risk classification.",Wrong Risk Score,Low,Yes
H0000583,A0319977,Q0319977,C063995,Customer C063995 has insufficient verified documentation. Additional documents are required before onboarding can proceed.,Customer C063995 has insufficient verified documentation. Additional documents are required before onboarding can proceed. The customer was previously investigated for international money laundering activities.,Unsupported Claim,Medium,Yes
H0000833,A0116302,Q0116302,C023260,"Customer C023260 can be approved for onboarding. The customer satisfies KYC requirements, has sufficient verified documentation, and does not require enhanced review.","Customer C023260 can be approved for onboarding. The customer satisfies KYC requirements, has sufficient verified documentation, and does not require enhanced review. The customer has a Low AML Risk classification.",Wrong Risk Score,Low,Yes
H0001022,A0006209,Q0006209,C001241,"Customer C001241 can be approved for onboarding. The customer satisfies KYC requirements, has sufficient verified documentation, and does not require enhanced review.","Customer C001241 can be approved for onboarding. The customer satisfies KYC requirements, has sufficient verified documentation, and does not require enhanced review. As per AML Regulation Section 99.7, onboarding must be delayed for 90 days.",Fabricated Regulation,Medium,Yes
H0001102,A0337380,Q0337380,C067475,"Customer C067475 can be approved for onboarding. The customer satisfies KYC requirements, has sufficient verified documentation, and does not require enhanced review.",Customer C067475 must be rejected due to AML concerns.,Contradiction,Critical,Yes
H0001350,A0278311,Q0278311,C055662,Customer C055662 requires Enhanced Due Diligence because the customer is classified as a Politically Exposed Person (PEP) or presents elevated AML risk.,Customer C055662 requires additional review.,Missing Evidence,Critical,Yes
H0001370,A0487389,Q0487389,C097477,"Customer C097477 can be approved for onboarding. The customer satisfies KYC requirements, has sufficient verified documentation, and does not require enhanced review.","Customer C097477 can be approved for onboarding. The customer satisfies KYC requirements, has sufficient verified documentation, and does not require enhanced review. The customer has a Low AML Risk classification.",Wrong Risk Score,Medium,Yes
H0001407,A0302532,Q0302532,C060506,"Customer C060506 can be approved for onboarding. The customer satisfies KYC requirements, has sufficient verified documentation, and does not require enhanced review.","Customer C060506 can be approved for onboarding. The customer satisfies KYC requirements, has sufficient verified documentation, and does not require enhanced review. The customer was previously investigated for international money laundering activities.",Unsupported Claim,Critical,Yes
H0001455,A0265167,Q0265167,C053033,"Customer C053033 can be approved for onboarding. The customer satisfies KYC requirements, has sufficient verified documentation, and does not require enhanced review.",Customer C053033 requires additional review.,Missing Evidence,High,Yes
H0001615,A0283931,Q0283931,C056786,"Customer C056786 can be approved for onboarding. The customer satisfies KYC requirements, has sufficient verified documentation, and does not require enhanced review.",Customer C056786 must be rejected due to AML concerns.,Contradiction,High,Yes
H0001704,A0293156,Q0293156,C058631,"Customer C058631 can be approved for onboarding. The customer satisfies KYC requirements, has sufficient verified documentation, and does not require enhanced review.","Customer C058631 can be approved for onboarding. The customer satisfies KYC requirements, has sufficient verified documentation, and does not require enhanced review. As per AML Regulation Section 99.7, onboarding must be delayed for 90 days.",Fabricated Regulation,High,Yes
H0001853,A0010622,Q0010622,C002124,"Customer C002124 can be approved for onboarding. The customer satisfies KYC requirements, has sufficient verified documentation, and does not require enhanced review.","Customer C002124 can be approved for onboarding. The customer satisfies KYC requirements, has sufficient verified documentation, and does not require enhanced review. The customer was previously investigated for international money laundering activities.",Unsupported Claim,Low,Yes
H0002129,A0324414,Q0324414,C064882,"Customer C064882 can be approved for onboarding. The customer satisfies KYC requirements, has sufficient verified documentation, and does not require enhanced review.",Customer C064882 requires additional review.,Missing Evidence,Medium,Yes
H0002171,A0436374,Q0436374,C087274,"Customer C087274 can be approved for onboarding. The customer satisfies KYC requirements, has sufficient verified documentation, and does not require enhanced review.",Customer C087274 must be rejected due to AML concerns.,Contradiction,Low,Yes
H0002215,A0090219,Q0090219,C018043,"Customer C018043 can be approved for onboarding. The customer satisfies KYC requirements, has sufficient verified documentation, and does not require enhanced review.","Customer C018043 can be approved for onboarding. The customer satisfies KYC requirements, has sufficient verified documentation, and does not require enhanced review. The customer has a Low AML Risk classification.",Wrong Risk Score,Medium,Yes
H0002233,A0085548,Q0085548,C017109,"Customer C017109 can be approved for onboarding. The customer satisfies KYC requirements, has sufficient verified documentation, and does not require enhanced review.","Customer C017109 can be approved for onboarding. The customer satisfies KYC requirements, has sufficient verified documentation, and does not require enhanced review. The customer was previously investigated for international money laundering activities.",Unsupported Claim,High,Yes
H0002356,A0365198,Q0365198,C073039,"Customer C073039 can be approved for onboarding. The customer satisfies KYC requirements, has sufficient verified documentation, and does not require enhanced review.","Customer C073039 can be approved for onboarding. The customer satisfies KYC requirements, has sufficient verified documentation, and does not require enhanced review. The customer has a Low AML Risk classification.",Wrong Risk Score,High,Yes
H0002512,A0235767,Q0235767,C047153,Customer C047153 requires Enhanced Due Diligence because the customer is classified as a Politically Exposed Person (PEP) or presents elevated AML risk.,Customer C047153 requires Enhanced Due Diligence because the customer is classified as a Politically Exposed Person (PEP) or presents elevated AML risk. The customer was previously investigated for international money laundering activities.,Unsupported Claim,Critical,Yes
H0002539,A0364309,Q0364309,C072861,"Customer C072861 can be approved for onboarding. The customer satisfies KYC requirements, has sufficient verified documentation, and does not require enhanced review.",Customer C072861 requires additional review.,Missing Evidence,High,Yes
H0002668,A0155778,Q0155778,C031155,Customer C031155 requires Enhanced Due Diligence because the customer is classified as a Politically Exposed Person (PEP) or presents elevated AML risk.,Customer C031155 requires no enhanced review.,Contradiction,High,Yes
H0002822,A0482868,Q0482868,C096573,Customer C096573 should be escalated for manual review due to elevated risk indicators requiring additional investigation.,"Customer C096573 should be escalated for manual review due to elevated risk indicators requiring additional investigation. As per AML Regulation Section 99.7, onboarding must be delayed for 90 days.",Fabricated Regulation,Critical,Yes
H0002841,A0441546,Q0441546,C088309,"Customer C088309 can be approved for onboarding. The customer satisfies KYC requirements, has sufficient verified documentation, and does not require enhanced review.",Customer C088309 requires additional review.,Missing Evidence,Medium,Yes
H0002867,A0421106,Q0421106,C084221,Customer C084221 requires Enhanced Due Diligence because the customer is classified as a Politically Exposed Person (PEP) or presents elevated AML risk.,"Customer C084221 requires Enhanced Due Diligence because the customer is classified as a Politically Exposed Person (PEP) or presents elevated AML risk. As per AML Regulation Section 99.7, onboarding must be delayed for 90 days.",Fabricated Regulation,Low,Yes
H0002872,A0283061,Q0283061,C056612,Customer C056612 requires Enhanced Due Diligence because the customer is classified as a Politically Exposed Person (PEP) or presents elevated AML risk.,Customer C056612 requires Enhanced Due Diligence because the customer is classified as a Politically Exposed Person (PEP) or presents elevated AML risk. The customer has a Low AML Risk classification.,Wrong Risk Score,Critical,Yes
H0002882,A0374469,Q0374469,C074893,"Customer C074893 can be approved for onboarding. The customer satisfies KYC requirements, has sufficient verified documentation, and does not require enhanced review.","Customer C074893 can be approved for onboarding. The customer satisfies KYC requirements, has sufficient verified documentation, and does not require enhanced review. As per AML Regulation Section 99.7, onboarding must be delayed for 90 days.",Fabricated Regulation,Medium,Yes
H0003054,A0321358,Q0321358,C064271,"Customer C064271 can be approved for onboarding. The customer satisfies KYC requirements, has sufficient verified documentation, and does not require enhanced review.",Customer C064271 must be rejected due to AML concerns.,Contradiction,Critical,Yes
H0003099,A0440826,Q0440826,C088165,"Customer C088165 can be approved for onboarding. The customer satisfies KYC requirements, has sufficient verified documentation, and does not require enhanced review.",Customer C088165 must be rejected due to AML concerns.,Contradiction,High,Yes
H0003192,A0156326,Q0156326,C031265,"Customer C031265 can be approved for onboarding. The customer satisfies KYC requirements, has sufficient verified documentation, and does not require enhanced review.","Customer C031265 can be approved for onboarding. The customer satisfies KYC requirements, has sufficient verified documentation, and does not require enhanced review. The customer was previously investigated for international money laundering activities.",Unsupported Claim,Low,Yes
H0003275,A0009004,Q0009004,C001800,"Customer C001800 can be approved for onboarding. The customer satisfies KYC requirements, has sufficient verified documentation, and does not require enhanced review.","Customer C001800 can be approved for onboarding. The customer satisfies KYC requirements, has sufficient verified documentation, and does not require enhanced review. The customer has a Low AML Risk classification.",Wrong Risk Score,Medium,Yes
H0003328,A0132163,Q0132163,C026432,"Customer C026432 can be approved for onboarding. The customer satisfies KYC requirements, has sufficient verified documentation, and does not require enhanced review.","Customer C026432 can be approved for onboarding. The customer satisfies KYC requirements, has sufficient verified documentation, and does not require enhanced review. As per AML Regulation Section 99.7, onboarding must be delayed for 90 days.",Fabricated Regulation,Medium,Yes
H0003356,A0341482,Q0341482,C068296,"Customer C068296 can be approved for onboarding. The customer satisfies KYC requirements, has sufficient verified documentation, and does not require enhanced review.",Customer C068296 requires additional review.,Missing Evidence,Medium,Yes
H0003414,A0349544,Q0349544,C069908,"Customer C069908 can be approved for onboarding. The customer satisfies KYC requirements, has sufficient verified documentation, and does not require enhanced review.","Customer C069908 can be approved for onboarding. The customer satisfies KYC requirements, has sufficient verified documentation, and does not require enhanced review. The customer was previously investigated for international money laundering activities.",Unsupported Claim,Low,Yes
H0003434,A0190255,Q0190255,C038050,"Customer C038050 can be approved for onboarding. The customer satisfies KYC requirements, has sufficient verified documentation, and does not require enhanced review.","Customer C038050 can be approved for onboarding. The customer satisfies KYC requirements, has sufficient verified documentation, and does not require enhanced review. The customer has a Low AML Risk classification.",Wrong Risk Score,High,Yes
H0003512,A0258403,Q0258403,C051680,"Customer C051680 can be approved for onboarding. The customer satisfies KYC requirements, has sufficient verified documentation, and does not require enhanced review.","Customer C051680 can be approved for onboarding. The customer satisfies KYC requirements, has sufficient verified documentation, and does not require enhanced review. The customer was previously investigated for international money laundering activities.",Unsupported Claim,Low,Yes
H0003515,A0291832,Q0291832,C058366,Customer C058366 requires Enhanced Due Diligence because the customer is classified as a Politically Exposed Person (PEP) or presents elevated AML risk.,Customer C058366 requires additional review.,Missing Evidence,Medium,Yes
H0003527,A0465746,Q0465746,C093149,Customer C093149 requires Enhanced Due Diligence because the customer is classified as a Politically Exposed Person (PEP) or presents elevated AML risk.,Customer C093149 requires Enhanced Due Diligence because the customer is classified as a Politically Exposed Person (PEP) or presents elevated AML risk. The customer has a Low AML Risk classification.,Wrong Risk Score,High,Yes
H0003627,A0112550,Q0112550,C022509,"Customer C022509 can be approved for onboarding. The customer satisfies KYC requirements, has sufficient verified documentation, and does not require enhanced review.","Customer C022509 can be approved for onboarding. The customer satisfies KYC requirements, has sufficient verified documentation, and does not require enhanced review. The customer has a Low AML Risk classification.",Wrong Risk Score,Low,Yes
H0003883,A0279626,Q0279626,C055925,"Customer C055925 can be approved for onboarding. The customer satisfies KYC requirements, has sufficient verified documentation, and does not require enhanced review.",Customer C055925 requires additional review.,Missing Evidence,Medium,Yes
H0003890,A0001296,Q0001296,C000259,Customer C000259 requires Enhanced Due Diligence because the customer is classified as a Politically Exposed Person (PEP) or presents elevated AML risk.,Customer C000259 requires Enhanced Due Diligence because the customer is classified as a Politically Exposed Person (PEP) or presents elevated AML risk. The customer was previously investigated for international money laundering activities.,Unsupported Claim,Medium,Yes
H0003936,A0162354,Q0162354,C032470,"Customer C032470 can be approved for onboarding. The customer satisfies KYC requirements, has sufficient verified documentation, and does not require enhanced review.",Customer C032470 requires additional review.,Missing Evidence,High,Yes
H0003950,A0086410,Q0086410,C017281,Customer C017281 must be rejected because the customer appears on a sanctions list and violates AML onboarding requirements.,Customer C017281 can be approved without restrictions.,Contradiction,High,Yes
H0004097,A0374759,Q0374759,C074951,"Customer C074951 can be approved for onboarding. The customer satisfies KYC requirements, has sufficient verified documentation, and does not require enhanced review.",Customer C074951 requires additional review.,Missing Evidence,High,Yes
H0004117,A0449844,Q0449844,C089968,"Customer C089968 can be approved for onboarding. The customer satisfies KYC requirements, has sufficient verified documentation, and does not require enhanced review.",Customer C089968 must be rejected due to AML concerns.,Contradiction,Critical,Yes
H0004188,A0232558,Q0232558,C046511,"Customer C046511 can be approved for onboarding. The customer satisfies KYC requirements, has sufficient verified documentation, and does not require enhanced review.",Customer C046511 requires additional review.,Missing Evidence,Medium,Yes
H0004223,A0113570,Q0113570,C022713,Customer C022713 requires Enhanced Due Diligence because the customer is classified as a Politically Exposed Person (PEP) or presents elevated AML risk.,Customer C022713 requires Enhanced Due Diligence because the customer is classified as a Politically Exposed Person (PEP) or presents elevated AML risk. The customer has a Low AML Risk classification.,Wrong Risk Score,Critical,Yes
H0004240,A0357637,Q0357637,C071527,"Customer C071527 can be approved for onboarding. The customer satisfies KYC requirements, has sufficient verified documentation, and does not require enhanced review.",Customer C071527 requires additional review.,Missing Evidence,High,Yes
H0004245,A0375387,Q0375387,C075077,Customer C075077 requires Enhanced Due Diligence because the customer is classified as a Politically Exposed Person (PEP) or presents elevated AML risk.,"Customer C075077 requires Enhanced Due Diligence because the customer is classified as a Politically Exposed Person (PEP) or presents elevated AML risk. As per AML Regulation Section 99.7, onboarding must be delayed for 90 days.",Fabricated Regulation,Medium,Yes
H0004278,A0016668,Q0016668,C003333,"Customer C003333 can be approved for onboarding. The customer satisfies KYC requirements, has sufficient verified documentation, and does not require enhanced review.","Customer C003333 can be approved for onboarding. The customer satisfies KYC requirements, has sufficient verified documentation, and does not require enhanced review. The customer was previously investigated for international money laundering activities.",Unsupported Claim,Low,Yes
H0004487,A0436286,Q0436286,C087257,Customer C087257 requires Enhanced Due Diligence because the customer is classified as a Politically Exposed Person (PEP) or presents elevated AML risk.,"Customer C087257 requires Enhanced Due Diligence because the customer is classified as a Politically Exposed Person (PEP) or presents elevated AML risk. As per AML Regulation Section 99.7, onboarding must be delayed for 90 days.",Fabricated Regulation,Critical,Yes
H0004574,A0332780,Q0332780,C066555,"Customer C066555 can be approved for onboarding. The customer satisfies KYC requirements, has sufficient verified documentation, and does not require enhanced review.",Customer C066555 requires additional review.,Missing Evidence,Critical,Yes
H0004720,A0294965,Q0294965,C058992,Customer C058992 requires Enhanced Due Diligence because the customer is classified as a Politically Exposed Person (PEP) or presents elevated AML risk.,"Customer C058992 requires Enhanced Due Diligence because the customer is classified as a Politically Exposed Person (PEP) or presents elevated AML risk. As per AML Regulation Section 99.7, onboarding must be delayed for 90 days.",Fabricated Regulation,Medium,Yes
H0004824,A0040811,Q0040811,C008162,"Customer C008162 can be approved for onboarding. The customer satisfies KYC requirements, has sufficient verified documentation, and does not require enhanced review.",Customer C008162 requires additional review.,Missing Evidence,High,Yes
H0005032,A0140352,Q0140352,C028070,"Customer C028070 can be approved for onboarding. The customer satisfies KYC requirements, has sufficient verified documentation, and does not require enhanced review.","Customer C028070 can be approved for onboarding. The customer satisfies KYC requirements, has sufficient verified documentation, and does not require enhanced review. The customer was previously investigated for international money laundering activities.",Unsupported Claim,Low,Yes
H0005084,A0173899,Q0173899,C034779,"Customer C034779 can be approved for onboarding. The customer satisfies KYC requirements, has sufficient verified documentation, and does not require enhanced review.",Customer C034779 requires additional review.,Missing Evidence,Critical,Yes
H0005140,A0265498,Q0265498,C053099,"Customer C053099 can be approved for onboarding. The customer satisfies KYC requirements, has sufficient verified documentation, and does not require enhanced review.","Customer C053099 can be approved for onboarding. The customer satisfies KYC requirements, has sufficient verified documentation, and does not require enhanced review. The customer was previously investigated for international money laundering activities.",Unsupported Claim,Medium,Yes
H0005158,A0049118,Q0049118,C009823,"Customer C009823 can be approved for onboarding. The customer satisfies KYC requirements, has sufficient verified documentation, and does not require enhanced review.","Customer C009823 can be approved for onboarding. The customer satisfies KYC requirements, has sufficient verified documentation, and does not require enhanced review. As per AML Regulation Section 99.7, onboarding must be delayed for 90 days.",Fabricated Regulation,Critical,Yes
H0005193,A0456483,Q0456483,C091296,Customer C091296 should be escalated for manual review due to elevated risk indicators requiring additional investigation.,"Customer C091296 should be escalated for manual review due to elevated risk indicators requiring additional investigation. As per AML Regulation Section 99.7, onboarding must be delayed for 90 days.",Fabricated Regulation,Low,Yes
H0005375,A0225022,Q0225022,C045004,"Customer C045004 can be approved for onboarding. The customer satisfies KYC requirements, has sufficient verified documentation, and does not require enhanced review.",Customer C045004 requires additional review.,Missing Evidence,Medium,Yes
H0005478,A0100538,Q0100538,C020107,Customer C020107 requires Enhanced Due Diligence because the customer is classified as a Politically Exposed Person (PEP) or presents elevated AML risk.,Customer C020107 requires Enhanced Due Diligence because the customer is classified as a Politically Exposed Person (PEP) or presents elevated AML risk. The customer was previously investigated for international money laundering activities.,Unsupported Claim,Low,Yes
H0005479,A0173739,Q0173739,C034747,"Customer C034747 can be approved for onboarding. The customer satisfies KYC requirements, has sufficient verified documentation, and does not require enhanced review.",Customer C034747 requires additional review.,Missing Evidence,Medium,Yes
H0005560,A0449195,Q0449195,C089838,Customer C089838 requires Enhanced Due Diligence because the customer is classified as a Politically Exposed Person (PEP) or presents elevated AML risk.,Customer C089838 requires Enhanced Due Diligence because the customer is classified as a Politically Exposed Person (PEP) or presents elevated AML risk. The customer has a Low AML Risk classification.,Wrong Risk Score,Medium,Yes
H0005599,A0058761,Q0058761,C011752,"Customer C011752 can be approved for onboarding. The customer satisfies KYC requirements, has sufficient verified documentation, and does not require enhanced review.","Customer C011752 can be approved for onboarding. The customer satisfies KYC requirements, has sufficient verified documentation, and does not require enhanced review. The customer has a Low AML Risk classification.",Wrong Risk Score,Critical,Yes
H0005669,A0229624,Q0229624,C045924,Customer C045924 requires Enhanced Due Diligence because the customer is classified as a Politically Exposed Person (PEP) or presents elevated AML risk.,Customer C045924 requires no enhanced review.,Contradiction,Critical,Yes
H0005700,A0300350,Q0300350,C060069,Customer C060069 requires Enhanced Due Diligence because the customer is classified as a Politically Exposed Person (PEP) or presents elevated AML risk.,Customer C060069 requires additional review.,Missing Evidence,Critical,Yes
H0006078,A0319854,Q0319854,C063970,"Customer C063970 can be approved for onboarding. The customer satisfies KYC requirements, has sufficient verified documentation, and does not require enhanced review.","Customer C063970 can be approved for onboarding. The customer satisfies KYC requirements, has sufficient verified documentation, and does not require enhanced review. As per AML Regulation Section 99.7, onboarding must be delayed for 90 days.",Fabricated Regulation,High,Yes
H0006138,A0330225,Q0330225,C066044,"Customer C066044 can be approved for onboarding. The customer satisfies KYC requirements, has sufficient verified documentation, and does not require enhanced review.",Customer C066044 requires additional review.,Missing Evidence,Medium,Yes
H0006302,A0154282,Q0154282,C030856,"Customer C030856 can be approved for onboarding. The customer satisfies KYC requirements, has sufficient verified documentation, and does not require enhanced review.",Customer C030856 requires additional review.,Missing Evidence,Low,Yes
H0006439,A0316223,Q0316223,C063244,Customer C063244 requires Enhanced Due Diligence because the customer is classified as a Politically Exposed Person (PEP) or presents elevated AML risk.,Customer C063244 requires no enhanced review.,Contradiction,Critical,Yes
H0006475,A0252160,Q0252160,C050431,Customer C050431 requires Enhanced Due Diligence because the customer is classified as a Politically Exposed Person (PEP) or presents elevated AML risk.,Customer C050431 requires Enhanced Due Diligence because the customer is classified as a Politically Exposed Person (PEP) or presents elevated AML risk. The customer was previously investigated for international money laundering activities.,Unsupported Claim,Low,Yes
H0006718,A0343075,Q0343075,C068614,Customer C068614 requires Enhanced Due Diligence because the customer is classified as a Politically Exposed Person (PEP) or presents elevated AML risk.,Customer C068614 requires additional review.,Missing Evidence,Low,Yes
H0006789,A0437758,Q0437758,C087551,Customer C087551 requires Enhanced Due Diligence because the customer is classified as a Politically Exposed Person (PEP) or presents elevated AML risk.,"Customer C087551 requires Enhanced Due Diligence because the customer is classified as a Politically Exposed Person (PEP) or presents elevated AML risk. As per AML Regulation Section 99.7, onboarding must be delayed for 90 days.",Fabricated Regulation,High,Yes
H0006796,A0279047,Q0279047,C055809,"Customer C055809 can be approved for onboarding. The customer satisfies KYC requirements, has sufficient verified documentation, and does not require enhanced review.","Customer C055809 can be approved for onboarding. The customer satisfies KYC requirements, has sufficient verified documentation, and does not require enhanced review. As per AML Regulation Section 99.7, onboarding must be delayed for 90 days.",Fabricated Regulation,Low,Yes
H0006803,A0498766,Q0498766,C099753,"Customer C099753 can be approved for onboarding. The customer satisfies KYC requirements, has sufficient verified documentation, and does not require enhanced review.","Customer C099753 can be approved for onboarding. The customer satisfies KYC requirements, has sufficient verified documentation, and does not require enhanced review. As per AML Regulation Section 99.7, onboarding must be delayed for 90 days.",Fabricated Regulation,Low,Yes
H0006818,A0396595,Q0396595,C079318,"Customer C079318 can be approved for onboarding. The customer satisfies KYC requirements, has sufficient verified documentation, and does not require enhanced review.",Customer C079318 requires additional review.,Missing Evidence,Low,Yes
H0007127,A0395662,Q0395662,C079132,"Customer C079132 can be approved for onboarding. The customer satisfies KYC requirements, has sufficient verified documentation, and does not require enhanced review.",Customer C079132 requires additional review.,Missing Evidence,Critical,Yes
H0007309,A0468942,Q0468942,C093788,Customer C093788 requires Enhanced Due Diligence because the customer is classified as a Politically Exposed Person (PEP) or presents elevated AML risk.,"Customer C093788 requires Enhanced Due Diligence because the customer is classified as a Politically Exposed Person (PEP) or presents elevated AML risk. As per AML Regulation Section 99.7, onboarding must be delayed for 90 days.",Fabricated Regulation,High,Yes
H0007336,A0042266,Q0042266,C008453,"Customer C008453 can be approved for onboarding. The customer satisfies KYC requirements, has sufficient verified documentation, and does not require enhanced review.",Customer C008453 must be rejected due to AML concerns.,Contradiction,High,Yes
H0007426,A0364194,Q0364194,C072838,"Customer C072838 can be approved for onboarding. The customer satisfies KYC requirements, has sufficient verified documentation, and does not require enhanced review.","Customer C072838 can be approved for onboarding. The customer satisfies KYC requirements, has sufficient verified documentation, and does not require enhanced review. The customer was previously investigated for international money laundering activities.",Unsupported Claim,Medium,Yes
H0007487,A0380542,Q0380542,C076108,"Customer C076108 can be approved for onboarding. The customer satisfies KYC requirements, has sufficient verified documentation, and does not require enhanced review.","Customer C076108 can be approved for onboarding. The customer satisfies KYC requirements, has sufficient verified documentation, and does not require enhanced review. The customer was previously investigated for international money laundering activities.",Unsupported Claim,Low,Yes
H0007743,A0466774,Q0466774,C093354,Customer C093354 should be escalated for manual review due to elevated risk indicators requiring additional investigation.,Customer C093354 is approved immediately.,Contradiction,High,Yes
H0007765,A0206404,Q0206404,C041280,"Customer C041280 can be approved for onboarding. The customer satisfies KYC requirements, has sufficient verified documentation, and does not require enhanced review.",Customer C041280 must be rejected due to AML concerns.,Contradiction,Medium,Yes
H0007822,A0127727,Q0127727,C025545,"Customer C025545 can be approved for onboarding. The customer satisfies KYC requirements, has sufficient verified documentation, and does not require enhanced review.","Customer C025545 can be approved for onboarding. The customer satisfies KYC requirements, has sufficient verified documentation, and does not require enhanced review. The customer was previously investigated for international money laundering activities.",Unsupported Claim,Medium,Yes
H0007835,A0430676,Q0430676,C086135,Customer C086135 should be escalated for manual review due to elevated risk indicators requiring additional investigation.,Customer C086135 should be escalated for manual review due to elevated risk indicators requiring additional investigation. The customer has a Low AML Risk classification.,Wrong Risk Score,Low,Yes
H0007860,A0053588,Q0053588,C010717,"Customer C010717 can be approved for onboarding. The customer satisfies KYC requirements, has sufficient verified documentation, and does not require enhanced review.",Customer C010717 requires additional review.,Missing Evidence,Medium,Yes
H0007905,A0179225,Q0179225,C035844,"Customer C035844 can be approved for onboarding. The customer satisfies KYC requirements, has sufficient verified documentation, and does not require enhanced review.","Customer C035844 can be approved for onboarding. The customer satisfies KYC requirements, has sufficient verified documentation, and does not require enhanced review. The customer was previously investigated for international money laundering activities.",Unsupported Claim,Medium,Yes
H0007968,A0067808,Q0067808,C013561,"Customer C013561 can be approved for onboarding. The customer satisfies KYC requirements, has sufficient verified documentation, and does not require enhanced review.","Customer C013561 can be approved for onboarding. The customer satisfies KYC requirements, has sufficient verified documentation, and does not require enhanced review. The customer was previously investigated for international money laundering activities.",Unsupported Claim,Low,Yes
H0008193,A0184436,Q0184436,C036887,"Customer C036887 can be approved for onboarding. The customer satisfies KYC requirements, has sufficient verified documentation, and does not require enhanced review.","Customer C036887 can be approved for onboarding. The customer satisfies KYC requirements, has sufficient verified documentation, and does not require enhanced review. As per AML Regulation Section 99.7, onboarding must be delayed for 90 days.",Fabricated Regulation,Medium,Yes
H0008245,A0032543,Q0032543,C006508,"Customer C006508 can be approved for onboarding. The customer satisfies KYC requirements, has sufficient verified documentation, and does not require enhanced review.","Customer C006508 can be approved for onboarding. The customer satisfies KYC requirements, has sufficient verified documentation, and does not require enhanced review. The customer was previously investigated for international money laundering activities.",Unsupported Claim,High,Yes
H0008394,A0448673,Q0448673,C089734,"Customer C089734 can be approved for onboarding. The customer satisfies KYC requirements, has sufficient verified documentation, and does not require enhanced review.",Customer C089734 requires additional review.,Missing Evidence,High,Yes
H0008903,A0401782,Q0401782,C080356,"Customer C080356 can be approved for onboarding. The customer satisfies KYC requirements, has sufficient verified documentation, and does not require enhanced review.",Customer C080356 requires additional review.,Missing Evidence,Low,Yes
H0008966,A0111860,Q0111860,C022371,"Customer C022371 can be approved for onboarding. The customer satisfies KYC requirements, has sufficient verified documentation, and does not require enhanced review.","Customer C022371 can be approved for onboarding. The customer satisfies KYC requirements, has sufficient verified documentation, and does not require enhanced review. As per AML Regulation Section 99.7, onboarding must be delayed for 90 days.",Fabricated Regulation,Medium,Yes
H0009051,A0027108,Q0027108,C005421,"Customer C005421 can be approved for onboarding. The customer satisfies KYC requirements, has sufficient verified documentation, and does not require enhanced review.",Customer C005421 requires additional review.,Missing Evidence,High,Yes
H0009164,A0014257,Q0014257,C002851,"Customer C002851 can be approved for onboarding. The customer satisfies KYC requirements, has sufficient verified documentation, and does not require enhanced review.","Customer C002851 can be approved for onboarding. The customer satisfies KYC requirements, has sufficient verified documentation, and does not require enhanced review. The customer has a Low AML Risk classification.",Wrong Risk Score,Low,Yes
H0009226,A0010121,Q0010121,C002024,"Customer C002024 can be approved for onboarding. The customer satisfies KYC requirements, has sufficient verified documentation, and does not require enhanced review.","Customer C002024 can be approved for onboarding. The customer satisfies KYC requirements, has sufficient verified documentation, and does not require enhanced review. The customer has a Low AML Risk classification.",Wrong Risk Score,Critical,Yes
H0009322,A0372144,Q0372144,C074428,Customer C074428 requires Enhanced Due Diligence because the customer is classified as a Politically Exposed Person (PEP) or presents elevated AML risk.,Customer C074428 requires Enhanced Due Diligence because the customer is classified as a Politically Exposed Person (PEP) or presents elevated AML risk. The customer has a Low AML Risk classification.,Wrong Risk Score,Low,Yes
H0009428,A0201018,Q0201018,C040203,"Customer C040203 can be approved for onboarding. The customer satisfies KYC requirements, has sufficient verified documentation, and does not require enhanced review.","Customer C040203 can be approved for onboarding. The customer satisfies KYC requirements, has sufficient verified documentation, and does not require enhanced review. The customer has a Low AML Risk classification.",Wrong Risk Score,Low,Yes
H0009451,A0453480,Q0453480,C090695,Customer C090695 requires Enhanced Due Diligence because the customer is classified as a Politically Exposed Person (PEP) or presents elevated AML risk.,"Customer C090695 requires Enhanced Due Diligence because the customer is classified as a Politically Exposed Person (PEP) or presents elevated AML risk. As per AML Regulation Section 99.7, onboarding must be delayed for 90 days.",Fabricated Regulation,Low,Yes
H0009461,A0484323,Q0484323,C096864,"Customer C096864 can be approved for onboarding. The customer satisfies KYC requirements, has sufficient verified documentation, and does not require enhanced review.","Customer C096864 can be approved for onboarding. The customer satisfies KYC requirements, has sufficient verified documentation, and does not require enhanced review. The customer was previously investigated for international money laundering activities.",Unsupported Claim,Critical,Yes
H0009688,A0255512,Q0255512,C051102,"Customer C051102 can be approved for onboarding. The customer satisfies KYC requirements, has sufficient verified documentation, and does not require enhanced review.","Customer C051102 can be approved for onboarding. The customer satisfies KYC requirements, has sufficient verified documentation, and does not require enhanced review. The customer has a Low AML Risk classification.",Wrong Risk Score,High,Yes
H0009747,A0048337,Q0048337,C009667,Customer C009667 requires Enhanced Due Diligence because the customer is classified as a Politically Exposed Person (PEP) or presents elevated AML risk.,"Customer C009667 requires Enhanced Due Diligence because the customer is classified as a Politically Exposed Person (PEP) or presents elevated AML risk. As per AML Regulation Section 99.7, onboarding must be delayed for 90 days.",Fabricated Regulation,Medium,Yes
H0009785,A0379972,Q0379972,C075994,Customer C075994 should be escalated for manual review due to elevated risk indicators requiring additional investigation.,"Customer C075994 should be escalated for manual review due to elevated risk indicators requiring additional investigation. As per AML Regulation Section 99.7, onboarding must be delayed for 90 days.",Fabricated Regulation,Low,Yes
H0009820,A0013996,Q0013996,C002799,"Customer C002799 can be approved for onboarding. The customer satisfies KYC requirements, has sufficient verified documentation, and does not require enhanced review.","Customer C002799 can be approved for onboarding. The customer satisfies KYC requirements, has sufficient verified documentation, and does not require enhanced review. The customer was previously investigated for international money laundering activities.",Unsupported Claim,Low,Yes
H0009826,A0212814,Q0212814,C042562,"Customer C042562 can be approved for onboarding. The customer satisfies KYC requirements, has sufficient verified documentation, and does not require enhanced review.","Customer C042562 can be approved for onboarding. The customer satisfies KYC requirements, has sufficient verified documentation, and does not require enhanced review. As per AML Regulation Section 99.7, onboarding must be delayed for 90 days.",Fabricated Regulation,Low,Yes
H0009849,A0217176,Q0217176,C043435,"Customer C043435 can be approved for onboarding. The customer satisfies KYC requirements, has sufficient verified documentation, and does not require enhanced review.","Customer C043435 can be approved for onboarding. The customer satisfies KYC requirements, has sufficient verified documentation, and does not require enhanced review. The customer was previously investigated for international money laundering activities.",Unsupported Claim,Low,Yes
H0010002,A0267225,Q0267225,C053444,"Customer C053444 can be approved for onboarding. The customer satisfies KYC requirements, has sufficient verified documentation, and does not require enhanced review.","Customer C053444 can be approved for onboarding. The customer satisfies KYC requirements, has sufficient verified documentation, and does not require enhanced review. The customer was previously investigated for international money laundering activities.",Unsupported Claim,Critical,Yes
H0010088,A0220656,Q0220656,C044131,"Customer C044131 can be approved for onboarding. The customer satisfies KYC requirements, has sufficient verified documentation, and does not require enhanced review.",Customer C044131 must be rejected due to AML concerns.,Contradiction,Medium,Yes
H0010184,A0160049,Q0160049,C032009,"Customer C032009 can be approved for onboarding. The customer satisfies KYC requirements, has sufficient verified documentation, and does not require enhanced review.","Customer C032009 can be approved for onboarding. The customer satisfies KYC requirements, has sufficient verified documentation, and does not require enhanced review. As per AML Regulation Section 99.7, onboarding must be delayed for 90 days.",Fabricated Regulation,Low,Yes
H0010189,A0495979,Q0495979,C099195,"Customer C099195 can be approved for onboarding. The customer satisfies KYC requirements, has sufficient verified documentation, and does not require enhanced review.","Customer C099195 can be approved for onboarding. The customer satisfies KYC requirements, has sufficient verified documentation, and does not require enhanced review. The customer was previously investigated for international money laundering activities.",Unsupported Claim,Medium,Yes
H0010267,A0164698,Q0164698,C032939,"Customer C032939 can be approved for onboarding. The customer satisfies KYC requirements, has sufficient verified documentation, and does not require enhanced review.","Customer C032939 can be approved for onboarding. The customer satisfies KYC requirements, has sufficient verified documentation, and does not require enhanced review. As per AML Regulation Section 99.7, onboarding must be delayed for 90 days.",Fabricated Regulation,Low,Yes
H0010390,A0159968,Q0159968,C031993,"Customer C031993 can be approved for onboarding. The customer satisfies KYC requirements, has sufficient verified documentation, and does not require enhanced review.","Customer C031993 can be approved for onboarding. The customer satisfies KYC requirements, has sufficient verified documentation, and does not require enhanced review. The customer was previously investigated for international money laundering activities.",Unsupported Claim,High,Yes
H0010518,A0243349,Q0243349,C048669,Customer C048669 requires Enhanced Due Diligence because the customer is classified as a Politically Exposed Person (PEP) or presents elevated AML risk.,Customer C048669 requires Enhanced Due Diligence because the customer is classified as a Politically Exposed Person (PEP) or presents elevated AML risk. The customer was previously investigated for international money laundering activities.,Unsupported Claim,High,Yes
H0010813,A0330692,Q0330692,C066138,Customer C066138 must be rejected because the customer appears on a sanctions list and violates AML onboarding requirements.,Customer C066138 must be rejected because the customer appears on a sanctions list and violates AML onboarding requirements. The customer has a Low AML Risk classification.,Wrong Risk Score,Low,Yes
H0010834,A0467089,Q0467089,C093417,Customer C093417 should be escalated for manual review due to elevated risk indicators requiring additional investigation.,Customer C093417 should be escalated for manual review due to elevated risk indicators requiring additional investigation. The customer was previously investigated for international money laundering activities.,Unsupported Claim,High,Yes
H0011050,A0085465,Q0085465,C017092,"Customer C017092 can be approved for onboarding. The customer satisfies KYC requirements, has sufficient verified documentation, and does not require enhanced review.","Customer C017092 can be approved for onboarding. The customer satisfies KYC requirements, has sufficient verified documentation, and does not require enhanced review. The customer was previously investigated for international money laundering activities.",Unsupported Claim,Critical,Yes
H0011124,A0165033,Q0165033,C033006,Customer C033006 has insufficient verified documentation. Additional documents are required before onboarding can proceed.,"Customer C033006 has insufficient verified documentation. Additional documents are required before onboarding can proceed. As per AML Regulation Section 99.7, onboarding must be delayed for 90 days.",Fabricated Regulation,High,Yes
H0011162,A0477604,Q0477604,C095520,"Customer C095520 can be approved for onboarding. The customer satisfies KYC requirements, has sufficient verified documentation, and does not require enhanced review.",Customer C095520 requires additional review.,Missing Evidence,Critical,Yes
H0011230,A0379425,Q0379425,C075884,Customer C075884 requires Enhanced Due Diligence because the customer is classified as a Politically Exposed Person (PEP) or presents elevated AML risk.,Customer C075884 requires no enhanced review.,Contradiction,Medium,Yes
H0011519,A0366012,Q0366012,C073202,"Customer C073202 can be approved for onboarding. The customer satisfies KYC requirements, has sufficient verified documentation, and does not require enhanced review.","Customer C073202 can be approved for onboarding. The customer satisfies KYC requirements, has sufficient verified documentation, and does not require enhanced review. The customer has a Low AML Risk classification.",Wrong Risk Score,Medium,Yes
H0011550,A0260381,Q0260381,C052076,"Customer C052076 can be approved for onboarding. The customer satisfies KYC requirements, has sufficient verified documentation, and does not require enhanced review.","Customer C052076 can be approved for onboarding. The customer satisfies KYC requirements, has sufficient verified documentation, and does not require enhanced review. As per AML Regulation Section 99.7, onboarding must be delayed for 90 days.",Fabricated Regulation,High,Yes
H0011617,A0400850,Q0400850,C080169,"Customer C080169 can be approved for onboarding. The customer satisfies KYC requirements, has sufficient verified documentation, and does not require enhanced review.","Customer C080169 can be approved for onboarding. The customer satisfies KYC requirements, has sufficient verified documentation, and does not require enhanced review. As per AML Regulation Section 99.7, onboarding must be delayed for 90 days.",Fabricated Regulation,Critical,Yes
H0011917,A0206615,Q0206615,C041322,"Customer C041322 can be approved for onboarding. The customer satisfies KYC requirements, has sufficient verified documentation, and does not require enhanced review.",Customer C041322 requires additional review.,Missing Evidence,Medium,Yes
H0012173,A0372236,Q0372236,C074447,Customer C074447 requires Enhanced Due Diligence because the customer is classified as a Politically Exposed Person (PEP) or presents elevated AML risk.,Customer C074447 requires Enhanced Due Diligence because the customer is classified as a Politically Exposed Person (PEP) or presents elevated AML risk. The customer has a Low AML Risk classification.,Wrong Risk Score,Medium,Yes
H0012185,A0060736,Q0060736,C012147,"Customer C012147 can be approved for onboarding. The customer satisfies KYC requirements, has sufficient verified documentation, and does not require enhanced review.","Customer C012147 can be approved for onboarding. The customer satisfies KYC requirements, has sufficient verified documentation, and does not require enhanced review. The customer was previously investigated for international money laundering activities.",Unsupported Claim,Critical,Yes
H0012308,A0453888,Q0453888,C090777,Customer C090777 requires Enhanced Due Diligence because the customer is classified as a Politically Exposed Person (PEP) or presents elevated AML risk.,Customer C090777 requires Enhanced Due Diligence because the customer is classified as a Politically Exposed Person (PEP) or presents elevated AML risk. The customer has a Low AML Risk classification.,Wrong Risk Score,Low,Yes
H0012373,A0470731,Q0470731,C094146,"Customer C094146 can be approved for onboarding. The customer satisfies KYC requirements, has sufficient verified documentation, and does not require enhanced review.","Customer C094146 can be approved for onboarding. The customer satisfies KYC requirements, has sufficient verified documentation, and does not require enhanced review. As per AML Regulation Section 99.7, onboarding must be delayed for 90 days.",Fabricated Regulation,Medium,Yes
H0012484,A0215684,Q0215684,C043136,"Customer C043136 can be approved for onboarding. The customer satisfies KYC requirements, has sufficient verified documentation, and does not require enhanced review.","Customer C043136 can be approved for onboarding. The customer satisfies KYC requirements, has sufficient verified documentation, and does not require enhanced review. As per AML Regulation Section 99.7, onboarding must be delayed for 90 days.",Fabricated Regulation,Low,Yes
H0012837,A0216991,Q0216991,C043398,"Customer C043398 can be approved for onboarding. The customer satisfies KYC requirements, has sufficient verified documentation, and does not require enhanced review.","Customer C043398 can be approved for onboarding. The customer satisfies KYC requirements, has sufficient verified documentation, and does not require enhanced review. The customer was previously investigated for international money laundering activities.",Unsupported Claim,Medium,Yes
H0012860,A0126461,Q0126461,C025292,"Customer C025292 can be approved for onboarding. The customer satisfies KYC requirements, has sufficient verified documentation, and does not require enhanced review.","Customer C025292 can be approved for onboarding. The customer satisfies KYC requirements, has sufficient verified documentation, and does not require enhanced review. The customer has a Low AML Risk classification.",Wrong Risk Score,Low,Yes
H0012888,A0097123,Q0097123,C019424,"Customer C019424 can be approved for onboarding. The customer satisfies KYC requirements, has sufficient verified documentation, and does not require enhanced review.","Customer C019424 can be approved for onboarding. The customer satisfies KYC requirements, has sufficient verified documentation, and does not require enhanced review. The customer has a Low AML Risk classification.",Wrong Risk Score,Critical,Yes
H0012994,A0378283,Q0378283,C075656,"Customer C075656 can be approved for onboarding. The customer satisfies KYC requirements, has sufficient verified documentation, and does not require enhanced review.","Customer C075656 can be approved for onboarding. The customer satisfies KYC requirements, has sufficient verified documentation, and does not require enhanced review. The customer was previously investigated for international money laundering activities.",Unsupported Claim,Critical,Yes
H0013054,A0244654,Q0244654,C048930,Customer C048930 should be escalated for manual review due to elevated risk indicators requiring additional investigation.,Customer C048930 requires additional review.,Missing Evidence,High,Yes
H0013059,A0260377,Q0260377,C052075,"Customer C052075 can be approved for onboarding. The customer satisfies KYC requirements, has sufficient verified documentation, and does not require enhanced review.","Customer C052075 can be approved for onboarding. The customer satisfies KYC requirements, has sufficient verified documentation, and does not require enhanced review. The customer has a Low AML Risk classification.",Wrong Risk Score,Medium,Yes
H0013223,A0416354,Q0416354,C083270,"Customer C083270 can be approved for onboarding. The customer satisfies KYC requirements, has sufficient verified documentation, and does not require enhanced review.",Customer C083270 requires additional review.,Missing Evidence,Low,Yes
H0013332,A0330472,Q0330472,C066094,"Customer C066094 can be approved for onboarding. The customer satisfies KYC requirements, has sufficient verified documentation, and does not require enhanced review.","Customer C066094 can be approved for onboarding. The customer satisfies KYC requirements, has sufficient verified documentation, and does not require enhanced review. The customer has a Low AML Risk classification.",Wrong Risk Score,Critical,Yes
H0013410,A0012903,Q0012903,C002580,"Customer C002580 can be approved for onboarding. The customer satisfies KYC requirements, has sufficient verified documentation, and does not require enhanced review.","Customer C002580 can be approved for onboarding. The customer satisfies KYC requirements, has sufficient verified documentation, and does not require enhanced review. The customer has a Low AML Risk classification.",Wrong Risk Score,Critical,Yes
H0013509,A0088898,Q0088898,C017779,"Customer C017779 can be approved for onboarding. The customer satisfies KYC requirements, has sufficient verified documentation, and does not require enhanced review.","Customer C017779 can be approved for onboarding. The customer satisfies KYC requirements, has sufficient verified documentation, and does not require enhanced review. The customer was previously investigated for international money laundering activities.",Unsupported Claim,High,Yes
H0013528,A0412235,Q0412235,C082446,Customer C082446 requires Enhanced Due Diligence because the customer is classified as a Politically Exposed Person (PEP) or presents elevated AML risk.,Customer C082446 requires Enhanced Due Diligence because the customer is classified as a Politically Exposed Person (PEP) or presents elevated AML risk. The customer has a Low AML Risk classification.,Wrong Risk Score,Critical,Yes
H0013663,A0224276,Q0224276,C044855,Customer C044855 requires Enhanced Due Diligence because the customer is classified as a Politically Exposed Person (PEP) or presents elevated AML risk.,Customer C044855 requires additional review.,Missing Evidence,Low,Yes
H0013710,A0480820,Q0480820,C096163,Customer C096163 requires Enhanced Due Diligence because the customer is classified as a Politically Exposed Person (PEP) or presents elevated AML risk.,"Customer C096163 requires Enhanced Due Diligence because the customer is classified as a Politically Exposed Person (PEP) or presents elevated AML risk. As per AML Regulation Section 99.7, onboarding must be delayed for 90 days.",Fabricated Regulation,Critical,Yes
H0013770,A0371433,Q0371433,C074286,Customer C074286 requires Enhanced Due Diligence because the customer is classified as a Politically Exposed Person (PEP) or presents elevated AML risk.,Customer C074286 requires additional review.,Missing Evidence,Medium,Yes
H0013931,A0118538,Q0118538,C023707,"Customer C023707 can be approved for onboarding. The customer satisfies KYC requirements, has sufficient verified documentation, and does not require enhanced review.","Customer C023707 can be approved for onboarding. The customer satisfies KYC requirements, has sufficient verified documentation, and does not require enhanced review. The customer was previously investigated for international money laundering activities.",Unsupported Claim,Low,Yes
H0014113,A0420766,Q0420766,C084153,Customer C084153 requires Enhanced Due Diligence because the customer is classified as a Politically Exposed Person (PEP) or presents elevated AML risk.,Customer C084153 requires Enhanced Due Diligence because the customer is classified as a Politically Exposed Person (PEP) or presents elevated AML risk. The customer was previously investigated for international money laundering activities.,Unsupported Claim,Low,Yes
H0014243,A0464957,Q0464957,C092991,"Customer C092991 can be approved for onboarding. The customer satisfies KYC requirements, has sufficient verified documentation, and does not require enhanced review.","Customer C092991 can be approved for onboarding. The customer satisfies KYC requirements, has sufficient verified documentation, and does not require enhanced review. As per AML Regulation Section 99.7, onboarding must be delayed for 90 days.",Fabricated Regulation,Critical,Yes
H0014261,A0154579,Q0154579,C030915,Customer C030915 requires Enhanced Due Diligence because the customer is classified as a Politically Exposed Person (PEP) or presents elevated AML risk.,Customer C030915 requires Enhanced Due Diligence because the customer is classified as a Politically Exposed Person (PEP) or presents elevated AML risk. The customer has a Low AML Risk classification.,Wrong Risk Score,Low,Yes
H0014327,A0255946,Q0255946,C051189,Customer C051189 has insufficient verified documentation. Additional documents are required before onboarding can proceed.,Customer C051189 requires additional review.,Missing Evidence,High,Yes
H0014400,A0205560,Q0205560,C041111,"Customer C041111 can be approved for onboarding. The customer satisfies KYC requirements, has sufficient verified documentation, and does not require enhanced review.","Customer C041111 can be approved for onboarding. The customer satisfies KYC requirements, has sufficient verified documentation, and does not require enhanced review. As per AML Regulation Section 99.7, onboarding must be delayed for 90 days.",Fabricated Regulation,Low,Yes
H0014450,A0293796,Q0293796,C058759,"Customer C058759 can be approved for onboarding. The customer satisfies KYC requirements, has sufficient verified documentation, and does not require enhanced review.",Customer C058759 must be rejected due to AML concerns.,Contradiction,Critical,Yes
H0014626,A0347099,Q0347099,C069419,Customer C069419 requires Enhanced Due Diligence because the customer is classified as a Politically Exposed Person (PEP) or presents elevated AML risk.,"Customer C069419 requires Enhanced Due Diligence because the customer is classified as a Politically Exposed Person (PEP) or presents elevated AML risk. As per AML Regulation Section 99.7, onboarding must be delayed for 90 days.",Fabricated Regulation,Medium,Yes
H0014636,A0227921,Q0227921,C045584,"Customer C045584 can be approved for onboarding. The customer satisfies KYC requirements, has sufficient verified documentation, and does not require enhanced review.","Customer C045584 can be approved for onboarding. The customer satisfies KYC requirements, has sufficient verified documentation, and does not require enhanced review. As per AML Regulation Section 99.7, onboarding must be delayed for 90 days.",Fabricated Regulation,Critical,Yes
H0014863,A0479874,Q0479874,C095974,Customer C095974 requires Enhanced Due Diligence because the customer is classified as a Politically Exposed Person (PEP) or presents elevated AML risk.,Customer C095974 requires Enhanced Due Diligence because the customer is classified as a Politically Exposed Person (PEP) or presents elevated AML risk. The customer was previously investigated for international money laundering activities.,Unsupported Claim,Medium,Yes
H0015079,A0223153,Q0223153,C044630,Customer C044630 requires Enhanced Due Diligence because the customer is classified as a Politically Exposed Person (PEP) or presents elevated AML risk.,"Customer C044630 requires Enhanced Due Diligence because the customer is classified as a Politically Exposed Person (PEP) or presents elevated AML risk. As per AML Regulation Section 99.7, onboarding must be delayed for 90 days.",Fabricated Regulation,High,Yes
H0015091,A0275275,Q0275275,C055054,"Customer C055054 can be approved for onboarding. The customer satisfies KYC requirements, has sufficient verified documentation, and does not require enhanced review.","Customer C055054 can be approved for onboarding. The customer satisfies KYC requirements, has sufficient verified documentation, and does not require enhanced review. As per AML Regulation Section 99.7, onboarding must be delayed for 90 days.",Fabricated Regulation,Medium,Yes
H0015214,A0282049,Q0282049,C056409,"Customer C056409 can be approved for onboarding. The customer satisfies KYC requirements, has sufficient verified documentation, and does not require enhanced review.","Customer C056409 can be approved for onboarding. The customer satisfies KYC requirements, has sufficient verified documentation, and does not require enhanced review. The customer has a Low AML Risk classification.",Wrong Risk Score,High,Yes
H0015449,A0094610,Q0094610,C018921,"Customer C018921 can be approved for onboarding. The customer satisfies KYC requirements, has sufficient verified documentation, and does not require enhanced review.","Customer C018921 can be approved for onboarding. The customer satisfies KYC requirements, has sufficient verified documentation, and does not require enhanced review. The customer has a Low AML Risk classification.",Wrong Risk Score,Low,Yes
H0015579,A0434898,Q0434898,C086979,Customer C086979 requires Enhanced Due Diligence because the customer is classified as a Politically Exposed Person (PEP) or presents elevated AML risk.,Customer C086979 requires no enhanced review.,Contradiction,Low,Yes
H0015755,A0052411,Q0052411,C010482,"Customer C010482 can be approved for onboarding. The customer satisfies KYC requirements, has sufficient verified documentation, and does not require enhanced review.","Customer C010482 can be approved for onboarding. The customer satisfies KYC requirements, has sufficient verified documentation, and does not require enhanced review. The customer was previously investigated for international money laundering activities.",Unsupported Claim,Critical,Yes
H0015765,A0144225,Q0144225,C028844,"Customer C028844 can be approved for onboarding. The customer satisfies KYC requirements, has sufficient verified documentation, and does not require enhanced review.","Customer C028844 can be approved for onboarding. The customer satisfies KYC requirements, has sufficient verified documentation, and does not require enhanced review. As per AML Regulation Section 99.7, onboarding must be delayed for 90 days.",Fabricated Regulation,Medium,Yes
H0015766,A0207871,Q0207871,C041574,"Customer C041574 can be approved for onboarding. The customer satisfies KYC requirements, has sufficient verified documentation, and does not require enhanced review.",Customer C041574 requires additional review.,Missing Evidence,Medium,Yes
H0015808,A0458430,Q0458430,C091685,Customer C091685 requires Enhanced Due Diligence because the customer is classified as a Politically Exposed Person (PEP) or presents elevated AML risk.,Customer C091685 requires Enhanced Due Diligence because the customer is classified as a Politically Exposed Person (PEP) or presents elevated AML risk. The customer has a Low AML Risk classification.,Wrong Risk Score,High,Yes
H0015977,A0005431,Q0005431,C001086,"Customer C001086 can be approved for onboarding. The customer satisfies KYC requirements, has sufficient verified documentation, and does not require enhanced review.","Customer C001086 can be approved for onboarding. The customer satisfies KYC requirements, has sufficient verified documentation, and does not require enhanced review. The customer has a Low AML Risk classification.",Wrong Risk Score,Low,Yes
H0016260,A0232703,Q0232703,C046540,"Customer C046540 can be approved for onboarding. The customer satisfies KYC requirements, has sufficient verified documentation, and does not require enhanced review.",Customer C046540 must be rejected due to AML concerns.,Contradiction,High,Yes
H0016295,A0097524,Q0097524,C019504,"Customer C019504 can be approved for onboarding. The customer satisfies KYC requirements, has sufficient verified documentation, and does not require enhanced review.",Customer C019504 requires additional review.,Missing Evidence,Low,Yes
H0016570,A0421078,Q0421078,C084215,"Customer C084215 can be approved for onboarding. The customer satisfies KYC requirements, has sufficient verified documentation, and does not require enhanced review.",Customer C084215 must be rejected due to AML concerns.,Contradiction,Critical,Yes
H0016606,A0161928,Q0161928,C032385,"Customer C032385 can be approved for onboarding. The customer satisfies KYC requirements, has sufficient verified documentation, and does not require enhanced review.","Customer C032385 can be approved for onboarding. The customer satisfies KYC requirements, has sufficient verified documentation, and does not require enhanced review. The customer was previously investigated for international money laundering activities.",Unsupported Claim,Low,Yes
H0016803,A0012003,Q0012003,C002400,Customer C002400 requires Enhanced Due Diligence because the customer is classified as a Politically Exposed Person (PEP) or presents elevated AML risk.,"Customer C002400 requires Enhanced Due Diligence because the customer is classified as a Politically Exposed Person (PEP) or presents elevated AML risk. As per AML Regulation Section 99.7, onboarding must be delayed for 90 days.",Fabricated Regulation,Medium,Yes
H0016966,A0495917,Q0495917,C099183,"Customer C099183 can be approved for onboarding. The customer satisfies KYC requirements, has sufficient verified documentation, and does not require enhanced review.","Customer C099183 can be approved for onboarding. The customer satisfies KYC requirements, has sufficient verified documentation, and does not require enhanced review. The customer has a Low AML Risk classification.",Wrong Risk Score,Critical,Yes
H0016995,A0362432,Q0362432,C072486,Customer C072486 requires Enhanced Due Diligence because the customer is classified as a Politically Exposed Person (PEP) or presents elevated AML risk.,Customer C072486 requires no enhanced review.,Contradiction,Low,Yes
H0017111,A0436221,Q0436221,C087244,"Customer C087244 can be approved for onboarding. The customer satisfies KYC requirements, has sufficient verified documentation, and does not require enhanced review.",Customer C087244 must be rejected due to AML concerns.,Contradiction,Medium,Yes
H0017166,A0253957,Q0253957,C050791,"Customer C050791 can be approved for onboarding. The customer satisfies KYC requirements, has sufficient verified documentation, and does not require enhanced review.",Customer C050791 must be rejected due to AML concerns.,Contradiction,High,Yes
H0017301,A0361059,Q0361059,C072211,"Customer C072211 can be approved for onboarding. The customer satisfies KYC requirements, has sufficient verified documentation, and does not require enhanced review.",Customer C072211 requires additional review.,Missing Evidence,Critical,Yes
H0017310,A0485593,Q0485593,C097118,"Customer C097118 can be approved for onboarding. The customer satisfies KYC requirements, has sufficient verified documentation, and does not require enhanced review.","Customer C097118 can be approved for onboarding. The customer satisfies KYC requirements, has sufficient verified documentation, and does not require enhanced review. The customer was previously investigated for international money laundering activities.",Unsupported Claim,Low,Yes
H0017416,A0093157,Q0093157,C018631,"Customer C018631 can be approved for onboarding. The customer satisfies KYC requirements, has sufficient verified documentation, and does not require enhanced review.",Customer C018631 requires additional review.,Missing Evidence,High,Yes
H0017600,A0279061,Q0279061,C055812,"Customer C055812 can be approved for onboarding. The customer satisfies KYC requirements, has sufficient verified documentation, and does not require enhanced review.","Customer C055812 can be approved for onboarding. The customer satisfies KYC requirements, has sufficient verified documentation, and does not require enhanced review. The customer has a Low AML Risk classification.",Wrong Risk Score,Medium,Yes
H0017645,A0383599,Q0383599,C076719,"Customer C076719 can be approved for onboarding. The customer satisfies KYC requirements, has sufficient verified documentation, and does not require enhanced review.","Customer C076719 can be approved for onboarding. The customer satisfies KYC requirements, has sufficient verified documentation, and does not require enhanced review. As per AML Regulation Section 99.7, onboarding must be delayed for 90 days.",Fabricated Regulation,Low,Yes
H0017766,A0397335,Q0397335,C079466,Customer C079466 has insufficient verified documentation. Additional documents are required before onboarding can proceed.,Customer C079466 has insufficient verified documentation. Additional documents are required before onboarding can proceed. The customer has a Low AML Risk classification.,Wrong Risk Score,Critical,Yes
H0017793,A0417336,Q0417336,C083467,"Customer C083467 can be approved for onboarding. The customer satisfies KYC requirements, has sufficient verified documentation, and does not require enhanced review.",Customer C083467 must be rejected due to AML concerns.,Contradiction,Medium,Yes
H0017873,A0113968,Q0113968,C022793,"Customer C022793 can be approved for onboarding. The customer satisfies KYC requirements, has sufficient verified documentation, and does not require enhanced review.","Customer C022793 can be approved for onboarding. The customer satisfies KYC requirements, has sufficient verified documentation, and does not require enhanced review. The customer has a Low AML Risk classification.",Wrong Risk Score,Low,Yes
H0018096,A0006877,Q0006877,C001375,Customer C001375 requires Enhanced Due Diligence because the customer is classified as a Politically Exposed Person (PEP) or presents elevated AML risk.,"Customer C001375 requires Enhanced Due Diligence because the customer is classified as a Politically Exposed Person (PEP) or presents elevated AML risk. As per AML Regulation Section 99.7, onboarding must be delayed for 90 days.",Fabricated Regulation,Low,Yes
H0018234,A0033525,Q0033525,C006704,"Customer C006704 can be approved for onboarding. The customer satisfies KYC requirements, has sufficient verified documentation, and does not require enhanced review.","Customer C006704 can be approved for onboarding. The customer satisfies KYC requirements, has sufficient verified documentation, and does not require enhanced review. The customer was previously investigated for international money laundering activities.",Unsupported Claim,Critical,Yes
H0018293,A0462581,Q0462581,C092516,"Customer C092516 can be approved for onboarding. The customer satisfies KYC requirements, has sufficient verified documentation, and does not require enhanced review.","Customer C092516 can be approved for onboarding. The customer satisfies KYC requirements, has sufficient verified documentation, and does not require enhanced review. The customer has a Low AML Risk classification.",Wrong Risk Score,Medium,Yes
H0018495,A0200740,Q0200740,C040147,Customer C040147 requires Enhanced Due Diligence because the customer is classified as a Politically Exposed Person (PEP) or presents elevated AML risk.,Customer C040147 requires Enhanced Due Diligence because the customer is classified as a Politically Exposed Person (PEP) or presents elevated AML risk. The customer has a Low AML Risk classification.,Wrong Risk Score,Low,Yes
H0018505,A0207931,Q0207931,C041586,Customer C041586 requires Enhanced Due Diligence because the customer is classified as a Politically Exposed Person (PEP) or presents elevated AML risk.,Customer C041586 requires Enhanced Due Diligence because the customer is classified as a Politically Exposed Person (PEP) or presents elevated AML risk. The customer was previously investigated for international money laundering activities.,Unsupported Claim,Medium,Yes
H0018609,A0029079,Q0029079,C005815,Customer C005815 must be rejected because the customer appears on a sanctions list and violates AML onboarding requirements.,Customer C005815 requires additional review.,Missing Evidence,Low,Yes
H0018643,A0452999,Q0452999,C090599,Customer C090599 requires Enhanced Due Diligence because the customer is classified as a Politically Exposed Person (PEP) or presents elevated AML risk.,Customer C090599 requires additional review.,Missing Evidence,Low,Yes
H0018687,A0013824,Q0013824,C002764,Customer C002764 should be escalated for manual review due to elevated risk indicators requiring additional investigation.,Customer C002764 is approved immediately.,Contradiction,Critical,Yes
H0018702,A0115981,Q0115981,C023196,"Customer C023196 can be approved for onboarding. The customer satisfies KYC requirements, has sufficient verified documentation, and does not require enhanced review.",Customer C023196 requires additional review.,Missing Evidence,Medium,Yes
H0018900,A0356386,Q0356386,C071277,"Customer C071277 can be approved for onboarding. The customer satisfies KYC requirements, has sufficient verified documentation, and does not require enhanced review.","Customer C071277 can be approved for onboarding. The customer satisfies KYC requirements, has sufficient verified documentation, and does not require enhanced review. The customer was previously investigated for international money laundering activities.",Unsupported Claim,Low,Yes
H0018932,A0112612,Q0112612,C022522,Customer C022522 must be rejected because the customer appears on a sanctions list and violates AML onboarding requirements.,"Customer C022522 must be rejected because the customer appears on a sanctions list and violates AML onboarding requirements. As per AML Regulation Section 99.7, onboarding must be delayed for 90 days.",Fabricated Regulation,High,Yes
H0018945,A0135791,Q0135791,C027158,Customer C027158 requires Enhanced Due Diligence because the customer is classified as a Politically Exposed Person (PEP) or presents elevated AML risk.,Customer C027158 requires Enhanced Due Diligence because the customer is classified as a Politically Exposed Person (PEP) or presents elevated AML risk. The customer was previously investigated for international money laundering activities.,Unsupported Claim,Low,Yes
H0018958,A0293537,Q0293537,C058707,"Customer C058707 can be approved for onboarding. The customer satisfies KYC requirements, has sufficient verified documentation, and does not require enhanced review.","Customer C058707 can be approved for onboarding. The customer satisfies KYC requirements, has sufficient verified documentation, and does not require enhanced review. As per AML Regulation Section 99.7, onboarding must be delayed for 90 days.",Fabricated Regulation,Medium,Yes
H0019139,A0305668,Q0305668,C061133,"Customer C061133 can be approved for onboarding. The customer satisfies KYC requirements, has sufficient verified documentation, and does not require enhanced review.","Customer C061133 can be approved for onboarding. The customer satisfies KYC requirements, has sufficient verified documentation, and does not require enhanced review. The customer has a Low AML Risk classification.",Wrong Risk Score,Critical,Yes
H0019272,A0174781,Q0174781,C034956,"Customer C034956 can be approved for onboarding. The customer satisfies KYC requirements, has sufficient verified documentation, and does not require enhanced review.","Customer C034956 can be approved for onboarding. The customer satisfies KYC requirements, has sufficient verified documentation, and does not require enhanced review. The customer was previously investigated for international money laundering activities.",Unsupported Claim,High,Yes
H0019471,A0446086,Q0446086,C089217,"Customer C089217 can be approved for onboarding. The customer satisfies KYC requirements, has sufficient verified documentation, and does not require enhanced review.",Customer C089217 requires additional review.,Missing Evidence,Medium,Yes
H0019610,A0138453,Q0138453,C027690,"Customer C027690 can be approved for onboarding. The customer satisfies KYC requirements, has sufficient verified documentation, and does not require enhanced review.","Customer C027690 can be approved for onboarding. The customer satisfies KYC requirements, has sufficient verified documentation, and does not require enhanced review. As per AML Regulation Section 99.7, onboarding must be delayed for 90 days.",Fabricated Regulation,Low,Yes
H0019733,A0234394,Q0234394,C046878,"Customer C046878 can be approved for onboarding. The customer satisfies KYC requirements, has sufficient verified documentation, and does not require enhanced review.","Customer C046878 can be approved for onboarding. The customer satisfies KYC requirements, has sufficient verified documentation, and does not require enhanced review. The customer was previously investigated for international money laundering activities.",Unsupported Claim,Medium,Yes
H0019780,A0473353,Q0473353,C094670,"Customer C094670 can be approved for onboarding. The customer satisfies KYC requirements, has sufficient verified documentation, and does not require enhanced review.","Customer C094670 can be approved for onboarding. The customer satisfies KYC requirements, has sufficient verified documentation, and does not require enhanced review. The customer has a Low AML Risk classification.",Wrong Risk Score,Low,Yes
H0019896,A0408585,Q0408585,C081716,"Customer C081716 can be approved for onboarding. The customer satisfies KYC requirements, has sufficient verified documentation, and does not require enhanced review.",Customer C081716 requires additional review.,Missing Evidence,Low,Yes
H0019936,A0378635,Q0378635,C075726,Customer C075726 requires Enhanced Due Diligence because the customer is classified as a Politically Exposed Person (PEP) or presents elevated AML risk.,"Customer C075726 requires Enhanced Due Diligence because the customer is classified as a Politically Exposed Person (PEP) or presents elevated AML risk. As per AML Regulation Section 99.7, onboarding must be delayed for 90 days.",Fabricated Regulation,Critical,Yes
H0019979,A0396658,Q0396658,C079331,Customer C079331 should be escalated for manual review due to elevated risk indicators requiring additional investigation.,Customer C079331 requires additional review.,Missing Evidence,High,Yes
H0019982,A0111404,Q0111404,C022280,Customer C022280 must be rejected because the customer appears on a sanctions list and violates AML onboarding requirements.,Customer C022280 requires additional review.,Missing Evidence,Low,Yes
H0020023,A0384959,Q0384959,C076991,Customer C076991 must be rejected because the customer appears on a sanctions list and violates AML onboarding requirements.,Customer C076991 must be rejected because the customer appears on a sanctions list and violates AML onboarding requirements. The customer was previously investigated for international money laundering activities.,Unsupported Claim,Critical,Yes
H0020192,A0101078,Q0101078,C020215,"Customer C020215 can be approved for onboarding. The customer satisfies KYC requirements, has sufficient verified documentation, and does not require enhanced review.","Customer C020215 can be approved for onboarding. The customer satisfies KYC requirements, has sufficient verified documentation, and does not require enhanced review. As per AML Regulation Section 99.7, onboarding must be delayed for 90 days.",Fabricated Regulation,Critical,Yes
H0020258,A0451278,Q0451278,C090255,Customer C090255 requires Enhanced Due Diligence because the customer is classified as a Politically Exposed Person (PEP) or presents elevated AML risk.,Customer C090255 requires no enhanced review.,Contradiction,High,Yes
H0020300,A0091059,Q0091059,C018211,"Customer C018211 can be approved for onboarding. The customer satisfies KYC requirements, has sufficient verified documentation, and does not require enhanced review.",Customer C018211 requires additional review.,Missing Evidence,High,Yes
H0020305,A0230573,Q0230573,C046114,Customer C046114 should be escalated for manual review due to elevated risk indicators requiring additional investigation.,Customer C046114 should be escalated for manual review due to elevated risk indicators requiring additional investigation. The customer has a Low AML Risk classification.,Wrong Risk Score,High,Yes
H0020347,A0269053,Q0269053,C053810,"Customer C053810 can be approved for onboarding. The customer satisfies KYC requirements, has sufficient verified documentation, and does not require enhanced review.",Customer C053810 must be rejected due to AML concerns.,Contradiction,Low,Yes
H0020405,A0075677,Q0075677,C015135,"Customer C015135 can be approved for onboarding. The customer satisfies KYC requirements, has sufficient verified documentation, and does not require enhanced review.","Customer C015135 can be approved for onboarding. The customer satisfies KYC requirements, has sufficient verified documentation, and does not require enhanced review. As per AML Regulation Section 99.7, onboarding must be delayed for 90 days.",Fabricated Regulation,Medium,Yes
H0020470,A0463609,Q0463609,C092721,Customer C092721 requires Enhanced Due Diligence because the customer is classified as a Politically Exposed Person (PEP) or presents elevated AML risk.,Customer C092721 requires Enhanced Due Diligence because the customer is classified as a Politically Exposed Person (PEP) or presents elevated AML risk. The customer was previously investigated for international money laundering activities.,Unsupported Claim,Medium,Yes
H0020619,A0008517,Q0008517,C001703,Customer C001703 requires Enhanced Due Diligence because the customer is classified as a Politically Exposed Person (PEP) or presents elevated AML risk.,Customer C001703 requires additional review.,Missing Evidence,High,Yes
H0020702,A0315054,Q0315054,C063010,"Customer C063010 can be approved for onboarding. The customer satisfies KYC requirements, has sufficient verified documentation, and does not require enhanced review.",Customer C063010 requires additional review.,Missing Evidence,Medium,Yes
H0020811,A0201325,Q0201325,C040264,Customer C040264 requires Enhanced Due Diligence because the customer is classified as a Politically Exposed Person (PEP) or presents elevated AML risk.,Customer C040264 requires additional review.,Missing Evidence,Critical,Yes
H0020853,A0459039,Q0459039,C091807,Customer C091807 has insufficient verified documentation. Additional documents are required before onboarding can proceed.,Customer C091807 has insufficient verified documentation. Additional documents are required before onboarding can proceed. The customer was previously investigated for international money laundering activities.,Unsupported Claim,High,Yes
H0020931,A0210220,Q0210220,C042043,"Customer C042043 can be approved for onboarding. The customer satisfies KYC requirements, has sufficient verified documentation, and does not require enhanced review.",Customer C042043 must be rejected due to AML concerns.,Contradiction,Medium,Yes
H0020936,A0194984,Q0194984,C038996,"Customer C038996 can be approved for onboarding. The customer satisfies KYC requirements, has sufficient verified documentation, and does not require enhanced review.",Customer C038996 requires additional review.,Missing Evidence,Low,Yes
H0021058,A0026638,Q0026638,C005327,"Customer C005327 can be approved for onboarding. The customer satisfies KYC requirements, has sufficient verified documentation, and does not require enhanced review.","Customer C005327 can be approved for onboarding. The customer satisfies KYC requirements, has sufficient verified documentation, and does not require enhanced review. The customer has a Low AML Risk classification.",Wrong Risk Score,High,Yes
H0021069,A0299994,Q0299994,C059998,Customer C059998 should be escalated for manual review due to elevated risk indicators requiring additional investigation.,Customer C059998 should be escalated for manual review due to elevated risk indicators requiring additional investigation. The customer was previously investigated for international money laundering activities.,Unsupported Claim,Critical,Yes
H0021111,A0295249,Q0295249,C059049,Customer C059049 requires Enhanced Due Diligence because the customer is classified as a Politically Exposed Person (PEP) or presents elevated AML risk.,"Customer C059049 requires Enhanced Due Diligence because the customer is classified as a Politically Exposed Person (PEP) or presents elevated AML risk. As per AML Regulation Section 99.7, onboarding must be delayed for 90 days.",Fabricated Regulation,Critical,Yes
H0021310,A0208918,Q0208918,C041783,"Customer C041783 can be approved for onboarding. The customer satisfies KYC requirements, has sufficient verified documentation, and does not require enhanced review.",Customer C041783 must be rejected due to AML concerns.,Contradiction,High,Yes
H0021352,A0424869,Q0424869,C084973,"Customer C084973 can be approved for onboarding. The customer satisfies KYC requirements, has sufficient verified documentation, and does not require enhanced review.","Customer C084973 can be approved for onboarding. The customer satisfies KYC requirements, has sufficient verified documentation, and does not require enhanced review. As per AML Regulation Section 99.7, onboarding must be delayed for 90 days.",Fabricated Regulation,High,Yes
H0021521,A0041223,Q0041223,C008244,"Customer C008244 can be approved for onboarding. The customer satisfies KYC requirements, has sufficient verified documentation, and does not require enhanced review.","Customer C008244 can be approved for onboarding. The customer satisfies KYC requirements, has sufficient verified documentation, and does not require enhanced review. As per AML Regulation Section 99.7, onboarding must be delayed for 90 days.",Fabricated Regulation,High,Yes
H0021584,A0407264,Q0407264,C081452,"Customer C081452 can be approved for onboarding. The customer satisfies KYC requirements, has sufficient verified documentation, and does not require enhanced review.",Customer C081452 must be rejected due to AML concerns.,Contradiction,Medium,Yes
H0021636,A0235949,Q0235949,C047189,Customer C047189 requires Enhanced Due Diligence because the customer is classified as a Politically Exposed Person (PEP) or presents elevated AML risk.,Customer C047189 requires Enhanced Due Diligence because the customer is classified as a Politically Exposed Person (PEP) or presents elevated AML risk. The customer has a Low AML Risk classification.,Wrong Risk Score,Medium,Yes
H0021654,A0342825,Q0342825,C068564,Customer C068564 requires Enhanced Due Diligence because the customer is classified as a Politically Exposed Person (PEP) or presents elevated AML risk.,Customer C068564 requires Enhanced Due Diligence because the customer is classified as a Politically Exposed Person (PEP) or presents elevated AML risk. The customer was previously investigated for international money laundering activities.,Unsupported Claim,Medium,Yes
H0022019,A0314730,Q0314730,C062945,"Customer C062945 can be approved for onboarding. The customer satisfies KYC requirements, has sufficient verified documentation, and does not require enhanced review.","Customer C062945 can be approved for onboarding. The customer satisfies KYC requirements, has sufficient verified documentation, and does not require enhanced review. The customer has a Low AML Risk classification.",Wrong Risk Score,Critical,Yes
H0022040,A0218483,Q0218483,C043696,"Customer C043696 can be approved for onboarding. The customer satisfies KYC requirements, has sufficient verified documentation, and does not require enhanced review.",Customer C043696 requires additional review.,Missing Evidence,Critical,Yes
H0022068,A0042044,Q0042044,C008408,Customer C008408 requires Enhanced Due Diligence because the customer is classified as a Politically Exposed Person (PEP) or presents elevated AML risk.,Customer C008408 requires no enhanced review.,Contradiction,Critical,Yes
H0022133,A0071666,Q0071666,C014333,"Customer C014333 can be approved for onboarding. The customer satisfies KYC requirements, has sufficient verified documentation, and does not require enhanced review.","Customer C014333 can be approved for onboarding. The customer satisfies KYC requirements, has sufficient verified documentation, and does not require enhanced review. The customer was previously investigated for international money laundering activities.",Unsupported Claim,Medium,Yes
H0022199,A0186775,Q0186775,C037354,"Customer C037354 can be approved for onboarding. The customer satisfies KYC requirements, has sufficient verified documentation, and does not require enhanced review.",Customer C037354 requires additional review.,Missing Evidence,Low,Yes
H0022247,A0092907,Q0092907,C018581,Customer C018581 should be escalated for manual review due to elevated risk indicators requiring additional investigation.,Customer C018581 should be escalated for manual review due to elevated risk indicators requiring additional investigation. The customer was previously investigated for international money laundering activities.,Unsupported Claim,High,Yes
H0022478,A0234835,Q0234835,C046966,"Customer C046966 can be approved for onboarding. The customer satisfies KYC requirements, has sufficient verified documentation, and does not require enhanced review.",Customer C046966 must be rejected due to AML concerns.,Contradiction,Low,Yes
H0022582,A0090833,Q0090833,C018166,Customer C018166 requires Enhanced Due Diligence because the customer is classified as a Politically Exposed Person (PEP) or presents elevated AML risk.,"Customer C018166 requires Enhanced Due Diligence because the customer is classified as a Politically Exposed Person (PEP) or presents elevated AML risk. As per AML Regulation Section 99.7, onboarding must be delayed for 90 days.",Fabricated Regulation,High,Yes
H0022602,A0494731,Q0494731,C098946,"Customer C098946 can be approved for onboarding. The customer satisfies KYC requirements, has sufficient verified documentation, and does not require enhanced review.","Customer C098946 can be approved for onboarding. The customer satisfies KYC requirements, has sufficient verified documentation, and does not require enhanced review. As per AML Regulation Section 99.7, onboarding must be delayed for 90 days.",Fabricated Regulation,Medium,Yes
H0022607,A0457335,Q0457335,C091466,Customer C091466 requires Enhanced Due Diligence because the customer is classified as a Politically Exposed Person (PEP) or presents elevated AML risk.,Customer C091466 requires Enhanced Due Diligence because the customer is classified as a Politically Exposed Person (PEP) or presents elevated AML risk. The customer was previously investigated for international money laundering activities.,Unsupported Claim,Critical,Yes
H0022640,A0051728,Q0051728,C010345,"Customer C010345 can be approved for onboarding. The customer satisfies KYC requirements, has sufficient verified documentation, and does not require enhanced review.",Customer C010345 must be rejected due to AML concerns.,Contradiction,Low,Yes
H0022771,A0341021,Q0341021,C068204,Customer C068204 should be escalated for manual review due to elevated risk indicators requiring additional investigation.,Customer C068204 should be escalated for manual review due to elevated risk indicators requiring additional investigation. The customer has a Low AML Risk classification.,Wrong Risk Score,High,Yes
H0022919,A0146048,Q0146048,C029209,"Customer C029209 can be approved for onboarding. The customer satisfies KYC requirements, has sufficient verified documentation, and does not require enhanced review.","Customer C029209 can be approved for onboarding. The customer satisfies KYC requirements, has sufficient verified documentation, and does not require enhanced review. As per AML Regulation Section 99.7, onboarding must be delayed for 90 days.",Fabricated Regulation,High,Yes
H0023043,A0194867,Q0194867,C038973,"Customer C038973 can be approved for onboarding. The customer satisfies KYC requirements, has sufficient verified documentation, and does not require enhanced review.",Customer C038973 must be rejected due to AML concerns.,Contradiction,Critical,Yes
H0023150,A0450249,Q0450249,C090049,Customer C090049 requires Enhanced Due Diligence because the customer is classified as a Politically Exposed Person (PEP) or presents elevated AML risk.,"Customer C090049 requires Enhanced Due Diligence because the customer is classified as a Politically Exposed Person (PEP) or presents elevated AML risk. As per AML Regulation Section 99.7, onboarding must be delayed for 90 days.",Fabricated Regulation,Critical,Yes
H0023396,A0005252,Q0005252,C001050,Customer C001050 requires Enhanced Due Diligence because the customer is classified as a Politically Exposed Person (PEP) or presents elevated AML risk.,Customer C001050 requires no enhanced review.,Contradiction,Medium,Yes
H0023507,A0373053,Q0373053,C074610,"Customer C074610 can be approved for onboarding. The customer satisfies KYC requirements, has sufficient verified documentation, and does not require enhanced review.","Customer C074610 can be approved for onboarding. The customer satisfies KYC requirements, has sufficient verified documentation, and does not require enhanced review. As per AML Regulation Section 99.7, onboarding must be delayed for 90 days.",Fabricated Regulation,Low,Yes
H0023699,A0342118,Q0342118,C068423,Customer C068423 must be rejected because the customer appears on a sanctions list and violates AML onboarding requirements.,Customer C068423 must be rejected because the customer appears on a sanctions list and violates AML onboarding requirements. The customer was previously investigated for international money laundering activities.,Unsupported Claim,High,Yes
H0023818,A0286141,Q0286141,C057228,"Customer C057228 can be approved for onboarding. The customer satisfies KYC requirements, has sufficient verified documentation, and does not require enhanced review.","Customer C057228 can be approved for onboarding. The customer satisfies KYC requirements, has sufficient verified documentation, and does not require enhanced review. As per AML Regulation Section 99.7, onboarding must be delayed for 90 days.",Fabricated Regulation,High,Yes
H0023872,A0386821,Q0386821,C077364,Customer C077364 requires Enhanced Due Diligence because the customer is classified as a Politically Exposed Person (PEP) or presents elevated AML risk.,Customer C077364 requires no enhanced review.,Contradiction,Low,Yes
H0024005,A0114885,Q0114885,C022976,"Customer C022976 can be approved for onboarding. The customer satisfies KYC requirements, has sufficient verified documentation, and does not require enhanced review.","Customer C022976 can be approved for onboarding. The customer satisfies KYC requirements, has sufficient verified documentation, and does not require enhanced review. The customer was previously investigated for international money laundering activities.",Unsupported Claim,Medium,Yes
H0024104,A0253752,Q0253752,C050750,Customer C050750 requires Enhanced Due Diligence because the customer is classified as a Politically Exposed Person (PEP) or presents elevated AML risk.,Customer C050750 requires Enhanced Due Diligence because the customer is classified as a Politically Exposed Person (PEP) or presents elevated AML risk. The customer has a Low AML Risk classification.,Wrong Risk Score,Low,Yes
H0024250,A0484529,Q0484529,C096905,"Customer C096905 can be approved for onboarding. The customer satisfies KYC requirements, has sufficient verified documentation, and does not require enhanced review.","Customer C096905 can be approved for onboarding. The customer satisfies KYC requirements, has sufficient verified documentation, and does not require enhanced review. As per AML Regulation Section 99.7, onboarding must be delayed for 90 days.",Fabricated Regulation,Medium,Yes
H0024310,A0484931,Q0484931,C096986,Customer C096986 requires Enhanced Due Diligence because the customer is classified as a Politically Exposed Person (PEP) or presents elevated AML risk.,Customer C096986 requires Enhanced Due Diligence because the customer is classified as a Politically Exposed Person (PEP) or presents elevated AML risk. The customer was previously investigated for international money laundering activities.,Unsupported Claim,Critical,Yes
H0024369,A0376690,Q0376690,C075337,Customer C075337 requires Enhanced Due Diligence because the customer is classified as a Politically Exposed Person (PEP) or presents elevated AML risk.,Customer C075337 requires Enhanced Due Diligence because the customer is classified as a Politically Exposed Person (PEP) or presents elevated AML risk. The customer has a Low AML Risk classification.,Wrong Risk Score,Critical,Yes
H0024605,A0123063,Q0123063,C024612,Customer C024612 must be rejected because the customer appears on a sanctions list and violates AML onboarding requirements.,Customer C024612 requires additional review.,Missing Evidence,Low,Yes
H0024653,A0094711,Q0094711,C018942,"Customer C018942 can be approved for onboarding. The customer satisfies KYC requirements, has sufficient verified documentation, and does not require enhanced review.","Customer C018942 can be approved for onboarding. The customer satisfies KYC requirements, has sufficient verified documentation, and does not require enhanced review. The customer has a Low AML Risk classification.",Wrong Risk Score,Critical,Yes
H0024761,A0041960,Q0041960,C008391,"Customer C008391 can be approved for onboarding. The customer satisfies KYC requirements, has sufficient verified documentation, and does not require enhanced review.","Customer C008391 can be approved for onboarding. The customer satisfies KYC requirements, has sufficient verified documentation, and does not require enhanced review. The customer has a Low AML Risk classification.",Wrong Risk Score,Critical,Yes
H0025060,A0360529,Q0360529,C072105,Customer C072105 requires Enhanced Due Diligence because the customer is classified as a Politically Exposed Person (PEP) or presents elevated AML risk.,"Customer C072105 requires Enhanced Due Diligence because the customer is classified as a Politically Exposed Person (PEP) or presents elevated AML risk. As per AML Regulation Section 99.7, onboarding must be delayed for 90 days.",Fabricated Regulation,Low,Yes
H0025114,A0489121,Q0489121,C097824,"Customer C097824 can be approved for onboarding. The customer satisfies KYC requirements, has sufficient verified documentation, and does not require enhanced review.","Customer C097824 can be approved for onboarding. The customer satisfies KYC requirements, has sufficient verified documentation, and does not require enhanced review. The customer was previously investigated for international money laundering activities.",Unsupported Claim,Medium,Yes
H0025196,A0453769,Q0453769,C090753,"Customer C090753 can be approved for onboarding. The customer satisfies KYC requirements, has sufficient verified documentation, and does not require enhanced review.",Customer C090753 must be rejected due to AML concerns.,Contradiction,High,Yes
H0025267,A0105996,Q0105996,C021199,"Customer C021199 can be approved for onboarding. The customer satisfies KYC requirements, has sufficient verified documentation, and does not require enhanced review.","Customer C021199 can be approved for onboarding. The customer satisfies KYC requirements, has sufficient verified documentation, and does not require enhanced review. The customer has a Low AML Risk classification.",Wrong Risk Score,Low,Yes
H0025508,A0190163,Q0190163,C038032,Customer C038032 requires Enhanced Due Diligence because the customer is classified as a Politically Exposed Person (PEP) or presents elevated AML risk.,"Customer C038032 requires Enhanced Due Diligence because the customer is classified as a Politically Exposed Person (PEP) or presents elevated AML risk. As per AML Regulation Section 99.7, onboarding must be delayed for 90 days.",Fabricated Regulation,Critical,Yes
H0025539,A0115184,Q0115184,C023036,Customer C023036 requires Enhanced Due Diligence because the customer is classified as a Politically Exposed Person (PEP) or presents elevated AML risk.,Customer C023036 requires no enhanced review.,Contradiction,Low,Yes
H0025833,A0187880,Q0187880,C037575,Customer C037575 should be escalated for manual review due to elevated risk indicators requiring additional investigation.,"Customer C037575 should be escalated for manual review due to elevated risk indicators requiring additional investigation. As per AML Regulation Section 99.7, onboarding must be delayed for 90 days.",Fabricated Regulation,High,Yes
H0025857,A0483607,Q0483607,C096721,"Customer C096721 can be approved for onboarding. The customer satisfies KYC requirements, has sufficient verified documentation, and does not require enhanced review.",Customer C096721 must be rejected due to AML concerns.,Contradiction,Medium,Yes
H0025913,A0358030,Q0358030,C071605,"Customer C071605 can be approved for onboarding. The customer satisfies KYC requirements, has sufficient verified documentation, and does not require enhanced review.","Customer C071605 can be approved for onboarding. The customer satisfies KYC requirements, has sufficient verified documentation, and does not require enhanced review. The customer was previously investigated for international money laundering activities.",Unsupported Claim,Medium,Yes
H0025983,A0362745,Q0362745,C072548,Customer C072548 requires Enhanced Due Diligence because the customer is classified as a Politically Exposed Person (PEP) or presents elevated AML risk.,"Customer C072548 requires Enhanced Due Diligence because the customer is classified as a Politically Exposed Person (PEP) or presents elevated AML risk. As per AML Regulation Section 99.7, onboarding must be delayed for 90 days.",Fabricated Regulation,Medium,Yes
H0026304,A0011671,Q0011671,C002334,Customer C002334 should be escalated for manual review due to elevated risk indicators requiring additional investigation.,Customer C002334 is approved immediately.,Contradiction,Critical,Yes
H0026430,A0330452,Q0330452,C066090,"Customer C066090 can be approved for onboarding. The customer satisfies KYC requirements, has sufficient verified documentation, and does not require enhanced review.","Customer C066090 can be approved for onboarding. The customer satisfies KYC requirements, has sufficient verified documentation, and does not require enhanced review. The customer has a Low AML Risk classification.",Wrong Risk Score,High,Yes
H0026483,A0376178,Q0376178,C075235,"Customer C075235 can be approved for onboarding. The customer satisfies KYC requirements, has sufficient verified documentation, and does not require enhanced review.","Customer C075235 can be approved for onboarding. The customer satisfies KYC requirements, has sufficient verified documentation, and does not require enhanced review. The customer was previously investigated for international money laundering activities.",Unsupported Claim,Low,Yes
H0026517,A0141958,Q0141958,C028391,"Customer C028391 can be approved for onboarding. The customer satisfies KYC requirements, has sufficient verified documentation, and does not require enhanced review.","Customer C028391 can be approved for onboarding. The customer satisfies KYC requirements, has sufficient verified documentation, and does not require enhanced review. The customer has a Low AML Risk classification.",Wrong Risk Score,Low,Yes
H0026519,A0309520,Q0309520,C061903,Customer C061903 requires Enhanced Due Diligence because the customer is classified as a Politically Exposed Person (PEP) or presents elevated AML risk.,Customer C061903 requires additional review.,Missing Evidence,Low,Yes
H0026525,A0068231,Q0068231,C013646,"Customer C013646 can be approved for onboarding. The customer satisfies KYC requirements, has sufficient verified documentation, and does not require enhanced review.","Customer C013646 can be approved for onboarding. The customer satisfies KYC requirements, has sufficient verified documentation, and does not require enhanced review. The customer has a Low AML Risk classification.",Wrong Risk Score,Low,Yes
H0026543,A0187519,Q0187519,C037503,Customer C037503 requires Enhanced Due Diligence because the customer is classified as a Politically Exposed Person (PEP) or presents elevated AML risk.,"Customer C037503 requires Enhanced Due Diligence because the customer is classified as a Politically Exposed Person (PEP) or presents elevated AML risk. As per AML Regulation Section 99.7, onboarding must be delayed for 90 days.",Fabricated Regulation,Medium,Yes
H0026803,A0315449,Q0315449,C063089,Customer C063089 requires Enhanced Due Diligence because the customer is classified as a Politically Exposed Person (PEP) or presents elevated AML risk.,"Customer C063089 requires Enhanced Due Diligence because the customer is classified as a Politically Exposed Person (PEP) or presents elevated AML risk. As per AML Regulation Section 99.7, onboarding must be delayed for 90 days.",Fabricated Regulation,Low,Yes
H0026847,A0293766,Q0293766,C058753,"Customer C058753 can be approved for onboarding. The customer satisfies KYC requirements, has sufficient verified documentation, and does not require enhanced review.","Customer C058753 can be approved for onboarding. The customer satisfies KYC requirements, has sufficient verified documentation, and does not require enhanced review. The customer has a Low AML Risk classification.",Wrong Risk Score,Critical,Yes
H0026884,A0379133,Q0379133,C075826,"Customer C075826 can be approved for onboarding. The customer satisfies KYC requirements, has sufficient verified documentation, and does not require enhanced review.","Customer C075826 can be approved for onboarding. The customer satisfies KYC requirements, has sufficient verified documentation, and does not require enhanced review. As per AML Regulation Section 99.7, onboarding must be delayed for 90 days.",Fabricated Regulation,Critical,Yes
H0026988,A0477842,Q0477842,C095568,"Customer C095568 can be approved for onboarding. The customer satisfies KYC requirements, has sufficient verified documentation, and does not require enhanced review.","Customer C095568 can be approved for onboarding. The customer satisfies KYC requirements, has sufficient verified documentation, and does not require enhanced review. As per AML Regulation Section 99.7, onboarding must be delayed for 90 days.",Fabricated Regulation,Medium,Yes
H0027032,A0244214,Q0244214,C048842,Customer C048842 requires Enhanced Due Diligence because the customer is classified as a Politically Exposed Person (PEP) or presents elevated AML risk.,"Customer C048842 requires Enhanced Due Diligence because the customer is classified as a Politically Exposed Person (PEP) or presents elevated AML risk. As per AML Regulation Section 99.7, onboarding must be delayed for 90 days.",Fabricated Regulation,Medium,Yes
H0027246,A0454926,Q0454926,C090985,Customer C090985 must be rejected because the customer appears on a sanctions list and violates AML onboarding requirements.,Customer C090985 requires additional review.,Missing Evidence,Medium,Yes
H0027269,A0440600,Q0440600,C088119,Customer C088119 should be escalated for manual review due to elevated risk indicators requiring additional investigation.,Customer C088119 requires additional review.,Missing Evidence,Medium,Yes
H0027362,A0426101,Q0426101,C085220,"Customer C085220 can be approved for onboarding. The customer satisfies KYC requirements, has sufficient verified documentation, and does not require enhanced review.","Customer C085220 can be approved for onboarding. The customer satisfies KYC requirements, has sufficient verified documentation, and does not require enhanced review. The customer has a Low AML Risk classification.",Wrong Risk Score,Low,Yes
H0027524,A0070195,Q0070195,C014038,Customer C014038 has insufficient verified documentation. Additional documents are required before onboarding can proceed.,"Customer C014038 has insufficient verified documentation. Additional documents are required before onboarding can proceed. As per AML Regulation Section 99.7, onboarding must be delayed for 90 days.",Fabricated Regulation,High,Yes
H0027584,A0113174,Q0113174,C022634,"Customer C022634 can be approved for onboarding. The customer satisfies KYC requirements, has sufficient verified documentation, and does not require enhanced review.",Customer C022634 must be rejected due to AML concerns.,Contradiction,Critical,Yes
H0027643,A0430177,Q0430177,C086035,"Customer C086035 can be approved for onboarding. The customer satisfies KYC requirements, has sufficient verified documentation, and does not require enhanced review.",Customer C086035 must be rejected due to AML concerns.,Contradiction,Critical,Yes
H0027698,A0167140,Q0167140,C033427,"Customer C033427 can be approved for onboarding. The customer satisfies KYC requirements, has sufficient verified documentation, and does not require enhanced review.",Customer C033427 must be rejected due to AML concerns.,Contradiction,Critical,Yes
H0027875,A0082383,Q0082383,C016476,"Customer C016476 can be approved for onboarding. The customer satisfies KYC requirements, has sufficient verified documentation, and does not require enhanced review.",Customer C016476 requires additional review.,Missing Evidence,Medium,Yes
H0027891,A0449961,Q0449961,C089992,Customer C089992 requires Enhanced Due Diligence because the customer is classified as a Politically Exposed Person (PEP) or presents elevated AML risk.,Customer C089992 requires Enhanced Due Diligence because the customer is classified as a Politically Exposed Person (PEP) or presents elevated AML risk. The customer was previously investigated for international money laundering activities.,Unsupported Claim,Medium,Yes
H0027906,A0181051,Q0181051,C036210,"Customer C036210 can be approved for onboarding. The customer satisfies KYC requirements, has sufficient verified documentation, and does not require enhanced review.","Customer C036210 can be approved for onboarding. The customer satisfies KYC requirements, has sufficient verified documentation, and does not require enhanced review. As per AML Regulation Section 99.7, onboarding must be delayed for 90 days.",Fabricated Regulation,High,Yes
H0028052,A0098700,Q0098700,C019739,"Customer C019739 can be approved for onboarding. The customer satisfies KYC requirements, has sufficient verified documentation, and does not require enhanced review.","Customer C019739 can be approved for onboarding. The customer satisfies KYC requirements, has sufficient verified documentation, and does not require enhanced review. The customer has a Low AML Risk classification.",Wrong Risk Score,Critical,Yes
H0028076,A0165526,Q0165526,C033105,Customer C033105 must be rejected because the customer appears on a sanctions list and violates AML onboarding requirements.,Customer C033105 must be rejected because the customer appears on a sanctions list and violates AML onboarding requirements. The customer has a Low AML Risk classification.,Wrong Risk Score,Medium,Yes
H0028133,A0045936,Q0045936,C009187,"Customer C009187 can be approved for onboarding. The customer satisfies KYC requirements, has sufficient verified documentation, and does not require enhanced review.",Customer C009187 must be rejected due to AML concerns.,Contradiction,Medium,Yes
H0028187,A0110499,Q0110499,C022099,"Customer C022099 can be approved for onboarding. The customer satisfies KYC requirements, has sufficient verified documentation, and does not require enhanced review.",Customer C022099 must be rejected due to AML concerns.,Contradiction,Critical,Yes
H0028302,A0402785,Q0402785,C080556,Customer C080556 must be rejected because the customer appears on a sanctions list and violates AML onboarding requirements.,"Customer C080556 must be rejected because the customer appears on a sanctions list and violates AML onboarding requirements. As per AML Regulation Section 99.7, onboarding must be delayed for 90 days.",Fabricated Regulation,Critical,Yes
H0028404,A0281041,Q0281041,C056208,"Customer C056208 can be approved for onboarding. The customer satisfies KYC requirements, has sufficient verified documentation, and does not require enhanced review.","Customer C056208 can be approved for onboarding. The customer satisfies KYC requirements, has sufficient verified documentation, and does not require enhanced review. The customer was previously investigated for international money laundering activities.",Unsupported Claim,High,Yes
H0028473,A0417655,Q0417655,C083530,Customer C083530 should be escalated for manual review due to elevated risk indicators requiring additional investigation.,Customer C083530 should be escalated for manual review due to elevated risk indicators requiring additional investigation. The customer has a Low AML Risk classification.,Wrong Risk Score,High,Yes
H0028543,A0468630,Q0468630,C093725,"Customer C093725 can be approved for onboarding. The customer satisfies KYC requirements, has sufficient verified documentation, and does not require enhanced review.","Customer C093725 can be approved for onboarding. The customer satisfies KYC requirements, has sufficient verified documentation, and does not require enhanced review. The customer has a Low AML Risk classification.",Wrong Risk Score,High,Yes
H0028562,A0481789,Q0481789,C096357,Customer C096357 requires Enhanced Due Diligence because the customer is classified as a Politically Exposed Person (PEP) or presents elevated AML risk.,Customer C096357 requires Enhanced Due Diligence because the customer is classified as a Politically Exposed Person (PEP) or presents elevated AML risk. The customer has a Low AML Risk classification.,Wrong Risk Score,High,Yes
H0028568,A0478057,Q0478057,C095611,Customer C095611 requires Enhanced Due Diligence because the customer is classified as a Politically Exposed Person (PEP) or presents elevated AML risk.,"Customer C095611 requires Enhanced Due Diligence because the customer is classified as a Politically Exposed Person (PEP) or presents elevated AML risk. As per AML Regulation Section 99.7, onboarding must be delayed for 90 days.",Fabricated Regulation,Medium,Yes
H0028596,A0455202,Q0455202,C091040,"Customer C091040 can be approved for onboarding. The customer satisfies KYC requirements, has sufficient verified documentation, and does not require enhanced review.","Customer C091040 can be approved for onboarding. The customer satisfies KYC requirements, has sufficient verified documentation, and does not require enhanced review. As per AML Regulation Section 99.7, onboarding must be delayed for 90 days.",Fabricated Regulation,Low,Yes
H0029040,A0403377,Q0403377,C080675,"Customer C080675 can be approved for onboarding. The customer satisfies KYC requirements, has sufficient verified documentation, and does not require enhanced review.",Customer C080675 requires additional review.,Missing Evidence,Critical,Yes
H0029123,A0055894,Q0055894,C011178,"Customer C011178 can be approved for onboarding. The customer satisfies KYC requirements, has sufficient verified documentation, and does not require enhanced review.",Customer C011178 must be rejected due to AML concerns.,Contradiction,High,Yes
H0029162,A0073682,Q0073682,C014736,"Customer C014736 can be approved for onboarding. The customer satisfies KYC requirements, has sufficient verified documentation, and does not require enhanced review.","Customer C014736 can be approved for onboarding. The customer satisfies KYC requirements, has sufficient verified documentation, and does not require enhanced review. As per AML Regulation Section 99.7, onboarding must be delayed for 90 days.",Fabricated Regulation,Medium,Yes
H0029321,A0305462,Q0305462,C061092,"Customer C061092 can be approved for onboarding. The customer satisfies KYC requirements, has sufficient verified documentation, and does not require enhanced review.",Customer C061092 requires additional review.,Missing Evidence,Critical,Yes
H0029379,A0251628,Q0251628,C050325,"Customer C050325 can be approved for onboarding. The customer satisfies KYC requirements, has sufficient verified documentation, and does not require enhanced review.","Customer C050325 can be approved for onboarding. The customer satisfies KYC requirements, has sufficient verified documentation, and does not require enhanced review. The customer was previously investigated for international money laundering activities.",Unsupported Claim,Medium,Yes
H0029400,A0313907,Q0313907,C062781,"Customer C062781 can be approved for onboarding. The customer satisfies KYC requirements, has sufficient verified documentation, and does not require enhanced review.","Customer C062781 can be approved for onboarding. The customer satisfies KYC requirements, has sufficient verified documentation, and does not require enhanced review. As per AML Regulation Section 99.7, onboarding must be delayed for 90 days.",Fabricated Regulation,Low,Yes
H0029624,A0270829,Q0270829,C054165,"Customer C054165 can be approved for onboarding. The customer satisfies KYC requirements, has sufficient verified documentation, and does not require enhanced review.",Customer C054165 requires additional review.,Missing Evidence,Medium,Yes
H0029755,A0086762,Q0086762,C017352,"Customer C017352 can be approved for onboarding. The customer satisfies KYC requirements, has sufficient verified documentation, and does not require enhanced review.","Customer C017352 can be approved for onboarding. The customer satisfies KYC requirements, has sufficient verified documentation, and does not require enhanced review. The customer has a Low AML Risk classification.",Wrong Risk Score,Critical,Yes
H0029773,A0362143,Q0362143,C072428,"Customer C072428 can be approved for onboarding. The customer satisfies KYC requirements, has sufficient verified documentation, and does not require enhanced review.",Customer C072428 must be rejected due to AML concerns.,Contradiction,Low,Yes
H0029970,A0078454,Q0078454,C015690,Customer C015690 requires Enhanced Due Diligence because the customer is classified as a Politically Exposed Person (PEP) or presents elevated AML risk.,Customer C015690 requires Enhanced Due Diligence because the customer is classified as a Politically Exposed Person (PEP) or presents elevated AML risk. The customer has a Low AML Risk classification.,Wrong Risk Score,High,Yes
H0030006,A0152875,Q0152875,C030574,"Customer C030574 can be approved for onboarding. The customer satisfies KYC requirements, has sufficient verified documentation, and does not require enhanced review.",Customer C030574 requires additional review.,Missing Evidence,Critical,Yes
H0030083,A0410198,Q0410198,C082039,"Customer C082039 can be approved for onboarding. The customer satisfies KYC requirements, has sufficient verified documentation, and does not require enhanced review.",Customer C082039 must be rejected due to AML concerns.,Contradiction,Low,Yes
H0030216,A0387671,Q0387671,C077534,"Customer C077534 can be approved for onboarding. The customer satisfies KYC requirements, has sufficient verified documentation, and does not require enhanced review.",Customer C077534 must be rejected due to AML concerns.,Contradiction,Critical,Yes
H0030295,A0457294,Q0457294,C091458,"Customer C091458 can be approved for onboarding. The customer satisfies KYC requirements, has sufficient verified documentation, and does not require enhanced review.",Customer C091458 must be rejected due to AML concerns.,Contradiction,Medium,Yes
H0030348,A0175409,Q0175409,C035081,"Customer C035081 can be approved for onboarding. The customer satisfies KYC requirements, has sufficient verified documentation, and does not require enhanced review.","Customer C035081 can be approved for onboarding. The customer satisfies KYC requirements, has sufficient verified documentation, and does not require enhanced review. The customer has a Low AML Risk classification.",Wrong Risk Score,Medium,Yes
H0030518,A0284007,Q0284007,C056801,"Customer C056801 can be approved for onboarding. The customer satisfies KYC requirements, has sufficient verified documentation, and does not require enhanced review.","Customer C056801 can be approved for onboarding. The customer satisfies KYC requirements, has sufficient verified documentation, and does not require enhanced review. As per AML Regulation Section 99.7, onboarding must be delayed for 90 days.",Fabricated Regulation,Critical,Yes
H0030740,A0349918,Q0349918,C069983,"Customer C069983 can be approved for onboarding. The customer satisfies KYC requirements, has sufficient verified documentation, and does not require enhanced review.","Customer C069983 can be approved for onboarding. The customer satisfies KYC requirements, has sufficient verified documentation, and does not require enhanced review. The customer was previously investigated for international money laundering activities.",Unsupported Claim,Medium,Yes
H0030827,A0492378,Q0492378,C098475,"Customer C098475 can be approved for onboarding. The customer satisfies KYC requirements, has sufficient verified documentation, and does not require enhanced review.","Customer C098475 can be approved for onboarding. The customer satisfies KYC requirements, has sufficient verified documentation, and does not require enhanced review. The customer was previously investigated for international money laundering activities.",Unsupported Claim,High,Yes
H0030927,A0169033,Q0169033,C033806,Customer C033806 must be rejected because the customer appears on a sanctions list and violates AML onboarding requirements.,Customer C033806 must be rejected because the customer appears on a sanctions list and violates AML onboarding requirements. The customer was previously investigated for international money laundering activities.,Unsupported Claim,High,Yes
H0031315,A0240203,Q0240203,C048040,"Customer C048040 can be approved for onboarding. The customer satisfies KYC requirements, has sufficient verified documentation, and does not require enhanced review.","Customer C048040 can be approved for onboarding. The customer satisfies KYC requirements, has sufficient verified documentation, and does not require enhanced review. The customer was previously investigated for international money laundering activities.",Unsupported Claim,Low,Yes
H0031382,A0190675,Q0190675,C038134,"Customer C038134 can be approved for onboarding. The customer satisfies KYC requirements, has sufficient verified documentation, and does not require enhanced review.","Customer C038134 can be approved for onboarding. The customer satisfies KYC requirements, has sufficient verified documentation, and does not require enhanced review. The customer was previously investigated for international money laundering activities.",Unsupported Claim,Critical,Yes
H0031411,A0051853,Q0051853,C010370,"Customer C010370 can be approved for onboarding. The customer satisfies KYC requirements, has sufficient verified documentation, and does not require enhanced review.",Customer C010370 must be rejected due to AML concerns.,Contradiction,Low,Yes
H0031434,A0163481,Q0163481,C032696,"Customer C032696 can be approved for onboarding. The customer satisfies KYC requirements, has sufficient verified documentation, and does not require enhanced review.","Customer C032696 can be approved for onboarding. The customer satisfies KYC requirements, has sufficient verified documentation, and does not require enhanced review. The customer was previously investigated for international money laundering activities.",Unsupported Claim,Critical,Yes
H0031454,A0195967,Q0195967,C039193,"Customer C039193 can be approved for onboarding. The customer satisfies KYC requirements, has sufficient verified documentation, and does not require enhanced review.",Customer C039193 must be rejected due to AML concerns.,Contradiction,Low,Yes
H0031551,A0120135,Q0120135,C024026,Customer C024026 requires Enhanced Due Diligence because the customer is classified as a Politically Exposed Person (PEP) or presents elevated AML risk.,Customer C024026 requires additional review.,Missing Evidence,Medium,Yes
H0031617,A0038373,Q0038373,C007674,Customer C007674 must be rejected because the customer appears on a sanctions list and violates AML onboarding requirements.,Customer C007674 must be rejected because the customer appears on a sanctions list and violates AML onboarding requirements. The customer has a Low AML Risk classification.,Wrong Risk Score,Critical,Yes
H0031639,A0262762,Q0262762,C052552,"Customer C052552 can be approved for onboarding. The customer satisfies KYC requirements, has sufficient verified documentation, and does not require enhanced review.",Customer C052552 requires additional review.,Missing Evidence,High,Yes
H0031647,A0025068,Q0025068,C005013,Customer C005013 requires Enhanced Due Diligence because the customer is classified as a Politically Exposed Person (PEP) or presents elevated AML risk.,"Customer C005013 requires Enhanced Due Diligence because the customer is classified as a Politically Exposed Person (PEP) or presents elevated AML risk. As per AML Regulation Section 99.7, onboarding must be delayed for 90 days.",Fabricated Regulation,High,Yes
H0031714,A0251617,Q0251617,C050323,"Customer C050323 can be approved for onboarding. The customer satisfies KYC requirements, has sufficient verified documentation, and does not require enhanced review.",Customer C050323 must be rejected due to AML concerns.,Contradiction,Critical,Yes
H0031859,A0060609,Q0060609,C012121,Customer C012121 requires Enhanced Due Diligence because the customer is classified as a Politically Exposed Person (PEP) or presents elevated AML risk.,Customer C012121 requires additional review.,Missing Evidence,High,Yes
H0031863,A0113935,Q0113935,C022786,Customer C022786 should be escalated for manual review due to elevated risk indicators requiring additional investigation.,Customer C022786 should be escalated for manual review due to elevated risk indicators requiring additional investigation. The customer was previously investigated for international money laundering activities.,Unsupported Claim,High,Yes
H0032014,A0099434,Q0099434,C019886,Customer C019886 should be escalated for manual review due to elevated risk indicators requiring additional investigation.,Customer C019886 is approved immediately.,Contradiction,Critical,Yes
H0032277,A0499552,Q0499552,C099910,"Customer C099910 can be approved for onboarding. The customer satisfies KYC requirements, has sufficient verified documentation, and does not require enhanced review.","Customer C099910 can be approved for onboarding. The customer satisfies KYC requirements, has sufficient verified documentation, and does not require enhanced review. The customer has a Low AML Risk classification.",Wrong Risk Score,Critical,Yes
H0032314,A0390244,Q0390244,C078048,"Customer C078048 can be approved for onboarding. The customer satisfies KYC requirements, has sufficient verified documentation, and does not require enhanced review.",Customer C078048 must be rejected due to AML concerns.,Contradiction,High,Yes
H0032318,A0223273,Q0223273,C044654,Customer C044654 must be rejected because the customer appears on a sanctions list and violates AML onboarding requirements.,Customer C044654 must be rejected because the customer appears on a sanctions list and violates AML onboarding requirements. The customer has a Low AML Risk classification.,Wrong Risk Score,Medium,Yes
H0032375,A0119966,Q0119966,C023993,Customer C023993 should be escalated for manual review due to elevated risk indicators requiring additional investigation.,Customer C023993 should be escalated for manual review due to elevated risk indicators requiring additional investigation. The customer has a Low AML Risk classification.,Wrong Risk Score,High,Yes
H0032568,A0408943,Q0408943,C081788,Customer C081788 requires Enhanced Due Diligence because the customer is classified as a Politically Exposed Person (PEP) or presents elevated AML risk.,Customer C081788 requires Enhanced Due Diligence because the customer is classified as a Politically Exposed Person (PEP) or presents elevated AML risk. The customer has a Low AML Risk classification.,Wrong Risk Score,Medium,Yes
H0032650,A0087829,Q0087829,C017565,"Customer C017565 can be approved for onboarding. The customer satisfies KYC requirements, has sufficient verified documentation, and does not require enhanced review.","Customer C017565 can be approved for onboarding. The customer satisfies KYC requirements, has sufficient verified documentation, and does not require enhanced review. The customer was previously investigated for international money laundering activities.",Unsupported Claim,Medium,Yes
H0032669,A0465274,Q0465274,C093054,"Customer C093054 can be approved for onboarding. The customer satisfies KYC requirements, has sufficient verified documentation, and does not require enhanced review.","Customer C093054 can be approved for onboarding. The customer satisfies KYC requirements, has sufficient verified documentation, and does not require enhanced review. The customer has a Low AML Risk classification.",Wrong Risk Score,Critical,Yes
H0032764,A0105801,Q0105801,C021160,"Customer C021160 can be approved for onboarding. The customer satisfies KYC requirements, has sufficient verified documentation, and does not require enhanced review.",Customer C021160 must be rejected due to AML concerns.,Contradiction,Medium,Yes
H0032770,A0406395,Q0406395,C081278,"Customer C081278 can be approved for onboarding. The customer satisfies KYC requirements, has sufficient verified documentation, and does not require enhanced review.","Customer C081278 can be approved for onboarding. The customer satisfies KYC requirements, has sufficient verified documentation, and does not require enhanced review. As per AML Regulation Section 99.7, onboarding must be delayed for 90 days.",Fabricated Regulation,Medium,Yes
H0032779,A0494360,Q0494360,C098871,Customer C098871 requires Enhanced Due Diligence because the customer is classified as a Politically Exposed Person (PEP) or presents elevated AML risk.,Customer C098871 requires Enhanced Due Diligence because the customer is classified as a Politically Exposed Person (PEP) or presents elevated AML risk. The customer was previously investigated for international money laundering activities.,Unsupported Claim,Critical,Yes
H0032855,A0467165,Q0467165,C093432,"Customer C093432 can be approved for onboarding. The customer satisfies KYC requirements, has sufficient verified documentation, and does not require enhanced review.","Customer C093432 can be approved for onboarding. The customer satisfies KYC requirements, has sufficient verified documentation, and does not require enhanced review. As per AML Regulation Section 99.7, onboarding must be delayed for 90 days.",Fabricated Regulation,Medium,Yes
H0033067,A0336700,Q0336700,C067339,Customer C067339 must be rejected because the customer appears on a sanctions list and violates AML onboarding requirements.,Customer C067339 requires additional review.,Missing Evidence,High,Yes
H0033220,A0087637,Q0087637,C017527,"Customer C017527 can be approved for onboarding. The customer satisfies KYC requirements, has sufficient verified documentation, and does not require enhanced review.","Customer C017527 can be approved for onboarding. The customer satisfies KYC requirements, has sufficient verified documentation, and does not require enhanced review. As per AML Regulation Section 99.7, onboarding must be delayed for 90 days.",Fabricated Regulation,Critical,Yes
H0033245,A0361131,Q0361131,C072226,Customer C072226 requires Enhanced Due Diligence because the customer is classified as a Politically Exposed Person (PEP) or presents elevated AML risk.,Customer C072226 requires no enhanced review.,Contradiction,High,Yes
H0033479,A0332714,Q0332714,C066542,"Customer C066542 can be approved for onboarding. The customer satisfies KYC requirements, has sufficient verified documentation, and does not require enhanced review.","Customer C066542 can be approved for onboarding. The customer satisfies KYC requirements, has sufficient verified documentation, and does not require enhanced review. As per AML Regulation Section 99.7, onboarding must be delayed for 90 days.",Fabricated Regulation,Critical,Yes
H0033526,A0257416,Q0257416,C051483,"Customer C051483 can be approved for onboarding. The customer satisfies KYC requirements, has sufficient verified documentation, and does not require enhanced review.","Customer C051483 can be approved for onboarding. The customer satisfies KYC requirements, has sufficient verified documentation, and does not require enhanced review. The customer has a Low AML Risk classification.",Wrong Risk Score,High,Yes
H0033544,A0384117,Q0384117,C076823,Customer C076823 must be rejected because the customer appears on a sanctions list and violates AML onboarding requirements.,Customer C076823 can be approved without restrictions.,Contradiction,Low,Yes
H0033594,A0258554,Q0258554,C051710,"Customer C051710 can be approved for onboarding. The customer satisfies KYC requirements, has sufficient verified documentation, and does not require enhanced review.","Customer C051710 can be approved for onboarding. The customer satisfies KYC requirements, has sufficient verified documentation, and does not require enhanced review. The customer was previously investigated for international money laundering activities.",Unsupported Claim,Medium,Yes
H0033820,A0415419,Q0415419,C083083,"Customer C083083 can be approved for onboarding. The customer satisfies KYC requirements, has sufficient verified documentation, and does not require enhanced review.","Customer C083083 can be approved for onboarding. The customer satisfies KYC requirements, has sufficient verified documentation, and does not require enhanced review. The customer has a Low AML Risk classification.",Wrong Risk Score,High,Yes
H0033868,A0389668,Q0389668,C077933,"Customer C077933 can be approved for onboarding. The customer satisfies KYC requirements, has sufficient verified documentation, and does not require enhanced review.",Customer C077933 must be rejected due to AML concerns.,Contradiction,Critical,Yes
H0033869,A0115346,Q0115346,C023069,Customer C023069 must be rejected because the customer appears on a sanctions list and violates AML onboarding requirements.,Customer C023069 must be rejected because the customer appears on a sanctions list and violates AML onboarding requirements. The customer was previously investigated for international money laundering activities.,Unsupported Claim,High,Yes
H0033882,A0068853,Q0068853,C013770,"Customer C013770 can be approved for onboarding. The customer satisfies KYC requirements, has sufficient verified documentation, and does not require enhanced review.",Customer C013770 requires additional review.,Missing Evidence,Low,Yes
H0034109,A0485889,Q0485889,C097177,"Customer C097177 can be approved for onboarding. The customer satisfies KYC requirements, has sufficient verified documentation, and does not require enhanced review.","Customer C097177 can be approved for onboarding. The customer satisfies KYC requirements, has sufficient verified documentation, and does not require enhanced review. As per AML Regulation Section 99.7, onboarding must be delayed for 90 days.",Fabricated Regulation,Critical,Yes
H0034126,A0109429,Q0109429,C021885,"Customer C021885 can be approved for onboarding. The customer satisfies KYC requirements, has sufficient verified documentation, and does not require enhanced review.","Customer C021885 can be approved for onboarding. The customer satisfies KYC requirements, has sufficient verified documentation, and does not require enhanced review. The customer was previously investigated for international money laundering activities.",Unsupported Claim,Low,Yes
H0034137,A0461872,Q0461872,C092374,"Customer C092374 can be approved for onboarding. The customer satisfies KYC requirements, has sufficient verified documentation, and does not require enhanced review.","Customer C092374 can be approved for onboarding. The customer satisfies KYC requirements, has sufficient verified documentation, and does not require enhanced review. The customer has a Low AML Risk classification.",Wrong Risk Score,Low,Yes
H0034211,A0451152,Q0451152,C090230,"Customer C090230 can be approved for onboarding. The customer satisfies KYC requirements, has sufficient verified documentation, and does not require enhanced review.","Customer C090230 can be approved for onboarding. The customer satisfies KYC requirements, has sufficient verified documentation, and does not require enhanced review. The customer has a Low AML Risk classification.",Wrong Risk Score,Critical,Yes
H0034290,A0377347,Q0377347,C075469,"Customer C075469 can be approved for onboarding. The customer satisfies KYC requirements, has sufficient verified documentation, and does not require enhanced review.","Customer C075469 can be approved for onboarding. The customer satisfies KYC requirements, has sufficient verified documentation, and does not require enhanced review. The customer has a Low AML Risk classification.",Wrong Risk Score,Low,Yes
H0034327,A0218353,Q0218353,C043670,Customer C043670 requires Enhanced Due Diligence because the customer is classified as a Politically Exposed Person (PEP) or presents elevated AML risk.,Customer C043670 requires additional review.,Missing Evidence,Critical,Yes
H0034349,A0487955,Q0487955,C097590,Customer C097590 requires Enhanced Due Diligence because the customer is classified as a Politically Exposed Person (PEP) or presents elevated AML risk.,Customer C097590 requires additional review.,Missing Evidence,Low,Yes
H0034350,A0441545,Q0441545,C088308,"Customer C088308 can be approved for onboarding. The customer satisfies KYC requirements, has sufficient verified documentation, and does not require enhanced review.",Customer C088308 must be rejected due to AML concerns.,Contradiction,Critical,Yes
H0034387,A0003383,Q0003383,C000676,"Customer C000676 can be approved for onboarding. The customer satisfies KYC requirements, has sufficient verified documentation, and does not require enhanced review.",Customer C000676 requires additional review.,Missing Evidence,Critical,Yes
H0034594,A0065233,Q0065233,C013046,"Customer C013046 can be approved for onboarding. The customer satisfies KYC requirements, has sufficient verified documentation, and does not require enhanced review.",Customer C013046 requires additional review.,Missing Evidence,Low,Yes
H0034605,A0054173,Q0054173,C010834,"Customer C010834 can be approved for onboarding. The customer satisfies KYC requirements, has sufficient verified documentation, and does not require enhanced review.","Customer C010834 can be approved for onboarding. The customer satisfies KYC requirements, has sufficient verified documentation, and does not require enhanced review. As per AML Regulation Section 99.7, onboarding must be delayed for 90 days.",Fabricated Regulation,Low,Yes
H0034695,A0387536,Q0387536,C077507,"Customer C077507 can be approved for onboarding. The customer satisfies KYC requirements, has sufficient verified documentation, and does not require enhanced review.","Customer C077507 can be approved for onboarding. The customer satisfies KYC requirements, has sufficient verified documentation, and does not require enhanced review. The customer was previously investigated for international money laundering activities.",Unsupported Claim,Critical,Yes
H0034729,A0179196,Q0179196,C035839,"Customer C035839 can be approved for onboarding. The customer satisfies KYC requirements, has sufficient verified documentation, and does not require enhanced review.","Customer C035839 can be approved for onboarding. The customer satisfies KYC requirements, has sufficient verified documentation, and does not require enhanced review. As per AML Regulation Section 99.7, onboarding must be delayed for 90 days.",Fabricated Regulation,High,Yes
H0034730,A0239570,Q0239570,C047913,"Customer C047913 can be approved for onboarding. The customer satisfies KYC requirements, has sufficient verified documentation, and does not require enhanced review.",Customer C047913 requires additional review.,Missing Evidence,High,Yes
H0034794,A0494775,Q0494775,C098954,Customer C098954 requires Enhanced Due Diligence because the customer is classified as a Politically Exposed Person (PEP) or presents elevated AML risk.,"Customer C098954 requires Enhanced Due Diligence because the customer is classified as a Politically Exposed Person (PEP) or presents elevated AML risk. As per AML Regulation Section 99.7, onboarding must be delayed for 90 days.",Fabricated Regulation,High,Yes
H0034829,A0010396,Q0010396,C002079,"Customer C002079 can be approved for onboarding. The customer satisfies KYC requirements, has sufficient verified documentation, and does not require enhanced review.",Customer C002079 must be rejected due to AML concerns.,Contradiction,Critical,Yes
H0034984,A0102162,Q0102162,C020432,"Customer C020432 can be approved for onboarding. The customer satisfies KYC requirements, has sufficient verified documentation, and does not require enhanced review.","Customer C020432 can be approved for onboarding. The customer satisfies KYC requirements, has sufficient verified documentation, and does not require enhanced review. The customer has a Low AML Risk classification.",Wrong Risk Score,Medium,Yes
H0035074,A0370445,Q0370445,C074088,"Customer C074088 can be approved for onboarding. The customer satisfies KYC requirements, has sufficient verified documentation, and does not require enhanced review.","Customer C074088 can be approved for onboarding. The customer satisfies KYC requirements, has sufficient verified documentation, and does not require enhanced review. The customer has a Low AML Risk classification.",Wrong Risk Score,Critical,Yes
H0035095,A0188265,Q0188265,C037652,Customer C037652 requires Enhanced Due Diligence because the customer is classified as a Politically Exposed Person (PEP) or presents elevated AML risk.,"Customer C037652 requires Enhanced Due Diligence because the customer is classified as a Politically Exposed Person (PEP) or presents elevated AML risk. As per AML Regulation Section 99.7, onboarding must be delayed for 90 days.",Fabricated Regulation,Low,Yes
H0035153,A0335524,Q0335524,C067104,Customer C067104 requires Enhanced Due Diligence because the customer is classified as a Politically Exposed Person (PEP) or presents elevated AML risk.,Customer C067104 requires additional review.,Missing Evidence,Critical,Yes
H0035186,A0063081,Q0063081,C012616,"Customer C012616 can be approved for onboarding. The customer satisfies KYC requirements, has sufficient verified documentation, and does not require enhanced review.",Customer C012616 must be rejected due to AML concerns.,Contradiction,Medium,Yes
H0035196,A0465267,Q0465267,C093053,"Customer C093053 can be approved for onboarding. The customer satisfies KYC requirements, has sufficient verified documentation, and does not require enhanced review.","Customer C093053 can be approved for onboarding. The customer satisfies KYC requirements, has sufficient verified documentation, and does not require enhanced review. The customer was previously investigated for international money laundering activities.",Unsupported Claim,Critical,Yes
H0035443,A0346123,Q0346123,C069224,"Customer C069224 can be approved for onboarding. The customer satisfies KYC requirements, has sufficient verified documentation, and does not require enhanced review.","Customer C069224 can be approved for onboarding. The customer satisfies KYC requirements, has sufficient verified documentation, and does not require enhanced review. The customer has a Low AML Risk classification.",Wrong Risk Score,High,Yes
H0035463,A0306754,Q0306754,C061350,"Customer C061350 can be approved for onboarding. The customer satisfies KYC requirements, has sufficient verified documentation, and does not require enhanced review.",Customer C061350 must be rejected due to AML concerns.,Contradiction,High,Yes
H0035517,A0076323,Q0076323,C015264,"Customer C015264 can be approved for onboarding. The customer satisfies KYC requirements, has sufficient verified documentation, and does not require enhanced review.",Customer C015264 requires additional review.,Missing Evidence,Critical,Yes
H0035544,A0388514,Q0388514,C077702,"Customer C077702 can be approved for onboarding. The customer satisfies KYC requirements, has sufficient verified documentation, and does not require enhanced review.","Customer C077702 can be approved for onboarding. The customer satisfies KYC requirements, has sufficient verified documentation, and does not require enhanced review. As per AML Regulation Section 99.7, onboarding must be delayed for 90 days.",Fabricated Regulation,Critical,Yes
H0036071,A0048522,Q0048522,C009704,"Customer C009704 can be approved for onboarding. The customer satisfies KYC requirements, has sufficient verified documentation, and does not require enhanced review.","Customer C009704 can be approved for onboarding. The customer satisfies KYC requirements, has sufficient verified documentation, and does not require enhanced review. As per AML Regulation Section 99.7, onboarding must be delayed for 90 days.",Fabricated Regulation,Critical,Yes
H0036094,A0014462,Q0014462,C002892,"Customer C002892 can be approved for onboarding. The customer satisfies KYC requirements, has sufficient verified documentation, and does not require enhanced review.","Customer C002892 can be approved for onboarding. The customer satisfies KYC requirements, has sufficient verified documentation, and does not require enhanced review. As per AML Regulation Section 99.7, onboarding must be delayed for 90 days.",Fabricated Regulation,Medium,Yes
H0036321,A0333151,Q0333151,C066630,"Customer C066630 can be approved for onboarding. The customer satisfies KYC requirements, has sufficient verified documentation, and does not require enhanced review.","Customer C066630 can be approved for onboarding. The customer satisfies KYC requirements, has sufficient verified documentation, and does not require enhanced review. As per AML Regulation Section 99.7, onboarding must be delayed for 90 days.",Fabricated Regulation,Medium,Yes
H0036394,A0440911,Q0440911,C088182,"Customer C088182 can be approved for onboarding. The customer satisfies KYC requirements, has sufficient verified documentation, and does not require enhanced review.","Customer C088182 can be approved for onboarding. The customer satisfies KYC requirements, has sufficient verified documentation, and does not require enhanced review. The customer has a Low AML Risk classification.",Wrong Risk Score,Medium,Yes
H0036552,A0266057,Q0266057,C053211,Customer C053211 should be escalated for manual review due to elevated risk indicators requiring additional investigation.,Customer C053211 is approved immediately.,Contradiction,High,Yes
H0036720,A0055177,Q0055177,C011035,Customer C011035 requires Enhanced Due Diligence because the customer is classified as a Politically Exposed Person (PEP) or presents elevated AML risk.,Customer C011035 requires Enhanced Due Diligence because the customer is classified as a Politically Exposed Person (PEP) or presents elevated AML risk. The customer was previously investigated for international money laundering activities.,Unsupported Claim,Medium,Yes
H0036964,A0143692,Q0143692,C028738,Customer C028738 requires Enhanced Due Diligence because the customer is classified as a Politically Exposed Person (PEP) or presents elevated AML risk.,Customer C028738 requires Enhanced Due Diligence because the customer is classified as a Politically Exposed Person (PEP) or presents elevated AML risk. The customer has a Low AML Risk classification.,Wrong Risk Score,High,Yes
H0036984,A0324364,Q0324364,C064872,"Customer C064872 can be approved for onboarding. The customer satisfies KYC requirements, has sufficient verified documentation, and does not require enhanced review.","Customer C064872 can be approved for onboarding. The customer satisfies KYC requirements, has sufficient verified documentation, and does not require enhanced review. As per AML Regulation Section 99.7, onboarding must be delayed for 90 days.",Fabricated Regulation,High,Yes
H0037205,A0135200,Q0135200,C027039,"Customer C027039 can be approved for onboarding. The customer satisfies KYC requirements, has sufficient verified documentation, and does not require enhanced review.",Customer C027039 requires additional review.,Missing Evidence,Low,Yes
H0037235,A0419316,Q0419316,C083863,Customer C083863 should be escalated for manual review due to elevated risk indicators requiring additional investigation.,"Customer C083863 should be escalated for manual review due to elevated risk indicators requiring additional investigation. As per AML Regulation Section 99.7, onboarding must be delayed for 90 days.",Fabricated Regulation,Critical,Yes
H0037256,A0200158,Q0200158,C040031,"Customer C040031 can be approved for onboarding. The customer satisfies KYC requirements, has sufficient verified documentation, and does not require enhanced review.","Customer C040031 can be approved for onboarding. The customer satisfies KYC requirements, has sufficient verified documentation, and does not require enhanced review. As per AML Regulation Section 99.7, onboarding must be delayed for 90 days.",Fabricated Regulation,Medium,Yes
H0037266,A0119786,Q0119786,C023957,Customer C023957 must be rejected because the customer appears on a sanctions list and violates AML onboarding requirements.,Customer C023957 requires additional review.,Missing Evidence,High,Yes
H0037291,A0444673,Q0444673,C088934,"Customer C088934 can be approved for onboarding. The customer satisfies KYC requirements, has sufficient verified documentation, and does not require enhanced review.","Customer C088934 can be approved for onboarding. The customer satisfies KYC requirements, has sufficient verified documentation, and does not require enhanced review. As per AML Regulation Section 99.7, onboarding must be delayed for 90 days.",Fabricated Regulation,Low,Yes
H0037415,A0164060,Q0164060,C032811,"Customer C032811 can be approved for onboarding. The customer satisfies KYC requirements, has sufficient verified documentation, and does not require enhanced review.",Customer C032811 requires additional review.,Missing Evidence,Medium,Yes
H0037527,A0274126,Q0274126,C054825,Customer C054825 requires Enhanced Due Diligence because the customer is classified as a Politically Exposed Person (PEP) or presents elevated AML risk.,Customer C054825 requires no enhanced review.,Contradiction,Medium,Yes
H0037559,A0272247,Q0272247,C054449,"Customer C054449 can be approved for onboarding. The customer satisfies KYC requirements, has sufficient verified documentation, and does not require enhanced review.","Customer C054449 can be approved for onboarding. The customer satisfies KYC requirements, has sufficient verified documentation, and does not require enhanced review. As per AML Regulation Section 99.7, onboarding must be delayed for 90 days.",Fabricated Regulation,Medium,Yes
H0037644,A0412013,Q0412013,C082402,"Customer C082402 can be approved for onboarding. The customer satisfies KYC requirements, has sufficient verified documentation, and does not require enhanced review.",Customer C082402 requires additional review.,Missing Evidence,Critical,Yes
H0037676,A0294774,Q0294774,C058954,"Customer C058954 can be approved for onboarding. The customer satisfies KYC requirements, has sufficient verified documentation, and does not require enhanced review.","Customer C058954 can be approved for onboarding. The customer satisfies KYC requirements, has sufficient verified documentation, and does not require enhanced review. The customer has a Low AML Risk classification.",Wrong Risk Score,Low,Yes
H0037773,A0361098,Q0361098,C072219,"Customer C072219 can be approved for onboarding. The customer satisfies KYC requirements, has sufficient verified documentation, and does not require enhanced review.",Customer C072219 must be rejected due to AML concerns.,Contradiction,Low,Yes
H0037778,A0290841,Q0290841,C058168,"Customer C058168 can be approved for onboarding. The customer satisfies KYC requirements, has sufficient verified documentation, and does not require enhanced review.",Customer C058168 must be rejected due to AML concerns.,Contradiction,Low,Yes
H0037829,A0467050,Q0467050,C093409,Customer C093409 should be escalated for manual review due to elevated risk indicators requiring additional investigation.,Customer C093409 should be escalated for manual review due to elevated risk indicators requiring additional investigation. The customer was previously investigated for international money laundering activities.,Unsupported Claim,Medium,Yes
H0037853,A0419319,Q0419319,C083863,Customer C083863 should be escalated for manual review due to elevated risk indicators requiring additional investigation.,Customer C083863 should be escalated for manual review due to elevated risk indicators requiring additional investigation. The customer was previously investigated for international money laundering activities.,Unsupported Claim,Medium,Yes
H0038263,A0445457,Q0445457,C089091,Customer C089091 requires Enhanced Due Diligence because the customer is classified as a Politically Exposed Person (PEP) or presents elevated AML risk.,Customer C089091 requires additional review.,Missing Evidence,Critical,Yes
H0038482,A0092072,Q0092072,C018414,Customer C018414 requires Enhanced Due Diligence because the customer is classified as a Politically Exposed Person (PEP) or presents elevated AML risk.,"Customer C018414 requires Enhanced Due Diligence because the customer is classified as a Politically Exposed Person (PEP) or presents elevated AML risk. As per AML Regulation Section 99.7, onboarding must be delayed for 90 days.",Fabricated Regulation,Low,Yes
H0038643,A0256228,Q0256228,C051245,Customer C051245 requires Enhanced Due Diligence because the customer is classified as a Politically Exposed Person (PEP) or presents elevated AML risk.,Customer C051245 requires additional review.,Missing Evidence,Critical,Yes
H0038909,A0479226,Q0479226,C095845,"Customer C095845 can be approved for onboarding. The customer satisfies KYC requirements, has sufficient verified documentation, and does not require enhanced review.","Customer C095845 can be approved for onboarding. The customer satisfies KYC requirements, has sufficient verified documentation, and does not require enhanced review. As per AML Regulation Section 99.7, onboarding must be delayed for 90 days.",Fabricated Regulation,Critical,Yes
H0038913,A0442357,Q0442357,C088471,"Customer C088471 can be approved for onboarding. The customer satisfies KYC requirements, has sufficient verified documentation, and does not require enhanced review.","Customer C088471 can be approved for onboarding. The customer satisfies KYC requirements, has sufficient verified documentation, and does not require enhanced review. As per AML Regulation Section 99.7, onboarding must be delayed for 90 days.",Fabricated Regulation,Critical,Yes
H0039072,A0444427,Q0444427,C088885,"Customer C088885 can be approved for onboarding. The customer satisfies KYC requirements, has sufficient verified documentation, and does not require enhanced review.","Customer C088885 can be approved for onboarding. The customer satisfies KYC requirements, has sufficient verified documentation, and does not require enhanced review. The customer has a Low AML Risk classification.",Wrong Risk Score,High,Yes
H0039112,A0339774,Q0339774,C067954,"Customer C067954 can be approved for onboarding. The customer satisfies KYC requirements, has sufficient verified documentation, and does not require enhanced review.","Customer C067954 can be approved for onboarding. The customer satisfies KYC requirements, has sufficient verified documentation, and does not require enhanced review. The customer has a Low AML Risk classification.",Wrong Risk Score,Medium,Yes
H0039210,A0313839,Q0313839,C062767,"Customer C062767 can be approved for onboarding. The customer satisfies KYC requirements, has sufficient verified documentation, and does not require enhanced review.","Customer C062767 can be approved for onboarding. The customer satisfies KYC requirements, has sufficient verified documentation, and does not require enhanced review. The customer was previously investigated for international money laundering activities.",Unsupported Claim,Critical,Yes
H0039266,A0140159,Q0140159,C028031,Customer C028031 requires Enhanced Due Diligence because the customer is classified as a Politically Exposed Person (PEP) or presents elevated AML risk.,Customer C028031 requires Enhanced Due Diligence because the customer is classified as a Politically Exposed Person (PEP) or presents elevated AML risk. The customer was previously investigated for international money laundering activities.,Unsupported Claim,Critical,Yes
H0039287,A0100657,Q0100657,C020131,Customer C020131 should be escalated for manual review due to elevated risk indicators requiring additional investigation.,Customer C020131 is approved immediately.,Contradiction,Medium,Yes
H0039292,A0065622,Q0065622,C013124,Customer C013124 requires Enhanced Due Diligence because the customer is classified as a Politically Exposed Person (PEP) or presents elevated AML risk.,Customer C013124 requires additional review.,Missing Evidence,Critical,Yes
H0039329,A0183520,Q0183520,C036703,"Customer C036703 can be approved for onboarding. The customer satisfies KYC requirements, has sufficient verified documentation, and does not require enhanced review.","Customer C036703 can be approved for onboarding. The customer satisfies KYC requirements, has sufficient verified documentation, and does not require enhanced review. The customer has a Low AML Risk classification.",Wrong Risk Score,Medium,Yes
H0039445,A0003722,Q0003722,C000744,"Customer C000744 can be approved for onboarding. The customer satisfies KYC requirements, has sufficient verified documentation, and does not require enhanced review.",Customer C000744 requires additional review.,Missing Evidence,Low,Yes
H0039632,A0306389,Q0306389,C061277,Customer C061277 should be escalated for manual review due to elevated risk indicators requiring additional investigation.,Customer C061277 should be escalated for manual review due to elevated risk indicators requiring additional investigation. The customer was previously investigated for international money laundering activities.,Unsupported Claim,Medium,Yes
H0039859,A0312326,Q0312326,C062465,"Customer C062465 can be approved for onboarding. The customer satisfies KYC requirements, has sufficient verified documentation, and does not require enhanced review.",Customer C062465 requires additional review.,Missing Evidence,Medium,Yes
H0039937,A0405556,Q0405556,C081111,"Customer C081111 can be approved for onboarding. The customer satisfies KYC requirements, has sufficient verified documentation, and does not require enhanced review.","Customer C081111 can be approved for onboarding. The customer satisfies KYC requirements, has sufficient verified documentation, and does not require enhanced review. The customer was previously investigated for international money laundering activities.",Unsupported Claim,Critical,Yes
H0039984,A0258204,Q0258204,C051640,"Customer C051640 can be approved for onboarding. The customer satisfies KYC requirements, has sufficient verified documentation, and does not require enhanced review.","Customer C051640 can be approved for onboarding. The customer satisfies KYC requirements, has sufficient verified documentation, and does not require enhanced review. The customer was previously investigated for international money laundering activities.",Unsupported Claim,Low,Yes
H0040117,A0198137,Q0198137,C039627,Customer C039627 requires Enhanced Due Diligence because the customer is classified as a Politically Exposed Person (PEP) or presents elevated AML risk.,Customer C039627 requires Enhanced Due Diligence because the customer is classified as a Politically Exposed Person (PEP) or presents elevated AML risk. The customer was previously investigated for international money laundering activities.,Unsupported Claim,Medium,Yes
H0040247,A0125320,Q0125320,C025063,"Customer C025063 can be approved for onboarding. The customer satisfies KYC requirements, has sufficient verified documentation, and does not require enhanced review.","Customer C025063 can be approved for onboarding. The customer satisfies KYC requirements, has sufficient verified documentation, and does not require enhanced review. The customer has a Low AML Risk classification.",Wrong Risk Score,Critical,Yes
H0040286,A0015678,Q0015678,C003135,Customer C003135 requires Enhanced Due Diligence because the customer is classified as a Politically Exposed Person (PEP) or presents elevated AML risk.,Customer C003135 requires Enhanced Due Diligence because the customer is classified as a Politically Exposed Person (PEP) or presents elevated AML risk. The customer has a Low AML Risk classification.,Wrong Risk Score,Critical,Yes
H0040548,A0230697,Q0230697,C046139,Customer C046139 requires Enhanced Due Diligence because the customer is classified as a Politically Exposed Person (PEP) or presents elevated AML risk.,Customer C046139 requires Enhanced Due Diligence because the customer is classified as a Politically Exposed Person (PEP) or presents elevated AML risk. The customer was previously investigated for international money laundering activities.,Unsupported Claim,Critical,Yes
H0040923,A0368275,Q0368275,C073654,Customer C073654 requires Enhanced Due Diligence because the customer is classified as a Politically Exposed Person (PEP) or presents elevated AML risk.,Customer C073654 requires Enhanced Due Diligence because the customer is classified as a Politically Exposed Person (PEP) or presents elevated AML risk. The customer was previously investigated for international money laundering activities.,Unsupported Claim,High,Yes
H0041033,A0323849,Q0323849,C064769,Customer C064769 requires Enhanced Due Diligence because the customer is classified as a Politically Exposed Person (PEP) or presents elevated AML risk.,"Customer C064769 requires Enhanced Due Diligence because the customer is classified as a Politically Exposed Person (PEP) or presents elevated AML risk. As per AML Regulation Section 99.7, onboarding must be delayed for 90 days.",Fabricated Regulation,Critical,Yes
H0041048,A0305761,Q0305761,C061152,Customer C061152 requires Enhanced Due Diligence because the customer is classified as a Politically Exposed Person (PEP) or presents elevated AML risk.,Customer C061152 requires no enhanced review.,Contradiction,Medium,Yes
H0041206,A0312540,Q0312540,C062507,Customer C062507 requires Enhanced Due Diligence because the customer is classified as a Politically Exposed Person (PEP) or presents elevated AML risk.,Customer C062507 requires additional review.,Missing Evidence,High,Yes
H0041257,A0427071,Q0427071,C085414,"Customer C085414 can be approved for onboarding. The customer satisfies KYC requirements, has sufficient verified documentation, and does not require enhanced review.",Customer C085414 requires additional review.,Missing Evidence,Low,Yes
H0041269,A0112526,Q0112526,C022505,Customer C022505 must be rejected because the customer appears on a sanctions list and violates AML onboarding requirements.,Customer C022505 requires additional review.,Missing Evidence,Critical,Yes
H0041270,A0316978,Q0316978,C063395,Customer C063395 should be escalated for manual review due to elevated risk indicators requiring additional investigation.,Customer C063395 is approved immediately.,Contradiction,Medium,Yes
H0041305,A0092900,Q0092900,C018579,"Customer C018579 can be approved for onboarding. The customer satisfies KYC requirements, has sufficient verified documentation, and does not require enhanced review.",Customer C018579 requires additional review.,Missing Evidence,Low,Yes
H0041323,A0069511,Q0069511,C013902,Customer C013902 must be rejected because the customer appears on a sanctions list and violates AML onboarding requirements.,"Customer C013902 must be rejected because the customer appears on a sanctions list and violates AML onboarding requirements. As per AML Regulation Section 99.7, onboarding must be delayed for 90 days.",Fabricated Regulation,High,Yes
H0041408,A0337952,Q0337952,C067590,"Customer C067590 can be approved for onboarding. The customer satisfies KYC requirements, has sufficient verified documentation, and does not require enhanced review.","Customer C067590 can be approved for onboarding. The customer satisfies KYC requirements, has sufficient verified documentation, and does not require enhanced review. As per AML Regulation Section 99.7, onboarding must be delayed for 90 days.",Fabricated Regulation,Critical,Yes
H0041532,A0046864,Q0046864,C009372,"Customer C009372 can be approved for onboarding. The customer satisfies KYC requirements, has sufficient verified documentation, and does not require enhanced review.","Customer C009372 can be approved for onboarding. The customer satisfies KYC requirements, has sufficient verified documentation, and does not require enhanced review. The customer was previously investigated for international money laundering activities.",Unsupported Claim,High,Yes
H0041573,A0366014,Q0366014,C073202,"Customer C073202 can be approved for onboarding. The customer satisfies KYC requirements, has sufficient verified documentation, and does not require enhanced review.","Customer C073202 can be approved for onboarding. The customer satisfies KYC requirements, has sufficient verified documentation, and does not require enhanced review. The customer was previously investigated for international money laundering activities.",Unsupported Claim,Critical,Yes
H0041592,A0173137,Q0173137,C034627,"Customer C034627 can be approved for onboarding. The customer satisfies KYC requirements, has sufficient verified documentation, and does not require enhanced review.",Customer C034627 must be rejected due to AML concerns.,Contradiction,High,Yes
H0041774,A0054215,Q0054215,C010842,Customer C010842 requires Enhanced Due Diligence because the customer is classified as a Politically Exposed Person (PEP) or presents elevated AML risk.,Customer C010842 requires Enhanced Due Diligence because the customer is classified as a Politically Exposed Person (PEP) or presents elevated AML risk. The customer was previously investigated for international money laundering activities.,Unsupported Claim,High,Yes
H0041782,A0402495,Q0402495,C080498,Customer C080498 requires Enhanced Due Diligence because the customer is classified as a Politically Exposed Person (PEP) or presents elevated AML risk.,"Customer C080498 requires Enhanced Due Diligence because the customer is classified as a Politically Exposed Person (PEP) or presents elevated AML risk. As per AML Regulation Section 99.7, onboarding must be delayed for 90 days.",Fabricated Regulation,Low,Yes
H0041856,A0159597,Q0159597,C031919,"Customer C031919 can be approved for onboarding. The customer satisfies KYC requirements, has sufficient verified documentation, and does not require enhanced review.",Customer C031919 must be rejected due to AML concerns.,Contradiction,High,Yes
H0042011,A0158579,Q0158579,C031715,"Customer C031715 can be approved for onboarding. The customer satisfies KYC requirements, has sufficient verified documentation, and does not require enhanced review.","Customer C031715 can be approved for onboarding. The customer satisfies KYC requirements, has sufficient verified documentation, and does not require enhanced review. The customer has a Low AML Risk classification.",Wrong Risk Score,Critical,Yes
H0042026,A0447220,Q0447220,C089443,Customer C089443 should be escalated for manual review due to elevated risk indicators requiring additional investigation.,Customer C089443 should be escalated for manual review due to elevated risk indicators requiring additional investigation. The customer has a Low AML Risk classification.,Wrong Risk Score,Medium,Yes
H0042134,A0245518,Q0245518,C049103,Customer C049103 must be rejected because the customer appears on a sanctions list and violates AML onboarding requirements.,"Customer C049103 must be rejected because the customer appears on a sanctions list and violates AML onboarding requirements. As per AML Regulation Section 99.7, onboarding must be delayed for 90 days.",Fabricated Regulation,Critical,Yes
H0042274,A0466333,Q0466333,C093266,"Customer C093266 can be approved for onboarding. The customer satisfies KYC requirements, has sufficient verified documentation, and does not require enhanced review.","Customer C093266 can be approved for onboarding. The customer satisfies KYC requirements, has sufficient verified documentation, and does not require enhanced review. The customer was previously investigated for international money laundering activities.",Unsupported Claim,Low,Yes
H0042402,A0253852,Q0253852,C050770,"Customer C050770 can be approved for onboarding. The customer satisfies KYC requirements, has sufficient verified documentation, and does not require enhanced review.",Customer C050770 must be rejected due to AML concerns.,Contradiction,Low,Yes
H0042413,A0370987,Q0370987,C074197,Customer C074197 requires Enhanced Due Diligence because the customer is classified as a Politically Exposed Person (PEP) or presents elevated AML risk.,"Customer C074197 requires Enhanced Due Diligence because the customer is classified as a Politically Exposed Person (PEP) or presents elevated AML risk. As per AML Regulation Section 99.7, onboarding must be delayed for 90 days.",Fabricated Regulation,Low,Yes
H0042441,A0467184,Q0467184,C093436,Customer C093436 requires Enhanced Due Diligence because the customer is classified as a Politically Exposed Person (PEP) or presents elevated AML risk.,Customer C093436 requires Enhanced Due Diligence because the customer is classified as a Politically Exposed Person (PEP) or presents elevated AML risk. The customer has a Low AML Risk classification.,Wrong Risk Score,Low,Yes
H0042475,A0356020,Q0356020,C071203,Customer C071203 requires Enhanced Due Diligence because the customer is classified as a Politically Exposed Person (PEP) or presents elevated AML risk.,Customer C071203 requires additional review.,Missing Evidence,High,Yes
H0042505,A0028426,Q0028426,C005685,"Customer C005685 can be approved for onboarding. The customer satisfies KYC requirements, has sufficient verified documentation, and does not require enhanced review.","Customer C005685 can be approved for onboarding. The customer satisfies KYC requirements, has sufficient verified documentation, and does not require enhanced review. As per AML Regulation Section 99.7, onboarding must be delayed for 90 days.",Fabricated Regulation,Low,Yes
H0042512,A0123383,Q0123383,C024676,"Customer C024676 can be approved for onboarding. The customer satisfies KYC requirements, has sufficient verified documentation, and does not require enhanced review.","Customer C024676 can be approved for onboarding. The customer satisfies KYC requirements, has sufficient verified documentation, and does not require enhanced review. The customer was previously investigated for international money laundering activities.",Unsupported Claim,Critical,Yes
H0042538,A0250864,Q0250864,C050172,"Customer C050172 can be approved for onboarding. The customer satisfies KYC requirements, has sufficient verified documentation, and does not require enhanced review.","Customer C050172 can be approved for onboarding. The customer satisfies KYC requirements, has sufficient verified documentation, and does not require enhanced review. The customer was previously investigated for international money laundering activities.",Unsupported Claim,Low,Yes
H0042597,A0374225,Q0374225,C074844,"Customer C074844 can be approved for onboarding. The customer satisfies KYC requirements, has sufficient verified documentation, and does not require enhanced review.","Customer C074844 can be approved for onboarding. The customer satisfies KYC requirements, has sufficient verified documentation, and does not require enhanced review. The customer was previously investigated for international money laundering activities.",Unsupported Claim,Low,Yes
H0042673,A0459490,Q0459490,C091897,"Customer C091897 can be approved for onboarding. The customer satisfies KYC requirements, has sufficient verified documentation, and does not require enhanced review.","Customer C091897 can be approved for onboarding. The customer satisfies KYC requirements, has sufficient verified documentation, and does not require enhanced review. As per AML Regulation Section 99.7, onboarding must be delayed for 90 days.",Fabricated Regulation,Low,Yes
H0042676,A0406919,Q0406919,C081383,"Customer C081383 can be approved for onboarding. The customer satisfies KYC requirements, has sufficient verified documentation, and does not require enhanced review.","Customer C081383 can be approved for onboarding. The customer satisfies KYC requirements, has sufficient verified documentation, and does not require enhanced review. The customer has a Low AML Risk classification.",Wrong Risk Score,Critical,Yes
H0042844,A0294040,Q0294040,C058807,Customer C058807 requires Enhanced Due Diligence because the customer is classified as a Politically Exposed Person (PEP) or presents elevated AML risk.,Customer C058807 requires Enhanced Due Diligence because the customer is classified as a Politically Exposed Person (PEP) or presents elevated AML risk. The customer was previously investigated for international money laundering activities.,Unsupported Claim,Medium,Yes
H0042859,A0245201,Q0245201,C049040,Customer C049040 must be rejected because the customer appears on a sanctions list and violates AML onboarding requirements.,Customer C049040 must be rejected because the customer appears on a sanctions list and violates AML onboarding requirements. The customer has a Low AML Risk classification.,Wrong Risk Score,Medium,Yes
H0043017,A0024283,Q0024283,C004856,Customer C004856 requires Enhanced Due Diligence because the customer is classified as a Politically Exposed Person (PEP) or presents elevated AML risk.,Customer C004856 requires Enhanced Due Diligence because the customer is classified as a Politically Exposed Person (PEP) or presents elevated AML risk. The customer has a Low AML Risk classification.,Wrong Risk Score,Medium,Yes
H0043139,A0220853,Q0220853,C044170,Customer C044170 must be rejected because the customer appears on a sanctions list and violates AML onboarding requirements.,Customer C044170 must be rejected because the customer appears on a sanctions list and violates AML onboarding requirements. The customer was previously investigated for international money laundering activities.,Unsupported Claim,High,Yes
H0043217,A0453233,Q0453233,C090646,"Customer C090646 can be approved for onboarding. The customer satisfies KYC requirements, has sufficient verified documentation, and does not require enhanced review.","Customer C090646 can be approved for onboarding. The customer satisfies KYC requirements, has sufficient verified documentation, and does not require enhanced review. The customer was previously investigated for international money laundering activities.",Unsupported Claim,Medium,Yes
H0043412,A0418818,Q0418818,C083763,"Customer C083763 can be approved for onboarding. The customer satisfies KYC requirements, has sufficient verified documentation, and does not require enhanced review.","Customer C083763 can be approved for onboarding. The customer satisfies KYC requirements, has sufficient verified documentation, and does not require enhanced review. The customer was previously investigated for international money laundering activities.",Unsupported Claim,Critical,Yes
H0043712,A0223507,Q0223507,C044701,"Customer C044701 can be approved for onboarding. The customer satisfies KYC requirements, has sufficient verified documentation, and does not require enhanced review.","Customer C044701 can be approved for onboarding. The customer satisfies KYC requirements, has sufficient verified documentation, and does not require enhanced review. The customer was previously investigated for international money laundering activities.",Unsupported Claim,Medium,Yes
H0043968,A0236779,Q0236779,C047355,"Customer C047355 can be approved for onboarding. The customer satisfies KYC requirements, has sufficient verified documentation, and does not require enhanced review.",Customer C047355 must be rejected due to AML concerns.,Contradiction,Low,Yes
H0043976,A0092697,Q0092697,C018539,Customer C018539 should be escalated for manual review due to elevated risk indicators requiring additional investigation.,Customer C018539 requires additional review.,Missing Evidence,High,Yes
H0044277,A0012727,Q0012727,C002545,Customer C002545 must be rejected because the customer appears on a sanctions list and violates AML onboarding requirements.,Customer C002545 requires additional review.,Missing Evidence,Critical,Yes
H0044328,A0027416,Q0027416,C005483,"Customer C005483 can be approved for onboarding. The customer satisfies KYC requirements, has sufficient verified documentation, and does not require enhanced review.","Customer C005483 can be approved for onboarding. The customer satisfies KYC requirements, has sufficient verified documentation, and does not require enhanced review. The customer was previously investigated for international money laundering activities.",Unsupported Claim,Medium,Yes
H0044383,A0223219,Q0223219,C044643,"Customer C044643 can be approved for onboarding. The customer satisfies KYC requirements, has sufficient verified documentation, and does not require enhanced review.",Customer C044643 must be rejected due to AML concerns.,Contradiction,Low,Yes
H0044487,A0394017,Q0394017,C078803,Customer C078803 must be rejected because the customer appears on a sanctions list and violates AML onboarding requirements.,Customer C078803 must be rejected because the customer appears on a sanctions list and violates AML onboarding requirements. The customer was previously investigated for international money laundering activities.,Unsupported Claim,Low,Yes
H0044529,A0250476,Q0250476,C050095,"Customer C050095 can be approved for onboarding. The customer satisfies KYC requirements, has sufficient verified documentation, and does not require enhanced review.",Customer C050095 requires additional review.,Missing Evidence,Low,Yes
H0044550,A0422778,Q0422778,C084555,"Customer C084555 can be approved for onboarding. The customer satisfies KYC requirements, has sufficient verified documentation, and does not require enhanced review.","Customer C084555 can be approved for onboarding. The customer satisfies KYC requirements, has sufficient verified documentation, and does not require enhanced review. The customer has a Low AML Risk classification.",Wrong Risk Score,Medium,Yes
H0044570,A0013597,Q0013597,C002719,Customer C002719 must be rejected because the customer appears on a sanctions list and violates AML onboarding requirements.,"Customer C002719 must be rejected because the customer appears on a sanctions list and violates AML onboarding requirements. As per AML Regulation Section 99.7, onboarding must be delayed for 90 days.",Fabricated Regulation,High,Yes
H0044733,A0325855,Q0325855,C065170,"Customer C065170 can be approved for onboarding. The customer satisfies KYC requirements, has sufficient verified documentation, and does not require enhanced review.","Customer C065170 can be approved for onboarding. The customer satisfies KYC requirements, has sufficient verified documentation, and does not require enhanced review. The customer was previously investigated for international money laundering activities.",Unsupported Claim,Critical,Yes
H0044737,A0009385,Q0009385,C001876,"Customer C001876 can be approved for onboarding. The customer satisfies KYC requirements, has sufficient verified documentation, and does not require enhanced review.","Customer C001876 can be approved for onboarding. The customer satisfies KYC requirements, has sufficient verified documentation, and does not require enhanced review. As per AML Regulation Section 99.7, onboarding must be delayed for 90 days.",Fabricated Regulation,Critical,Yes
H0044798,A0414987,Q0414987,C082997,Customer C082997 requires Enhanced Due Diligence because the customer is classified as a Politically Exposed Person (PEP) or presents elevated AML risk.,Customer C082997 requires Enhanced Due Diligence because the customer is classified as a Politically Exposed Person (PEP) or presents elevated AML risk. The customer has a Low AML Risk classification.,Wrong Risk Score,High,Yes
H0044814,A0321435,Q0321435,C064286,Customer C064286 requires Enhanced Due Diligence because the customer is classified as a Politically Exposed Person (PEP) or presents elevated AML risk.,Customer C064286 requires Enhanced Due Diligence because the customer is classified as a Politically Exposed Person (PEP) or presents elevated AML risk. The customer was previously investigated for international money laundering activities.,Unsupported Claim,Medium,Yes
H0044888,A0135004,Q0135004,C027000,"Customer C027000 can be approved for onboarding. The customer satisfies KYC requirements, has sufficient verified documentation, and does not require enhanced review.","Customer C027000 can be approved for onboarding. The customer satisfies KYC requirements, has sufficient verified documentation, and does not require enhanced review. As per AML Regulation Section 99.7, onboarding must be delayed for 90 days.",Fabricated Regulation,High,Yes
H0045090,A0145044,Q0145044,C029008,"Customer C029008 can be approved for onboarding. The customer satisfies KYC requirements, has sufficient verified documentation, and does not require enhanced review.","Customer C029008 can be approved for onboarding. The customer satisfies KYC requirements, has sufficient verified documentation, and does not require enhanced review. The customer has a Low AML Risk classification.",Wrong Risk Score,Critical,Yes
H0045130,A0181792,Q0181792,C036358,"Customer C036358 can be approved for onboarding. The customer satisfies KYC requirements, has sufficient verified documentation, and does not require enhanced review.","Customer C036358 can be approved for onboarding. The customer satisfies KYC requirements, has sufficient verified documentation, and does not require enhanced review. The customer was previously investigated for international money laundering activities.",Unsupported Claim,Critical,Yes
H0045144,A0446270,Q0446270,C089253,Customer C089253 requires Enhanced Due Diligence because the customer is classified as a Politically Exposed Person (PEP) or presents elevated AML risk.,Customer C089253 requires no enhanced review.,Contradiction,Critical,Yes
H0045270,A0163775,Q0163775,C032754,"Customer C032754 can be approved for onboarding. The customer satisfies KYC requirements, has sufficient verified documentation, and does not require enhanced review.",Customer C032754 requires additional review.,Missing Evidence,Low,Yes
H0045328,A0083521,Q0083521,C016704,"Customer C016704 can be approved for onboarding. The customer satisfies KYC requirements, has sufficient verified documentation, and does not require enhanced review.","Customer C016704 can be approved for onboarding. The customer satisfies KYC requirements, has sufficient verified documentation, and does not require enhanced review. The customer has a Low AML Risk classification.",Wrong Risk Score,Critical,Yes
H0045356,A0324422,Q0324422,C064884,Customer C064884 must be rejected because the customer appears on a sanctions list and violates AML onboarding requirements.,"Customer C064884 must be rejected because the customer appears on a sanctions list and violates AML onboarding requirements. As per AML Regulation Section 99.7, onboarding must be delayed for 90 days.",Fabricated Regulation,Low,Yes
H0045403,A0050443,Q0050443,C010088,Customer C010088 requires Enhanced Due Diligence because the customer is classified as a Politically Exposed Person (PEP) or presents elevated AML risk.,Customer C010088 requires Enhanced Due Diligence because the customer is classified as a Politically Exposed Person (PEP) or presents elevated AML risk. The customer was previously investigated for international money laundering activities.,Unsupported Claim,Low,Yes
H0045521,A0412574,Q0412574,C082514,"Customer C082514 can be approved for onboarding. The customer satisfies KYC requirements, has sufficient verified documentation, and does not require enhanced review.","Customer C082514 can be approved for onboarding. The customer satisfies KYC requirements, has sufficient verified documentation, and does not require enhanced review. The customer has a Low AML Risk classification.",Wrong Risk Score,Critical,Yes
H0045638,A0401958,Q0401958,C080391,Customer C080391 should be escalated for manual review due to elevated risk indicators requiring additional investigation.,Customer C080391 is approved immediately.,Contradiction,High,Yes
H0045943,A0438836,Q0438836,C087767,"Customer C087767 can be approved for onboarding. The customer satisfies KYC requirements, has sufficient verified documentation, and does not require enhanced review.","Customer C087767 can be approved for onboarding. The customer satisfies KYC requirements, has sufficient verified documentation, and does not require enhanced review. As per AML Regulation Section 99.7, onboarding must be delayed for 90 days.",Fabricated Regulation,Medium,Yes
H0045949,A0169558,Q0169558,C033911,Customer C033911 should be escalated for manual review due to elevated risk indicators requiring additional investigation.,Customer C033911 is approved immediately.,Contradiction,Critical,Yes
H0046152,A0009979,Q0009979,C001995,Customer C001995 must be rejected because the customer appears on a sanctions list and violates AML onboarding requirements.,Customer C001995 requires additional review.,Missing Evidence,Medium,Yes
H0046249,A0241043,Q0241043,C048208,"Customer C048208 can be approved for onboarding. The customer satisfies KYC requirements, has sufficient verified documentation, and does not require enhanced review.","Customer C048208 can be approved for onboarding. The customer satisfies KYC requirements, has sufficient verified documentation, and does not require enhanced review. As per AML Regulation Section 99.7, onboarding must be delayed for 90 days.",Fabricated Regulation,Critical,Yes
H0046377,A0196585,Q0196585,C039316,"Customer C039316 can be approved for onboarding. The customer satisfies KYC requirements, has sufficient verified documentation, and does not require enhanced review.","Customer C039316 can be approved for onboarding. The customer satisfies KYC requirements, has sufficient verified documentation, and does not require enhanced review. The customer has a Low AML Risk classification.",Wrong Risk Score,Medium,Yes
H0046526,A0204294,Q0204294,C040858,"Customer C040858 can be approved for onboarding. The customer satisfies KYC requirements, has sufficient verified documentation, and does not require enhanced review.","Customer C040858 can be approved for onboarding. The customer satisfies KYC requirements, has sufficient verified documentation, and does not require enhanced review. As per AML Regulation Section 99.7, onboarding must be delayed for 90 days.",Fabricated Regulation,Low,Yes
H0046573,A0338518,Q0338518,C067703,"Customer C067703 can be approved for onboarding. The customer satisfies KYC requirements, has sufficient verified documentation, and does not require enhanced review.","Customer C067703 can be approved for onboarding. The customer satisfies KYC requirements, has sufficient verified documentation, and does not require enhanced review. As per AML Regulation Section 99.7, onboarding must be delayed for 90 days.",Fabricated Regulation,High,Yes
H0046616,A0166030,Q0166030,C033205,"Customer C033205 can be approved for onboarding. The customer satisfies KYC requirements, has sufficient verified documentation, and does not require enhanced review.",Customer C033205 requires additional review.,Missing Evidence,Medium,Yes
H0046707,A0143766,Q0143766,C028753,"Customer C028753 can be approved for onboarding. The customer satisfies KYC requirements, has sufficient verified documentation, and does not require enhanced review.",Customer C028753 requires additional review.,Missing Evidence,Critical,Yes
H0046722,A0117423,Q0117423,C023484,"Customer C023484 can be approved for onboarding. The customer satisfies KYC requirements, has sufficient verified documentation, and does not require enhanced review.",Customer C023484 requires additional review.,Missing Evidence,Critical,Yes
H0046811,A0131464,Q0131464,C026292,Customer C026292 must be rejected because the customer appears on a sanctions list and violates AML onboarding requirements.,Customer C026292 requires additional review.,Missing Evidence,Medium,Yes
H0046939,A0163206,Q0163206,C032641,"Customer C032641 can be approved for onboarding. The customer satisfies KYC requirements, has sufficient verified documentation, and does not require enhanced review.","Customer C032641 can be approved for onboarding. The customer satisfies KYC requirements, has sufficient verified documentation, and does not require enhanced review. As per AML Regulation Section 99.7, onboarding must be delayed for 90 days.",Fabricated Regulation,Medium,Yes
H0047063,A0058007,Q0058007,C011601,"Customer C011601 can be approved for onboarding. The customer satisfies KYC requirements, has sufficient verified documentation, and does not require enhanced review.",Customer C011601 must be rejected due to AML concerns.,Contradiction,High,Yes
H0047157,A0347215,Q0347215,C069442,Customer C069442 should be escalated for manual review due to elevated risk indicators requiring additional investigation.,Customer C069442 requires additional review.,Missing Evidence,High,Yes
H0047181,A0383035,Q0383035,C076606,"Customer C076606 can be approved for onboarding. The customer satisfies KYC requirements, has sufficient verified documentation, and does not require enhanced review.","Customer C076606 can be approved for onboarding. The customer satisfies KYC requirements, has sufficient verified documentation, and does not require enhanced review. The customer has a Low AML Risk classification.",Wrong Risk Score,Medium,Yes
H0047363,A0081579,Q0081579,C016315,Customer C016315 must be rejected because the customer appears on a sanctions list and violates AML onboarding requirements.,Customer C016315 must be rejected because the customer appears on a sanctions list and violates AML onboarding requirements. The customer has a Low AML Risk classification.,Wrong Risk Score,Low,Yes
H0047381,A0018396,Q0018396,C003679,Customer C003679 requires Enhanced Due Diligence because the customer is classified as a Politically Exposed Person (PEP) or presents elevated AML risk.,Customer C003679 requires additional review.,Missing Evidence,Low,Yes
H0047500,A0480684,Q0480684,C096136,Customer C096136 requires Enhanced Due Diligence because the customer is classified as a Politically Exposed Person (PEP) or presents elevated AML risk.,Customer C096136 requires Enhanced Due Diligence because the customer is classified as a Politically Exposed Person (PEP) or presents elevated AML risk. The customer was previously investigated for international money laundering activities.,Unsupported Claim,Low,Yes
H0047611,A0413818,Q0413818,C082763,Customer C082763 has insufficient verified documentation. Additional documents are required before onboarding can proceed.,Customer C082763 is approved immediately.,Contradiction,Critical,Yes
H0047810,A0098786,Q0098786,C019757,"Customer C019757 can be approved for onboarding. The customer satisfies KYC requirements, has sufficient verified documentation, and does not require enhanced review.",Customer C019757 must be rejected due to AML concerns.,Contradiction,Critical,Yes
H0047865,A0489703,Q0489703,C097940,"Customer C097940 can be approved for onboarding. The customer satisfies KYC requirements, has sufficient verified documentation, and does not require enhanced review.","Customer C097940 can be approved for onboarding. The customer satisfies KYC requirements, has sufficient verified documentation, and does not require enhanced review. The customer was previously investigated for international money laundering activities.",Unsupported Claim,High,Yes
H0047870,A0465745,Q0465745,C093148,"Customer C093148 can be approved for onboarding. The customer satisfies KYC requirements, has sufficient verified documentation, and does not require enhanced review.","Customer C093148 can be approved for onboarding. The customer satisfies KYC requirements, has sufficient verified documentation, and does not require enhanced review. As per AML Regulation Section 99.7, onboarding must be delayed for 90 days.",Fabricated Regulation,High,Yes
H0047890,A0261282,Q0261282,C052256,"Customer C052256 can be approved for onboarding. The customer satisfies KYC requirements, has sufficient verified documentation, and does not require enhanced review.","Customer C052256 can be approved for onboarding. The customer satisfies KYC requirements, has sufficient verified documentation, and does not require enhanced review. The customer has a Low AML Risk classification.",Wrong Risk Score,Low,Yes
H0048038,A0479425,Q0479425,C095884,"Customer C095884 can be approved for onboarding. The customer satisfies KYC requirements, has sufficient verified documentation, and does not require enhanced review.",Customer C095884 requires additional review.,Missing Evidence,Medium,Yes
H0048054,A0438910,Q0438910,C087781,"Customer C087781 can be approved for onboarding. The customer satisfies KYC requirements, has sufficient verified documentation, and does not require enhanced review.","Customer C087781 can be approved for onboarding. The customer satisfies KYC requirements, has sufficient verified documentation, and does not require enhanced review. The customer was previously investigated for international money laundering activities.",Unsupported Claim,Medium,Yes
H0048207,A0097026,Q0097026,C019405,Customer C019405 must be rejected because the customer appears on a sanctions list and violates AML onboarding requirements.,Customer C019405 requires additional review.,Missing Evidence,High,Yes
H0048453,A0199477,Q0199477,C039895,"Customer C039895 can be approved for onboarding. The customer satisfies KYC requirements, has sufficient verified documentation, and does not require enhanced review.","Customer C039895 can be approved for onboarding. The customer satisfies KYC requirements, has sufficient verified documentation, and does not require enhanced review. The customer has a Low AML Risk classification.",Wrong Risk Score,High,Yes
H0048530,A0304728,Q0304728,C060945,"Customer C060945 can be approved for onboarding. The customer satisfies KYC requirements, has sufficient verified documentation, and does not require enhanced review.",Customer C060945 requires additional review.,Missing Evidence,Critical,Yes
H0048730,A0452752,Q0452752,C090550,"Customer C090550 can be approved for onboarding. The customer satisfies KYC requirements, has sufficient verified documentation, and does not require enhanced review.","Customer C090550 can be approved for onboarding. The customer satisfies KYC requirements, has sufficient verified documentation, and does not require enhanced review. The customer was previously investigated for international money laundering activities.",Unsupported Claim,Low,Yes
H0048741,A0109914,Q0109914,C021982,Customer C021982 requires Enhanced Due Diligence because the customer is classified as a Politically Exposed Person (PEP) or presents elevated AML risk.,Customer C021982 requires additional review.,Missing Evidence,Low,Yes
H0048748,A0244881,Q0244881,C048976,"Customer C048976 can be approved for onboarding. The customer satisfies KYC requirements, has sufficient verified documentation, and does not require enhanced review.",Customer C048976 must be rejected due to AML concerns.,Contradiction,Low,Yes
H0048770,A0294851,Q0294851,C058970,"Customer C058970 can be approved for onboarding. The customer satisfies KYC requirements, has sufficient verified documentation, and does not require enhanced review.",Customer C058970 must be rejected due to AML concerns.,Contradiction,Low,Yes
H0048797,A0013393,Q0013393,C002678,"Customer C002678 can be approved for onboarding. The customer satisfies KYC requirements, has sufficient verified documentation, and does not require enhanced review.","Customer C002678 can be approved for onboarding. The customer satisfies KYC requirements, has sufficient verified documentation, and does not require enhanced review. The customer was previously investigated for international money laundering activities.",Unsupported Claim,Medium,Yes
H0048808,A0013263,Q0013263,C002652,Customer C002652 must be rejected because the customer appears on a sanctions list and violates AML onboarding requirements.,"Customer C002652 must be rejected because the customer appears on a sanctions list and violates AML onboarding requirements. As per AML Regulation Section 99.7, onboarding must be delayed for 90 days.",Fabricated Regulation,Medium,Yes
H0049071,A0040477,Q0040477,C008095,"Customer C008095 can be approved for onboarding. The customer satisfies KYC requirements, has sufficient verified documentation, and does not require enhanced review.",Customer C008095 must be rejected due to AML concerns.,Contradiction,High,Yes
H0049091,A0278930,Q0278930,C055785,"Customer C055785 can be approved for onboarding. The customer satisfies KYC requirements, has sufficient verified documentation, and does not require enhanced review.",Customer C055785 requires additional review.,Missing Evidence,High,Yes
H0049244,A0255777,Q0255777,C051155,"Customer C051155 can be approved for onboarding. The customer satisfies KYC requirements, has sufficient verified documentation, and does not require enhanced review.","Customer C051155 can be approved for onboarding. The customer satisfies KYC requirements, has sufficient verified documentation, and does not require enhanced review. The customer was previously investigated for international money laundering activities.",Unsupported Claim,Critical,Yes
H0049263,A0294062,Q0294062,C058812,Customer C058812 should be escalated for manual review due to elevated risk indicators requiring additional investigation.,Customer C058812 requires additional review.,Missing Evidence,Medium,Yes
H0049320,A0467130,Q0467130,C093425,Customer C093425 requires Enhanced Due Diligence because the customer is classified as a Politically Exposed Person (PEP) or presents elevated AML risk.,"Customer C093425 requires Enhanced Due Diligence because the customer is classified as a Politically Exposed Person (PEP) or presents elevated AML risk. As per AML Regulation Section 99.7, onboarding must be delayed for 90 days.",Fabricated Regulation,Medium,Yes
H0049393,A0182676,Q0182676,C036535,Customer C036535 requires Enhanced Due Diligence because the customer is classified as a Politically Exposed Person (PEP) or presents elevated AML risk.,Customer C036535 requires Enhanced Due Diligence because the customer is classified as a Politically Exposed Person (PEP) or presents elevated AML risk. The customer has a Low AML Risk classification.,Wrong Risk Score,Low,Yes
H0049571,A0042673,Q0042673,C008534,"Customer C008534 can be approved for onboarding. The customer satisfies KYC requirements, has sufficient verified documentation, and does not require enhanced review.",Customer C008534 requires additional review.,Missing Evidence,High,Yes
H0049627,A0433280,Q0433280,C086655,"Customer C086655 can be approved for onboarding. The customer satisfies KYC requirements, has sufficient verified documentation, and does not require enhanced review.",Customer C086655 must be rejected due to AML concerns.,Contradiction,High,Yes
H0049768,A0071017,Q0071017,C014203,Customer C014203 must be rejected because the customer appears on a sanctions list and violates AML onboarding requirements.,Customer C014203 requires additional review.,Missing Evidence,High,Yes
H0049927,A0216066,Q0216066,C043213,"Customer C043213 can be approved for onboarding. The customer satisfies KYC requirements, has sufficient verified documentation, and does not require enhanced review.","Customer C043213 can be approved for onboarding. The customer satisfies KYC requirements, has sufficient verified documentation, and does not require enhanced review. As per AML Regulation Section 99.7, onboarding must be delayed for 90 days.",Fabricated Regulation,High,Yes
H0050022,A0099991,Q0099991,C019998,"Customer C019998 can be approved for onboarding. The customer satisfies KYC requirements, has sufficient verified documentation, and does not require enhanced review.",Customer C019998 requires additional review.,Missing Evidence,Critical,Yes
H0050045,A0178399,Q0178399,C035679,"Customer C035679 can be approved for onboarding. The customer satisfies KYC requirements, has sufficient verified documentation, and does not require enhanced review.",Customer C035679 requires additional review.,Missing Evidence,High,Yes
H0050142,A0343219,Q0343219,C068643,"Customer C068643 can be approved for onboarding. The customer satisfies KYC requirements, has sufficient verified documentation, and does not require enhanced review.","Customer C068643 can be approved for onboarding. The customer satisfies KYC requirements, has sufficient verified documentation, and does not require enhanced review. The customer has a Low AML Risk classification.",Wrong Risk Score,Medium,Yes
H0050255,A0103304,Q0103304,C020660,"Customer C020660 can be approved for onboarding. The customer satisfies KYC requirements, has sufficient verified documentation, and does not require enhanced review.",Customer C020660 requires additional review.,Missing Evidence,Critical,Yes
H0050286,A0149772,Q0149772,C029954,Customer C029954 should be escalated for manual review due to elevated risk indicators requiring additional investigation.,Customer C029954 requires additional review.,Missing Evidence,Low,Yes
H0050296,A0097594,Q0097594,C019518,"Customer C019518 can be approved for onboarding. The customer satisfies KYC requirements, has sufficient verified documentation, and does not require enhanced review.",Customer C019518 must be rejected due to AML concerns.,Contradiction,Low,Yes
H0050303,A0096460,Q0096460,C019291,Customer C019291 requires Enhanced Due Diligence because the customer is classified as a Politically Exposed Person (PEP) or presents elevated AML risk.,Customer C019291 requires no enhanced review.,Contradiction,Critical,Yes
H0050358,A0180440,Q0180440,C036087,Customer C036087 should be escalated for manual review due to elevated risk indicators requiring additional investigation.,Customer C036087 should be escalated for manual review due to elevated risk indicators requiring additional investigation. The customer has a Low AML Risk classification.,Wrong Risk Score,Low,Yes
H0050391,A0051488,Q0051488,C010297,Customer C010297 requires Enhanced Due Diligence because the customer is classified as a Politically Exposed Person (PEP) or presents elevated AML risk.,Customer C010297 requires Enhanced Due Diligence because the customer is classified as a Politically Exposed Person (PEP) or presents elevated AML risk. The customer has a Low AML Risk classification.,Wrong Risk Score,Critical,Yes
H0050486,A0315276,Q0315276,C063055,"Customer C063055 can be approved for onboarding. The customer satisfies KYC requirements, has sufficient verified documentation, and does not require enhanced review.","Customer C063055 can be approved for onboarding. The customer satisfies KYC requirements, has sufficient verified documentation, and does not require enhanced review. As per AML Regulation Section 99.7, onboarding must be delayed for 90 days.",Fabricated Regulation,Medium,Yes
H0050570,A0342663,Q0342663,C068532,"Customer C068532 can be approved for onboarding. The customer satisfies KYC requirements, has sufficient verified documentation, and does not require enhanced review.",Customer C068532 requires additional review.,Missing Evidence,Low,Yes
H0050588,A0453222,Q0453222,C090644,Customer C090644 requires Enhanced Due Diligence because the customer is classified as a Politically Exposed Person (PEP) or presents elevated AML risk.,Customer C090644 requires Enhanced Due Diligence because the customer is classified as a Politically Exposed Person (PEP) or presents elevated AML risk. The customer was previously investigated for international money laundering activities.,Unsupported Claim,Low,Yes
H0050614,A0104024,Q0104024,C020804,"Customer C020804 can be approved for onboarding. The customer satisfies KYC requirements, has sufficient verified documentation, and does not require enhanced review.","Customer C020804 can be approved for onboarding. The customer satisfies KYC requirements, has sufficient verified documentation, and does not require enhanced review. The customer has a Low AML Risk classification.",Wrong Risk Score,Medium,Yes
H0050698,A0460963,Q0460963,C092192,"Customer C092192 can be approved for onboarding. The customer satisfies KYC requirements, has sufficient verified documentation, and does not require enhanced review.","Customer C092192 can be approved for onboarding. The customer satisfies KYC requirements, has sufficient verified documentation, and does not require enhanced review. The customer was previously investigated for international money laundering activities.",Unsupported Claim,Medium,Yes
H0050750,A0182444,Q0182444,C036488,"Customer C036488 can be approved for onboarding. The customer satisfies KYC requirements, has sufficient verified documentation, and does not require enhanced review.",Customer C036488 must be rejected due to AML concerns.,Contradiction,Low,Yes
H0050928,A0360990,Q0360990,C072197,"Customer C072197 can be approved for onboarding. The customer satisfies KYC requirements, has sufficient verified documentation, and does not require enhanced review.",Customer C072197 must be rejected due to AML concerns.,Contradiction,Critical,Yes
H0050997,A0098251,Q0098251,C019650,Customer C019650 requires Enhanced Due Diligence because the customer is classified as a Politically Exposed Person (PEP) or presents elevated AML risk.,Customer C019650 requires additional review.,Missing Evidence,Medium,Yes
H0051063,A0119602,Q0119602,C023920,"Customer C023920 can be approved for onboarding. The customer satisfies KYC requirements, has sufficient verified documentation, and does not require enhanced review.",Customer C023920 requires additional review.,Missing Evidence,Medium,Yes
H0051133,A0045895,Q0045895,C009178,Customer C009178 has insufficient verified documentation. Additional documents are required before onboarding can proceed.,Customer C009178 has insufficient verified documentation. Additional documents are required before onboarding can proceed. The customer was previously investigated for international money laundering activities.,Unsupported Claim,Low,Yes
H0051224,A0211299,Q0211299,C042259,Customer C042259 requires Enhanced Due Diligence because the customer is classified as a Politically Exposed Person (PEP) or presents elevated AML risk.,Customer C042259 requires Enhanced Due Diligence because the customer is classified as a Politically Exposed Person (PEP) or presents elevated AML risk. The customer was previously investigated for international money laundering activities.,Unsupported Claim,High,Yes
H0051377,A0391534,Q0391534,C078306,"Customer C078306 can be approved for onboarding. The customer satisfies KYC requirements, has sufficient verified documentation, and does not require enhanced review.","Customer C078306 can be approved for onboarding. The customer satisfies KYC requirements, has sufficient verified documentation, and does not require enhanced review. The customer has a Low AML Risk classification.",Wrong Risk Score,Medium,Yes
H0051792,A0384115,Q0384115,C076822,"Customer C076822 can be approved for onboarding. The customer satisfies KYC requirements, has sufficient verified documentation, and does not require enhanced review.","Customer C076822 can be approved for onboarding. The customer satisfies KYC requirements, has sufficient verified documentation, and does not require enhanced review. The customer was previously investigated for international money laundering activities.",Unsupported Claim,Medium,Yes
H0051834,A0031704,Q0031704,C006340,Customer C006340 requires Enhanced Due Diligence because the customer is classified as a Politically Exposed Person (PEP) or presents elevated AML risk.,Customer C006340 requires no enhanced review.,Contradiction,Low,Yes
H0051859,A0063424,Q0063424,C012684,"Customer C012684 can be approved for onboarding. The customer satisfies KYC requirements, has sufficient verified documentation, and does not require enhanced review.","Customer C012684 can be approved for onboarding. The customer satisfies KYC requirements, has sufficient verified documentation, and does not require enhanced review. The customer has a Low AML Risk classification.",Wrong Risk Score,High,Yes
H0051906,A0278608,Q0278608,C055721,Customer C055721 requires Enhanced Due Diligence because the customer is classified as a Politically Exposed Person (PEP) or presents elevated AML risk.,Customer C055721 requires Enhanced Due Diligence because the customer is classified as a Politically Exposed Person (PEP) or presents elevated AML risk. The customer was previously investigated for international money laundering activities.,Unsupported Claim,High,Yes
H0051931,A0004524,Q0004524,C000904,"Customer C000904 can be approved for onboarding. The customer satisfies KYC requirements, has sufficient verified documentation, and does not require enhanced review.","Customer C000904 can be approved for onboarding. The customer satisfies KYC requirements, has sufficient verified documentation, and does not require enhanced review. As per AML Regulation Section 99.7, onboarding must be delayed for 90 days.",Fabricated Regulation,Medium,Yes
H0052030,A0040305,Q0040305,C008060,"Customer C008060 can be approved for onboarding. The customer satisfies KYC requirements, has sufficient verified documentation, and does not require enhanced review.","Customer C008060 can be approved for onboarding. The customer satisfies KYC requirements, has sufficient verified documentation, and does not require enhanced review. As per AML Regulation Section 99.7, onboarding must be delayed for 90 days.",Fabricated Regulation,Critical,Yes
H0052109,A0157696,Q0157696,C031539,"Customer C031539 can be approved for onboarding. The customer satisfies KYC requirements, has sufficient verified documentation, and does not require enhanced review.","Customer C031539 can be approved for onboarding. The customer satisfies KYC requirements, has sufficient verified documentation, and does not require enhanced review. As per AML Regulation Section 99.7, onboarding must be delayed for 90 days.",Fabricated Regulation,High,Yes
H0052338,A0089158,Q0089158,C017831,"Customer C017831 can be approved for onboarding. The customer satisfies KYC requirements, has sufficient verified documentation, and does not require enhanced review.",Customer C017831 requires additional review.,Missing Evidence,High,Yes
H0052388,A0379955,Q0379955,C075990,"Customer C075990 can be approved for onboarding. The customer satisfies KYC requirements, has sufficient verified documentation, and does not require enhanced review.","Customer C075990 can be approved for onboarding. The customer satisfies KYC requirements, has sufficient verified documentation, and does not require enhanced review. The customer was previously investigated for international money laundering activities.",Unsupported Claim,Low,Yes
H0052440,A0156730,Q0156730,C031345,"Customer C031345 can be approved for onboarding. The customer satisfies KYC requirements, has sufficient verified documentation, and does not require enhanced review.",Customer C031345 must be rejected due to AML concerns.,Contradiction,Medium,Yes
H0052543,A0379785,Q0379785,C075956,"Customer C075956 can be approved for onboarding. The customer satisfies KYC requirements, has sufficient verified documentation, and does not require enhanced review.","Customer C075956 can be approved for onboarding. The customer satisfies KYC requirements, has sufficient verified documentation, and does not require enhanced review. As per AML Regulation Section 99.7, onboarding must be delayed for 90 days.",Fabricated Regulation,High,Yes
H0052617,A0258787,Q0258787,C051757,Customer C051757 requires Enhanced Due Diligence because the customer is classified as a Politically Exposed Person (PEP) or presents elevated AML risk.,Customer C051757 requires Enhanced Due Diligence because the customer is classified as a Politically Exposed Person (PEP) or presents elevated AML risk. The customer has a Low AML Risk classification.,Wrong Risk Score,High,Yes
H0052747,A0142482,Q0142482,C028496,"Customer C028496 can be approved for onboarding. The customer satisfies KYC requirements, has sufficient verified documentation, and does not require enhanced review.","Customer C028496 can be approved for onboarding. The customer satisfies KYC requirements, has sufficient verified documentation, and does not require enhanced review. As per AML Regulation Section 99.7, onboarding must be delayed for 90 days.",Fabricated Regulation,Critical,Yes
H0052758,A0054684,Q0054684,C010936,Customer C010936 requires Enhanced Due Diligence because the customer is classified as a Politically Exposed Person (PEP) or presents elevated AML risk.,Customer C010936 requires additional review.,Missing Evidence,High,Yes
H0052856,A0091696,Q0091696,C018339,Customer C018339 requires Enhanced Due Diligence because the customer is classified as a Politically Exposed Person (PEP) or presents elevated AML risk.,Customer C018339 requires Enhanced Due Diligence because the customer is classified as a Politically Exposed Person (PEP) or presents elevated AML risk. The customer has a Low AML Risk classification.,Wrong Risk Score,Low,Yes
H0052900,A0328476,Q0328476,C065695,"Customer C065695 can be approved for onboarding. The customer satisfies KYC requirements, has sufficient verified documentation, and does not require enhanced review.","Customer C065695 can be approved for onboarding. The customer satisfies KYC requirements, has sufficient verified documentation, and does not require enhanced review. The customer has a Low AML Risk classification.",Wrong Risk Score,Critical,Yes
H0052906,A0139165,Q0139165,C027832,"Customer C027832 can be approved for onboarding. The customer satisfies KYC requirements, has sufficient verified documentation, and does not require enhanced review.","Customer C027832 can be approved for onboarding. The customer satisfies KYC requirements, has sufficient verified documentation, and does not require enhanced review. The customer was previously investigated for international money laundering activities.",Unsupported Claim,Medium,Yes
H0052941,A0416672,Q0416672,C083334,Customer C083334 requires Enhanced Due Diligence because the customer is classified as a Politically Exposed Person (PEP) or presents elevated AML risk.,Customer C083334 requires Enhanced Due Diligence because the customer is classified as a Politically Exposed Person (PEP) or presents elevated AML risk. The customer has a Low AML Risk classification.,Wrong Risk Score,Low,Yes
H0052980,A0366182,Q0366182,C073236,"Customer C073236 can be approved for onboarding. The customer satisfies KYC requirements, has sufficient verified documentation, and does not require enhanced review.",Customer C073236 requires additional review.,Missing Evidence,Critical,Yes
H0053153,A0307933,Q0307933,C061586,"Customer C061586 can be approved for onboarding. The customer satisfies KYC requirements, has sufficient verified documentation, and does not require enhanced review.","Customer C061586 can be approved for onboarding. The customer satisfies KYC requirements, has sufficient verified documentation, and does not require enhanced review. The customer has a Low AML Risk classification.",Wrong Risk Score,Low,Yes
H0053181,A0490632,Q0490632,C098126,Customer C098126 requires Enhanced Due Diligence because the customer is classified as a Politically Exposed Person (PEP) or presents elevated AML risk.,Customer C098126 requires no enhanced review.,Contradiction,Low,Yes
H0053270,A0414650,Q0414650,C082929,"Customer C082929 can be approved for onboarding. The customer satisfies KYC requirements, has sufficient verified documentation, and does not require enhanced review.",Customer C082929 requires additional review.,Missing Evidence,Critical,Yes
H0053491,A0227272,Q0227272,C045454,"Customer C045454 can be approved for onboarding. The customer satisfies KYC requirements, has sufficient verified documentation, and does not require enhanced review.","Customer C045454 can be approved for onboarding. The customer satisfies KYC requirements, has sufficient verified documentation, and does not require enhanced review. The customer has a Low AML Risk classification.",Wrong Risk Score,Low,Yes
H0053554,A0038841,Q0038841,C007768,"Customer C007768 can be approved for onboarding. The customer satisfies KYC requirements, has sufficient verified documentation, and does not require enhanced review.","Customer C007768 can be approved for onboarding. The customer satisfies KYC requirements, has sufficient verified documentation, and does not require enhanced review. As per AML Regulation Section 99.7, onboarding must be delayed for 90 days.",Fabricated Regulation,High,Yes
H0054006,A0208064,Q0208064,C041612,Customer C041612 requires Enhanced Due Diligence because the customer is classified as a Politically Exposed Person (PEP) or presents elevated AML risk.,Customer C041612 requires Enhanced Due Diligence because the customer is classified as a Politically Exposed Person (PEP) or presents elevated AML risk. The customer was previously investigated for international money laundering activities.,Unsupported Claim,Medium,Yes
H0054027,A0341760,Q0341760,C068351,"Customer C068351 can be approved for onboarding. The customer satisfies KYC requirements, has sufficient verified documentation, and does not require enhanced review.",Customer C068351 must be rejected due to AML concerns.,Contradiction,Low,Yes
H0054050,A0437981,Q0437981,C087596,Customer C087596 should be escalated for manual review due to elevated risk indicators requiring additional investigation.,Customer C087596 requires additional review.,Missing Evidence,High,Yes
H0054066,A0071459,Q0071459,C014291,Customer C014291 should be escalated for manual review due to elevated risk indicators requiring additional investigation.,"Customer C014291 should be escalated for manual review due to elevated risk indicators requiring additional investigation. As per AML Regulation Section 99.7, onboarding must be delayed for 90 days.",Fabricated Regulation,Critical,Yes
H0054224,A0417731,Q0417731,C083546,"Customer C083546 can be approved for onboarding. The customer satisfies KYC requirements, has sufficient verified documentation, and does not require enhanced review.",Customer C083546 requires additional review.,Missing Evidence,Low,Yes
H0054350,A0149275,Q0149275,C029854,"Customer C029854 can be approved for onboarding. The customer satisfies KYC requirements, has sufficient verified documentation, and does not require enhanced review.","Customer C029854 can be approved for onboarding. The customer satisfies KYC requirements, has sufficient verified documentation, and does not require enhanced review. The customer has a Low AML Risk classification.",Wrong Risk Score,Low,Yes
H0054351,A0468360,Q0468360,C093671,Customer C093671 must be rejected because the customer appears on a sanctions list and violates AML onboarding requirements.,Customer C093671 must be rejected because the customer appears on a sanctions list and violates AML onboarding requirements. The customer was previously investigated for international money laundering activities.,Unsupported Claim,Low,Yes
H0054534,A0444664,Q0444664,C088932,Customer C088932 requires Enhanced Due Diligence because the customer is classified as a Politically Exposed Person (PEP) or presents elevated AML risk.,"Customer C088932 requires Enhanced Due Diligence because the customer is classified as a Politically Exposed Person (PEP) or presents elevated AML risk. As per AML Regulation Section 99.7, onboarding must be delayed for 90 days.",Fabricated Regulation,Low,Yes
H0054570,A0002326,Q0002326,C000465,"Customer C000465 can be approved for onboarding. The customer satisfies KYC requirements, has sufficient verified documentation, and does not require enhanced review.",Customer C000465 requires additional review.,Missing Evidence,Critical,Yes
H0054667,A0331477,Q0331477,C066295,"Customer C066295 can be approved for onboarding. The customer satisfies KYC requirements, has sufficient verified documentation, and does not require enhanced review.","Customer C066295 can be approved for onboarding. The customer satisfies KYC requirements, has sufficient verified documentation, and does not require enhanced review. The customer has a Low AML Risk classification.",Wrong Risk Score,Low,Yes
H0054758,A0239202,Q0239202,C047840,Customer C047840 requires Enhanced Due Diligence because the customer is classified as a Politically Exposed Person (PEP) or presents elevated AML risk.,Customer C047840 requires Enhanced Due Diligence because the customer is classified as a Politically Exposed Person (PEP) or presents elevated AML risk. The customer has a Low AML Risk classification.,Wrong Risk Score,Medium,Yes
H0054810,A0412254,Q0412254,C082450,"Customer C082450 can be approved for onboarding. The customer satisfies KYC requirements, has sufficient verified documentation, and does not require enhanced review.",Customer C082450 requires additional review.,Missing Evidence,High,Yes
H0054940,A0106982,Q0106982,C021396,Customer C021396 requires Enhanced Due Diligence because the customer is classified as a Politically Exposed Person (PEP) or presents elevated AML risk.,"Customer C021396 requires Enhanced Due Diligence because the customer is classified as a Politically Exposed Person (PEP) or presents elevated AML risk. As per AML Regulation Section 99.7, onboarding must be delayed for 90 days.",Fabricated Regulation,Low,Yes
H0055134,A0011377,Q0011377,C002275,"Customer C002275 can be approved for onboarding. The customer satisfies KYC requirements, has sufficient verified documentation, and does not require enhanced review.",Customer C002275 requires additional review.,Missing Evidence,Low,Yes
H0055194,A0104773,Q0104773,C020954,Customer C020954 must be rejected because the customer appears on a sanctions list and violates AML onboarding requirements.,Customer C020954 must be rejected because the customer appears on a sanctions list and violates AML onboarding requirements. The customer was previously investigated for international money laundering activities.,Unsupported Claim,High,Yes
H0055270,A0422015,Q0422015,C084402,"Customer C084402 can be approved for onboarding. The customer satisfies KYC requirements, has sufficient verified documentation, and does not require enhanced review.",Customer C084402 must be rejected due to AML concerns.,Contradiction,Critical,Yes
H0055320,A0300831,Q0300831,C060166,Customer C060166 must be rejected because the customer appears on a sanctions list and violates AML onboarding requirements.,"Customer C060166 must be rejected because the customer appears on a sanctions list and violates AML onboarding requirements. As per AML Regulation Section 99.7, onboarding must be delayed for 90 days.",Fabricated Regulation,High,Yes
H0055536,A0288806,Q0288806,C057761,"Customer C057761 can be approved for onboarding. The customer satisfies KYC requirements, has sufficient verified documentation, and does not require enhanced review.",Customer C057761 must be rejected due to AML concerns.,Contradiction,Medium,Yes
H0055694,A0049841,Q0049841,C009968,Customer C009968 must be rejected because the customer appears on a sanctions list and violates AML onboarding requirements.,Customer C009968 must be rejected because the customer appears on a sanctions list and violates AML onboarding requirements. The customer has a Low AML Risk classification.,Wrong Risk Score,Low,Yes
H0055932,A0186946,Q0186946,C037389,Customer C037389 requires Enhanced Due Diligence because the customer is classified as a Politically Exposed Person (PEP) or presents elevated AML risk.,Customer C037389 requires no enhanced review.,Contradiction,Medium,Yes
H0056034,A0091149,Q0091149,C018229,Customer C018229 should be escalated for manual review due to elevated risk indicators requiring additional investigation.,Customer C018229 is approved immediately.,Contradiction,Medium,Yes
H0056071,A0150959,Q0150959,C030191,"Customer C030191 can be approved for onboarding. The customer satisfies KYC requirements, has sufficient verified documentation, and does not require enhanced review.","Customer C030191 can be approved for onboarding. The customer satisfies KYC requirements, has sufficient verified documentation, and does not require enhanced review. The customer was previously investigated for international money laundering activities.",Unsupported Claim,Low,Yes
H0056084,A0237291,Q0237291,C047458,"Customer C047458 can be approved for onboarding. The customer satisfies KYC requirements, has sufficient verified documentation, and does not require enhanced review.","Customer C047458 can be approved for onboarding. The customer satisfies KYC requirements, has sufficient verified documentation, and does not require enhanced review. The customer has a Low AML Risk classification.",Wrong Risk Score,Low,Yes
H0056212,A0050476,Q0050476,C010095,"Customer C010095 can be approved for onboarding. The customer satisfies KYC requirements, has sufficient verified documentation, and does not require enhanced review.","Customer C010095 can be approved for onboarding. The customer satisfies KYC requirements, has sufficient verified documentation, and does not require enhanced review. The customer has a Low AML Risk classification.",Wrong Risk Score,High,Yes
H0056217,A0135541,Q0135541,C027108,Customer C027108 must be rejected because the customer appears on a sanctions list and violates AML onboarding requirements.,Customer C027108 requires additional review.,Missing Evidence,High,Yes
H0056286,A0278062,Q0278062,C055612,Customer C055612 requires Enhanced Due Diligence because the customer is classified as a Politically Exposed Person (PEP) or presents elevated AML risk.,Customer C055612 requires Enhanced Due Diligence because the customer is classified as a Politically Exposed Person (PEP) or presents elevated AML risk. The customer was previously investigated for international money laundering activities.,Unsupported Claim,Low,Yes
H0056380,A0310371,Q0310371,C062074,"Customer C062074 can be approved for onboarding. The customer satisfies KYC requirements, has sufficient verified documentation, and does not require enhanced review.","Customer C062074 can be approved for onboarding. The customer satisfies KYC requirements, has sufficient verified documentation, and does not require enhanced review. As per AML Regulation Section 99.7, onboarding must be delayed for 90 days.",Fabricated Regulation,Critical,Yes
H0056401,A0299557,Q0299557,C059911,"Customer C059911 can be approved for onboarding. The customer satisfies KYC requirements, has sufficient verified documentation, and does not require enhanced review.","Customer C059911 can be approved for onboarding. The customer satisfies KYC requirements, has sufficient verified documentation, and does not require enhanced review. The customer was previously investigated for international money laundering activities.",Unsupported Claim,Critical,Yes
H0056669,A0125445,Q0125445,C025088,Customer C025088 requires Enhanced Due Diligence because the customer is classified as a Politically Exposed Person (PEP) or presents elevated AML risk.,Customer C025088 requires no enhanced review.,Contradiction,Medium,Yes
H0056690,A0140712,Q0140712,C028142,Customer C028142 must be rejected because the customer appears on a sanctions list and violates AML onboarding requirements.,"Customer C028142 must be rejected because the customer appears on a sanctions list and violates AML onboarding requirements. As per AML Regulation Section 99.7, onboarding must be delayed for 90 days.",Fabricated Regulation,Critical,Yes
H0056730,A0158604,Q0158604,C031720,"Customer C031720 can be approved for onboarding. The customer satisfies KYC requirements, has sufficient verified documentation, and does not require enhanced review.","Customer C031720 can be approved for onboarding. The customer satisfies KYC requirements, has sufficient verified documentation, and does not require enhanced review. The customer was previously investigated for international money laundering activities.",Unsupported Claim,High,Yes
H0056758,A0123299,Q0123299,C024659,Customer C024659 should be escalated for manual review due to elevated risk indicators requiring additional investigation.,Customer C024659 requires additional review.,Missing Evidence,Critical,Yes
H0056786,A0326523,Q0326523,C065304,"Customer C065304 can be approved for onboarding. The customer satisfies KYC requirements, has sufficient verified documentation, and does not require enhanced review.","Customer C065304 can be approved for onboarding. The customer satisfies KYC requirements, has sufficient verified documentation, and does not require enhanced review. The customer has a Low AML Risk classification.",Wrong Risk Score,Critical,Yes
H0057115,A0436376,Q0436376,C087275,"Customer C087275 can be approved for onboarding. The customer satisfies KYC requirements, has sufficient verified documentation, and does not require enhanced review.","Customer C087275 can be approved for onboarding. The customer satisfies KYC requirements, has sufficient verified documentation, and does not require enhanced review. The customer was previously investigated for international money laundering activities.",Unsupported Claim,Low,Yes
H0057234,A0223609,Q0223609,C044721,"Customer C044721 can be approved for onboarding. The customer satisfies KYC requirements, has sufficient verified documentation, and does not require enhanced review.",Customer C044721 requires additional review.,Missing Evidence,Critical,Yes
H0057268,A0432258,Q0432258,C086451,"Customer C086451 can be approved for onboarding. The customer satisfies KYC requirements, has sufficient verified documentation, and does not require enhanced review.",Customer C086451 must be rejected due to AML concerns.,Contradiction,Low,Yes
H0057394,A0329877,Q0329877,C065975,"Customer C065975 can be approved for onboarding. The customer satisfies KYC requirements, has sufficient verified documentation, and does not require enhanced review.",Customer C065975 must be rejected due to AML concerns.,Contradiction,High,Yes
H0057428,A0151830,Q0151830,C030365,"Customer C030365 can be approved for onboarding. The customer satisfies KYC requirements, has sufficient verified documentation, and does not require enhanced review.",Customer C030365 must be rejected due to AML concerns.,Contradiction,Low,Yes
H0057542,A0480246,Q0480246,C096049,"Customer C096049 can be approved for onboarding. The customer satisfies KYC requirements, has sufficient verified documentation, and does not require enhanced review.","Customer C096049 can be approved for onboarding. The customer satisfies KYC requirements, has sufficient verified documentation, and does not require enhanced review. The customer was previously investigated for international money laundering activities.",Unsupported Claim,Critical,Yes
H0057565,A0041342,Q0041342,C008268,"Customer C008268 can be approved for onboarding. The customer satisfies KYC requirements, has sufficient verified documentation, and does not require enhanced review.","Customer C008268 can be approved for onboarding. The customer satisfies KYC requirements, has sufficient verified documentation, and does not require enhanced review. The customer has a Low AML Risk classification.",Wrong Risk Score,Medium,Yes
H0057927,A0358024,Q0358024,C071604,"Customer C071604 can be approved for onboarding. The customer satisfies KYC requirements, has sufficient verified documentation, and does not require enhanced review.",Customer C071604 requires additional review.,Missing Evidence,Medium,Yes
H0058187,A0184599,Q0184599,C036919,"Customer C036919 can be approved for onboarding. The customer satisfies KYC requirements, has sufficient verified documentation, and does not require enhanced review.","Customer C036919 can be approved for onboarding. The customer satisfies KYC requirements, has sufficient verified documentation, and does not require enhanced review. The customer was previously investigated for international money laundering activities.",Unsupported Claim,Critical,Yes
H0058279,A0080033,Q0080033,C016006,"Customer C016006 can be approved for onboarding. The customer satisfies KYC requirements, has sufficient verified documentation, and does not require enhanced review.","Customer C016006 can be approved for onboarding. The customer satisfies KYC requirements, has sufficient verified documentation, and does not require enhanced review. As per AML Regulation Section 99.7, onboarding must be delayed for 90 days.",Fabricated Regulation,Critical,Yes
H0058374,A0156891,Q0156891,C031378,Customer C031378 should be escalated for manual review due to elevated risk indicators requiring additional investigation.,Customer C031378 should be escalated for manual review due to elevated risk indicators requiring additional investigation. The customer was previously investigated for international money laundering activities.,Unsupported Claim,Medium,Yes
H0058468,A0493385,Q0493385,C098676,Customer C098676 requires Enhanced Due Diligence because the customer is classified as a Politically Exposed Person (PEP) or presents elevated AML risk.,Customer C098676 requires Enhanced Due Diligence because the customer is classified as a Politically Exposed Person (PEP) or presents elevated AML risk. The customer has a Low AML Risk classification.,Wrong Risk Score,Medium,Yes
H0058525,A0074501,Q0074501,C014900,"Customer C014900 can be approved for onboarding. The customer satisfies KYC requirements, has sufficient verified documentation, and does not require enhanced review.","Customer C014900 can be approved for onboarding. The customer satisfies KYC requirements, has sufficient verified documentation, and does not require enhanced review. The customer has a Low AML Risk classification.",Wrong Risk Score,Medium,Yes
H0058534,A0458296,Q0458296,C091659,"Customer C091659 can be approved for onboarding. The customer satisfies KYC requirements, has sufficient verified documentation, and does not require enhanced review.",Customer C091659 requires additional review.,Missing Evidence,High,Yes
H0058749,A0183364,Q0183364,C036672,"Customer C036672 can be approved for onboarding. The customer satisfies KYC requirements, has sufficient verified documentation, and does not require enhanced review.",Customer C036672 requires additional review.,Missing Evidence,Low,Yes
H0058785,A0328856,Q0328856,C065771,"Customer C065771 can be approved for onboarding. The customer satisfies KYC requirements, has sufficient verified documentation, and does not require enhanced review.","Customer C065771 can be approved for onboarding. The customer satisfies KYC requirements, has sufficient verified documentation, and does not require enhanced review. The customer has a Low AML Risk classification.",Wrong Risk Score,Critical,Yes
H0058844,A0079116,Q0079116,C015823,Customer C015823 requires Enhanced Due Diligence because the customer is classified as a Politically Exposed Person (PEP) or presents elevated AML risk.,Customer C015823 requires no enhanced review.,Contradiction,Medium,Yes
H0058862,A0482068,Q0482068,C096413,Customer C096413 must be rejected because the customer appears on a sanctions list and violates AML onboarding requirements.,"Customer C096413 must be rejected because the customer appears on a sanctions list and violates AML onboarding requirements. As per AML Regulation Section 99.7, onboarding must be delayed for 90 days.",Fabricated Regulation,High,Yes
H0058905,A0068958,Q0068958,C013791,Customer C013791 requires Enhanced Due Diligence because the customer is classified as a Politically Exposed Person (PEP) or presents elevated AML risk.,Customer C013791 requires no enhanced review.,Contradiction,Low,Yes
H0059080,A0440726,Q0440726,C088145,"Customer C088145 can be approved for onboarding. The customer satisfies KYC requirements, has sufficient verified documentation, and does not require enhanced review.",Customer C088145 must be rejected due to AML concerns.,Contradiction,Low,Yes
H0059198,A0030660,Q0030660,C006131,"Customer C006131 can be approved for onboarding. The customer satisfies KYC requirements, has sufficient verified documentation, and does not require enhanced review.","Customer C006131 can be approved for onboarding. The customer satisfies KYC requirements, has sufficient verified documentation, and does not require enhanced review. The customer was previously investigated for international money laundering activities.",Unsupported Claim,Medium,Yes
H0059337,A0063927,Q0063927,C012785,Customer C012785 requires Enhanced Due Diligence because the customer is classified as a Politically Exposed Person (PEP) or presents elevated AML risk.,"Customer C012785 requires Enhanced Due Diligence because the customer is classified as a Politically Exposed Person (PEP) or presents elevated AML risk. As per AML Regulation Section 99.7, onboarding must be delayed for 90 days.",Fabricated Regulation,Medium,Yes
H0059599,A0132581,Q0132581,C026516,"Customer C026516 can be approved for onboarding. The customer satisfies KYC requirements, has sufficient verified documentation, and does not require enhanced review.",Customer C026516 must be rejected due to AML concerns.,Contradiction,Critical,Yes
H0059894,A0060227,Q0060227,C012045,Customer C012045 must be rejected because the customer appears on a sanctions list and violates AML onboarding requirements.,Customer C012045 requires additional review.,Missing Evidence,Low,Yes
H0059905,A0004779,Q0004779,C000955,"Customer C000955 can be approved for onboarding. The customer satisfies KYC requirements, has sufficient verified documentation, and does not require enhanced review.",Customer C000955 requires additional review.,Missing Evidence,Low,Yes
H0059918,A0228924,Q0228924,C045784,Customer C045784 requires Enhanced Due Diligence because the customer is classified as a Politically Exposed Person (PEP) or presents elevated AML risk.,Customer C045784 requires no enhanced review.,Contradiction,Low,Yes
H0059923,A0025188,Q0025188,C005037,"Customer C005037 can be approved for onboarding. The customer satisfies KYC requirements, has sufficient verified documentation, and does not require enhanced review.",Customer C005037 must be rejected due to AML concerns.,Contradiction,Medium,Yes
H0059933,A0269408,Q0269408,C053881,Customer C053881 must be rejected because the customer appears on a sanctions list and violates AML onboarding requirements.,Customer C053881 must be rejected because the customer appears on a sanctions list and violates AML onboarding requirements. The customer has a Low AML Risk classification.,Wrong Risk Score,Low,Yes
H0059970,A0192116,Q0192116,C038423,"Customer C038423 can be approved for onboarding. The customer satisfies KYC requirements, has sufficient verified documentation, and does not require enhanced review.",Customer C038423 requires additional review.,Missing Evidence,High,Yes
H0059995,A0169592,Q0169592,C033918,"Customer C033918 can be approved for onboarding. The customer satisfies KYC requirements, has sufficient verified documentation, and does not require enhanced review.","Customer C033918 can be approved for onboarding. The customer satisfies KYC requirements, has sufficient verified documentation, and does not require enhanced review. As per AML Regulation Section 99.7, onboarding must be delayed for 90 days.",Fabricated Regulation,High,Yes
H0060111,A0417991,Q0417991,C083598,Customer C083598 requires Enhanced Due Diligence because the customer is classified as a Politically Exposed Person (PEP) or presents elevated AML risk.,Customer C083598 requires additional review.,Missing Evidence,High,Yes
H0060210,A0342077,Q0342077,C068415,"Customer C068415 can be approved for onboarding. The customer satisfies KYC requirements, has sufficient verified documentation, and does not require enhanced review.","Customer C068415 can be approved for onboarding. The customer satisfies KYC requirements, has sufficient verified documentation, and does not require enhanced review. The customer was previously investigated for international money laundering activities.",Unsupported Claim,Critical,Yes
H0060239,A0389798,Q0389798,C077959,"Customer C077959 can be approved for onboarding. The customer satisfies KYC requirements, has sufficient verified documentation, and does not require enhanced review.",Customer C077959 requires additional review.,Missing Evidence,High,Yes
H0060394,A0098766,Q0098766,C019753,"Customer C019753 can be approved for onboarding. The customer satisfies KYC requirements, has sufficient verified documentation, and does not require enhanced review.","Customer C019753 can be approved for onboarding. The customer satisfies KYC requirements, has sufficient verified documentation, and does not require enhanced review. The customer has a Low AML Risk classification.",Wrong Risk Score,High,Yes
H0060463,A0123306,Q0123306,C024661,"Customer C024661 can be approved for onboarding. The customer satisfies KYC requirements, has sufficient verified documentation, and does not require enhanced review.","Customer C024661 can be approved for onboarding. The customer satisfies KYC requirements, has sufficient verified documentation, and does not require enhanced review. The customer was previously investigated for international money laundering activities.",Unsupported Claim,Medium,Yes
H0060588,A0092445,Q0092445,C018488,Customer C018488 must be rejected because the customer appears on a sanctions list and violates AML onboarding requirements.,Customer C018488 requires additional review.,Missing Evidence,High,Yes
H0060601,A0193308,Q0193308,C038661,Customer C038661 should be escalated for manual review due to elevated risk indicators requiring additional investigation.,Customer C038661 should be escalated for manual review due to elevated risk indicators requiring additional investigation. The customer has a Low AML Risk classification.,Wrong Risk Score,Critical,Yes
H0060620,A0070542,Q0070542,C014108,Customer C014108 requires Enhanced Due Diligence because the customer is classified as a Politically Exposed Person (PEP) or presents elevated AML risk.,"Customer C014108 requires Enhanced Due Diligence because the customer is classified as a Politically Exposed Person (PEP) or presents elevated AML risk. As per AML Regulation Section 99.7, onboarding must be delayed for 90 days.",Fabricated Regulation,High,Yes
H0060732,A0133841,Q0133841,C026768,"Customer C026768 can be approved for onboarding. The customer satisfies KYC requirements, has sufficient verified documentation, and does not require enhanced review.","Customer C026768 can be approved for onboarding. The customer satisfies KYC requirements, has sufficient verified documentation, and does not require enhanced review. The customer was previously investigated for international money laundering activities.",Unsupported Claim,Medium,Yes
H0060815,A0437084,Q0437084,C087416,Customer C087416 requires Enhanced Due Diligence because the customer is classified as a Politically Exposed Person (PEP) or presents elevated AML risk.,Customer C087416 requires Enhanced Due Diligence because the customer is classified as a Politically Exposed Person (PEP) or presents elevated AML risk. The customer was previously investigated for international money laundering activities.,Unsupported Claim,Medium,Yes
H0061186,A0388007,Q0388007,C077601,Customer C077601 requires Enhanced Due Diligence because the customer is classified as a Politically Exposed Person (PEP) or presents elevated AML risk.,Customer C077601 requires Enhanced Due Diligence because the customer is classified as a Politically Exposed Person (PEP) or presents elevated AML risk. The customer has a Low AML Risk classification.,Wrong Risk Score,High,Yes
H0061256,A0423475,Q0423475,C084694,Customer C084694 must be rejected because the customer appears on a sanctions list and violates AML onboarding requirements.,Customer C084694 must be rejected because the customer appears on a sanctions list and violates AML onboarding requirements. The customer was previously investigated for international money laundering activities.,Unsupported Claim,Medium,Yes
H0061266,A0397739,Q0397739,C079547,"Customer C079547 can be approved for onboarding. The customer satisfies KYC requirements, has sufficient verified documentation, and does not require enhanced review.","Customer C079547 can be approved for onboarding. The customer satisfies KYC requirements, has sufficient verified documentation, and does not require enhanced review. As per AML Regulation Section 99.7, onboarding must be delayed for 90 days.",Fabricated Regulation,High,Yes
H0061295,A0333399,Q0333399,C066679,Customer C066679 requires Enhanced Due Diligence because the customer is classified as a Politically Exposed Person (PEP) or presents elevated AML risk.,Customer C066679 requires Enhanced Due Diligence because the customer is classified as a Politically Exposed Person (PEP) or presents elevated AML risk. The customer has a Low AML Risk classification.,Wrong Risk Score,Medium,Yes
H0061782,A0001681,Q0001681,C000336,Customer C000336 should be escalated for manual review due to elevated risk indicators requiring additional investigation.,Customer C000336 should be escalated for manual review due to elevated risk indicators requiring additional investigation. The customer was previously investigated for international money laundering activities.,Unsupported Claim,High,Yes
H0061844,A0129539,Q0129539,C025907,"Customer C025907 can be approved for onboarding. The customer satisfies KYC requirements, has sufficient verified documentation, and does not require enhanced review.",Customer C025907 must be rejected due to AML concerns.,Contradiction,Critical,Yes
H0061914,A0324535,Q0324535,C064906,Customer C064906 requires Enhanced Due Diligence because the customer is classified as a Politically Exposed Person (PEP) or presents elevated AML risk.,"Customer C064906 requires Enhanced Due Diligence because the customer is classified as a Politically Exposed Person (PEP) or presents elevated AML risk. As per AML Regulation Section 99.7, onboarding must be delayed for 90 days.",Fabricated Regulation,Critical,Yes
H0061986,A0206665,Q0206665,C041332,Customer C041332 requires Enhanced Due Diligence because the customer is classified as a Politically Exposed Person (PEP) or presents elevated AML risk.,"Customer C041332 requires Enhanced Due Diligence because the customer is classified as a Politically Exposed Person (PEP) or presents elevated AML risk. As per AML Regulation Section 99.7, onboarding must be delayed for 90 days.",Fabricated Regulation,Critical,Yes
H0062002,A0130562,Q0130562,C026112,Customer C026112 must be rejected because the customer appears on a sanctions list and violates AML onboarding requirements.,Customer C026112 can be approved without restrictions.,Contradiction,Critical,Yes
H0062255,A0370020,Q0370020,C074003,Customer C074003 must be rejected because the customer appears on a sanctions list and violates AML onboarding requirements.,Customer C074003 must be rejected because the customer appears on a sanctions list and violates AML onboarding requirements. The customer was previously investigated for international money laundering activities.,Unsupported Claim,High,Yes
H0062335,A0000238,Q0000238,C000047,"Customer C000047 can be approved for onboarding. The customer satisfies KYC requirements, has sufficient verified documentation, and does not require enhanced review.","Customer C000047 can be approved for onboarding. The customer satisfies KYC requirements, has sufficient verified documentation, and does not require enhanced review. As per AML Regulation Section 99.7, onboarding must be delayed for 90 days.",Fabricated Regulation,High,Yes
H0062347,A0323880,Q0323880,C064775,Customer C064775 should be escalated for manual review due to elevated risk indicators requiring additional investigation.,"Customer C064775 should be escalated for manual review due to elevated risk indicators requiring additional investigation. As per AML Regulation Section 99.7, onboarding must be delayed for 90 days.",Fabricated Regulation,High,Yes
H0062416,A0316153,Q0316153,C063230,"Customer C063230 can be approved for onboarding. The customer satisfies KYC requirements, has sufficient verified documentation, and does not require enhanced review.",Customer C063230 requires additional review.,Missing Evidence,Medium,Yes
H0062993,A0229318,Q0229318,C045863,Customer C045863 requires Enhanced Due Diligence because the customer is classified as a Politically Exposed Person (PEP) or presents elevated AML risk.,Customer C045863 requires Enhanced Due Diligence because the customer is classified as a Politically Exposed Person (PEP) or presents elevated AML risk. The customer has a Low AML Risk classification.,Wrong Risk Score,Low,Yes
H0063080,A0247265,Q0247265,C049452,"Customer C049452 can be approved for onboarding. The customer satisfies KYC requirements, has sufficient verified documentation, and does not require enhanced review.","Customer C049452 can be approved for onboarding. The customer satisfies KYC requirements, has sufficient verified documentation, and does not require enhanced review. The customer has a Low AML Risk classification.",Wrong Risk Score,Critical,Yes
H0063087,A0082930,Q0082930,C016585,"Customer C016585 can be approved for onboarding. The customer satisfies KYC requirements, has sufficient verified documentation, and does not require enhanced review.","Customer C016585 can be approved for onboarding. The customer satisfies KYC requirements, has sufficient verified documentation, and does not require enhanced review. As per AML Regulation Section 99.7, onboarding must be delayed for 90 days.",Fabricated Regulation,Medium,Yes
H0063732,A0057025,Q0057025,C011404,Customer C011404 requires Enhanced Due Diligence because the customer is classified as a Politically Exposed Person (PEP) or presents elevated AML risk.,Customer C011404 requires Enhanced Due Diligence because the customer is classified as a Politically Exposed Person (PEP) or presents elevated AML risk. The customer was previously investigated for international money laundering activities.,Unsupported Claim,High,Yes
H0063984,A0108169,Q0108169,C021633,Customer C021633 requires Enhanced Due Diligence because the customer is classified as a Politically Exposed Person (PEP) or presents elevated AML risk.,Customer C021633 requires no enhanced review.,Contradiction,Low,Yes
H0064034,A0418922,Q0418922,C083784,Customer C083784 has insufficient verified documentation. Additional documents are required before onboarding can proceed.,Customer C083784 has insufficient verified documentation. Additional documents are required before onboarding can proceed. The customer was previously investigated for international money laundering activities.,Unsupported Claim,Medium,Yes
H0064212,A0121483,Q0121483,C024296,"Customer C024296 can be approved for onboarding. The customer satisfies KYC requirements, has sufficient verified documentation, and does not require enhanced review.",Customer C024296 must be rejected due to AML concerns.,Contradiction,Low,Yes
H0064326,A0210498,Q0210498,C042099,"Customer C042099 can be approved for onboarding. The customer satisfies KYC requirements, has sufficient verified documentation, and does not require enhanced review.",Customer C042099 requires additional review.,Missing Evidence,Medium,Yes
H0064339,A0181611,Q0181611,C036322,"Customer C036322 can be approved for onboarding. The customer satisfies KYC requirements, has sufficient verified documentation, and does not require enhanced review.","Customer C036322 can be approved for onboarding. The customer satisfies KYC requirements, has sufficient verified documentation, and does not require enhanced review. As per AML Regulation Section 99.7, onboarding must be delayed for 90 days.",Fabricated Regulation,High,Yes
H0064350,A0055955,Q0055955,C011190,Customer C011190 requires Enhanced Due Diligence because the customer is classified as a Politically Exposed Person (PEP) or presents elevated AML risk.,Customer C011190 requires Enhanced Due Diligence because the customer is classified as a Politically Exposed Person (PEP) or presents elevated AML risk. The customer has a Low AML Risk classification.,Wrong Risk Score,Critical,Yes
H0064502,A0218054,Q0218054,C043610,Customer C043610 requires Enhanced Due Diligence because the customer is classified as a Politically Exposed Person (PEP) or presents elevated AML risk.,Customer C043610 requires Enhanced Due Diligence because the customer is classified as a Politically Exposed Person (PEP) or presents elevated AML risk. The customer was previously investigated for international money laundering activities.,Unsupported Claim,Low,Yes
H0064872,A0299413,Q0299413,C059882,"Customer C059882 can be approved for onboarding. The customer satisfies KYC requirements, has sufficient verified documentation, and does not require enhanced review.","Customer C059882 can be approved for onboarding. The customer satisfies KYC requirements, has sufficient verified documentation, and does not require enhanced review. The customer has a Low AML Risk classification.",Wrong Risk Score,Low,Yes
H0064947,A0096865,Q0096865,C019372,"Customer C019372 can be approved for onboarding. The customer satisfies KYC requirements, has sufficient verified documentation, and does not require enhanced review.",Customer C019372 requires additional review.,Missing Evidence,Low,Yes
H0065121,A0309788,Q0309788,C061957,Customer C061957 requires Enhanced Due Diligence because the customer is classified as a Politically Exposed Person (PEP) or presents elevated AML risk.,Customer C061957 requires Enhanced Due Diligence because the customer is classified as a Politically Exposed Person (PEP) or presents elevated AML risk. The customer was previously investigated for international money laundering activities.,Unsupported Claim,Critical,Yes
H0065178,A0127048,Q0127048,C025409,"Customer C025409 can be approved for onboarding. The customer satisfies KYC requirements, has sufficient verified documentation, and does not require enhanced review.",Customer C025409 requires additional review.,Missing Evidence,Medium,Yes
H0065214,A0455451,Q0455451,C091090,Customer C091090 must be rejected because the customer appears on a sanctions list and violates AML onboarding requirements.,Customer C091090 must be rejected because the customer appears on a sanctions list and violates AML onboarding requirements. The customer has a Low AML Risk classification.,Wrong Risk Score,Low,Yes
H0065333,A0001995,Q0001995,C000398,Customer C000398 should be escalated for manual review due to elevated risk indicators requiring additional investigation.,Customer C000398 should be escalated for manual review due to elevated risk indicators requiring additional investigation. The customer was previously investigated for international money laundering activities.,Unsupported Claim,Critical,Yes
H0065484,A0189629,Q0189629,C037925,"Customer C037925 can be approved for onboarding. The customer satisfies KYC requirements, has sufficient verified documentation, and does not require enhanced review.","Customer C037925 can be approved for onboarding. The customer satisfies KYC requirements, has sufficient verified documentation, and does not require enhanced review. The customer has a Low AML Risk classification.",Wrong Risk Score,Low,Yes
H0065607,A0094785,Q0094785,C018956,"Customer C018956 can be approved for onboarding. The customer satisfies KYC requirements, has sufficient verified documentation, and does not require enhanced review.","Customer C018956 can be approved for onboarding. The customer satisfies KYC requirements, has sufficient verified documentation, and does not require enhanced review. The customer has a Low AML Risk classification.",Wrong Risk Score,High,Yes
H0065680,A0453395,Q0453395,C090678,Customer C090678 must be rejected because the customer appears on a sanctions list and violates AML onboarding requirements.,Customer C090678 must be rejected because the customer appears on a sanctions list and violates AML onboarding requirements. The customer was previously investigated for international money laundering activities.,Unsupported Claim,Low,Yes
H0065897,A0381640,Q0381640,C076327,Customer C076327 requires Enhanced Due Diligence because the customer is classified as a Politically Exposed Person (PEP) or presents elevated AML risk.,"Customer C076327 requires Enhanced Due Diligence because the customer is classified as a Politically Exposed Person (PEP) or presents elevated AML risk. As per AML Regulation Section 99.7, onboarding must be delayed for 90 days.",Fabricated Regulation,High,Yes
H0065919,A0432590,Q0432590,C086517,"Customer C086517 can be approved for onboarding. The customer satisfies KYC requirements, has sufficient verified documentation, and does not require enhanced review.",Customer C086517 must be rejected due to AML concerns.,Contradiction,Medium,Yes
H0066026,A0205584,Q0205584,C041116,"Customer C041116 can be approved for onboarding. The customer satisfies KYC requirements, has sufficient verified documentation, and does not require enhanced review.",Customer C041116 requires additional review.,Missing Evidence,Critical,Yes
H0066035,A0276761,Q0276761,C055352,"Customer C055352 can be approved for onboarding. The customer satisfies KYC requirements, has sufficient verified documentation, and does not require enhanced review.",Customer C055352 requires additional review.,Missing Evidence,Medium,Yes
H0066071,A0048432,Q0048432,C009686,"Customer C009686 can be approved for onboarding. The customer satisfies KYC requirements, has sufficient verified documentation, and does not require enhanced review.","Customer C009686 can be approved for onboarding. The customer satisfies KYC requirements, has sufficient verified documentation, and does not require enhanced review. As per AML Regulation Section 99.7, onboarding must be delayed for 90 days.",Fabricated Regulation,Low,Yes
H0066247,A0391367,Q0391367,C078273,Customer C078273 must be rejected because the customer appears on a sanctions list and violates AML onboarding requirements.,Customer C078273 can be approved without restrictions.,Contradiction,High,Yes
H0066252,A0486891,Q0486891,C097378,"Customer C097378 can be approved for onboarding. The customer satisfies KYC requirements, has sufficient verified documentation, and does not require enhanced review.",Customer C097378 must be rejected due to AML concerns.,Contradiction,High,Yes
H0066270,A0041242,Q0041242,C008248,Customer C008248 requires Enhanced Due Diligence because the customer is classified as a Politically Exposed Person (PEP) or presents elevated AML risk.,Customer C008248 requires Enhanced Due Diligence because the customer is classified as a Politically Exposed Person (PEP) or presents elevated AML risk. The customer was previously investigated for international money laundering activities.,Unsupported Claim,Medium,Yes
H0066306,A0421521,Q0421521,C084304,"Customer C084304 can be approved for onboarding. The customer satisfies KYC requirements, has sufficient verified documentation, and does not require enhanced review.","Customer C084304 can be approved for onboarding. The customer satisfies KYC requirements, has sufficient verified documentation, and does not require enhanced review. The customer has a Low AML Risk classification.",Wrong Risk Score,High,Yes
H0066341,A0451826,Q0451826,C090365,"Customer C090365 can be approved for onboarding. The customer satisfies KYC requirements, has sufficient verified documentation, and does not require enhanced review.","Customer C090365 can be approved for onboarding. The customer satisfies KYC requirements, has sufficient verified documentation, and does not require enhanced review. The customer has a Low AML Risk classification.",Wrong Risk Score,Low,Yes
H0066381,A0175562,Q0175562,C035112,"Customer C035112 can be approved for onboarding. The customer satisfies KYC requirements, has sufficient verified documentation, and does not require enhanced review.",Customer C035112 must be rejected due to AML concerns.,Contradiction,Low,Yes
H0066865,A0286812,Q0286812,C057362,Customer C057362 requires Enhanced Due Diligence because the customer is classified as a Politically Exposed Person (PEP) or presents elevated AML risk.,Customer C057362 requires no enhanced review.,Contradiction,Medium,Yes
H0066949,A0327009,Q0327009,C065401,"Customer C065401 can be approved for onboarding. The customer satisfies KYC requirements, has sufficient verified documentation, and does not require enhanced review.","Customer C065401 can be approved for onboarding. The customer satisfies KYC requirements, has sufficient verified documentation, and does not require enhanced review. The customer was previously investigated for international money laundering activities.",Unsupported Claim,Critical,Yes
H0067183,A0409022,Q0409022,C081804,"Customer C081804 can be approved for onboarding. The customer satisfies KYC requirements, has sufficient verified documentation, and does not require enhanced review.","Customer C081804 can be approved for onboarding. The customer satisfies KYC requirements, has sufficient verified documentation, and does not require enhanced review. As per AML Regulation Section 99.7, onboarding must be delayed for 90 days.",Fabricated Regulation,High,Yes
H0067245,A0083344,Q0083344,C016668,"Customer C016668 can be approved for onboarding. The customer satisfies KYC requirements, has sufficient verified documentation, and does not require enhanced review.",Customer C016668 requires additional review.,Missing Evidence,High,Yes
H0067307,A0092292,Q0092292,C018458,"Customer C018458 can be approved for onboarding. The customer satisfies KYC requirements, has sufficient verified documentation, and does not require enhanced review.","Customer C018458 can be approved for onboarding. The customer satisfies KYC requirements, has sufficient verified documentation, and does not require enhanced review. The customer was previously investigated for international money laundering activities.",Unsupported Claim,High,Yes
H0067378,A0499698,Q0499698,C099939,"Customer C099939 can be approved for onboarding. The customer satisfies KYC requirements, has sufficient verified documentation, and does not require enhanced review.","Customer C099939 can be approved for onboarding. The customer satisfies KYC requirements, has sufficient verified documentation, and does not require enhanced review. The customer was previously investigated for international money laundering activities.",Unsupported Claim,Critical,Yes
H0067409,A0477595,Q0477595,C095518,"Customer C095518 can be approved for onboarding. The customer satisfies KYC requirements, has sufficient verified documentation, and does not require enhanced review.",Customer C095518 requires additional review.,Missing Evidence,High,Yes
H0067429,A0393245,Q0393245,C078648,Customer C078648 requires Enhanced Due Diligence because the customer is classified as a Politically Exposed Person (PEP) or presents elevated AML risk.,Customer C078648 requires additional review.,Missing Evidence,High,Yes
H0067439,A0049541,Q0049541,C009908,"Customer C009908 can be approved for onboarding. The customer satisfies KYC requirements, has sufficient verified documentation, and does not require enhanced review.","Customer C009908 can be approved for onboarding. The customer satisfies KYC requirements, has sufficient verified documentation, and does not require enhanced review. The customer was previously investigated for international money laundering activities.",Unsupported Claim,Low,Yes
H0067456,A0157689,Q0157689,C031537,Customer C031537 requires Enhanced Due Diligence because the customer is classified as a Politically Exposed Person (PEP) or presents elevated AML risk.,Customer C031537 requires Enhanced Due Diligence because the customer is classified as a Politically Exposed Person (PEP) or presents elevated AML risk. The customer has a Low AML Risk classification.,Wrong Risk Score,Medium,Yes
H0067494,A0064298,Q0064298,C012859,"Customer C012859 can be approved for onboarding. The customer satisfies KYC requirements, has sufficient verified documentation, and does not require enhanced review.","Customer C012859 can be approved for onboarding. The customer satisfies KYC requirements, has sufficient verified documentation, and does not require enhanced review. The customer has a Low AML Risk classification.",Wrong Risk Score,High,Yes
H0067657,A0198760,Q0198760,C039751,Customer C039751 should be escalated for manual review due to elevated risk indicators requiring additional investigation.,Customer C039751 is approved immediately.,Contradiction,High,Yes
H0067689,A0488371,Q0488371,C097674,"Customer C097674 can be approved for onboarding. The customer satisfies KYC requirements, has sufficient verified documentation, and does not require enhanced review.",Customer C097674 must be rejected due to AML concerns.,Contradiction,Medium,Yes
H0067767,A0472017,Q0472017,C094403,"Customer C094403 can be approved for onboarding. The customer satisfies KYC requirements, has sufficient verified documentation, and does not require enhanced review.","Customer C094403 can be approved for onboarding. The customer satisfies KYC requirements, has sufficient verified documentation, and does not require enhanced review. The customer has a Low AML Risk classification.",Wrong Risk Score,Medium,Yes
H0067816,A0043044,Q0043044,C008608,"Customer C008608 can be approved for onboarding. The customer satisfies KYC requirements, has sufficient verified documentation, and does not require enhanced review.",Customer C008608 requires additional review.,Missing Evidence,High,Yes
H0067901,A0038516,Q0038516,C007703,Customer C007703 requires Enhanced Due Diligence because the customer is classified as a Politically Exposed Person (PEP) or presents elevated AML risk.,Customer C007703 requires no enhanced review.,Contradiction,High,Yes
H0068009,A0494617,Q0494617,C098923,Customer C098923 has insufficient verified documentation. Additional documents are required before onboarding can proceed.,Customer C098923 requires additional review.,Missing Evidence,High,Yes
H0068054,A0336407,Q0336407,C067281,"Customer C067281 can be approved for onboarding. The customer satisfies KYC requirements, has sufficient verified documentation, and does not require enhanced review.",Customer C067281 must be rejected due to AML concerns.,Contradiction,Medium,Yes
H0068177,A0479368,Q0479368,C095873,"Customer C095873 can be approved for onboarding. The customer satisfies KYC requirements, has sufficient verified documentation, and does not require enhanced review.","Customer C095873 can be approved for onboarding. The customer satisfies KYC requirements, has sufficient verified documentation, and does not require enhanced review. The customer has a Low AML Risk classification.",Wrong Risk Score,Medium,Yes
H0068246,A0195560,Q0195560,C039111,"Customer C039111 can be approved for onboarding. The customer satisfies KYC requirements, has sufficient verified documentation, and does not require enhanced review.","Customer C039111 can be approved for onboarding. The customer satisfies KYC requirements, has sufficient verified documentation, and does not require enhanced review. As per AML Regulation Section 99.7, onboarding must be delayed for 90 days.",Fabricated Regulation,Critical,Yes
H0068307,A0280625,Q0280625,C056124,"Customer C056124 can be approved for onboarding. The customer satisfies KYC requirements, has sufficient verified documentation, and does not require enhanced review.",Customer C056124 must be rejected due to AML concerns.,Contradiction,High,Yes
H0068349,A0338894,Q0338894,C067778,"Customer C067778 can be approved for onboarding. The customer satisfies KYC requirements, has sufficient verified documentation, and does not require enhanced review.",Customer C067778 requires additional review.,Missing Evidence,High,Yes
H0068445,A0259568,Q0259568,C051913,"Customer C051913 can be approved for onboarding. The customer satisfies KYC requirements, has sufficient verified documentation, and does not require enhanced review.",Customer C051913 must be rejected due to AML concerns.,Contradiction,High,Yes
H0068453,A0342288,Q0342288,C068457,"Customer C068457 can be approved for onboarding. The customer satisfies KYC requirements, has sufficient verified documentation, and does not require enhanced review.",Customer C068457 must be rejected due to AML concerns.,Contradiction,Low,Yes
H0068521,A0084191,Q0084191,C016838,"Customer C016838 can be approved for onboarding. The customer satisfies KYC requirements, has sufficient verified documentation, and does not require enhanced review.","Customer C016838 can be approved for onboarding. The customer satisfies KYC requirements, has sufficient verified documentation, and does not require enhanced review. The customer has a Low AML Risk classification.",Wrong Risk Score,Medium,Yes
H0068551,A0111453,Q0111453,C022290,"Customer C022290 can be approved for onboarding. The customer satisfies KYC requirements, has sufficient verified documentation, and does not require enhanced review.","Customer C022290 can be approved for onboarding. The customer satisfies KYC requirements, has sufficient verified documentation, and does not require enhanced review. The customer has a Low AML Risk classification.",Wrong Risk Score,High,Yes
H0068632,A0428731,Q0428731,C085746,"Customer C085746 can be approved for onboarding. The customer satisfies KYC requirements, has sufficient verified documentation, and does not require enhanced review.","Customer C085746 can be approved for onboarding. The customer satisfies KYC requirements, has sufficient verified documentation, and does not require enhanced review. The customer has a Low AML Risk classification.",Wrong Risk Score,Critical,Yes
H0068740,A0313883,Q0313883,C062776,Customer C062776 must be rejected because the customer appears on a sanctions list and violates AML onboarding requirements.,Customer C062776 can be approved without restrictions.,Contradiction,Low,Yes
H0068805,A0022765,Q0022765,C004552,Customer C004552 should be escalated for manual review due to elevated risk indicators requiring additional investigation.,Customer C004552 requires additional review.,Missing Evidence,Critical,Yes
H0068953,A0115319,Q0115319,C023063,Customer C023063 requires Enhanced Due Diligence because the customer is classified as a Politically Exposed Person (PEP) or presents elevated AML risk.,Customer C023063 requires Enhanced Due Diligence because the customer is classified as a Politically Exposed Person (PEP) or presents elevated AML risk. The customer has a Low AML Risk classification.,Wrong Risk Score,High,Yes
H0069109,A0229791,Q0229791,C045958,"Customer C045958 can be approved for onboarding. The customer satisfies KYC requirements, has sufficient verified documentation, and does not require enhanced review.","Customer C045958 can be approved for onboarding. The customer satisfies KYC requirements, has sufficient verified documentation, and does not require enhanced review. The customer has a Low AML Risk classification.",Wrong Risk Score,Low,Yes
H0069113,A0344900,Q0344900,C068979,"Customer C068979 can be approved for onboarding. The customer satisfies KYC requirements, has sufficient verified documentation, and does not require enhanced review.","Customer C068979 can be approved for onboarding. The customer satisfies KYC requirements, has sufficient verified documentation, and does not require enhanced review. As per AML Regulation Section 99.7, onboarding must be delayed for 90 days.",Fabricated Regulation,High,Yes
H0069536,A0192301,Q0192301,C038460,"Customer C038460 can be approved for onboarding. The customer satisfies KYC requirements, has sufficient verified documentation, and does not require enhanced review.",Customer C038460 must be rejected due to AML concerns.,Contradiction,High,Yes
H0069585,A0104793,Q0104793,C020958,Customer C020958 requires Enhanced Due Diligence because the customer is classified as a Politically Exposed Person (PEP) or presents elevated AML risk.,Customer C020958 requires Enhanced Due Diligence because the customer is classified as a Politically Exposed Person (PEP) or presents elevated AML risk. The customer has a Low AML Risk classification.,Wrong Risk Score,Low,Yes
H0069793,A0199075,Q0199075,C039814,"Customer C039814 can be approved for onboarding. The customer satisfies KYC requirements, has sufficient verified documentation, and does not require enhanced review.","Customer C039814 can be approved for onboarding. The customer satisfies KYC requirements, has sufficient verified documentation, and does not require enhanced review. The customer has a Low AML Risk classification.",Wrong Risk Score,Low,Yes
H0069924,A0286992,Q0286992,C057398,Customer C057398 has insufficient verified documentation. Additional documents are required before onboarding can proceed.,Customer C057398 has insufficient verified documentation. Additional documents are required before onboarding can proceed. The customer was previously investigated for international money laundering activities.,Unsupported Claim,High,Yes
H0070230,A0159744,Q0159744,C031948,"Customer C031948 can be approved for onboarding. The customer satisfies KYC requirements, has sufficient verified documentation, and does not require enhanced review.","Customer C031948 can be approved for onboarding. The customer satisfies KYC requirements, has sufficient verified documentation, and does not require enhanced review. The customer has a Low AML Risk classification.",Wrong Risk Score,High,Yes
H0070245,A0332332,Q0332332,C066466,Customer C066466 has insufficient verified documentation. Additional documents are required before onboarding can proceed.,Customer C066466 has insufficient verified documentation. Additional documents are required before onboarding can proceed. The customer has a Low AML Risk classification.,Wrong Risk Score,High,Yes
H0070323,A0019681,Q0019681,C003936,"Customer C003936 can be approved for onboarding. The customer satisfies KYC requirements, has sufficient verified documentation, and does not require enhanced review.","Customer C003936 can be approved for onboarding. The customer satisfies KYC requirements, has sufficient verified documentation, and does not require enhanced review. The customer has a Low AML Risk classification.",Wrong Risk Score,Critical,Yes
H0070327,A0321741,Q0321741,C064348,"Customer C064348 can be approved for onboarding. The customer satisfies KYC requirements, has sufficient verified documentation, and does not require enhanced review.","Customer C064348 can be approved for onboarding. The customer satisfies KYC requirements, has sufficient verified documentation, and does not require enhanced review. The customer has a Low AML Risk classification.",Wrong Risk Score,High,Yes
H0070402,A0017857,Q0017857,C003571,Customer C003571 requires Enhanced Due Diligence because the customer is classified as a Politically Exposed Person (PEP) or presents elevated AML risk.,"Customer C003571 requires Enhanced Due Diligence because the customer is classified as a Politically Exposed Person (PEP) or presents elevated AML risk. As per AML Regulation Section 99.7, onboarding must be delayed for 90 days.",Fabricated Regulation,Low,Yes
H0070425,A0476711,Q0476711,C095342,"Customer C095342 can be approved for onboarding. The customer satisfies KYC requirements, has sufficient verified documentation, and does not require enhanced review.",Customer C095342 must be rejected due to AML concerns.,Contradiction,Critical,Yes
H0070568,A0131409,Q0131409,C026281,Customer C026281 requires Enhanced Due Diligence because the customer is classified as a Politically Exposed Person (PEP) or presents elevated AML risk.,Customer C026281 requires no enhanced review.,Contradiction,Low,Yes
H0070613,A0478735,Q0478735,C095746,"Customer C095746 can be approved for onboarding. The customer satisfies KYC requirements, has sufficient verified documentation, and does not require enhanced review.","Customer C095746 can be approved for onboarding. The customer satisfies KYC requirements, has sufficient verified documentation, and does not require enhanced review. The customer has a Low AML Risk classification.",Wrong Risk Score,Critical,Yes
H0070834,A0127542,Q0127542,C025508,"Customer C025508 can be approved for onboarding. The customer satisfies KYC requirements, has sufficient verified documentation, and does not require enhanced review.",Customer C025508 must be rejected due to AML concerns.,Contradiction,Critical,Yes
H0070964,A0408481,Q0408481,C081696,"Customer C081696 can be approved for onboarding. The customer satisfies KYC requirements, has sufficient verified documentation, and does not require enhanced review.","Customer C081696 can be approved for onboarding. The customer satisfies KYC requirements, has sufficient verified documentation, and does not require enhanced review. As per AML Regulation Section 99.7, onboarding must be delayed for 90 days.",Fabricated Regulation,Low,Yes
H0070987,A0198818,Q0198818,C039763,Customer C039763 requires Enhanced Due Diligence because the customer is classified as a Politically Exposed Person (PEP) or presents elevated AML risk.,Customer C039763 requires Enhanced Due Diligence because the customer is classified as a Politically Exposed Person (PEP) or presents elevated AML risk. The customer has a Low AML Risk classification.,Wrong Risk Score,Critical,Yes
H0071073,A0010926,Q0010926,C002185,"Customer C002185 can be approved for onboarding. The customer satisfies KYC requirements, has sufficient verified documentation, and does not require enhanced review.",Customer C002185 must be rejected due to AML concerns.,Contradiction,Low,Yes
H0071116,A0353689,Q0353689,C070737,"Customer C070737 can be approved for onboarding. The customer satisfies KYC requirements, has sufficient verified documentation, and does not require enhanced review.","Customer C070737 can be approved for onboarding. The customer satisfies KYC requirements, has sufficient verified documentation, and does not require enhanced review. The customer has a Low AML Risk classification.",Wrong Risk Score,Critical,Yes
H0071289,A0336449,Q0336449,C067289,"Customer C067289 can be approved for onboarding. The customer satisfies KYC requirements, has sufficient verified documentation, and does not require enhanced review.",Customer C067289 requires additional review.,Missing Evidence,Low,Yes
H0071320,A0080638,Q0080638,C016127,Customer C016127 requires Enhanced Due Diligence because the customer is classified as a Politically Exposed Person (PEP) or presents elevated AML risk.,Customer C016127 requires Enhanced Due Diligence because the customer is classified as a Politically Exposed Person (PEP) or presents elevated AML risk. The customer was previously investigated for international money laundering activities.,Unsupported Claim,Low,Yes
H0071332,A0063713,Q0063713,C012742,Customer C012742 requires Enhanced Due Diligence because the customer is classified as a Politically Exposed Person (PEP) or presents elevated AML risk.,Customer C012742 requires Enhanced Due Diligence because the customer is classified as a Politically Exposed Person (PEP) or presents elevated AML risk. The customer has a Low AML Risk classification.,Wrong Risk Score,High,Yes
H0071410,A0372590,Q0372590,C074517,Customer C074517 should be escalated for manual review due to elevated risk indicators requiring additional investigation.,"Customer C074517 should be escalated for manual review due to elevated risk indicators requiring additional investigation. As per AML Regulation Section 99.7, onboarding must be delayed for 90 days.",Fabricated Regulation,Low,Yes
H0071539,A0089742,Q0089742,C017948,Customer C017948 requires Enhanced Due Diligence because the customer is classified as a Politically Exposed Person (PEP) or presents elevated AML risk.,Customer C017948 requires Enhanced Due Diligence because the customer is classified as a Politically Exposed Person (PEP) or presents elevated AML risk. The customer was previously investigated for international money laundering activities.,Unsupported Claim,Medium,Yes
H0071579,A0371403,Q0371403,C074280,"Customer C074280 can be approved for onboarding. The customer satisfies KYC requirements, has sufficient verified documentation, and does not require enhanced review.",Customer C074280 requires additional review.,Missing Evidence,Medium,Yes
H0071622,A0454705,Q0454705,C090940,"Customer C090940 can be approved for onboarding. The customer satisfies KYC requirements, has sufficient verified documentation, and does not require enhanced review.","Customer C090940 can be approved for onboarding. The customer satisfies KYC requirements, has sufficient verified documentation, and does not require enhanced review. The customer was previously investigated for international money laundering activities.",Unsupported Claim,Low,Yes
H0071624,A0450100,Q0450100,C090019,Customer C090019 must be rejected because the customer appears on a sanctions list and violates AML onboarding requirements.,Customer C090019 must be rejected because the customer appears on a sanctions list and violates AML onboarding requirements. The customer has a Low AML Risk classification.,Wrong Risk Score,High,Yes
H0071887,A0127162,Q0127162,C025432,"Customer C025432 can be approved for onboarding. The customer satisfies KYC requirements, has sufficient verified documentation, and does not require enhanced review.",Customer C025432 must be rejected due to AML concerns.,Contradiction,Low,Yes
H0071933,A0371955,Q0371955,C074390,Customer C074390 requires Enhanced Due Diligence because the customer is classified as a Politically Exposed Person (PEP) or presents elevated AML risk.,"Customer C074390 requires Enhanced Due Diligence because the customer is classified as a Politically Exposed Person (PEP) or presents elevated AML risk. As per AML Regulation Section 99.7, onboarding must be delayed for 90 days.",Fabricated Regulation,Critical,Yes
H0072146,A0190732,Q0190732,C038146,"Customer C038146 can be approved for onboarding. The customer satisfies KYC requirements, has sufficient verified documentation, and does not require enhanced review.","Customer C038146 can be approved for onboarding. The customer satisfies KYC requirements, has sufficient verified documentation, and does not require enhanced review. The customer has a Low AML Risk classification.",Wrong Risk Score,Medium,Yes
H0072278,A0031541,Q0031541,C006308,"Customer C006308 can be approved for onboarding. The customer satisfies KYC requirements, has sufficient verified documentation, and does not require enhanced review.","Customer C006308 can be approved for onboarding. The customer satisfies KYC requirements, has sufficient verified documentation, and does not require enhanced review. The customer has a Low AML Risk classification.",Wrong Risk Score,Low,Yes
H0072279,A0113835,Q0113835,C022766,"Customer C022766 can be approved for onboarding. The customer satisfies KYC requirements, has sufficient verified documentation, and does not require enhanced review.","Customer C022766 can be approved for onboarding. The customer satisfies KYC requirements, has sufficient verified documentation, and does not require enhanced review. As per AML Regulation Section 99.7, onboarding must be delayed for 90 days.",Fabricated Regulation,Low,Yes
H0072300,A0473941,Q0473941,C094788,"Customer C094788 can be approved for onboarding. The customer satisfies KYC requirements, has sufficient verified documentation, and does not require enhanced review.",Customer C094788 requires additional review.,Missing Evidence,Low,Yes
H0072412,A0119219,Q0119219,C023843,Customer C023843 requires Enhanced Due Diligence because the customer is classified as a Politically Exposed Person (PEP) or presents elevated AML risk.,Customer C023843 requires no enhanced review.,Contradiction,Critical,Yes
H0072443,A0467246,Q0467246,C093449,"Customer C093449 can be approved for onboarding. The customer satisfies KYC requirements, has sufficient verified documentation, and does not require enhanced review.","Customer C093449 can be approved for onboarding. The customer satisfies KYC requirements, has sufficient verified documentation, and does not require enhanced review. The customer has a Low AML Risk classification.",Wrong Risk Score,High,Yes
H0072464,A0475694,Q0475694,C095138,"Customer C095138 can be approved for onboarding. The customer satisfies KYC requirements, has sufficient verified documentation, and does not require enhanced review.","Customer C095138 can be approved for onboarding. The customer satisfies KYC requirements, has sufficient verified documentation, and does not require enhanced review. The customer has a Low AML Risk classification.",Wrong Risk Score,High,Yes
H0072483,A0291332,Q0291332,C058266,Customer C058266 requires Enhanced Due Diligence because the customer is classified as a Politically Exposed Person (PEP) or presents elevated AML risk.,Customer C058266 requires Enhanced Due Diligence because the customer is classified as a Politically Exposed Person (PEP) or presents elevated AML risk. The customer was previously investigated for international money laundering activities.,Unsupported Claim,Critical,Yes
H0072641,A0158429,Q0158429,C031685,"Customer C031685 can be approved for onboarding. The customer satisfies KYC requirements, has sufficient verified documentation, and does not require enhanced review.","Customer C031685 can be approved for onboarding. The customer satisfies KYC requirements, has sufficient verified documentation, and does not require enhanced review. The customer was previously investigated for international money laundering activities.",Unsupported Claim,Medium,Yes
H0072899,A0361558,Q0361558,C072311,Customer C072311 requires Enhanced Due Diligence because the customer is classified as a Politically Exposed Person (PEP) or presents elevated AML risk.,"Customer C072311 requires Enhanced Due Diligence because the customer is classified as a Politically Exposed Person (PEP) or presents elevated AML risk. As per AML Regulation Section 99.7, onboarding must be delayed for 90 days.",Fabricated Regulation,Medium,Yes
H0072904,A0423290,Q0423290,C084657,"Customer C084657 can be approved for onboarding. The customer satisfies KYC requirements, has sufficient verified documentation, and does not require enhanced review.","Customer C084657 can be approved for onboarding. The customer satisfies KYC requirements, has sufficient verified documentation, and does not require enhanced review. The customer was previously investigated for international money laundering activities.",Unsupported Claim,Medium,Yes
H0073317,A0395361,Q0395361,C079072,"Customer C079072 can be approved for onboarding. The customer satisfies KYC requirements, has sufficient verified documentation, and does not require enhanced review.","Customer C079072 can be approved for onboarding. The customer satisfies KYC requirements, has sufficient verified documentation, and does not require enhanced review. The customer has a Low AML Risk classification.",Wrong Risk Score,Low,Yes
H0073546,A0374840,Q0374840,C074967,"Customer C074967 can be approved for onboarding. The customer satisfies KYC requirements, has sufficient verified documentation, and does not require enhanced review.","Customer C074967 can be approved for onboarding. The customer satisfies KYC requirements, has sufficient verified documentation, and does not require enhanced review. As per AML Regulation Section 99.7, onboarding must be delayed for 90 days.",Fabricated Regulation,Low,Yes
H0073570,A0330627,Q0330627,C066125,"Customer C066125 can be approved for onboarding. The customer satisfies KYC requirements, has sufficient verified documentation, and does not require enhanced review.",Customer C066125 requires additional review.,Missing Evidence,Critical,Yes
H0073585,A0453370,Q0453370,C090673,"Customer C090673 can be approved for onboarding. The customer satisfies KYC requirements, has sufficient verified documentation, and does not require enhanced review.",Customer C090673 requires additional review.,Missing Evidence,Medium,Yes
H0073621,A0385662,Q0385662,C077132,"Customer C077132 can be approved for onboarding. The customer satisfies KYC requirements, has sufficient verified documentation, and does not require enhanced review.","Customer C077132 can be approved for onboarding. The customer satisfies KYC requirements, has sufficient verified documentation, and does not require enhanced review. The customer has a Low AML Risk classification.",Wrong Risk Score,Critical,Yes
H0073915,A0399723,Q0399723,C079944,Customer C079944 should be escalated for manual review due to elevated risk indicators requiring additional investigation.,Customer C079944 should be escalated for manual review due to elevated risk indicators requiring additional investigation. The customer was previously investigated for international money laundering activities.,Unsupported Claim,High,Yes
H0073968,A0033332,Q0033332,C006666,"Customer C006666 can be approved for onboarding. The customer satisfies KYC requirements, has sufficient verified documentation, and does not require enhanced review.",Customer C006666 must be rejected due to AML concerns.,Contradiction,Medium,Yes
H0074032,A0022251,Q0022251,C004450,"Customer C004450 can be approved for onboarding. The customer satisfies KYC requirements, has sufficient verified documentation, and does not require enhanced review.",Customer C004450 must be rejected due to AML concerns.,Contradiction,Low,Yes
H0074057,A0408105,Q0408105,C081620,"Customer C081620 can be approved for onboarding. The customer satisfies KYC requirements, has sufficient verified documentation, and does not require enhanced review.",Customer C081620 requires additional review.,Missing Evidence,Critical,Yes
H0074066,A0368002,Q0368002,C073600,"Customer C073600 can be approved for onboarding. The customer satisfies KYC requirements, has sufficient verified documentation, and does not require enhanced review.","Customer C073600 can be approved for onboarding. The customer satisfies KYC requirements, has sufficient verified documentation, and does not require enhanced review. The customer has a Low AML Risk classification.",Wrong Risk Score,Critical,Yes
H0074170,A0258193,Q0258193,C051638,Customer C051638 must be rejected because the customer appears on a sanctions list and violates AML onboarding requirements.,"Customer C051638 must be rejected because the customer appears on a sanctions list and violates AML onboarding requirements. As per AML Regulation Section 99.7, onboarding must be delayed for 90 days.",Fabricated Regulation,Critical,Yes
H0074385,A0339220,Q0339220,C067843,"Customer C067843 can be approved for onboarding. The customer satisfies KYC requirements, has sufficient verified documentation, and does not require enhanced review.","Customer C067843 can be approved for onboarding. The customer satisfies KYC requirements, has sufficient verified documentation, and does not require enhanced review. The customer has a Low AML Risk classification.",Wrong Risk Score,Critical,Yes
H0074396,A0430694,Q0430694,C086138,"Customer C086138 can be approved for onboarding. The customer satisfies KYC requirements, has sufficient verified documentation, and does not require enhanced review.",Customer C086138 must be rejected due to AML concerns.,Contradiction,High,Yes
H0074626,A0092157,Q0092157,C018431,"Customer C018431 can be approved for onboarding. The customer satisfies KYC requirements, has sufficient verified documentation, and does not require enhanced review.",Customer C018431 must be rejected due to AML concerns.,Contradiction,High,Yes
H0075047,A0006823,Q0006823,C001364,Customer C001364 must be rejected because the customer appears on a sanctions list and violates AML onboarding requirements.,Customer C001364 must be rejected because the customer appears on a sanctions list and violates AML onboarding requirements. The customer has a Low AML Risk classification.,Wrong Risk Score,Low,Yes
H0075193,A0371065,Q0371065,C074212,"Customer C074212 can be approved for onboarding. The customer satisfies KYC requirements, has sufficient verified documentation, and does not require enhanced review.","Customer C074212 can be approved for onboarding. The customer satisfies KYC requirements, has sufficient verified documentation, and does not require enhanced review. As per AML Regulation Section 99.7, onboarding must be delayed for 90 days.",Fabricated Regulation,Critical,Yes
H0075239,A0430858,Q0430858,C086171,Customer C086171 should be escalated for manual review due to elevated risk indicators requiring additional investigation.,Customer C086171 should be escalated for manual review due to elevated risk indicators requiring additional investigation. The customer was previously investigated for international money laundering activities.,Unsupported Claim,High,Yes
H0075349,A0011513,Q0011513,C002302,"Customer C002302 can be approved for onboarding. The customer satisfies KYC requirements, has sufficient verified documentation, and does not require enhanced review.","Customer C002302 can be approved for onboarding. The customer satisfies KYC requirements, has sufficient verified documentation, and does not require enhanced review. The customer was previously investigated for international money laundering activities.",Unsupported Claim,Medium,Yes
H0075457,A0436928,Q0436928,C087385,"Customer C087385 can be approved for onboarding. The customer satisfies KYC requirements, has sufficient verified documentation, and does not require enhanced review.","Customer C087385 can be approved for onboarding. The customer satisfies KYC requirements, has sufficient verified documentation, and does not require enhanced review. As per AML Regulation Section 99.7, onboarding must be delayed for 90 days.",Fabricated Regulation,High,Yes
H0075622,A0061702,Q0061702,C012340,"Customer C012340 can be approved for onboarding. The customer satisfies KYC requirements, has sufficient verified documentation, and does not require enhanced review.",Customer C012340 must be rejected due to AML concerns.,Contradiction,Low,Yes
H0075709,A0124977,Q0124977,C024995,"Customer C024995 can be approved for onboarding. The customer satisfies KYC requirements, has sufficient verified documentation, and does not require enhanced review.",Customer C024995 must be rejected due to AML concerns.,Contradiction,Low,Yes
H0075759,A0258002,Q0258002,C051600,Customer C051600 must be rejected because the customer appears on a sanctions list and violates AML onboarding requirements.,Customer C051600 must be rejected because the customer appears on a sanctions list and violates AML onboarding requirements. The customer was previously investigated for international money laundering activities.,Unsupported Claim,Medium,Yes
H0075816,A0233166,Q0233166,C046633,"Customer C046633 can be approved for onboarding. The customer satisfies KYC requirements, has sufficient verified documentation, and does not require enhanced review.","Customer C046633 can be approved for onboarding. The customer satisfies KYC requirements, has sufficient verified documentation, and does not require enhanced review. The customer has a Low AML Risk classification.",Wrong Risk Score,Low,Yes
H0075883,A0187193,Q0187193,C037438,"Customer C037438 can be approved for onboarding. The customer satisfies KYC requirements, has sufficient verified documentation, and does not require enhanced review.","Customer C037438 can be approved for onboarding. The customer satisfies KYC requirements, has sufficient verified documentation, and does not require enhanced review. The customer was previously investigated for international money laundering activities.",Unsupported Claim,High,Yes
H0075934,A0161426,Q0161426,C032285,"Customer C032285 can be approved for onboarding. The customer satisfies KYC requirements, has sufficient verified documentation, and does not require enhanced review.","Customer C032285 can be approved for onboarding. The customer satisfies KYC requirements, has sufficient verified documentation, and does not require enhanced review. The customer was previously investigated for international money laundering activities.",Unsupported Claim,Low,Yes
H0075969,A0447134,Q0447134,C089426,"Customer C089426 can be approved for onboarding. The customer satisfies KYC requirements, has sufficient verified documentation, and does not require enhanced review.",Customer C089426 requires additional review.,Missing Evidence,Medium,Yes
H0075989,A0142772,Q0142772,C028554,"Customer C028554 can be approved for onboarding. The customer satisfies KYC requirements, has sufficient verified documentation, and does not require enhanced review.",Customer C028554 requires additional review.,Missing Evidence,High,Yes
H0076042,A0319726,Q0319726,C063945,"Customer C063945 can be approved for onboarding. The customer satisfies KYC requirements, has sufficient verified documentation, and does not require enhanced review.","Customer C063945 can be approved for onboarding. The customer satisfies KYC requirements, has sufficient verified documentation, and does not require enhanced review. The customer has a Low AML Risk classification.",Wrong Risk Score,High,Yes
H0076087,A0162274,Q0162274,C032454,"Customer C032454 can be approved for onboarding. The customer satisfies KYC requirements, has sufficient verified documentation, and does not require enhanced review.","Customer C032454 can be approved for onboarding. The customer satisfies KYC requirements, has sufficient verified documentation, and does not require enhanced review. The customer was previously investigated for international money laundering activities.",Unsupported Claim,Critical,Yes
H0076202,A0390628,Q0390628,C078125,"Customer C078125 can be approved for onboarding. The customer satisfies KYC requirements, has sufficient verified documentation, and does not require enhanced review.",Customer C078125 requires additional review.,Missing Evidence,Medium,Yes
H0076215,A0109674,Q0109674,C021934,"Customer C021934 can be approved for onboarding. The customer satisfies KYC requirements, has sufficient verified documentation, and does not require enhanced review.",Customer C021934 requires additional review.,Missing Evidence,Critical,Yes
H0076274,A0105536,Q0105536,C021107,Customer C021107 requires Enhanced Due Diligence because the customer is classified as a Politically Exposed Person (PEP) or presents elevated AML risk.,Customer C021107 requires additional review.,Missing Evidence,Low,Yes
H0076404,A0466659,Q0466659,C093331,"Customer C093331 can be approved for onboarding. The customer satisfies KYC requirements, has sufficient verified documentation, and does not require enhanced review.","Customer C093331 can be approved for onboarding. The customer satisfies KYC requirements, has sufficient verified documentation, and does not require enhanced review. The customer was previously investigated for international money laundering activities.",Unsupported Claim,High,Yes
H0076413,A0429580,Q0429580,C085915,"Customer C085915 can be approved for onboarding. The customer satisfies KYC requirements, has sufficient verified documentation, and does not require enhanced review.","Customer C085915 can be approved for onboarding. The customer satisfies KYC requirements, has sufficient verified documentation, and does not require enhanced review. As per AML Regulation Section 99.7, onboarding must be delayed for 90 days.",Fabricated Regulation,High,Yes
H0076446,A0009523,Q0009523,C001904,Customer C001904 requires Enhanced Due Diligence because the customer is classified as a Politically Exposed Person (PEP) or presents elevated AML risk.,Customer C001904 requires additional review.,Missing Evidence,High,Yes
H0076502,A0083094,Q0083094,C016618,"Customer C016618 can be approved for onboarding. The customer satisfies KYC requirements, has sufficient verified documentation, and does not require enhanced review.","Customer C016618 can be approved for onboarding. The customer satisfies KYC requirements, has sufficient verified documentation, and does not require enhanced review. As per AML Regulation Section 99.7, onboarding must be delayed for 90 days.",Fabricated Regulation,High,Yes
H0076506,A0266223,Q0266223,C053244,"Customer C053244 can be approved for onboarding. The customer satisfies KYC requirements, has sufficient verified documentation, and does not require enhanced review.","Customer C053244 can be approved for onboarding. The customer satisfies KYC requirements, has sufficient verified documentation, and does not require enhanced review. The customer was previously investigated for international money laundering activities.",Unsupported Claim,High,Yes
H0076664,A0291441,Q0291441,C058288,"Customer C058288 can be approved for onboarding. The customer satisfies KYC requirements, has sufficient verified documentation, and does not require enhanced review.","Customer C058288 can be approved for onboarding. The customer satisfies KYC requirements, has sufficient verified documentation, and does not require enhanced review. As per AML Regulation Section 99.7, onboarding must be delayed for 90 days.",Fabricated Regulation,Critical,Yes
H0076785,A0460285,Q0460285,C092056,"Customer C092056 can be approved for onboarding. The customer satisfies KYC requirements, has sufficient verified documentation, and does not require enhanced review.","Customer C092056 can be approved for onboarding. The customer satisfies KYC requirements, has sufficient verified documentation, and does not require enhanced review. The customer has a Low AML Risk classification.",Wrong Risk Score,Low,Yes
H0076821,A0345922,Q0345922,C069184,"Customer C069184 can be approved for onboarding. The customer satisfies KYC requirements, has sufficient verified documentation, and does not require enhanced review.",Customer C069184 must be rejected due to AML concerns.,Contradiction,Low,Yes
H0076994,A0486973,Q0486973,C097394,"Customer C097394 can be approved for onboarding. The customer satisfies KYC requirements, has sufficient verified documentation, and does not require enhanced review.",Customer C097394 requires additional review.,Missing Evidence,Low,Yes
H0077009,A0177095,Q0177095,C035418,"Customer C035418 can be approved for onboarding. The customer satisfies KYC requirements, has sufficient verified documentation, and does not require enhanced review.",Customer C035418 requires additional review.,Missing Evidence,High,Yes
H0077256,A0114439,Q0114439,C022887,Customer C022887 requires Enhanced Due Diligence because the customer is classified as a Politically Exposed Person (PEP) or presents elevated AML risk.,Customer C022887 requires additional review.,Missing Evidence,Medium,Yes
H0077360,A0136745,Q0136745,C027348,"Customer C027348 can be approved for onboarding. The customer satisfies KYC requirements, has sufficient verified documentation, and does not require enhanced review.","Customer C027348 can be approved for onboarding. The customer satisfies KYC requirements, has sufficient verified documentation, and does not require enhanced review. As per AML Regulation Section 99.7, onboarding must be delayed for 90 days.",Fabricated Regulation,High,Yes
H0077667,A0343193,Q0343193,C068638,"Customer C068638 can be approved for onboarding. The customer satisfies KYC requirements, has sufficient verified documentation, and does not require enhanced review.","Customer C068638 can be approved for onboarding. The customer satisfies KYC requirements, has sufficient verified documentation, and does not require enhanced review. The customer was previously investigated for international money laundering activities.",Unsupported Claim,Low,Yes
H0078083,A0190164,Q0190164,C038032,Customer C038032 requires Enhanced Due Diligence because the customer is classified as a Politically Exposed Person (PEP) or presents elevated AML risk.,Customer C038032 requires no enhanced review.,Contradiction,Medium,Yes
H0078113,A0484059,Q0484059,C096811,Customer C096811 requires Enhanced Due Diligence because the customer is classified as a Politically Exposed Person (PEP) or presents elevated AML risk.,Customer C096811 requires Enhanced Due Diligence because the customer is classified as a Politically Exposed Person (PEP) or presents elevated AML risk. The customer was previously investigated for international money laundering activities.,Unsupported Claim,High,Yes
H0078282,A0330886,Q0330886,C066177,"Customer C066177 can be approved for onboarding. The customer satisfies KYC requirements, has sufficient verified documentation, and does not require enhanced review.","Customer C066177 can be approved for onboarding. The customer satisfies KYC requirements, has sufficient verified documentation, and does not require enhanced review. As per AML Regulation Section 99.7, onboarding must be delayed for 90 days.",Fabricated Regulation,Low,Yes
H0078512,A0289163,Q0289163,C057832,"Customer C057832 can be approved for onboarding. The customer satisfies KYC requirements, has sufficient verified documentation, and does not require enhanced review.",Customer C057832 must be rejected due to AML concerns.,Contradiction,Medium,Yes
H0078563,A0006010,Q0006010,C001201,Customer C001201 should be escalated for manual review due to elevated risk indicators requiring additional investigation.,Customer C001201 requires additional review.,Missing Evidence,Low,Yes
H0078714,A0346983,Q0346983,C069396,"Customer C069396 can be approved for onboarding. The customer satisfies KYC requirements, has sufficient verified documentation, and does not require enhanced review.","Customer C069396 can be approved for onboarding. The customer satisfies KYC requirements, has sufficient verified documentation, and does not require enhanced review. The customer was previously investigated for international money laundering activities.",Unsupported Claim,Critical,Yes
H0078724,A0183513,Q0183513,C036702,"Customer C036702 can be approved for onboarding. The customer satisfies KYC requirements, has sufficient verified documentation, and does not require enhanced review.","Customer C036702 can be approved for onboarding. The customer satisfies KYC requirements, has sufficient verified documentation, and does not require enhanced review. As per AML Regulation Section 99.7, onboarding must be delayed for 90 days.",Fabricated Regulation,Medium,Yes
H0078725,A0357349,Q0357349,C071469,Customer C071469 must be rejected because the customer appears on a sanctions list and violates AML onboarding requirements.,Customer C071469 requires additional review.,Missing Evidence,Medium,Yes
H0078997,A0093344,Q0093344,C018668,"Customer C018668 can be approved for onboarding. The customer satisfies KYC requirements, has sufficient verified documentation, and does not require enhanced review.","Customer C018668 can be approved for onboarding. The customer satisfies KYC requirements, has sufficient verified documentation, and does not require enhanced review. The customer was previously investigated for international money laundering activities.",Unsupported Claim,High,Yes
H0079189,A0092441,Q0092441,C018488,Customer C018488 must be rejected because the customer appears on a sanctions list and violates AML onboarding requirements.,Customer C018488 can be approved without restrictions.,Contradiction,Critical,Yes
H0079364,A0247321,Q0247321,C049464,"Customer C049464 can be approved for onboarding. The customer satisfies KYC requirements, has sufficient verified documentation, and does not require enhanced review.",Customer C049464 must be rejected due to AML concerns.,Contradiction,Low,Yes
H0079832,A0341277,Q0341277,C068255,"Customer C068255 can be approved for onboarding. The customer satisfies KYC requirements, has sufficient verified documentation, and does not require enhanced review.",Customer C068255 must be rejected due to AML concerns.,Contradiction,Critical,Yes
H0079836,A0234267,Q0234267,C046853,"Customer C046853 can be approved for onboarding. The customer satisfies KYC requirements, has sufficient verified documentation, and does not require enhanced review.","Customer C046853 can be approved for onboarding. The customer satisfies KYC requirements, has sufficient verified documentation, and does not require enhanced review. The customer has a Low AML Risk classification.",Wrong Risk Score,Medium,Yes
H0079860,A0130476,Q0130476,C026095,"Customer C026095 can be approved for onboarding. The customer satisfies KYC requirements, has sufficient verified documentation, and does not require enhanced review.","Customer C026095 can be approved for onboarding. The customer satisfies KYC requirements, has sufficient verified documentation, and does not require enhanced review. As per AML Regulation Section 99.7, onboarding must be delayed for 90 days.",Fabricated Regulation,High,Yes
H0079903,A0246024,Q0246024,C049204,Customer C049204 should be escalated for manual review due to elevated risk indicators requiring additional investigation.,Customer C049204 should be escalated for manual review due to elevated risk indicators requiring additional investigation. The customer has a Low AML Risk classification.,Wrong Risk Score,Medium,Yes
H0080077,A0081407,Q0081407,C016281,Customer C016281 requires Enhanced Due Diligence because the customer is classified as a Politically Exposed Person (PEP) or presents elevated AML risk.,Customer C016281 requires Enhanced Due Diligence because the customer is classified as a Politically Exposed Person (PEP) or presents elevated AML risk. The customer was previously investigated for international money laundering activities.,Unsupported Claim,Medium,Yes
H0080265,A0050599,Q0050599,C010119,Customer C010119 requires Enhanced Due Diligence because the customer is classified as a Politically Exposed Person (PEP) or presents elevated AML risk.,Customer C010119 requires Enhanced Due Diligence because the customer is classified as a Politically Exposed Person (PEP) or presents elevated AML risk. The customer was previously investigated for international money laundering activities.,Unsupported Claim,Critical,Yes
H0080289,A0308550,Q0308550,C061709,Customer C061709 requires Enhanced Due Diligence because the customer is classified as a Politically Exposed Person (PEP) or presents elevated AML risk.,Customer C061709 requires Enhanced Due Diligence because the customer is classified as a Politically Exposed Person (PEP) or presents elevated AML risk. The customer has a Low AML Risk classification.,Wrong Risk Score,Critical,Yes
H0080580,A0233123,Q0233123,C046624,Customer C046624 requires Enhanced Due Diligence because the customer is classified as a Politically Exposed Person (PEP) or presents elevated AML risk.,Customer C046624 requires Enhanced Due Diligence because the customer is classified as a Politically Exposed Person (PEP) or presents elevated AML risk. The customer has a Low AML Risk classification.,Wrong Risk Score,Low,Yes
H0080591,A0312543,Q0312543,C062508,"Customer C062508 can be approved for onboarding. The customer satisfies KYC requirements, has sufficient verified documentation, and does not require enhanced review.",Customer C062508 requires additional review.,Missing Evidence,Low,Yes
H0080603,A0384514,Q0384514,C076902,"Customer C076902 can be approved for onboarding. The customer satisfies KYC requirements, has sufficient verified documentation, and does not require enhanced review.",Customer C076902 requires additional review.,Missing Evidence,High,Yes
H0080801,A0184205,Q0184205,C036840,"Customer C036840 can be approved for onboarding. The customer satisfies KYC requirements, has sufficient verified documentation, and does not require enhanced review.",Customer C036840 must be rejected due to AML concerns.,Contradiction,Critical,Yes
H0081257,A0011548,Q0011548,C002309,"Customer C002309 can be approved for onboarding. The customer satisfies KYC requirements, has sufficient verified documentation, and does not require enhanced review.",Customer C002309 must be rejected due to AML concerns.,Contradiction,Critical,Yes
H0081312,A0132732,Q0132732,C026546,"Customer C026546 can be approved for onboarding. The customer satisfies KYC requirements, has sufficient verified documentation, and does not require enhanced review.","Customer C026546 can be approved for onboarding. The customer satisfies KYC requirements, has sufficient verified documentation, and does not require enhanced review. The customer was previously investigated for international money laundering activities.",Unsupported Claim,Critical,Yes
H0081316,A0084043,Q0084043,C016808,Customer C016808 requires Enhanced Due Diligence because the customer is classified as a Politically Exposed Person (PEP) or presents elevated AML risk.,Customer C016808 requires Enhanced Due Diligence because the customer is classified as a Politically Exposed Person (PEP) or presents elevated AML risk. The customer was previously investigated for international money laundering activities.,Unsupported Claim,Medium,Yes
H0081399,A0193174,Q0193174,C038634,Customer C038634 requires Enhanced Due Diligence because the customer is classified as a Politically Exposed Person (PEP) or presents elevated AML risk.,"Customer C038634 requires Enhanced Due Diligence because the customer is classified as a Politically Exposed Person (PEP) or presents elevated AML risk. As per AML Regulation Section 99.7, onboarding must be delayed for 90 days.",Fabricated Regulation,Medium,Yes
H0081823,A0243885,Q0243885,C048776,Customer C048776 requires Enhanced Due Diligence because the customer is classified as a Politically Exposed Person (PEP) or presents elevated AML risk.,Customer C048776 requires additional review.,Missing Evidence,Critical,Yes
H0082329,A0207016,Q0207016,C041403,"Customer C041403 can be approved for onboarding. The customer satisfies KYC requirements, has sufficient verified documentation, and does not require enhanced review.","Customer C041403 can be approved for onboarding. The customer satisfies KYC requirements, has sufficient verified documentation, and does not require enhanced review. As per AML Regulation Section 99.7, onboarding must be delayed for 90 days.",Fabricated Regulation,High,Yes
H0082364,A0046885,Q0046885,C009376,Customer C009376 requires Enhanced Due Diligence because the customer is classified as a Politically Exposed Person (PEP) or presents elevated AML risk.,"Customer C009376 requires Enhanced Due Diligence because the customer is classified as a Politically Exposed Person (PEP) or presents elevated AML risk. As per AML Regulation Section 99.7, onboarding must be delayed for 90 days.",Fabricated Regulation,Medium,Yes
H0082370,A0477977,Q0477977,C095595,"Customer C095595 can be approved for onboarding. The customer satisfies KYC requirements, has sufficient verified documentation, and does not require enhanced review.",Customer C095595 requires additional review.,Missing Evidence,Critical,Yes
H0082373,A0043226,Q0043226,C008645,"Customer C008645 can be approved for onboarding. The customer satisfies KYC requirements, has sufficient verified documentation, and does not require enhanced review.","Customer C008645 can be approved for onboarding. The customer satisfies KYC requirements, has sufficient verified documentation, and does not require enhanced review. As per AML Regulation Section 99.7, onboarding must be delayed for 90 days.",Fabricated Regulation,Low,Yes
H0082444,A0363566,Q0363566,C072713,"Customer C072713 can be approved for onboarding. The customer satisfies KYC requirements, has sufficient verified documentation, and does not require enhanced review.","Customer C072713 can be approved for onboarding. The customer satisfies KYC requirements, has sufficient verified documentation, and does not require enhanced review. The customer was previously investigated for international money laundering activities.",Unsupported Claim,High,Yes
H0082795,A0208874,Q0208874,C041774,"Customer C041774 can be approved for onboarding. The customer satisfies KYC requirements, has sufficient verified documentation, and does not require enhanced review.","Customer C041774 can be approved for onboarding. The customer satisfies KYC requirements, has sufficient verified documentation, and does not require enhanced review. The customer was previously investigated for international money laundering activities.",Unsupported Claim,High,Yes
H0083152,A0365699,Q0365699,C073139,Customer C073139 must be rejected because the customer appears on a sanctions list and violates AML onboarding requirements.,"Customer C073139 must be rejected because the customer appears on a sanctions list and violates AML onboarding requirements. As per AML Regulation Section 99.7, onboarding must be delayed for 90 days.",Fabricated Regulation,Medium,Yes
H0083173,A0254848,Q0254848,C050969,Customer C050969 requires Enhanced Due Diligence because the customer is classified as a Politically Exposed Person (PEP) or presents elevated AML risk.,Customer C050969 requires additional review.,Missing Evidence,Low,Yes
H0083524,A0221502,Q0221502,C044300,"Customer C044300 can be approved for onboarding. The customer satisfies KYC requirements, has sufficient verified documentation, and does not require enhanced review.",Customer C044300 requires additional review.,Missing Evidence,Medium,Yes
H0083785,A0212664,Q0212664,C042532,"Customer C042532 can be approved for onboarding. The customer satisfies KYC requirements, has sufficient verified documentation, and does not require enhanced review.","Customer C042532 can be approved for onboarding. The customer satisfies KYC requirements, has sufficient verified documentation, and does not require enhanced review. The customer was previously investigated for international money laundering activities.",Unsupported Claim,Low,Yes
H0083981,A0249853,Q0249853,C049970,Customer C049970 should be escalated for manual review due to elevated risk indicators requiring additional investigation.,"Customer C049970 should be escalated for manual review due to elevated risk indicators requiring additional investigation. As per AML Regulation Section 99.7, onboarding must be delayed for 90 days.",Fabricated Regulation,Medium,Yes
H0084063,A0270848,Q0270848,C054169,Customer C054169 should be escalated for manual review due to elevated risk indicators requiring additional investigation.,"Customer C054169 should be escalated for manual review due to elevated risk indicators requiring additional investigation. As per AML Regulation Section 99.7, onboarding must be delayed for 90 days.",Fabricated Regulation,High,Yes
H0084369,A0435069,Q0435069,C087013,"Customer C087013 can be approved for onboarding. The customer satisfies KYC requirements, has sufficient verified documentation, and does not require enhanced review.","Customer C087013 can be approved for onboarding. The customer satisfies KYC requirements, has sufficient verified documentation, and does not require enhanced review. As per AML Regulation Section 99.7, onboarding must be delayed for 90 days.",Fabricated Regulation,Critical,Yes
H0084439,A0230460,Q0230460,C046091,"Customer C046091 can be approved for onboarding. The customer satisfies KYC requirements, has sufficient verified documentation, and does not require enhanced review.","Customer C046091 can be approved for onboarding. The customer satisfies KYC requirements, has sufficient verified documentation, and does not require enhanced review. The customer was previously investigated for international money laundering activities.",Unsupported Claim,High,Yes
H0084589,A0224946,Q0224946,C044989,"Customer C044989 can be approved for onboarding. The customer satisfies KYC requirements, has sufficient verified documentation, and does not require enhanced review.","Customer C044989 can be approved for onboarding. The customer satisfies KYC requirements, has sufficient verified documentation, and does not require enhanced review. As per AML Regulation Section 99.7, onboarding must be delayed for 90 days.",Fabricated Regulation,High,Yes
H0084686,A0406841,Q0406841,C081368,"Customer C081368 can be approved for onboarding. The customer satisfies KYC requirements, has sufficient verified documentation, and does not require enhanced review.","Customer C081368 can be approved for onboarding. The customer satisfies KYC requirements, has sufficient verified documentation, and does not require enhanced review. As per AML Regulation Section 99.7, onboarding must be delayed for 90 days.",Fabricated Regulation,Medium,Yes
H0084773,A0366090,Q0366090,C073217,Customer C073217 requires Enhanced Due Diligence because the customer is classified as a Politically Exposed Person (PEP) or presents elevated AML risk.,"Customer C073217 requires Enhanced Due Diligence because the customer is classified as a Politically Exposed Person (PEP) or presents elevated AML risk. As per AML Regulation Section 99.7, onboarding must be delayed for 90 days.",Fabricated Regulation,Critical,Yes
H0085028,A0294953,Q0294953,C058990,"Customer C058990 can be approved for onboarding. The customer satisfies KYC requirements, has sufficient verified documentation, and does not require enhanced review.","Customer C058990 can be approved for onboarding. The customer satisfies KYC requirements, has sufficient verified documentation, and does not require enhanced review. The customer has a Low AML Risk classification.",Wrong Risk Score,Critical,Yes
H0085119,A0388557,Q0388557,C077711,"Customer C077711 can be approved for onboarding. The customer satisfies KYC requirements, has sufficient verified documentation, and does not require enhanced review.",Customer C077711 must be rejected due to AML concerns.,Contradiction,Medium,Yes
H0085151,A0300311,Q0300311,C060062,"Customer C060062 can be approved for onboarding. The customer satisfies KYC requirements, has sufficient verified documentation, and does not require enhanced review.",Customer C060062 requires additional review.,Missing Evidence,High,Yes
H0085161,A0461341,Q0461341,C092268,"Customer C092268 can be approved for onboarding. The customer satisfies KYC requirements, has sufficient verified documentation, and does not require enhanced review.","Customer C092268 can be approved for onboarding. The customer satisfies KYC requirements, has sufficient verified documentation, and does not require enhanced review. The customer has a Low AML Risk classification.",Wrong Risk Score,Medium,Yes
H0085179,A0141739,Q0141739,C028347,"Customer C028347 can be approved for onboarding. The customer satisfies KYC requirements, has sufficient verified documentation, and does not require enhanced review.",Customer C028347 requires additional review.,Missing Evidence,Critical,Yes
H0085185,A0260438,Q0260438,C052087,"Customer C052087 can be approved for onboarding. The customer satisfies KYC requirements, has sufficient verified documentation, and does not require enhanced review.","Customer C052087 can be approved for onboarding. The customer satisfies KYC requirements, has sufficient verified documentation, and does not require enhanced review. The customer was previously investigated for international money laundering activities.",Unsupported Claim,Low,Yes
H0085373,A0196866,Q0196866,C039373,Customer C039373 requires Enhanced Due Diligence because the customer is classified as a Politically Exposed Person (PEP) or presents elevated AML risk.,Customer C039373 requires Enhanced Due Diligence because the customer is classified as a Politically Exposed Person (PEP) or presents elevated AML risk. The customer has a Low AML Risk classification.,Wrong Risk Score,Critical,Yes
H0085461,A0026572,Q0026572,C005314,"Customer C005314 can be approved for onboarding. The customer satisfies KYC requirements, has sufficient verified documentation, and does not require enhanced review.","Customer C005314 can be approved for onboarding. The customer satisfies KYC requirements, has sufficient verified documentation, and does not require enhanced review. As per AML Regulation Section 99.7, onboarding must be delayed for 90 days.",Fabricated Regulation,High,Yes
H0085496,A0426837,Q0426837,C085367,Customer C085367 requires Enhanced Due Diligence because the customer is classified as a Politically Exposed Person (PEP) or presents elevated AML risk.,Customer C085367 requires Enhanced Due Diligence because the customer is classified as a Politically Exposed Person (PEP) or presents elevated AML risk. The customer has a Low AML Risk classification.,Wrong Risk Score,Medium,Yes
H0085653,A0484336,Q0484336,C096867,Customer C096867 requires Enhanced Due Diligence because the customer is classified as a Politically Exposed Person (PEP) or presents elevated AML risk.,Customer C096867 requires Enhanced Due Diligence because the customer is classified as a Politically Exposed Person (PEP) or presents elevated AML risk. The customer was previously investigated for international money laundering activities.,Unsupported Claim,Critical,Yes
H0085772,A0264167,Q0264167,C052833,"Customer C052833 can be approved for onboarding. The customer satisfies KYC requirements, has sufficient verified documentation, and does not require enhanced review.","Customer C052833 can be approved for onboarding. The customer satisfies KYC requirements, has sufficient verified documentation, and does not require enhanced review. The customer was previously investigated for international money laundering activities.",Unsupported Claim,High,Yes
H0085866,A0245138,Q0245138,C049027,"Customer C049027 can be approved for onboarding. The customer satisfies KYC requirements, has sufficient verified documentation, and does not require enhanced review.","Customer C049027 can be approved for onboarding. The customer satisfies KYC requirements, has sufficient verified documentation, and does not require enhanced review. The customer was previously investigated for international money laundering activities.",Unsupported Claim,High,Yes
H0085916,A0318855,Q0318855,C063770,Customer C063770 requires Enhanced Due Diligence because the customer is classified as a Politically Exposed Person (PEP) or presents elevated AML risk.,Customer C063770 requires Enhanced Due Diligence because the customer is classified as a Politically Exposed Person (PEP) or presents elevated AML risk. The customer was previously investigated for international money laundering activities.,Unsupported Claim,Low,Yes
H0086032,A0443970,Q0443970,C088793,"Customer C088793 can be approved for onboarding. The customer satisfies KYC requirements, has sufficient verified documentation, and does not require enhanced review.","Customer C088793 can be approved for onboarding. The customer satisfies KYC requirements, has sufficient verified documentation, and does not require enhanced review. The customer was previously investigated for international money laundering activities.",Unsupported Claim,High,Yes
H0086092,A0373551,Q0373551,C074710,"Customer C074710 can be approved for onboarding. The customer satisfies KYC requirements, has sufficient verified documentation, and does not require enhanced review.",Customer C074710 must be rejected due to AML concerns.,Contradiction,High,Yes
H0086096,A0002467,Q0002467,C000493,Customer C000493 requires Enhanced Due Diligence because the customer is classified as a Politically Exposed Person (PEP) or presents elevated AML risk.,Customer C000493 requires Enhanced Due Diligence because the customer is classified as a Politically Exposed Person (PEP) or presents elevated AML risk. The customer was previously investigated for international money laundering activities.,Unsupported Claim,Critical,Yes
H0086238,A0342327,Q0342327,C068465,Customer C068465 must be rejected because the customer appears on a sanctions list and violates AML onboarding requirements.,"Customer C068465 must be rejected because the customer appears on a sanctions list and violates AML onboarding requirements. As per AML Regulation Section 99.7, onboarding must be delayed for 90 days.",Fabricated Regulation,Medium,Yes
H0086335,A0236774,Q0236774,C047354,"Customer C047354 can be approved for onboarding. The customer satisfies KYC requirements, has sufficient verified documentation, and does not require enhanced review.","Customer C047354 can be approved for onboarding. The customer satisfies KYC requirements, has sufficient verified documentation, and does not require enhanced review. The customer has a Low AML Risk classification.",Wrong Risk Score,Low,Yes
H0086502,A0204560,Q0204560,C040911,"Customer C040911 can be approved for onboarding. The customer satisfies KYC requirements, has sufficient verified documentation, and does not require enhanced review.","Customer C040911 can be approved for onboarding. The customer satisfies KYC requirements, has sufficient verified documentation, and does not require enhanced review. The customer has a Low AML Risk classification.",Wrong Risk Score,High,Yes
H0086525,A0027792,Q0027792,C005558,"Customer C005558 can be approved for onboarding. The customer satisfies KYC requirements, has sufficient verified documentation, and does not require enhanced review.","Customer C005558 can be approved for onboarding. The customer satisfies KYC requirements, has sufficient verified documentation, and does not require enhanced review. The customer was previously investigated for international money laundering activities.",Unsupported Claim,High,Yes
H0086597,A0428939,Q0428939,C085787,Customer C085787 requires Enhanced Due Diligence because the customer is classified as a Politically Exposed Person (PEP) or presents elevated AML risk.,Customer C085787 requires Enhanced Due Diligence because the customer is classified as a Politically Exposed Person (PEP) or presents elevated AML risk. The customer was previously investigated for international money laundering activities.,Unsupported Claim,High,Yes
H0086604,A0182524,Q0182524,C036504,"Customer C036504 can be approved for onboarding. The customer satisfies KYC requirements, has sufficient verified documentation, and does not require enhanced review.",Customer C036504 must be rejected due to AML concerns.,Contradiction,Critical,Yes
H0086663,A0092637,Q0092637,C018527,"Customer C018527 can be approved for onboarding. The customer satisfies KYC requirements, has sufficient verified documentation, and does not require enhanced review.",Customer C018527 must be rejected due to AML concerns.,Contradiction,Low,Yes
H0086850,A0117496,Q0117496,C023499,"Customer C023499 can be approved for onboarding. The customer satisfies KYC requirements, has sufficient verified documentation, and does not require enhanced review.","Customer C023499 can be approved for onboarding. The customer satisfies KYC requirements, has sufficient verified documentation, and does not require enhanced review. The customer was previously investigated for international money laundering activities.",Unsupported Claim,Low,Yes
H0087043,A0431975,Q0431975,C086394,"Customer C086394 can be approved for onboarding. The customer satisfies KYC requirements, has sufficient verified documentation, and does not require enhanced review.","Customer C086394 can be approved for onboarding. The customer satisfies KYC requirements, has sufficient verified documentation, and does not require enhanced review. As per AML Regulation Section 99.7, onboarding must be delayed for 90 days.",Fabricated Regulation,Low,Yes
H0087051,A0064208,Q0064208,C012841,"Customer C012841 can be approved for onboarding. The customer satisfies KYC requirements, has sufficient verified documentation, and does not require enhanced review.","Customer C012841 can be approved for onboarding. The customer satisfies KYC requirements, has sufficient verified documentation, and does not require enhanced review. The customer was previously investigated for international money laundering activities.",Unsupported Claim,Medium,Yes
H0087311,A0008060,Q0008060,C001611,"Customer C001611 can be approved for onboarding. The customer satisfies KYC requirements, has sufficient verified documentation, and does not require enhanced review.",Customer C001611 must be rejected due to AML concerns.,Contradiction,Low,Yes
H0087433,A0397851,Q0397851,C079570,Customer C079570 requires Enhanced Due Diligence because the customer is classified as a Politically Exposed Person (PEP) or presents elevated AML risk.,Customer C079570 requires Enhanced Due Diligence because the customer is classified as a Politically Exposed Person (PEP) or presents elevated AML risk. The customer has a Low AML Risk classification.,Wrong Risk Score,Low,Yes
H0087583,A0046881,Q0046881,C009376,Customer C009376 requires Enhanced Due Diligence because the customer is classified as a Politically Exposed Person (PEP) or presents elevated AML risk.,Customer C009376 requires Enhanced Due Diligence because the customer is classified as a Politically Exposed Person (PEP) or presents elevated AML risk. The customer has a Low AML Risk classification.,Wrong Risk Score,Low,Yes
H0087608,A0288030,Q0288030,C057605,"Customer C057605 can be approved for onboarding. The customer satisfies KYC requirements, has sufficient verified documentation, and does not require enhanced review.","Customer C057605 can be approved for onboarding. The customer satisfies KYC requirements, has sufficient verified documentation, and does not require enhanced review. The customer was previously investigated for international money laundering activities.",Unsupported Claim,Medium,Yes
H0087772,A0173711,Q0173711,C034742,Customer C034742 must be rejected because the customer appears on a sanctions list and violates AML onboarding requirements.,Customer C034742 requires additional review.,Missing Evidence,Critical,Yes
H0087905,A0179369,Q0179369,C035873,"Customer C035873 can be approved for onboarding. The customer satisfies KYC requirements, has sufficient verified documentation, and does not require enhanced review.","Customer C035873 can be approved for onboarding. The customer satisfies KYC requirements, has sufficient verified documentation, and does not require enhanced review. The customer was previously investigated for international money laundering activities.",Unsupported Claim,Critical,Yes
H0087926,A0098999,Q0098999,C019799,"Customer C019799 can be approved for onboarding. The customer satisfies KYC requirements, has sufficient verified documentation, and does not require enhanced review.","Customer C019799 can be approved for onboarding. The customer satisfies KYC requirements, has sufficient verified documentation, and does not require enhanced review. As per AML Regulation Section 99.7, onboarding must be delayed for 90 days.",Fabricated Regulation,High,Yes
H0087930,A0024357,Q0024357,C004871,Customer C004871 requires Enhanced Due Diligence because the customer is classified as a Politically Exposed Person (PEP) or presents elevated AML risk.,"Customer C004871 requires Enhanced Due Diligence because the customer is classified as a Politically Exposed Person (PEP) or presents elevated AML risk. As per AML Regulation Section 99.7, onboarding must be delayed for 90 days.",Fabricated Regulation,Medium,Yes
H0088017,A0208920,Q0208920,C041783,"Customer C041783 can be approved for onboarding. The customer satisfies KYC requirements, has sufficient verified documentation, and does not require enhanced review.","Customer C041783 can be approved for onboarding. The customer satisfies KYC requirements, has sufficient verified documentation, and does not require enhanced review. The customer was previously investigated for international money laundering activities.",Unsupported Claim,Critical,Yes
H0088143,A0230852,Q0230852,C046170,"Customer C046170 can be approved for onboarding. The customer satisfies KYC requirements, has sufficient verified documentation, and does not require enhanced review.","Customer C046170 can be approved for onboarding. The customer satisfies KYC requirements, has sufficient verified documentation, and does not require enhanced review. The customer was previously investigated for international money laundering activities.",Unsupported Claim,Medium,Yes
H0088212,A0478297,Q0478297,C095659,"Customer C095659 can be approved for onboarding. The customer satisfies KYC requirements, has sufficient verified documentation, and does not require enhanced review.",Customer C095659 must be rejected due to AML concerns.,Contradiction,High,Yes
H0088485,A0407950,Q0407950,C081589,Customer C081589 must be rejected because the customer appears on a sanctions list and violates AML onboarding requirements.,Customer C081589 requires additional review.,Missing Evidence,High,Yes
H0088524,A0174058,Q0174058,C034811,"Customer C034811 can be approved for onboarding. The customer satisfies KYC requirements, has sufficient verified documentation, and does not require enhanced review.",Customer C034811 requires additional review.,Missing Evidence,Critical,Yes
H0088658,A0495497,Q0495497,C099099,"Customer C099099 can be approved for onboarding. The customer satisfies KYC requirements, has sufficient verified documentation, and does not require enhanced review.","Customer C099099 can be approved for onboarding. The customer satisfies KYC requirements, has sufficient verified documentation, and does not require enhanced review. The customer was previously investigated for international money laundering activities.",Unsupported Claim,High,Yes
H0088979,A0043205,Q0043205,C008640,"Customer C008640 can be approved for onboarding. The customer satisfies KYC requirements, has sufficient verified documentation, and does not require enhanced review.",Customer C008640 must be rejected due to AML concerns.,Contradiction,Low,Yes
H0088998,A0377336,Q0377336,C075467,Customer C075467 requires Enhanced Due Diligence because the customer is classified as a Politically Exposed Person (PEP) or presents elevated AML risk.,Customer C075467 requires no enhanced review.,Contradiction,Medium,Yes
H0089128,A0314853,Q0314853,C062970,"Customer C062970 can be approved for onboarding. The customer satisfies KYC requirements, has sufficient verified documentation, and does not require enhanced review.",Customer C062970 must be rejected due to AML concerns.,Contradiction,High,Yes
H0089173,A0045148,Q0045148,C009029,"Customer C009029 can be approved for onboarding. The customer satisfies KYC requirements, has sufficient verified documentation, and does not require enhanced review.","Customer C009029 can be approved for onboarding. The customer satisfies KYC requirements, has sufficient verified documentation, and does not require enhanced review. The customer has a Low AML Risk classification.",Wrong Risk Score,Low,Yes
H0089223,A0006153,Q0006153,C001230,"Customer C001230 can be approved for onboarding. The customer satisfies KYC requirements, has sufficient verified documentation, and does not require enhanced review.","Customer C001230 can be approved for onboarding. The customer satisfies KYC requirements, has sufficient verified documentation, and does not require enhanced review. The customer has a Low AML Risk classification.",Wrong Risk Score,High,Yes
H0089231,A0183423,Q0183423,C036684,"Customer C036684 can be approved for onboarding. The customer satisfies KYC requirements, has sufficient verified documentation, and does not require enhanced review.",Customer C036684 must be rejected due to AML concerns.,Contradiction,Medium,Yes
H0089296,A0202791,Q0202791,C040558,Customer C040558 requires Enhanced Due Diligence because the customer is classified as a Politically Exposed Person (PEP) or presents elevated AML risk.,Customer C040558 requires Enhanced Due Diligence because the customer is classified as a Politically Exposed Person (PEP) or presents elevated AML risk. The customer has a Low AML Risk classification.,Wrong Risk Score,Medium,Yes
H0089366,A0367860,Q0367860,C073571,"Customer C073571 can be approved for onboarding. The customer satisfies KYC requirements, has sufficient verified documentation, and does not require enhanced review.","Customer C073571 can be approved for onboarding. The customer satisfies KYC requirements, has sufficient verified documentation, and does not require enhanced review. The customer has a Low AML Risk classification.",Wrong Risk Score,High,Yes
H0089377,A0173162,Q0173162,C034632,Customer C034632 requires Enhanced Due Diligence because the customer is classified as a Politically Exposed Person (PEP) or presents elevated AML risk.,"Customer C034632 requires Enhanced Due Diligence because the customer is classified as a Politically Exposed Person (PEP) or presents elevated AML risk. As per AML Regulation Section 99.7, onboarding must be delayed for 90 days.",Fabricated Regulation,Medium,Yes
H0089486,A0193739,Q0193739,C038747,"Customer C038747 can be approved for onboarding. The customer satisfies KYC requirements, has sufficient verified documentation, and does not require enhanced review.",Customer C038747 requires additional review.,Missing Evidence,Critical,Yes
H0089497,A0346619,Q0346619,C069323,"Customer C069323 can be approved for onboarding. The customer satisfies KYC requirements, has sufficient verified documentation, and does not require enhanced review.","Customer C069323 can be approved for onboarding. The customer satisfies KYC requirements, has sufficient verified documentation, and does not require enhanced review. The customer was previously investigated for international money laundering activities.",Unsupported Claim,Medium,Yes
H0089693,A0429944,Q0429944,C085988,"Customer C085988 can be approved for onboarding. The customer satisfies KYC requirements, has sufficient verified documentation, and does not require enhanced review.","Customer C085988 can be approved for onboarding. The customer satisfies KYC requirements, has sufficient verified documentation, and does not require enhanced review. The customer has a Low AML Risk classification.",Wrong Risk Score,Low,Yes
H0089735,A0445978,Q0445978,C089195,"Customer C089195 can be approved for onboarding. The customer satisfies KYC requirements, has sufficient verified documentation, and does not require enhanced review.",Customer C089195 requires additional review.,Missing Evidence,Medium,Yes
H0089816,A0316275,Q0316275,C063254,"Customer C063254 can be approved for onboarding. The customer satisfies KYC requirements, has sufficient verified documentation, and does not require enhanced review.","Customer C063254 can be approved for onboarding. The customer satisfies KYC requirements, has sufficient verified documentation, and does not require enhanced review. The customer was previously investigated for international money laundering activities.",Unsupported Claim,High,Yes
H0089872,A0380506,Q0380506,C076101,Customer C076101 requires Enhanced Due Diligence because the customer is classified as a Politically Exposed Person (PEP) or presents elevated AML risk.,"Customer C076101 requires Enhanced Due Diligence because the customer is classified as a Politically Exposed Person (PEP) or presents elevated AML risk. As per AML Regulation Section 99.7, onboarding must be delayed for 90 days.",Fabricated Regulation,Low,Yes
H0090046,A0167711,Q0167711,C033542,Customer C033542 must be rejected because the customer appears on a sanctions list and violates AML onboarding requirements.,Customer C033542 must be rejected because the customer appears on a sanctions list and violates AML onboarding requirements. The customer was previously investigated for international money laundering activities.,Unsupported Claim,Medium,Yes
H0090078,A0093665,Q0093665,C018732,Customer C018732 requires Enhanced Due Diligence because the customer is classified as a Politically Exposed Person (PEP) or presents elevated AML risk.,Customer C018732 requires additional review.,Missing Evidence,Critical,Yes
H0090141,A0020478,Q0020478,C004095,"Customer C004095 can be approved for onboarding. The customer satisfies KYC requirements, has sufficient verified documentation, and does not require enhanced review.",Customer C004095 requires additional review.,Missing Evidence,Low,Yes
H0090154,A0135872,Q0135872,C027174,"Customer C027174 can be approved for onboarding. The customer satisfies KYC requirements, has sufficient verified documentation, and does not require enhanced review.","Customer C027174 can be approved for onboarding. The customer satisfies KYC requirements, has sufficient verified documentation, and does not require enhanced review. The customer has a Low AML Risk classification.",Wrong Risk Score,Critical,Yes
H0090358,A0285756,Q0285756,C057151,"Customer C057151 can be approved for onboarding. The customer satisfies KYC requirements, has sufficient verified documentation, and does not require enhanced review.",Customer C057151 must be rejected due to AML concerns.,Contradiction,Medium,Yes
H0090527,A0427988,Q0427988,C085597,Customer C085597 should be escalated for manual review due to elevated risk indicators requiring additional investigation.,Customer C085597 should be escalated for manual review due to elevated risk indicators requiring additional investigation. The customer was previously investigated for international money laundering activities.,Unsupported Claim,High,Yes
H0090649,A0373169,Q0373169,C074633,"Customer C074633 can be approved for onboarding. The customer satisfies KYC requirements, has sufficient verified documentation, and does not require enhanced review.",Customer C074633 requires additional review.,Missing Evidence,Low,Yes
H0090692,A0287852,Q0287852,C057570,"Customer C057570 can be approved for onboarding. The customer satisfies KYC requirements, has sufficient verified documentation, and does not require enhanced review.","Customer C057570 can be approved for onboarding. The customer satisfies KYC requirements, has sufficient verified documentation, and does not require enhanced review. As per AML Regulation Section 99.7, onboarding must be delayed for 90 days.",Fabricated Regulation,High,Yes
H0090858,A0372031,Q0372031,C074406,Customer C074406 requires Enhanced Due Diligence because the customer is classified as a Politically Exposed Person (PEP) or presents elevated AML risk.,"Customer C074406 requires Enhanced Due Diligence because the customer is classified as a Politically Exposed Person (PEP) or presents elevated AML risk. As per AML Regulation Section 99.7, onboarding must be delayed for 90 days.",Fabricated Regulation,Medium,Yes
H0090891,A0190765,Q0190765,C038152,"Customer C038152 can be approved for onboarding. The customer satisfies KYC requirements, has sufficient verified documentation, and does not require enhanced review.",Customer C038152 requires additional review.,Missing Evidence,Medium,Yes
H0090979,A0487412,Q0487412,C097482,"Customer C097482 can be approved for onboarding. The customer satisfies KYC requirements, has sufficient verified documentation, and does not require enhanced review.",Customer C097482 requires additional review.,Missing Evidence,High,Yes
H0091016,A0389615,Q0389615,C077922,"Customer C077922 can be approved for onboarding. The customer satisfies KYC requirements, has sufficient verified documentation, and does not require enhanced review.","Customer C077922 can be approved for onboarding. The customer satisfies KYC requirements, has sufficient verified documentation, and does not require enhanced review. As per AML Regulation Section 99.7, onboarding must be delayed for 90 days.",Fabricated Regulation,Medium,Yes
H0091040,A0291999,Q0291999,C058399,"Customer C058399 can be approved for onboarding. The customer satisfies KYC requirements, has sufficient verified documentation, and does not require enhanced review.","Customer C058399 can be approved for onboarding. The customer satisfies KYC requirements, has sufficient verified documentation, and does not require enhanced review. As per AML Regulation Section 99.7, onboarding must be delayed for 90 days.",Fabricated Regulation,Medium,Yes
H0091099,A0434352,Q0434352,C086870,"Customer C086870 can be approved for onboarding. The customer satisfies KYC requirements, has sufficient verified documentation, and does not require enhanced review.","Customer C086870 can be approved for onboarding. The customer satisfies KYC requirements, has sufficient verified documentation, and does not require enhanced review. The customer was previously investigated for international money laundering activities.",Unsupported Claim,Critical,Yes
H0091101,A0437943,Q0437943,C087588,"Customer C087588 can be approved for onboarding. The customer satisfies KYC requirements, has sufficient verified documentation, and does not require enhanced review.","Customer C087588 can be approved for onboarding. The customer satisfies KYC requirements, has sufficient verified documentation, and does not require enhanced review. The customer has a Low AML Risk classification.",Wrong Risk Score,Low,Yes
H0091140,A0498344,Q0498344,C099668,Customer C099668 should be escalated for manual review due to elevated risk indicators requiring additional investigation.,Customer C099668 should be escalated for manual review due to elevated risk indicators requiring additional investigation. The customer was previously investigated for international money laundering activities.,Unsupported Claim,Critical,Yes
H0091165,A0157440,Q0157440,C031487,"Customer C031487 can be approved for onboarding. The customer satisfies KYC requirements, has sufficient verified documentation, and does not require enhanced review.",Customer C031487 must be rejected due to AML concerns.,Contradiction,High,Yes
H0091396,A0349770,Q0349770,C069953,"Customer C069953 can be approved for onboarding. The customer satisfies KYC requirements, has sufficient verified documentation, and does not require enhanced review.","Customer C069953 can be approved for onboarding. The customer satisfies KYC requirements, has sufficient verified documentation, and does not require enhanced review. The customer was previously investigated for international money laundering activities.",Unsupported Claim,Medium,Yes
H0091553,A0303285,Q0303285,C060656,Customer C060656 requires Enhanced Due Diligence because the customer is classified as a Politically Exposed Person (PEP) or presents elevated AML risk.,Customer C060656 requires no enhanced review.,Contradiction,Medium,Yes
H0091559,A0480847,Q0480847,C096169,"Customer C096169 can be approved for onboarding. The customer satisfies KYC requirements, has sufficient verified documentation, and does not require enhanced review.",Customer C096169 requires additional review.,Missing Evidence,Low,Yes
H0091674,A0401739,Q0401739,C080347,"Customer C080347 can be approved for onboarding. The customer satisfies KYC requirements, has sufficient verified documentation, and does not require enhanced review.",Customer C080347 must be rejected due to AML concerns.,Contradiction,Low,Yes
H0091734,A0392053,Q0392053,C078410,"Customer C078410 can be approved for onboarding. The customer satisfies KYC requirements, has sufficient verified documentation, and does not require enhanced review.","Customer C078410 can be approved for onboarding. The customer satisfies KYC requirements, has sufficient verified documentation, and does not require enhanced review. The customer was previously investigated for international money laundering activities.",Unsupported Claim,High,Yes
H0091943,A0335062,Q0335062,C067012,"Customer C067012 can be approved for onboarding. The customer satisfies KYC requirements, has sufficient verified documentation, and does not require enhanced review.",Customer C067012 must be rejected due to AML concerns.,Contradiction,Low,Yes
H0092328,A0264826,Q0264826,C052965,"Customer C052965 can be approved for onboarding. The customer satisfies KYC requirements, has sufficient verified documentation, and does not require enhanced review.","Customer C052965 can be approved for onboarding. The customer satisfies KYC requirements, has sufficient verified documentation, and does not require enhanced review. The customer has a Low AML Risk classification.",Wrong Risk Score,Medium,Yes
H0092438,A0385692,Q0385692,C077138,"Customer C077138 can be approved for onboarding. The customer satisfies KYC requirements, has sufficient verified documentation, and does not require enhanced review.",Customer C077138 must be rejected due to AML concerns.,Contradiction,Medium,Yes
H0092496,A0235762,Q0235762,C047152,"Customer C047152 can be approved for onboarding. The customer satisfies KYC requirements, has sufficient verified documentation, and does not require enhanced review.","Customer C047152 can be approved for onboarding. The customer satisfies KYC requirements, has sufficient verified documentation, and does not require enhanced review. The customer was previously investigated for international money laundering activities.",Unsupported Claim,Medium,Yes
H0092587,A0297890,Q0297890,C059577,"Customer C059577 can be approved for onboarding. The customer satisfies KYC requirements, has sufficient verified documentation, and does not require enhanced review.",Customer C059577 must be rejected due to AML concerns.,Contradiction,Low,Yes
H0092667,A0248631,Q0248631,C049726,Customer C049726 requires Enhanced Due Diligence because the customer is classified as a Politically Exposed Person (PEP) or presents elevated AML risk.,Customer C049726 requires additional review.,Missing Evidence,Medium,Yes
H0092669,A0244917,Q0244917,C048983,"Customer C048983 can be approved for onboarding. The customer satisfies KYC requirements, has sufficient verified documentation, and does not require enhanced review.",Customer C048983 requires additional review.,Missing Evidence,High,Yes
H0092683,A0153243,Q0153243,C030648,Customer C030648 requires Enhanced Due Diligence because the customer is classified as a Politically Exposed Person (PEP) or presents elevated AML risk.,"Customer C030648 requires Enhanced Due Diligence because the customer is classified as a Politically Exposed Person (PEP) or presents elevated AML risk. As per AML Regulation Section 99.7, onboarding must be delayed for 90 days.",Fabricated Regulation,High,Yes
H0092787,A0478304,Q0478304,C095660,"Customer C095660 can be approved for onboarding. The customer satisfies KYC requirements, has sufficient verified documentation, and does not require enhanced review.","Customer C095660 can be approved for onboarding. The customer satisfies KYC requirements, has sufficient verified documentation, and does not require enhanced review. As per AML Regulation Section 99.7, onboarding must be delayed for 90 days.",Fabricated Regulation,Critical,Yes
H0092796,A0458981,Q0458981,C091796,"Customer C091796 can be approved for onboarding. The customer satisfies KYC requirements, has sufficient verified documentation, and does not require enhanced review.",Customer C091796 requires additional review.,Missing Evidence,Medium,Yes
H0092819,A0128301,Q0128301,C025660,"Customer C025660 can be approved for onboarding. The customer satisfies KYC requirements, has sufficient verified documentation, and does not require enhanced review.",Customer C025660 requires additional review.,Missing Evidence,Medium,Yes
H0092882,A0400498,Q0400498,C080099,Customer C080099 should be escalated for manual review due to elevated risk indicators requiring additional investigation.,Customer C080099 should be escalated for manual review due to elevated risk indicators requiring additional investigation. The customer was previously investigated for international money laundering activities.,Unsupported Claim,Medium,Yes
H0092986,A0392154,Q0392154,C078430,Customer C078430 requires Enhanced Due Diligence because the customer is classified as a Politically Exposed Person (PEP) or presents elevated AML risk.,Customer C078430 requires no enhanced review.,Contradiction,Critical,Yes
H0092994,A0392179,Q0392179,C078435,"Customer C078435 can be approved for onboarding. The customer satisfies KYC requirements, has sufficient verified documentation, and does not require enhanced review.","Customer C078435 can be approved for onboarding. The customer satisfies KYC requirements, has sufficient verified documentation, and does not require enhanced review. The customer was previously investigated for international money laundering activities.",Unsupported Claim,Medium,Yes
H0093270,A0364312,Q0364312,C072862,"Customer C072862 can be approved for onboarding. The customer satisfies KYC requirements, has sufficient verified documentation, and does not require enhanced review.",Customer C072862 must be rejected due to AML concerns.,Contradiction,Critical,Yes
H0093441,A0424797,Q0424797,C084959,Customer C084959 requires Enhanced Due Diligence because the customer is classified as a Politically Exposed Person (PEP) or presents elevated AML risk.,Customer C084959 requires no enhanced review.,Contradiction,Low,Yes
H0093543,A0105569,Q0105569,C021113,"Customer C021113 can be approved for onboarding. The customer satisfies KYC requirements, has sufficient verified documentation, and does not require enhanced review.",Customer C021113 requires additional review.,Missing Evidence,Critical,Yes
H0093568,A0281360,Q0281360,C056271,"Customer C056271 can be approved for onboarding. The customer satisfies KYC requirements, has sufficient verified documentation, and does not require enhanced review.","Customer C056271 can be approved for onboarding. The customer satisfies KYC requirements, has sufficient verified documentation, and does not require enhanced review. As per AML Regulation Section 99.7, onboarding must be delayed for 90 days.",Fabricated Regulation,Low,Yes
H0093643,A0397929,Q0397929,C079585,"Customer C079585 can be approved for onboarding. The customer satisfies KYC requirements, has sufficient verified documentation, and does not require enhanced review.",Customer C079585 must be rejected due to AML concerns.,Contradiction,Medium,Yes
H0093988,A0274166,Q0274166,C054833,Customer C054833 requires Enhanced Due Diligence because the customer is classified as a Politically Exposed Person (PEP) or presents elevated AML risk.,Customer C054833 requires no enhanced review.,Contradiction,Critical,Yes
H0094046,A0425436,Q0425436,C085087,"Customer C085087 can be approved for onboarding. The customer satisfies KYC requirements, has sufficient verified documentation, and does not require enhanced review.","Customer C085087 can be approved for onboarding. The customer satisfies KYC requirements, has sufficient verified documentation, and does not require enhanced review. The customer has a Low AML Risk classification.",Wrong Risk Score,Critical,Yes
H0094284,A0432444,Q0432444,C086488,"Customer C086488 can be approved for onboarding. The customer satisfies KYC requirements, has sufficient verified documentation, and does not require enhanced review.",Customer C086488 requires additional review.,Missing Evidence,Critical,Yes
H0094334,A0466602,Q0466602,C093320,Customer C093320 must be rejected because the customer appears on a sanctions list and violates AML onboarding requirements.,Customer C093320 requires additional review.,Missing Evidence,Low,Yes
H0094379,A0074313,Q0074313,C014862,Customer C014862 requires Enhanced Due Diligence because the customer is classified as a Politically Exposed Person (PEP) or presents elevated AML risk.,Customer C014862 requires no enhanced review.,Contradiction,Medium,Yes
H0094528,A0002815,Q0002815,C000562,"Customer C000562 can be approved for onboarding. The customer satisfies KYC requirements, has sufficient verified documentation, and does not require enhanced review.",Customer C000562 requires additional review.,Missing Evidence,Medium,Yes
H0094974,A0045181,Q0045181,C009036,"Customer C009036 can be approved for onboarding. The customer satisfies KYC requirements, has sufficient verified documentation, and does not require enhanced review.","Customer C009036 can be approved for onboarding. The customer satisfies KYC requirements, has sufficient verified documentation, and does not require enhanced review. The customer was previously investigated for international money laundering activities.",Unsupported Claim,Critical,Yes
H0094998,A0234653,Q0234653,C046930,Customer C046930 requires Enhanced Due Diligence because the customer is classified as a Politically Exposed Person (PEP) or presents elevated AML risk.,Customer C046930 requires Enhanced Due Diligence because the customer is classified as a Politically Exposed Person (PEP) or presents elevated AML risk. The customer has a Low AML Risk classification.,Wrong Risk Score,Medium,Yes
H0095115,A0072824,Q0072824,C014564,"Customer C014564 can be approved for onboarding. The customer satisfies KYC requirements, has sufficient verified documentation, and does not require enhanced review.","Customer C014564 can be approved for onboarding. The customer satisfies KYC requirements, has sufficient verified documentation, and does not require enhanced review. The customer has a Low AML Risk classification.",Wrong Risk Score,High,Yes
H0095287,A0025015,Q0025015,C005002,"Customer C005002 can be approved for onboarding. The customer satisfies KYC requirements, has sufficient verified documentation, and does not require enhanced review.",Customer C005002 requires additional review.,Missing Evidence,Low,Yes
H0095669,A0113320,Q0113320,C022663,"Customer C022663 can be approved for onboarding. The customer satisfies KYC requirements, has sufficient verified documentation, and does not require enhanced review.","Customer C022663 can be approved for onboarding. The customer satisfies KYC requirements, has sufficient verified documentation, and does not require enhanced review. The customer was previously investigated for international money laundering activities.",Unsupported Claim,Medium,Yes
H0095742,A0211460,Q0211460,C042291,"Customer C042291 can be approved for onboarding. The customer satisfies KYC requirements, has sufficient verified documentation, and does not require enhanced review.",Customer C042291 must be rejected due to AML concerns.,Contradiction,Critical,Yes
H0095864,A0283432,Q0283432,C056686,Customer C056686 requires Enhanced Due Diligence because the customer is classified as a Politically Exposed Person (PEP) or presents elevated AML risk.,Customer C056686 requires Enhanced Due Diligence because the customer is classified as a Politically Exposed Person (PEP) or presents elevated AML risk. The customer has a Low AML Risk classification.,Wrong Risk Score,Medium,Yes
H0095876,A0433758,Q0433758,C086751,Customer C086751 must be rejected because the customer appears on a sanctions list and violates AML onboarding requirements.,"Customer C086751 must be rejected because the customer appears on a sanctions list and violates AML onboarding requirements. As per AML Regulation Section 99.7, onboarding must be delayed for 90 days.",Fabricated Regulation,High,Yes
H0096125,A0316767,Q0316767,C063353,Customer C063353 requires Enhanced Due Diligence because the customer is classified as a Politically Exposed Person (PEP) or presents elevated AML risk.,Customer C063353 requires Enhanced Due Diligence because the customer is classified as a Politically Exposed Person (PEP) or presents elevated AML risk. The customer was previously investigated for international money laundering activities.,Unsupported Claim,Critical,Yes
H0096238,A0291527,Q0291527,C058305,"Customer C058305 can be approved for onboarding. The customer satisfies KYC requirements, has sufficient verified documentation, and does not require enhanced review.","Customer C058305 can be approved for onboarding. The customer satisfies KYC requirements, has sufficient verified documentation, and does not require enhanced review. The customer was previously investigated for international money laundering activities.",Unsupported Claim,High,Yes
H0096341,A0344260,Q0344260,C068851,Customer C068851 should be escalated for manual review due to elevated risk indicators requiring additional investigation.,Customer C068851 should be escalated for manual review due to elevated risk indicators requiring additional investigation. The customer was previously investigated for international money laundering activities.,Unsupported Claim,Medium,Yes
H0096415,A0045007,Q0045007,C009001,"Customer C009001 can be approved for onboarding. The customer satisfies KYC requirements, has sufficient verified documentation, and does not require enhanced review.","Customer C009001 can be approved for onboarding. The customer satisfies KYC requirements, has sufficient verified documentation, and does not require enhanced review. As per AML Regulation Section 99.7, onboarding must be delayed for 90 days.",Fabricated Regulation,High,Yes
H0096679,A0315030,Q0315030,C063005,Customer C063005 requires Enhanced Due Diligence because the customer is classified as a Politically Exposed Person (PEP) or presents elevated AML risk.,"Customer C063005 requires Enhanced Due Diligence because the customer is classified as a Politically Exposed Person (PEP) or presents elevated AML risk. As per AML Regulation Section 99.7, onboarding must be delayed for 90 days.",Fabricated Regulation,Critical,Yes
H0096842,A0379650,Q0379650,C075929,Customer C075929 requires Enhanced Due Diligence because the customer is classified as a Politically Exposed Person (PEP) or presents elevated AML risk.,"Customer C075929 requires Enhanced Due Diligence because the customer is classified as a Politically Exposed Person (PEP) or presents elevated AML risk. As per AML Regulation Section 99.7, onboarding must be delayed for 90 days.",Fabricated Regulation,Low,Yes
H0096909,A0147486,Q0147486,C029497,"Customer C029497 can be approved for onboarding. The customer satisfies KYC requirements, has sufficient verified documentation, and does not require enhanced review.",Customer C029497 requires additional review.,Missing Evidence,Critical,Yes
H0096915,A0459750,Q0459750,C091949,"Customer C091949 can be approved for onboarding. The customer satisfies KYC requirements, has sufficient verified documentation, and does not require enhanced review.","Customer C091949 can be approved for onboarding. The customer satisfies KYC requirements, has sufficient verified documentation, and does not require enhanced review. The customer was previously investigated for international money laundering activities.",Unsupported Claim,Critical,Yes
H0096974,A0168927,Q0168927,C033785,"Customer C033785 can be approved for onboarding. The customer satisfies KYC requirements, has sufficient verified documentation, and does not require enhanced review.",Customer C033785 requires additional review.,Missing Evidence,Medium,Yes
H0096999,A0021655,Q0021655,C004330,"Customer C004330 can be approved for onboarding. The customer satisfies KYC requirements, has sufficient verified documentation, and does not require enhanced review.",Customer C004330 must be rejected due to AML concerns.,Contradiction,Medium,Yes
H0097086,A0222943,Q0222943,C044588,"Customer C044588 can be approved for onboarding. The customer satisfies KYC requirements, has sufficient verified documentation, and does not require enhanced review.","Customer C044588 can be approved for onboarding. The customer satisfies KYC requirements, has sufficient verified documentation, and does not require enhanced review. As per AML Regulation Section 99.7, onboarding must be delayed for 90 days.",Fabricated Regulation,High,Yes
H0097101,A0020156,Q0020156,C004031,Customer C004031 requires Enhanced Due Diligence because the customer is classified as a Politically Exposed Person (PEP) or presents elevated AML risk.,Customer C004031 requires Enhanced Due Diligence because the customer is classified as a Politically Exposed Person (PEP) or presents elevated AML risk. The customer has a Low AML Risk classification.,Wrong Risk Score,Low,Yes
H0097103,A0035612,Q0035612,C007122,"Customer C007122 can be approved for onboarding. The customer satisfies KYC requirements, has sufficient verified documentation, and does not require enhanced review.","Customer C007122 can be approved for onboarding. The customer satisfies KYC requirements, has sufficient verified documentation, and does not require enhanced review. The customer has a Low AML Risk classification.",Wrong Risk Score,Critical,Yes
H0097123,A0364761,Q0364761,C072952,Customer C072952 must be rejected because the customer appears on a sanctions list and violates AML onboarding requirements.,Customer C072952 can be approved without restrictions.,Contradiction,Critical,Yes
H0097195,A0090704,Q0090704,C018140,"Customer C018140 can be approved for onboarding. The customer satisfies KYC requirements, has sufficient verified documentation, and does not require enhanced review.","Customer C018140 can be approved for onboarding. The customer satisfies KYC requirements, has sufficient verified documentation, and does not require enhanced review. As per AML Regulation Section 99.7, onboarding must be delayed for 90 days.",Fabricated Regulation,Critical,Yes
H0097270,A0437957,Q0437957,C087591,"Customer C087591 can be approved for onboarding. The customer satisfies KYC requirements, has sufficient verified documentation, and does not require enhanced review.",Customer C087591 requires additional review.,Missing Evidence,Low,Yes
H0097282,A0360441,Q0360441,C072088,Customer C072088 requires Enhanced Due Diligence because the customer is classified as a Politically Exposed Person (PEP) or presents elevated AML risk.,Customer C072088 requires no enhanced review.,Contradiction,Medium,Yes
H0097361,A0036326,Q0036326,C007265,"Customer C007265 can be approved for onboarding. The customer satisfies KYC requirements, has sufficient verified documentation, and does not require enhanced review.",Customer C007265 must be rejected due to AML concerns.,Contradiction,Critical,Yes
H0097470,A0074025,Q0074025,C014804,Customer C014804 has insufficient verified documentation. Additional documents are required before onboarding can proceed.,Customer C014804 is approved immediately.,Contradiction,Medium,Yes
H0097471,A0447225,Q0447225,C089444,"Customer C089444 can be approved for onboarding. The customer satisfies KYC requirements, has sufficient verified documentation, and does not require enhanced review.",Customer C089444 must be rejected due to AML concerns.,Contradiction,Medium,Yes
H0097575,A0237318,Q0237318,C047463,"Customer C047463 can be approved for onboarding. The customer satisfies KYC requirements, has sufficient verified documentation, and does not require enhanced review.","Customer C047463 can be approved for onboarding. The customer satisfies KYC requirements, has sufficient verified documentation, and does not require enhanced review. As per AML Regulation Section 99.7, onboarding must be delayed for 90 days.",Fabricated Regulation,Critical,Yes
H0097583,A0431519,Q0431519,C086303,"Customer C086303 can be approved for onboarding. The customer satisfies KYC requirements, has sufficient verified documentation, and does not require enhanced review.","Customer C086303 can be approved for onboarding. The customer satisfies KYC requirements, has sufficient verified documentation, and does not require enhanced review. As per AML Regulation Section 99.7, onboarding must be delayed for 90 days.",Fabricated Regulation,High,Yes
H0097723,A0324914,Q0324914,C064982,Customer C064982 requires Enhanced Due Diligence because the customer is classified as a Politically Exposed Person (PEP) or presents elevated AML risk.,Customer C064982 requires Enhanced Due Diligence because the customer is classified as a Politically Exposed Person (PEP) or presents elevated AML risk. The customer was previously investigated for international money laundering activities.,Unsupported Claim,Low,Yes
H0097732,A0219115,Q0219115,C043822,Customer C043822 requires Enhanced Due Diligence because the customer is classified as a Politically Exposed Person (PEP) or presents elevated AML risk.,Customer C043822 requires no enhanced review.,Contradiction,Critical,Yes
H0097804,A0225169,Q0225169,C045033,Customer C045033 requires Enhanced Due Diligence because the customer is classified as a Politically Exposed Person (PEP) or presents elevated AML risk.,Customer C045033 requires Enhanced Due Diligence because the customer is classified as a Politically Exposed Person (PEP) or presents elevated AML risk. The customer has a Low AML Risk classification.,Wrong Risk Score,High,Yes
H0097855,A0102585,Q0102585,C020516,Customer C020516 must be rejected because the customer appears on a sanctions list and violates AML onboarding requirements.,Customer C020516 must be rejected because the customer appears on a sanctions list and violates AML onboarding requirements. The customer was previously investigated for international money laundering activities.,Unsupported Claim,Critical,Yes
H0097864,A0237625,Q0237625,C047524,"Customer C047524 can be approved for onboarding. The customer satisfies KYC requirements, has sufficient verified documentation, and does not require enhanced review.","Customer C047524 can be approved for onboarding. The customer satisfies KYC requirements, has sufficient verified documentation, and does not require enhanced review. As per AML Regulation Section 99.7, onboarding must be delayed for 90 days.",Fabricated Regulation,Low,Yes
H0097937,A0440307,Q0440307,C088061,"Customer C088061 can be approved for onboarding. The customer satisfies KYC requirements, has sufficient verified documentation, and does not require enhanced review.","Customer C088061 can be approved for onboarding. The customer satisfies KYC requirements, has sufficient verified documentation, and does not require enhanced review. The customer has a Low AML Risk classification.",Wrong Risk Score,Low,Yes
H0098062,A0149730,Q0149730,C029945,"Customer C029945 can be approved for onboarding. The customer satisfies KYC requirements, has sufficient verified documentation, and does not require enhanced review.","Customer C029945 can be approved for onboarding. The customer satisfies KYC requirements, has sufficient verified documentation, and does not require enhanced review. The customer has a Low AML Risk classification.",Wrong Risk Score,Low,Yes
H0098071,A0120810,Q0120810,C024161,"Customer C024161 can be approved for onboarding. The customer satisfies KYC requirements, has sufficient verified documentation, and does not require enhanced review.","Customer C024161 can be approved for onboarding. The customer satisfies KYC requirements, has sufficient verified documentation, and does not require enhanced review. The customer was previously investigated for international money laundering activities.",Unsupported Claim,Low,Yes
H0098081,A0128316,Q0128316,C025663,Customer C025663 requires Enhanced Due Diligence because the customer is classified as a Politically Exposed Person (PEP) or presents elevated AML risk.,"Customer C025663 requires Enhanced Due Diligence because the customer is classified as a Politically Exposed Person (PEP) or presents elevated AML risk. As per AML Regulation Section 99.7, onboarding must be delayed for 90 days.",Fabricated Regulation,High,Yes
H0098137,A0043957,Q0043957,C008791,"Customer C008791 can be approved for onboarding. The customer satisfies KYC requirements, has sufficient verified documentation, and does not require enhanced review.",Customer C008791 requires additional review.,Missing Evidence,Low,Yes
H0098322,A0476789,Q0476789,C095357,"Customer C095357 can be approved for onboarding. The customer satisfies KYC requirements, has sufficient verified documentation, and does not require enhanced review.","Customer C095357 can be approved for onboarding. The customer satisfies KYC requirements, has sufficient verified documentation, and does not require enhanced review. The customer has a Low AML Risk classification.",Wrong Risk Score,Low,Yes
H0098326,A0234243,Q0234243,C046848,"Customer C046848 can be approved for onboarding. The customer satisfies KYC requirements, has sufficient verified documentation, and does not require enhanced review.","Customer C046848 can be approved for onboarding. The customer satisfies KYC requirements, has sufficient verified documentation, and does not require enhanced review. The customer was previously investigated for international money laundering activities.",Unsupported Claim,Low,Yes
H0098410,A0334109,Q0334109,C066821,Customer C066821 requires Enhanced Due Diligence because the customer is classified as a Politically Exposed Person (PEP) or presents elevated AML risk.,Customer C066821 requires additional review.,Missing Evidence,Medium,Yes
H0098498,A0355485,Q0355485,C071096,"Customer C071096 can be approved for onboarding. The customer satisfies KYC requirements, has sufficient verified documentation, and does not require enhanced review.",Customer C071096 must be rejected due to AML concerns.,Contradiction,Critical,Yes
H0098530,A0014603,Q0014603,C002920,"Customer C002920 can be approved for onboarding. The customer satisfies KYC requirements, has sufficient verified documentation, and does not require enhanced review.",Customer C002920 must be rejected due to AML concerns.,Contradiction,Medium,Yes
H0098647,A0471340,Q0471340,C094267,"Customer C094267 can be approved for onboarding. The customer satisfies KYC requirements, has sufficient verified documentation, and does not require enhanced review.","Customer C094267 can be approved for onboarding. The customer satisfies KYC requirements, has sufficient verified documentation, and does not require enhanced review. As per AML Regulation Section 99.7, onboarding must be delayed for 90 days.",Fabricated Regulation,High,Yes
H0098955,A0214191,Q0214191,C042838,"Customer C042838 can be approved for onboarding. The customer satisfies KYC requirements, has sufficient verified documentation, and does not require enhanced review.",Customer C042838 requires additional review.,Missing Evidence,Critical,Yes
H0099003,A0339428,Q0339428,C067885,Customer C067885 has insufficient verified documentation. Additional documents are required before onboarding can proceed.,"Customer C067885 has insufficient verified documentation. Additional documents are required before onboarding can proceed. As per AML Regulation Section 99.7, onboarding must be delayed for 90 days.",Fabricated Regulation,Medium,Yes
H0099009,A0168124,Q0168124,C033624,"Customer C033624 can be approved for onboarding. The customer satisfies KYC requirements, has sufficient verified documentation, and does not require enhanced review.","Customer C033624 can be approved for onboarding. The customer satisfies KYC requirements, has sufficient verified documentation, and does not require enhanced review. As per AML Regulation Section 99.7, onboarding must be delayed for 90 days.",Fabricated Regulation,High,Yes
H0099157,A0404573,Q0404573,C080914,"Customer C080914 can be approved for onboarding. The customer satisfies KYC requirements, has sufficient verified documentation, and does not require enhanced review.",Customer C080914 requires additional review.,Missing Evidence,Critical,Yes
H0099159,A0499841,Q0499841,C099968,"Customer C099968 can be approved for onboarding. The customer satisfies KYC requirements, has sufficient verified documentation, and does not require enhanced review.",Customer C099968 requires additional review.,Missing Evidence,High,Yes
H0099383,A0365975,Q0365975,C073194,"Customer C073194 can be approved for onboarding. The customer satisfies KYC requirements, has sufficient verified documentation, and does not require enhanced review.",Customer C073194 requires additional review.,Missing Evidence,Medium,Yes
H0099575,A0323893,Q0323893,C064778,"Customer C064778 can be approved for onboarding. The customer satisfies KYC requirements, has sufficient verified documentation, and does not require enhanced review.","Customer C064778 can be approved for onboarding. The customer satisfies KYC requirements, has sufficient verified documentation, and does not require enhanced review. As per AML Regulation Section 99.7, onboarding must be delayed for 90 days.",Fabricated Regulation,Critical,Yes
H0099928,A0351312,Q0351312,C070262,"Customer C070262 can be approved for onboarding. The customer satisfies KYC requirements, has sufficient verified documentation, and does not require enhanced review.",Customer C070262 requires additional review.,Missing Evidence,High,Yes
